{"0": 18.82187130017661, "1": 18.82187130017661, "2": 18.82187130017661, "3": 17.979413704420942, "4": 17.979413704420942, "5": 16.645650169234045, "6": 1.8109673717904826, "7": 1.8109673717904826, "8": 1.8109673717904826, "9": 1.8109673717904826, "10": 1.8109673717904826, "11": 1.8109673717904826, "12": 0.010594549697525935, "13": 0.010594549697525935, "14": 0.010594549697525935, "15": 0.010594549697525935, "16": 0.010594549697525935, "17": 0.010594549697525935, "18": 0.010594549697525935, "19": 0.010594549697525935, "20": 0.010594549697525935, "21": 0.010594549697525935, "22": 0.010594549697525935, "23": 0.010594549697525935, "24": 0.010594549697525935, "25": 0.010594549697525935, "26": 0.010594549697525935, "27": 0.010594549697525935, "28": 0.010594549697525935, "29": 0.010594549697525935, "30": 0.010594549697525935, "31": 0.010594549697525935, "32": 0.010594549697525935, "33": 0.010594549697525935, "34": 0.010594549697525935, "35": 0.010594549697525935, "36": 0.010594549697525935, "37": 0.010594549697525935, "38": 0.010594549697525935, "39": 0.010594549697525935, "40": 0.010594549697525935, "41": 0.010594549697525935, "42": 0.010594549697525935, "43": 0.010594549697525935, "44": 0.010594549697525935, "45": 0.010594549697525935, "46": 0.010594549697525935, "47": 0.010594549697525935, "48": 0.010594549697525935, "49": 0.010594549697525935, "50": 0.010594549697525935, "51": 0.010594549697525935, "52": 0.010594549697525935, "53": 0.010594549697525935, "54": 0.010594549697525935, "55": 0.010594549697525935, "56": 0.010594549697525935, "57": 0.010594549697525935, "58": 0.010594549697525935, "59": 0.010594549697525935, "60": 0.010594549697525935, "61": 0.010594549697525935, "62": 0.010594549697525935, "63": 0.010594549697525935, "64": 0.010594549697525935, "65": 0.010594549697525935, "66": 0.010594549697525935, "67": 0.010594549697525935, "68": 0.010594549697525935, "69": 0.010594549697525935, "70": 0.010594549697525935, "71": 0.010594549697525935, "72": 0.010594549697525935, "73": 0.010594549697525935, "74": 0.010594549697525935, "75": 0.010594549697525935, "76": 0.010594549697525935, "77": 0.010594549697525935, "78": 0.010594549697525935, "79": 0.010594549697525935, "80": 0.010594549697525935, "81": 0.010594549697525935, "82": 0.010594549697525935, "83": 0.010594549697525935, "84": 0.010594549697525935, "85": 0.010594549697525935, "86": 0.010594549697525935, "87": 0.010594549697525935, "88": 0.010594549697525935, "89": 0.010594549697525935, "90": 0.010594549697525935, "91": 0.010594549697525935, "92": 0.010594549697525935, "93": 0.010594549697525935, "94": 0.010594549697525935, "95": 0.010594549697525935, "96": 0.010594549697525935, "97": 0.010594549697525935, "98": 0.010594549697525935, "99": 0.010594549697525935, "100": 0.010594549697525935}