{"0": 21.681638786617253, "1": 4.242059830216366, "2": 4.242059830216366, "3": 4.242059830216366, "4": 4.242059830216366, "5": 4.242059830216366, "6": 4.242059830216366, "7": 2.498066234093244, "8": 2.498066234093244, "9": 2.4723698966161507, "10": 2.4723698966161507, "11": 2.4723698966161507, "12": 2.4723698966161507, "13": 2.4723698966161507, "14": 2.4723698966161507, "15": 2.4723698966161507, "16": 2.4723698966161507, "17": 2.1857372027291255, "18": 2.1857372027291255, "19": 2.1857372027291255, "20": 2.1857372027291255, "21": 2.1857372027291255, "22": 2.1857372027291255, "23": 2.1857372027291255, "24": 2.1857372027291255, "25": 2.1857372027291255, "26": 2.1857372027291255, "27": 2.1857372027291255, "28": 2.1857372027291255, "29": 2.1857372027291255, "30": 1.3770992589658775, "31": 1.3770992589658775, "32": 1.3770992589658775, "33": 1.3770992589658775, "34": 1.3770992589658775, "35": 1.3770992589658775, "36": 1.3770992589658775, "37": 1.3770992589658775, "38": 1.3770992589658775, "39": 1.3770992589658775, "40": 1.3770992589658775, "41": 1.3770992589658775, "42": 1.3770992589658775, "43": 1.3770992589658775, "44": 1.3770992589658775, "45": 1.3770992589658775, "46": 1.3770992589658775, "47": 1.095438403373258, "48": 1.095438403373258, "49": 1.095438403373258, "50": 1.095438403373258, "51": 1.095438403373258, "52": 0.1338189948339803, "53": 0.1338189948339803, "54": 0.1338189948339803, "55": 0.1338189948339803, "56": 0.1338189948339803, "57": 0.1338189948339803, "58": 0.1338189948339803, "59": 0.1338189948339803, "60": 0.1338189948339803, "61": 0.1338189948339803, "62": 0.1338189948339803, "63": 0.1338189948339803, "64": 0.1338189948339803, "65": 0.1338189948339803, "66": 0.1338189948339803, "67": 0.1338189948339803, "68": 0.1338189948339803, "69": 0.1338189948339803, "70": 0.1338189948339803, "71": 0.1338189948339803, "72": 0.1338189948339803, "73": 0.1338189948339803, "74": 0.1338189948339803, "75": 0.1338189948339803, "76": 0.1338189948339803, "77": 0.1338189948339803, "78": 0.1338189948339803, "79": 0.1338189948339803, "80": 0.1338189948339803, "81": 0.1338189948339803, "82": 0.1338189948339803, "83": 0.1338189948339803, "84": 0.1338189948339803, "85": 0.1338189948339803, "86": 0.1338189948339803, "87": 0.1338189948339803, "88": 0.1338189948339803, "89": 0.1338189948339803, "90": 0.1338189948339803, "91": 0.1338189948339803, "92": 0.1338189948339803, "93": 0.1338189948339803, "94": 0.1338189948339803, "95": 0.1338189948339803, "96": 0.1338189948339803, "97": 0.1338189948339803, "98": 0.1338189948339803, "99": 0.1338189948339803, "100": 0.1338189948339803}