{"0": 29.311791751105044, "1": 18.556477991034733, "2": 6.4088348234131605, "3": 6.4088348234131605, "4": 6.280995115478536, "5": 6.280995115478536, "6": 6.280995115478536, "7": 2.322615835400363, "8": 2.322615835400363, "9": 2.322615835400363, "10": 2.322615835400363, "11": 2.322615835400363, "12": 2.322615835400363, "13": 2.322615835400363, "14": 2.322615835400363, "15": 2.322615835400363, "16": 2.322615835400363, "17": 2.322615835400363, "18": 2.322615835400363, "19": 2.322615835400363, "20": 2.322615835400363, "21": 2.322615835400363, "22": 2.322615835400363, "23": 1.5618098906962885, "24": 1.5618098906962885, "25": 1.5618098906962885, "26": 1.5618098906962885, "27": 1.5618098906962885, "28": 1.5618098906962885, "29": 1.5618098906962885, "30": 1.5618098906962885, "31": 1.5618098906962885, "32": 1.5618098906962885, "33": 1.5618098906962885, "34": 1.0430255325908142, "35": 1.0430255325908142, "36": 1.0430255325908142, "37": 1.0430255325908142, "38": 1.0430255325908142, "39": 1.0430255325908142, "40": 1.0430255325908142, "41": 1.0430255325908142, "42": 1.0430255325908142, "43": 1.0430255325908142, "44": 1.0430255325908142, "45": 1.0430255325908142, "46": 1.0430255325908142, "47": 1.0430255325908142, "48": 1.0430255325908142, "49": 1.0430255325908142, "50": 1.0430255325908142, "51": 1.0430255325908142, "52": 1.0430255325908142, "53": 1.0430255325908142, "54": 1.0430255325908142, "55": 1.0430255325908142, "56": 1.0430255325908142, "57": 1.0430255325908142, "58": 1.0430255325908142, "59": 1.0430255325908142, "60": 1.0430255325908142, "61": 1.0430255325908142, "62": 1.0430255325908142, "63": 1.0430255325908142, "64": 1.0430255325908142, "65": 1.0430255325908142, "66": 1.0430255325908142, "67": 1.0430255325908142, "68": 1.0430255325908142, "69": 1.0430255325908142, "70": 1.0430255325908142, "71": 1.0430255325908142, "72": 1.0430255325908142, "73": 1.0430255325908142, "74": 1.0430255325908142, "75": 1.0430255325908142, "76": 1.0430255325908142, "77": 1.0430255325908142, "78": 1.0430255325908142, "79": 1.0430255325908142, "80": 1.0430255325908142, "81": 1.0430255325908142, "82": 1.0430255325908142, "83": 1.0430255325908142, "84": 1.0430255325908142, "85": 1.0430255325908142, "86": 1.0430255325908142, "87": 1.0430255325908142, "88": 1.0430255325908142, "89": 1.0430255325908142, "90": 1.0430255325908142, "91": 1.0430255325908142, "92": 1.0430255325908142, "93": 1.0430255325908142, "94": 1.0430255325908142, "95": 1.0430255325908142, "96": 1.0430255325908142, "97": 1.0430255325908142, "98": 1.0430255325908142, "99": 1.0430255325908142, "100": 1.0430255325908142}