{"0": 18.60615407890611, "1": 14.709749780633206, "2": 14.709749780633206, "3": 5.246527560250719, "4": 5.246527560250719, "5": 5.246527560250719, "6": 3.1625638394096285, "7": 2.95598102015375, "8": 2.95598102015375, "9": 2.95598102015375, "10": 2.95598102015375, "11": 2.95598102015375, "12": 2.95598102015375, "13": 2.95598102015375, "14": 2.402593311295316, "15": 2.402593311295316, "16": 2.402593311295316, "17": 2.402593311295316, "18": 2.3954661185066186, "19": 2.3954661185066186, "20": 2.3954661185066186, "21": 1.5464154995291892, "22": 1.5464154995291892, "23": 1.5464154995291892, "24": 1.5464154995291892, "25": 1.5464154995291892, "26": 1.5464154995291892, "27": 1.5464154995291892, "28": 1.5464154995291892, "29": 1.5464154995291892, "30": 1.5464154995291892, "31": 1.5464154995291892, "32": 1.5464154995291892, "33": 1.5464154995291892, "34": 1.5464154995291892, "35": 1.5464154995291892, "36": 1.5464154995291892, "37": 1.5464154995291892, "38": 1.5464154995291892, "39": 1.5464154995291892, "40": 1.5464154995291892, "41": 1.5464154995291892, "42": 1.5464154995291892, "43": 1.5464154995291892, "44": 1.5464154995291892, "45": 1.5464154995291892, "46": 1.5464154995291892, "47": 1.5464154995291892, "48": 1.5464154995291892, "49": 1.5464154995291892, "50": 1.5464154995291892, "51": 1.5464154995291892, "52": 1.1194849101745064, "53": 1.1194849101745064, "54": 1.1194849101745064, "55": 1.1194849101745064, "56": 1.1194849101745064, "57": 1.1194849101745064, "58": 1.1194849101745064, "59": 1.1194849101745064, "60": 1.1194849101745064, "61": 1.1194849101745064, "62": 1.1194849101745064, "63": 1.1194849101745064, "64": 1.1194849101745064, "65": 1.1194849101745064, "66": 1.1194849101745064, "67": 1.1194849101745064, "68": 1.1194849101745064, "69": 1.1194849101745064, "70": 1.1194849101745064, "71": 1.1194849101745064, "72": 1.1194849101745064, "73": 1.1194849101745064, "74": 1.1194849101745064, "75": 1.0407011354739133, "76": 1.0407011354739133, "77": 1.0407011354739133, "78": 1.0407011354739133, "79": 1.0407011354739133, "80": 1.0407011354739133, "81": 1.0407011354739133, "82": 1.0407011354739133, "83": 1.0407011354739133, "84": 1.0407011354739133, "85": 1.0407011354739133, "86": 1.0407011354739133, "87": 1.0407011354739133, "88": 1.0407011354739133, "89": 1.0407011354739133, "90": 1.0407011354739133, "91": 1.0407011354739133, "92": 1.0407011354739133, "93": 1.0407011354739133, "94": 1.0407011354739133, "95": 1.0407011354739133, "96": 1.0407011354739133, "97": 1.0407011354739133, "98": 1.0407011354739133, "99": 1.0407011354739133, "100": 1.0407011354739133}