{"0": 11.10515226075255, "1": 11.10515226075255, "2": 10.939597414644094, "3": 9.03927087599088, "4": 9.03927087599088, "5": 9.03927087599088, "6": 7.813915222317803, "7": 7.813915222317803, "8": 3.15242105486195, "9": 3.15242105486195, "10": 1.432526752192544, "11": 1.432526752192544, "12": 1.432526752192544, "13": 1.432526752192544, "14": 1.432526752192544, "15": 1.432526752192544, "16": 1.432526752192544, "17": 1.432526752192544, "18": 1.432526752192544, "19": 1.432526752192544, "20": 1.432526752192544, "21": 1.432526752192544, "22": 1.432526752192544, "23": 1.432526752192544, "24": 1.432526752192544, "25": 1.432526752192544, "26": 1.432526752192544, "27": 1.432526752192544, "28": 1.432526752192544, "29": 1.432526752192544, "30": 1.432526752192544, "31": 1.432526752192544, "32": 1.432526752192544, "33": 1.432526752192544, "34": 1.432526752192544, "35": 1.432526752192544, "36": 1.432526752192544, "37": 1.432526752192544, "38": 1.432526752192544, "39": 1.432526752192544, "40": 1.432526752192544, "41": 1.432526752192544, "42": 1.432526752192544, "43": 1.432526752192544, "44": 1.432526752192544, "45": 1.432526752192544, "46": 1.432526752192544, "47": 1.432526752192544, "48": 1.432526752192544, "49": 1.432526752192544, "50": 1.432526752192544, "51": 1.432526752192544, "52": 1.432526752192544, "53": 1.432526752192544, "54": 1.2882141455693095, "55": 1.2882141455693095, "56": 1.2882141455693095, "57": 1.2882141455693095, "58": 1.2882141455693095, "59": 1.2882141455693095, "60": 1.2882141455693095, "61": 1.2882141455693095, "62": 1.2882141455693095, "63": 1.2882141455693095, "64": 1.2882141455693095, "65": 1.2882141455693095, "66": 1.2882141455693095, "67": 1.2882141455693095, "68": 1.2882141455693095, "69": 1.276756644004653, "70": 1.276756644004653, "71": 1.276756644004653, "72": 1.276756644004653, "73": 1.276756644004653, "74": 1.276756644004653, "75": 1.276756644004653, "76": 1.276756644004653, "77": 1.276756644004653, "78": 1.276756644004653, "79": 1.276756644004653, "80": 1.276756644004653, "81": 1.276756644004653, "82": 1.276756644004653, "83": 1.276756644004653, "84": 1.276756644004653, "85": 1.276756644004653, "86": 1.276756644004653, "87": 1.276756644004653, "88": 1.276756644004653, "89": 1.276756644004653, "90": 1.276756644004653, "91": 1.276756644004653, "92": 1.276756644004653, "93": 1.276756644004653, "94": 1.276756644004653, "95": 1.276756644004653, "96": 1.276756644004653, "97": 1.276756644004653, "98": 1.276756644004653, "99": 1.276756644004653, "100": 1.276756644004653}