{"0": 12.950190443387914, "1": 5.938356853148235, "2": 5.938356853148235, "3": 5.938356853148235, "4": 5.938356853148235, "5": 5.168173604276946, "6": 5.168173604276946, "7": 5.168173604276946, "8": 3.1274736510536236, "9": 3.1274736510536236, "10": 3.1274736510536236, "11": 3.1274736510536236, "12": 3.1274736510536236, "13": 3.1274736510536236, "14": 3.072848003074075, "15": 3.072848003074075, "16": 2.9312364076827535, "17": 2.9312364076827535, "18": 2.9312364076827535, "19": 2.9312364076827535, "20": 1.8686077680450097, "21": 1.8686077680450097, "22": 1.8686077680450097, "23": 1.8686077680450097, "24": 1.8686077680450097, "25": 1.8686077680450097, "26": 1.8686077680450097, "27": 1.6509460942490328, "28": 1.6509460942490328, "29": 1.6509460942490328, "30": 1.6509460942490328, "31": 1.6509460942490328, "32": 1.6509460942490328, "33": 1.6509460942490328, "34": 1.6509460942490328, "35": 1.6509460942490328, "36": 1.6509460942490328, "37": 1.6509460942490328, "38": 1.6509460942490328, "39": 1.6509460942490328, "40": 1.083947656911107, "41": 1.083947656911107, "42": 1.083947656911107, "43": 1.083947656911107, "44": 1.083947656911107, "45": 1.083947656911107, "46": 1.083947656911107, "47": 1.083947656911107, "48": 1.083947656911107, "49": 1.083947656911107, "50": 1.083947656911107, "51": 1.083947656911107, "52": 1.083947656911107, "53": 1.083947656911107, "54": 1.083947656911107, "55": 1.083947656911107, "56": 1.083947656911107, "57": 1.083947656911107, "58": 1.083947656911107, "59": 1.083947656911107, "60": 1.083947656911107, "61": 1.083947656911107, "62": 1.083947656911107, "63": 1.083947656911107, "64": 1.083947656911107, "65": 1.083947656911107, "66": 1.083947656911107, "67": 1.083947656911107, "68": 1.083947656911107, "69": 1.083947656911107, "70": 1.083947656911107, "71": 1.083947656911107, "72": 1.083947656911107, "73": 1.083947656911107, "74": 1.083947656911107, "75": 1.083947656911107, "76": 1.083947656911107, "77": 1.083947656911107, "78": 1.083947656911107, "79": 1.083947656911107, "80": 1.083947656911107, "81": 1.083947656911107, "82": 1.083947656911107, "83": 1.083947656911107, "84": 1.083947656911107, "85": 1.083947656911107, "86": 1.083947656911107, "87": 1.083947656911107, "88": 1.083947656911107, "89": 1.083947656911107, "90": 1.083947656911107, "91": 1.083947656911107, "92": 1.083947656911107, "93": 1.083947656911107, "94": 1.083947656911107, "95": 1.083947656911107, "96": 1.083947656911107, "97": 1.083947656911107, "98": 1.083947656911107, "99": 1.083947656911107, "100": 1.083947656911107}