{"0": 20.200130397096864, "1": 15.29395834492783, "2": 15.29395834492783, "3": 12.597953045325234, "4": 12.597953045325234, "5": 12.597953045325234, "6": 8.875653111755756, "7": 8.875653111755756, "8": 0.3216991437075336, "9": 0.3216991437075336, "10": 0.3216991437075336, "11": 0.3216991437075336, "12": 0.3216991437075336, "13": 0.3216991437075336, "14": 0.3216991437075336, "15": 0.3216991437075336, "16": 0.3216991437075336, "17": 0.3216991437075336, "18": 0.3216991437075336, "19": 0.3216991437075336, "20": 0.12746868714769732, "21": 0.12746868714769732, "22": 0.12746868714769732, "23": 0.12746868714769732, "24": 0.12746868714769732, "25": 0.12746868714769732, "26": 0.12746868714769732, "27": 0.12746868714769732, "28": 0.12746868714769732, "29": 0.12746868714769732, "30": 0.12746868714769732, "31": 0.12746868714769732, "32": 0.12746868714769732, "33": 0.12746868714769732, "34": 0.12746868714769732, "35": 0.12746868714769732, "36": 0.12746868714769732, "37": 0.12746868714769732, "38": 0.12746868714769732, "39": 0.12746868714769732, "40": 0.12746868714769732, "41": 0.12746868714769732, "42": 0.12746868714769732, "43": 0.12746868714769732, "44": 0.12746868714769732, "45": 0.12746868714769732, "46": 0.12746868714769732, "47": 0.12746868714769732, "48": 0.12746868714769732, "49": 0.12746868714769732, "50": 0.12746868714769732, "51": 0.12746868714769732, "52": 0.12746868714769732, "53": 0.12746868714769732, "54": 0.12746868714769732, "55": 0.12746868714769732, "56": 0.12746868714769732, "57": 0.12746868714769732, "58": 0.12746868714769732, "59": 0.12746868714769732, "60": 0.12746868714769732, "61": 0.12746868714769732, "62": 0.12746868714769732, "63": 0.12746868714769732, "64": 0.12746868714769732, "65": 0.12746868714769732, "66": 0.12746868714769732, "67": 0.12746868714769732, "68": 0.12746868714769732, "69": 0.12746868714769732, "70": 0.12746868714769732, "71": 0.12746868714769732, "72": 0.12746868714769732, "73": 0.12746868714769732, "74": 0.12746868714769732, "75": 0.12746868714769732, "76": 0.12746868714769732, "77": 0.12746868714769732, "78": 0.12746868714769732, "79": 0.12746868714769732, "80": 0.12746868714769732, "81": 0.12746868714769732, "82": 0.12746868714769732, "83": 0.12746868714769732, "84": 0.12746868714769732, "85": 0.12746868714769732, "86": 0.12746868714769732, "87": 0.12746868714769732, "88": 0.12746868714769732, "89": 0.12746868714769732, "90": 0.12746868714769732, "91": 0.12746868714769732, "92": 0.12746868714769732, "93": 0.12746868714769732, "94": 0.12746868714769732, "95": 0.12746868714769732, "96": 0.12746868714769732, "97": 0.12746868714769732, "98": 0.12746868714769732, "99": 0.12746868714769732, "100": 0.12746868714769732}