{"0": 24.378581655906633, "1": 2.942298460962526, "2": 2.942298460962526, "3": 2.942298460962526, "4": 2.942298460962526, "5": 2.942298460962526, "6": 2.942298460962526, "7": 2.942298460962526, "8": 2.223488418858917, "9": 2.223488418858917, "10": 2.223488418858917, "11": 2.223488418858917, "12": 2.214324783967605, "13": 1.0514682487674278, "14": 1.0514682487674278, "15": 1.0514682487674278, "16": 1.0514682487674278, "17": 1.0514682487674278, "18": 1.0514682487674278, "19": 1.0514682487674278, "20": 0.5278527534364059, "21": 0.5278527534364059, "22": 0.5278527534364059, "23": 0.5278527534364059, "24": 0.5278527534364059, "25": 0.5278527534364059, "26": 0.5278527534364059, "27": 0.5278527534364059, "28": 0.5278527534364059, "29": 0.5278527534364059, "30": 0.5278527534364059, "31": 0.5278527534364059, "32": 0.5278527534364059, "33": 0.5278527534364059, "34": 0.5278527534364059, "35": 0.5278527534364059, "36": 0.5278527534364059, "37": 0.5278527534364059, "38": 0.5278527534364059, "39": 0.5278527534364059, "40": 0.5278527534364059, "41": 0.5278527534364059, "42": 0.5278527534364059, "43": 0.5278527534364059, "44": 0.5278527534364059, "45": 0.5278527534364059, "46": 0.5278527534364059, "47": 0.5278527534364059, "48": 0.5278527534364059, "49": 0.5006463664552001, "50": 0.5006463664552001, "51": 0.5006463664552001, "52": 0.5006463664552001, "53": 0.5006463664552001, "54": 0.5006463664552001, "55": 0.5006463664552001, "56": 0.5006463664552001, "57": 0.5006463664552001, "58": 0.5006463664552001, "59": 0.5006463664552001, "60": 0.5006463664552001, "61": 0.5006463664552001, "62": 0.5006463664552001, "63": 0.5006463664552001, "64": 0.5006463664552001, "65": 0.5006463664552001, "66": 0.5006463664552001, "67": 0.5006463664552001, "68": 0.5006463664552001, "69": 0.5006463664552001, "70": 0.5006463664552001, "71": 0.5006463664552001, "72": 0.5006463664552001, "73": 0.5006463664552001, "74": 0.5006463664552001, "75": 0.5006463664552001, "76": 0.5006463664552001, "77": 0.5006463664552001, "78": 0.5006463664552001, "79": 0.5006463664552001, "80": 0.5006463664552001, "81": 0.5006463664552001, "82": 0.5006463664552001, "83": 0.5006463664552001, "84": 0.5006463664552001, "85": 0.5006463664552001, "86": 0.5006463664552001, "87": 0.5006463664552001, "88": 0.5006463664552001, "89": 0.5006463664552001, "90": 0.5006463664552001, "91": 0.5006463664552001, "92": 0.5006463664552001, "93": 0.5006463664552001, "94": 0.5006463664552001, "95": 0.5006463664552001, "96": 0.5006463664552001, "97": 0.5006463664552001, "98": 0.5006463664552001, "99": 0.5006463664552001, "100": 0.5006463664552001}