{"0": 17.040113988778515, "1": 1.9644278314342287, "2": 1.9644278314342287, "3": 1.9644278314342287, "4": 1.9644278314342287, "5": 1.9644278314342287, "6": 1.9644278314342287, "7": 1.1450660024825439, "8": 1.1450660024825439, "9": 1.1450660024825439, "10": 1.1450660024825439, "11": 1.1450660024825439, "12": 1.1450660024825439, "13": 1.1450660024825439, "14": 1.1450660024825439, "15": 1.1450660024825439, "16": 1.1450660024825439, "17": 1.1450660024825439, "18": 1.1450660024825439, "19": 1.1450660024825439, "20": 1.1450660024825439, "21": 1.1450660024825439, "22": 0.9932138500756444, "23": 0.9932138500756444, "24": 0.9932138500756444, "25": 0.9932138500756444, "26": 0.8637141854932509, "27": 0.8637141854932509, "28": 0.8637141854932509, "29": 0.8637141854932509, "30": 0.8637141854932509, "31": 0.8637141854932509, "32": 0.8637141854932509, "33": 0.8637141854932509, "34": 0.8637141854932509, "35": 0.8637141854932509, "36": 0.8637141854932509, "37": 0.8637141854932509, "38": 0.8637141854932509, "39": 0.8637141854932509, "40": 0.8637141854932509, "41": 0.8637141854932509, "42": 0.8637141854932509, "43": 0.8637141854932509, "44": 0.8637141854932509, "45": 0.8637141854932509, "46": 0.8637141854932509, "47": 0.8637141854932509, "48": 0.8637141854932509, "49": 0.8637141854932509, "50": 0.8637141854932509, "51": 0.8637141854932509, "52": 0.8637141854932509, "53": 0.8637141854932509, "54": 0.8637141854932509, "55": 0.8637141854932509, "56": 0.8637141854932509, "57": 0.8637141854932509, "58": 0.8637141854932509, "59": 0.8637141854932509, "60": 0.8637141854932509, "61": 0.8637141854932509, "62": 0.8637141854932509, "63": 0.8637141854932509, "64": 0.8637141854932509, "65": 0.8637141854932509, "66": 0.8637141854932509, "67": 0.8637141854932509, "68": 0.8637141854932509, "69": 0.8637141854932509, "70": 0.8637141854932509, "71": 0.8637141854932509, "72": 0.8637141854932509, "73": 0.8637141854932509, "74": 0.8637141854932509, "75": 0.8637141854932509, "76": 0.8637141854932509, "77": 0.8637141854932509, "78": 0.8637141854932509, "79": 0.8637141854932509, "80": 0.8637141854932509, "81": 0.8637141854932509, "82": 0.8637141854932509, "83": 0.8637141854932509, "84": 0.8637141854932509, "85": 0.8637141854932509, "86": 0.8637141854932509, "87": 0.8637141854932509, "88": 0.8637141854932509, "89": 0.8637141854932509, "90": 0.8637141854932509, "91": 0.8637141854932509, "92": 0.8637141854932509, "93": 0.8637141854932509, "94": 0.8637141854932509, "95": 0.8637141854932509, "96": 0.8637141854932509, "97": 0.8637141854932509, "98": 0.8637141854932509, "99": 0.8637141854932509, "100": 0.8637141854932509}