{"0": 34.87920333120024, "1": 16.727091839149473, "2": 6.057579884546941, "3": 6.057579884546941, "4": 6.057579884546941, "5": 6.057579884546941, "6": 2.0385892962555126, "7": 2.0385892962555126, "8": 2.0385892962555126, "9": 2.0385892962555126, "10": 1.041490012214794, "11": 1.041490012214794, "12": 1.041490012214794, "13": 1.041490012214794, "14": 1.041490012214794, "15": 1.041490012214794, "16": 1.041490012214794, "17": 1.041490012214794, "18": 1.041490012214794, "19": 0.40269214333639525, "20": 0.40269214333639525, "21": 0.40269214333639525, "22": 0.40269214333639525, "23": 0.40269214333639525, "24": 0.40269214333639525, "25": 0.40269214333639525, "26": 0.40269214333639525, "27": 0.40269214333639525, "28": 0.40269214333639525, "29": 0.40269214333639525, "30": 0.40269214333639525, "31": 0.40269214333639525, "32": 0.40269214333639525, "33": 0.3869130482070666, "34": 0.3869130482070666, "35": 0.35458537150323366, "36": 0.35458537150323366, "37": 0.35458537150323366, "38": 0.35458537150323366, "39": 0.35458537150323366, "40": 0.35458537150323366, "41": 0.35458537150323366, "42": 0.35458537150323366, "43": 0.35458537150323366, "44": 0.35458537150323366, "45": 0.35458537150323366, "46": 0.35458537150323366, "47": 0.35458537150323366, "48": 0.35458537150323366, "49": 0.35458537150323366, "50": 0.35458537150323366, "51": 0.35458537150323366, "52": 0.35458537150323366, "53": 0.35458537150323366, "54": 0.35458537150323366, "55": 0.35458537150323366, "56": 0.35458537150323366, "57": 0.35458537150323366, "58": 0.35458537150323366, "59": 0.35458537150323366, "60": 0.35458537150323366, "61": 0.35458537150323366, "62": 0.35458537150323366, "63": 0.35458537150323366, "64": 0.35458537150323366, "65": 0.35458537150323366, "66": 0.35458537150323366, "67": 0.35458537150323366, "68": 0.35458537150323366, "69": 0.35458537150323366, "70": 0.35458537150323366, "71": 0.35458537150323366, "72": 0.35458537150323366, "73": 0.35458537150323366, "74": 0.35458537150323366, "75": 0.35458537150323366, "76": 0.35458537150323366, "77": 0.35458537150323366, "78": 0.35458537150323366, "79": 0.3513338188243935, "80": 0.3513338188243935, "81": 0.3513338188243935, "82": 0.3513338188243935, "83": 0.3513338188243935, "84": 0.3513338188243935, "85": 0.3513338188243935, "86": 0.3513338188243935, "87": 0.3513338188243935, "88": 0.3513338188243935, "89": 0.3513338188243935, "90": 0.3513338188243935, "91": 0.3513338188243935, "92": 0.3513338188243935, "93": 0.3513338188243935, "94": 0.3513338188243935, "95": 0.3513338188243935, "96": 0.3513338188243935, "97": 0.3513338188243935, "98": 0.3513338188243935, "99": 0.3513338188243935, "100": 0.3513338188243935}