{"0": 19.63865490696383, "1": 7.694551382173067, "2": 7.694551382173067, "3": 7.694551382173067, "4": 7.694551382173067, "5": 6.334113452973623, "6": 6.334113452973623, "7": 6.334113452973623, "8": 6.334113452973623, "9": 5.7674042458787085, "10": 5.7674042458787085, "11": 5.7674042458787085, "12": 5.7674042458787085, "13": 5.7674042458787085, "14": 5.7674042458787085, "15": 2.7774146297883213, "16": 2.252506050601376, "17": 2.252506050601376, "18": 2.252506050601376, "19": 2.252506050601376, "20": 2.252506050601376, "21": 1.7250181652741148, "22": 1.7250181652741148, "23": 1.7250181652741148, "24": 1.7250181652741148, "25": 1.5260071618429905, "26": 1.5260071618429905, "27": 1.5260071618429905, "28": 1.5260071618429905, "29": 1.5260071618429905, "30": 1.5260071618429905, "31": 1.5260071618429905, "32": 1.5260071618429905, "33": 1.5260071618429905, "34": 1.5260071618429905, "35": 1.5260071618429905, "36": 1.5260071618429905, "37": 1.1571070669414674, "38": 1.1571070669414674, "39": 1.1571070669414674, "40": 1.1571070669414674, "41": 1.1571070669414674, "42": 1.1571070669414674, "43": 1.1571070669414674, "44": 1.1571070669414674, "45": 1.0778911721609035, "46": 1.0778911721609035, "47": 0.5430813398400538, "48": 0.5430813398400538, "49": 0.5430813398400538, "50": 0.5430813398400538, "51": 0.5430813398400538, "52": 0.06500985856612118, "53": 0.06500985856612118, "54": 0.06500985856612118, "55": 0.06500985856612118, "56": 0.06500985856612118, "57": 0.06500985856612118, "58": 0.06500985856612118, "59": 0.06500985856612118, "60": 0.06500985856612118, "61": 0.06500985856612118, "62": 0.06500985856612118, "63": 0.06500985856612118, "64": 0.06500985856612118, "65": 0.06500985856612118, "66": 0.06500985856612118, "67": 0.06500985856612118, "68": 0.06500985856612118, "69": 0.06500985856612118, "70": 0.06500985856612118, "71": 0.06500985856612118, "72": 0.06500985856612118, "73": 0.06500985856612118, "74": 0.06500985856612118, "75": 0.06500985856612118, "76": 0.06500985856612118, "77": 0.06500985856612118, "78": 0.06500985856612118, "79": 0.06500985856612118, "80": 0.06500985856612118, "81": 0.06500985856612118, "82": 0.06500985856612118, "83": 0.06500985856612118, "84": 0.06500985856612118, "85": 0.06500985856612118, "86": 0.06500985856612118, "87": 0.06500985856612118, "88": 0.06500985856612118, "89": 0.06500985856612118, "90": 0.06500985856612118, "91": 0.06500985856612118, "92": 0.06500985856612118, "93": 0.06500985856612118, "94": 0.06500985856612118, "95": 0.06500985856612118, "96": 0.06500985856612118, "97": 0.06500985856612118, "98": 0.06500985856612118, "99": 0.06500985856612118, "100": 0.06500985856612118}