{"0": 22.867234128003275, "1": 15.5470697742204, "2": 15.5470697742204, "3": 9.262110102850071, "4": 9.262110102850071, "5": 7.787848290672834, "6": 7.787848290672834, "7": 7.787848290672834, "8": 7.787848290672834, "9": 7.787848290672834, "10": 6.750503708269775, "11": 6.750503708269775, "12": 6.750503708269775, "13": 6.750503708269775, "14": 6.750503708269775, "15": 6.750503708269775, "16": 2.545070687670801, "17": 2.545070687670801, "18": 2.545070687670801, "19": 2.545070687670801, "20": 1.6779752121686542, "21": 1.6779752121686542, "22": 1.6779752121686542, "23": 1.6779752121686542, "24": 1.6779752121686542, "25": 1.6779752121686542, "26": 1.6779752121686542, "27": 1.6779752121686542, "28": 1.6779752121686542, "29": 1.6779752121686542, "30": 1.6779752121686542, "31": 1.6779752121686542, "32": 1.6779752121686542, "33": 1.6779752121686542, "34": 1.6779752121686542, "35": 1.6779752121686542, "36": 1.6779752121686542, "37": 1.6779752121686542, "38": 1.6779752121686542, "39": 1.6779752121686542, "40": 1.6779752121686542, "41": 1.6779752121686542, "42": 1.6779752121686542, "43": 1.6779752121686542, "44": 1.6779752121686542, "45": 1.6779752121686542, "46": 1.6779752121686542, "47": 1.6779752121686542, "48": 1.6779752121686542, "49": 1.6779752121686542, "50": 1.6779752121686542, "51": 1.6779752121686542, "52": 1.6779752121686542, "53": 1.6779752121686542, "54": 1.6779752121686542, "55": 1.6779752121686542, "56": 1.6779752121686542, "57": 1.6779752121686542, "58": 1.6779752121686542, "59": 1.6779752121686542, "60": 1.6779752121686542, "61": 1.6779752121686542, "62": 1.6779752121686542, "63": 1.6779752121686542, "64": 1.6779752121686542, "65": 1.6779752121686542, "66": 1.6779752121686542, "67": 1.6779752121686542, "68": 1.6779752121686542, "69": 1.6779752121686542, "70": 1.6779752121686542, "71": 1.6779752121686542, "72": 1.6779752121686542, "73": 1.6779752121686542, "74": 1.6779752121686542, "75": 1.6779752121686542, "76": 1.6779752121686542, "77": 1.6779752121686542, "78": 1.6779752121686542, "79": 1.6779752121686542, "80": 1.6779752121686542, "81": 1.6779752121686542, "82": 1.6779752121686542, "83": 1.6779752121686542, "84": 1.6779752121686542, "85": 1.6779752121686542, "86": 1.6779752121686542, "87": 1.6779752121686542, "88": 1.6779752121686542, "89": 1.6779752121686542, "90": 1.6779752121686542, "91": 1.6779752121686542, "92": 1.6779752121686542, "93": 1.6779752121686542, "94": 1.6779752121686542, "95": 1.6779752121686542, "96": 1.6779752121686542, "97": 1.6779752121686542, "98": 1.6779752121686542, "99": 1.6779752121686542, "100": 1.6779752121686542}