{"0": 16.01828802169839, "1": 16.01828802169839, "2": 12.706704493165258, "3": 4.446094692191686, "4": 4.446094692191686, "5": 4.446094692191686, "6": 4.446094692191686, "7": 4.446094692191686, "8": 4.446094692191686, "9": 4.446094692191686, "10": 2.828628822322294, "11": 2.828628822322294, "12": 2.828628822322294, "13": 2.828628822322294, "14": 2.828628822322294, "15": 2.828628822322294, "16": 2.828628822322294, "17": 2.828628822322294, "18": 2.828628822322294, "19": 2.828628822322294, "20": 2.828628822322294, "21": 2.828628822322294, "22": 2.828628822322294, "23": 2.828628822322294, "24": 2.828628822322294, "25": 2.828628822322294, "26": 2.828628822322294, "27": 2.828628822322294, "28": 2.828628822322294, "29": 2.828628822322294, "30": 2.828628822322294, "31": 2.1236724751004488, "32": 2.1236724751004488, "33": 2.1236724751004488, "34": 2.1234417777977654, "35": 2.1234417777977654, "36": 1.0645602706009285, "37": 1.0645602706009285, "38": 1.0645602706009285, "39": 1.0645602706009285, "40": 1.0645602706009285, "41": 1.0645602706009285, "42": 1.0645602706009285, "43": 1.0645602706009285, "44": 1.0645602706009285, "45": 1.0645602706009285, "46": 1.0645602706009285, "47": 1.0645602706009285, "48": 1.0645602706009285, "49": 1.0645602706009285, "50": 1.0645602706009285, "51": 1.0645602706009285, "52": 1.0645602706009285, "53": 1.0645602706009285, "54": 0.24542416095078323, "55": 0.24542416095078323, "56": 0.24542416095078323, "57": 0.24542416095078323, "58": 0.24542416095078323, "59": 0.24542416095078323, "60": 0.24542416095078323, "61": 0.24542416095078323, "62": 0.24542416095078323, "63": 0.24542416095078323, "64": 0.24542416095078323, "65": 0.24542416095078323, "66": 0.24542416095078323, "67": 0.24542416095078323, "68": 0.24542416095078323, "69": 0.24542416095078323, "70": 0.24542416095078323, "71": 0.24542416095078323, "72": 0.24542416095078323, "73": 0.24542416095078323, "74": 0.24542416095078323, "75": 0.24542416095078323, "76": 0.24542416095078323, "77": 0.24542416095078323, "78": 0.24542416095078323, "79": 0.24542416095078323, "80": 0.24542416095078323, "81": 0.24542416095078323, "82": 0.24542416095078323, "83": 0.24542416095078323, "84": 0.24542416095078323, "85": 0.24542416095078323, "86": 0.24542416095078323, "87": 0.24542416095078323, "88": 0.24542416095078323, "89": 0.24542416095078323, "90": 0.24542416095078323, "91": 0.24542416095078323, "92": 0.24542416095078323, "93": 0.24542416095078323, "94": 0.24542416095078323, "95": 0.24542416095078323, "96": 0.24542416095078323, "97": 0.24542416095078323, "98": 0.24542416095078323, "99": 0.24542416095078323, "100": 0.24542416095078323}