{"0": 16.450102363063845, "1": 8.063415510184198, "2": 7.400021658096172, "3": 7.400021658096172, "4": 7.400021658096172, "5": 7.400021658096172, "6": 5.229681087340133, "7": 3.9180215762421753, "8": 3.9180215762421753, "9": 3.9180215762421753, "10": 3.9180215762421753, "11": 3.4147524766592596, "12": 3.4147524766592596, "13": 3.4147524766592596, "14": 2.0373163295652184, "15": 2.0373163295652184, "16": 1.6082835596913085, "17": 1.6082835596913085, "18": 1.6082835596913085, "19": 1.6082835596913085, "20": 1.6082835596913085, "21": 1.6082835596913085, "22": 1.6082835596913085, "23": 1.6082835596913085, "24": 1.6082835596913085, "25": 1.6082835596913085, "26": 1.6082835596913085, "27": 1.6082835596913085, "28": 1.6082835596913085, "29": 1.6082835596913085, "30": 1.6082835596913085, "31": 1.3236959017397325, "32": 1.3236959017397325, "33": 1.3236959017397325, "34": 1.3236959017397325, "35": 1.3236959017397325, "36": 1.3236959017397325, "37": 1.3236959017397325, "38": 1.3236959017397325, "39": 1.2503363185589222, "40": 1.2503363185589222, "41": 1.2503363185589222, "42": 1.2503363185589222, "43": 1.2503363185589222, "44": 1.2503363185589222, "45": 1.2503363185589222, "46": 1.2503363185589222, "47": 1.2503363185589222, "48": 1.2503363185589222, "49": 1.020745452685862, "50": 1.020745452685862, "51": 1.020745452685862, "52": 1.020745452685862, "53": 1.020745452685862, "54": 1.020745452685862, "55": 1.020745452685862, "56": 1.020745452685862, "57": 0.620946596488757, "58": 0.620946596488757, "59": 0.620946596488757, "60": 0.620946596488757, "61": 0.620946596488757, "62": 0.620946596488757, "63": 0.620946596488757, "64": 0.620946596488757, "65": 0.620946596488757, "66": 0.620946596488757, "67": 0.620946596488757, "68": 0.620946596488757, "69": 0.620946596488757, "70": 0.620946596488757, "71": 0.620946596488757, "72": 0.620946596488757, "73": 0.620946596488757, "74": 0.620946596488757, "75": 0.620946596488757, "76": 0.620946596488757, "77": 0.620946596488757, "78": 0.620946596488757, "79": 0.620946596488757, "80": 0.48485405747461385, "81": 0.48485405747461385, "82": 0.48485405747461385, "83": 0.48485405747461385, "84": 0.48485405747461385, "85": 0.48485405747461385, "86": 0.48485405747461385, "87": 0.48485405747461385, "88": 0.48485405747461385, "89": 0.48485405747461385, "90": 0.48485405747461385, "91": 0.48485405747461385, "92": 0.48485405747461385, "93": 0.48485405747461385, "94": 0.48485405747461385, "95": 0.48485405747461385, "96": 0.48485405747461385, "97": 0.48485405747461385, "98": 0.48485405747461385, "99": 0.48485405747461385, "100": 0.48485405747461385}