{"0": 8.117244606580503, "1": 6.067242916923012, "2": 6.067242916923012, "3": 6.067242916923012, "4": 5.835337326963444, "5": 5.835337326963444, "6": 4.4348428972534, "7": 4.4348428972534, "8": 4.4348428972534, "9": 4.4348428972534, "10": 3.156822207021893, "11": 2.990553013090153, "12": 2.990553013090153, "13": 2.990553013090153, "14": 2.990553013090153, "15": 1.4652410619175527, "16": 1.4652410619175527, "17": 1.4652410619175527, "18": 1.4652410619175527, "19": 1.4652410619175527, "20": 1.4652410619175527, "21": 1.4652410619175527, "22": 1.4652410619175527, "23": 1.4652410619175527, "24": 1.4652410619175527, "25": 1.4652410619175527, "26": 1.4652410619175527, "27": 1.4652410619175527, "28": 1.4652410619175527, "29": 1.4652410619175527, "30": 1.4652410619175527, "31": 1.4652410619175527, "32": 1.1615935389150422, "33": 1.1615935389150422, "34": 1.1615935389150422, "35": 1.1615935389150422, "36": 1.1615935389150422, "37": 1.1615935389150422, "38": 1.1615935389150422, "39": 1.1615935389150422, "40": 1.1615935389150422, "41": 1.1615935389150422, "42": 1.1615935389150422, "43": 1.1615935389150422, "44": 1.1615935389150422, "45": 1.1615935389150422, "46": 1.1615935389150422, "47": 1.1615935389150422, "48": 1.1615935389150422, "49": 1.1615935389150422, "50": 1.1615935389150422, "51": 1.1615935389150422, "52": 1.1615935389150422, "53": 1.1615935389150422, "54": 1.1615935389150422, "55": 1.1615935389150422, "56": 1.1615935389150422, "57": 1.1615935389150422, "58": 1.1615935389150422, "59": 1.1615935389150422, "60": 1.1615935389150422, "61": 1.1615935389150422, "62": 1.1615935389150422, "63": 1.1615935389150422, "64": 1.1615935389150422, "65": 1.1615935389150422, "66": 1.1615935389150422, "67": 1.1615935389150422, "68": 1.1615935389150422, "69": 1.1615935389150422, "70": 1.1615935389150422, "71": 1.1615935389150422, "72": 1.1615935389150422, "73": 1.1615935389150422, "74": 1.1615935389150422, "75": 1.1615935389150422, "76": 1.1615935389150422, "77": 1.1615935389150422, "78": 1.1615935389150422, "79": 1.1615935389150422, "80": 1.1615935389150422, "81": 1.1615935389150422, "82": 1.1615935389150422, "83": 1.1615935389150422, "84": 1.1615935389150422, "85": 1.1615935389150422, "86": 1.1615935389150422, "87": 1.1615935389150422, "88": 1.1615935389150422, "89": 1.1615935389150422, "90": 1.1615935389150422, "91": 1.1615935389150422, "92": 1.1615935389150422, "93": 1.1615935389150422, "94": 1.1615935389150422, "95": 1.1615935389150422, "96": 1.1615935389150422, "97": 1.1615935389150422, "98": 1.1615935389150422, "99": 1.1615935389150422, "100": 1.1615935389150422}