{"0": 18.095994993881856, "1": 16.403531990073617, "2": 11.393038499520102, "3": 11.393038499520102, "4": 11.393038499520102, "5": 9.155990218585707, "6": 9.155990218585707, "7": 9.155990218585707, "8": 6.668377713739737, "9": 6.668377713739737, "10": 6.668377713739737, "11": 6.668377713739737, "12": 6.668377713739737, "13": 6.668377713739737, "14": 2.258135137122526, "15": 2.258135137122526, "16": 2.258135137122526, "17": 2.258135137122526, "18": 2.258135137122526, "19": 1.2042740589963614, "20": 1.2042740589963614, "21": 1.2042740589963614, "22": 1.2042740589963614, "23": 1.2042740589963614, "24": 1.2042740589963614, "25": 1.2042740589963614, "26": 0.3619405784235994, "27": 0.3619405784235994, "28": 0.3619405784235994, "29": 0.3619405784235994, "30": 0.3619405784235994, "31": 0.3619405784235994, "32": 0.3619405784235994, "33": 0.3619405784235994, "34": 0.3619405784235994, "35": 0.3619405784235994, "36": 0.3619405784235994, "37": 0.3619405784235994, "38": 0.3619405784235994, "39": 0.3619405784235994, "40": 0.3619405784235994, "41": 0.3619405784235994, "42": 0.3619405784235994, "43": 0.3619405784235994, "44": 0.3619405784235994, "45": 0.3619405784235994, "46": 0.3619405784235994, "47": 0.3619405784235994, "48": 0.3619405784235994, "49": 0.3619405784235994, "50": 0.3619405784235994, "51": 0.3619405784235994, "52": 0.3619405784235994, "53": 0.3619405784235994, "54": 0.3619405784235994, "55": 0.3619405784235994, "56": 0.3619405784235994, "57": 0.3619405784235994, "58": 0.3619405784235994, "59": 0.3619405784235994, "60": 0.3619405784235994, "61": 0.3619405784235994, "62": 0.3619405784235994, "63": 0.3619405784235994, "64": 0.3619405784235994, "65": 0.3619405784235994, "66": 0.3619405784235994, "67": 0.3619405784235994, "68": 0.3619405784235994, "69": 0.3619405784235994, "70": 0.3619405784235994, "71": 0.3619405784235994, "72": 0.3619405784235994, "73": 0.3619405784235994, "74": 0.3619405784235994, "75": 0.3619405784235994, "76": 0.3619405784235994, "77": 0.3619405784235994, "78": 0.3619405784235994, "79": 0.3619405784235994, "80": 0.3619405784235994, "81": 0.3619405784235994, "82": 0.3619405784235994, "83": 0.3619405784235994, "84": 0.3619405784235994, "85": 0.3619405784235994, "86": 0.3619405784235994, "87": 0.3619405784235994, "88": 0.3619405784235994, "89": 0.3619405784235994, "90": 0.3619405784235994, "91": 0.3619405784235994, "92": 0.3619405784235994, "93": 0.3619405784235994, "94": 0.3619405784235994, "95": 0.3619405784235994, "96": 0.3619405784235994, "97": 0.3619405784235994, "98": 0.3619405784235994, "99": 0.3619405784235994, "100": 0.3619405784235994}