{"0": 5.286388941554355, "1": 5.286388941554355, "2": 5.286388941554355, "3": 5.286388941554355, "4": 5.241869878248316, "5": 5.241869878248316, "6": 5.241869878248316, "7": 4.071462258090968, "8": 4.071462258090968, "9": 4.071462258090968, "10": 4.071462258090968, "11": 4.071462258090968, "12": 4.033891822876681, "13": 2.307538253215988, "14": 2.307538253215988, "15": 2.307538253215988, "16": 2.307538253215988, "17": 2.307538253215988, "18": 2.307538253215988, "19": 2.307538253215988, "20": 2.307538253215988, "21": 2.307538253215988, "22": 2.307538253215988, "23": 2.307538253215988, "24": 2.307538253215988, "25": 2.307538253215988, "26": 2.307538253215988, "27": 2.307538253215988, "28": 2.0785035594441297, "29": 2.0785035594441297, "30": 2.0785035594441297, "31": 2.0785035594441297, "32": 2.0785035594441297, "33": 2.0785035594441297, "34": 2.0785035594441297, "35": 2.0785035594441297, "36": 2.0785035594441297, "37": 2.0785035594441297, "38": 2.0785035594441297, "39": 2.0785035594441297, "40": 2.0785035594441297, "41": 2.0785035594441297, "42": 2.0785035594441297, "43": 2.0785035594441297, "44": 2.0785035594441297, "45": 2.0785035594441297, "46": 2.0785035594441297, "47": 1.5908967849032862, "48": 1.5908967849032862, "49": 1.5908967849032862, "50": 1.5908967849032862, "51": 1.5908967849032862, "52": 1.5908967849032862, "53": 1.5908967849032862, "54": 1.5908967849032862, "55": 1.5908967849032862, "56": 1.5908967849032862, "57": 1.3625467876691317, "58": 1.3625467876691317, "59": 1.3625467876691317, "60": 1.3625467876691317, "61": 1.3625467876691317, "62": 1.3625467876691317, "63": 1.3625467876691317, "64": 1.3625467876691317, "65": 1.3625467876691317, "66": 1.3625467876691317, "67": 1.3625467876691317, "68": 1.1799988679063347, "69": 1.1799988679063347, "70": 1.1799988679063347, "71": 1.1799988679063347, "72": 1.1799988679063347, "73": 1.1799988679063347, "74": 1.1799988679063347, "75": 1.1799988679063347, "76": 1.1799988679063347, "77": 1.1799988679063347, "78": 1.1799988679063347, "79": 1.1799988679063347, "80": 1.1799988679063347, "81": 1.1799988679063347, "82": 1.1799988679063347, "83": 1.1799988679063347, "84": 1.1799988679063347, "85": 1.1799988679063347, "86": 1.1799988679063347, "87": 1.1799988679063347, "88": 1.1799988679063347, "89": 1.1799988679063347, "90": 1.1799988679063347, "91": 1.1799988679063347, "92": 1.1799988679063347, "93": 1.1799988679063347, "94": 1.1799988679063347, "95": 1.1799988679063347, "96": 1.1799988679063347, "97": 1.1799988679063347, "98": 1.1799988679063347, "99": 1.1799988679063347, "100": 1.1799988679063347}