{"0": 29.486412154179227, "1": 8.944433767546009, "2": 8.944433767546009, "3": 8.944433767546009, "4": 8.944433767546009, "5": 8.944433767546009, "6": 3.5499252643302768, "7": 3.5499252643302768, "8": 3.5499252643302768, "9": 3.5499252643302768, "10": 3.5499252643302768, "11": 3.1816488099551705, "12": 3.1816488099551705, "13": 3.1816488099551705, "14": 3.1816488099551705, "15": 3.1816488099551705, "16": 2.9316908516196776, "17": 2.9316908516196776, "18": 2.9316908516196776, "19": 2.822991932582049, "20": 2.822991932582049, "21": 2.822991932582049, "22": 2.822991932582049, "23": 2.822991932582049, "24": 2.822991932582049, "25": 2.2368458245962266, "26": 2.2368458245962266, "27": 2.2368458245962266, "28": 2.2368458245962266, "29": 2.2368458245962266, "30": 1.404040385821073, "31": 1.404040385821073, "32": 1.404040385821073, "33": 1.404040385821073, "34": 1.404040385821073, "35": 1.404040385821073, "36": 1.404040385821073, "37": 1.404040385821073, "38": 1.404040385821073, "39": 1.404040385821073, "40": 1.404040385821073, "41": 1.404040385821073, "42": 1.404040385821073, "43": 1.404040385821073, "44": 1.404040385821073, "45": 1.404040385821073, "46": 1.404040385821073, "47": 1.404040385821073, "48": 1.404040385821073, "49": 1.404040385821073, "50": 1.404040385821073, "51": 1.404040385821073, "52": 1.404040385821073, "53": 1.404040385821073, "54": 1.404040385821073, "55": 1.0842122436294055, "56": 1.0842122436294055, "57": 1.0842122436294055, "58": 1.0842122436294055, "59": 1.0842122436294055, "60": 1.0842122436294055, "61": 1.0842122436294055, "62": 1.0842122436294055, "63": 1.0842122436294055, "64": 1.0842122436294055, "65": 1.0842122436294055, "66": 1.0842122436294055, "67": 1.0842122436294055, "68": 1.0842122436294055, "69": 1.0842122436294055, "70": 1.0842122436294055, "71": 1.0842122436294055, "72": 1.0842122436294055, "73": 1.0842122436294055, "74": 1.0842122436294055, "75": 1.0842122436294055, "76": 1.0842122436294055, "77": 1.0842122436294055, "78": 1.0842122436294055, "79": 1.0842122436294055, "80": 1.0842122436294055, "81": 1.0842122436294055, "82": 1.0842122436294055, "83": 1.0842122436294055, "84": 1.0842122436294055, "85": 1.0842122436294055, "86": 1.0842122436294055, "87": 1.0842122436294055, "88": 1.0842122436294055, "89": 1.0842122436294055, "90": 1.0842122436294055, "91": 1.0842122436294055, "92": 1.0842122436294055, "93": 1.0842122436294055, "94": 1.0842122436294055, "95": 1.0842122436294055, "96": 1.0842122436294055, "97": 1.0842122436294055, "98": 1.0842122436294055, "99": 1.0842122436294055, "100": 1.0842122436294055}