{"0": 16.374403405979795, "1": 6.631386390160085, "2": 6.631386390160085, "3": 6.631386390160085, "4": 6.631386390160085, "5": 6.631386390160085, "6": 6.631386390160085, "7": 6.28281364323232, "8": 6.28281364323232, "9": 6.28281364323232, "10": 6.28281364323232, "11": 6.28281364323232, "12": 6.28281364323232, "13": 6.28281364323232, "14": 6.28281364323232, "15": 4.2397965325483415, "16": 1.441832049640027, "17": 1.441832049640027, "18": 1.441832049640027, "19": 1.441832049640027, "20": 1.441832049640027, "21": 1.441832049640027, "22": 1.441832049640027, "23": 1.441832049640027, "24": 1.441832049640027, "25": 1.441832049640027, "26": 1.441832049640027, "27": 1.441832049640027, "28": 1.441832049640027, "29": 1.441832049640027, "30": 1.441832049640027, "31": 1.441832049640027, "32": 1.441832049640027, "33": 1.441832049640027, "34": 0.9031381756967818, "35": 0.9031381756967818, "36": 0.9031381756967818, "37": 0.9031381756967818, "38": 0.9031381756967818, "39": 0.9031381756967818, "40": 0.9031381756967818, "41": 0.9031381756967818, "42": 0.9031381756967818, "43": 0.9031381756967818, "44": 0.9031381756967818, "45": 0.9031381756967818, "46": 0.9031381756967818, "47": 0.9031381756967818, "48": 0.9031381756967818, "49": 0.9031381756967818, "50": 0.9031381756967818, "51": 0.9031381756967818, "52": 0.9031381756967818, "53": 0.9031381756967818, "54": 0.9031381756967818, "55": 0.9031381756967818, "56": 0.9031381756967818, "57": 0.9031381756967818, "58": 0.9031381756967818, "59": 0.9031381756967818, "60": 0.9031381756967818, "61": 0.9031381756967818, "62": 0.9031381756967818, "63": 0.9031381756967818, "64": 0.9031381756967818, "65": 0.9031381756967818, "66": 0.9031381756967818, "67": 0.9031381756967818, "68": 0.9031381756967818, "69": 0.9031381756967818, "70": 0.9031381756967818, "71": 0.9031381756967818, "72": 0.9031381756967818, "73": 0.9031381756967818, "74": 0.9031381756967818, "75": 0.9031381756967818, "76": 0.9031381756967818, "77": 0.9031381756967818, "78": 0.9031381756967818, "79": 0.9031381756967818, "80": 0.9031381756967818, "81": 0.9031381756967818, "82": 0.9031381756967818, "83": 0.9031381756967818, "84": 0.9031381756967818, "85": 0.9031381756967818, "86": 0.9031381756967818, "87": 0.9031381756967818, "88": 0.9031381756967818, "89": 0.9031381756967818, "90": 0.9031381756967818, "91": 0.9031381756967818, "92": 0.9031381756967818, "93": 0.9031381756967818, "94": 0.9031381756967818, "95": 0.9031381756967818, "96": 0.9031381756967818, "97": 0.9031381756967818, "98": 0.9031381756967818, "99": 0.9031381756967818, "100": 0.9031381756967818}