{"0": 9.618379077653032, "1": 9.618379077653032, "2": 4.663623108709105, "3": 4.663623108709105, "4": 4.663623108709105, "5": 4.663623108709105, "6": 4.663623108709105, "7": 4.663623108709105, "8": 4.663623108709105, "9": 4.663623108709105, "10": 4.663623108709105, "11": 4.663623108709105, "12": 2.4306563425813152, "13": 2.4306563425813152, "14": 2.4306563425813152, "15": 2.4306563425813152, "16": 2.4306563425813152, "17": 2.4306563425813152, "18": 2.4306563425813152, "19": 2.4306563425813152, "20": 2.4306563425813152, "21": 2.286423722742004, "22": 2.286423722742004, "23": 2.286423722742004, "24": 2.286423722742004, "25": 2.242857321815997, "26": 2.242857321815997, "27": 2.242857321815997, "28": 2.242857321815997, "29": 2.242857321815997, "30": 2.242857321815997, "31": 2.242857321815997, "32": 2.242857321815997, "33": 2.242857321815997, "34": 2.242857321815997, "35": 2.242857321815997, "36": 2.242857321815997, "37": 2.242857321815997, "38": 2.242857321815997, "39": 2.242857321815997, "40": 2.242857321815997, "41": 1.9979643536820788, "42": 1.9979643536820788, "43": 1.9979643536820788, "44": 1.9979643536820788, "45": 1.9979643536820788, "46": 1.9979643536820788, "47": 1.9979643536820788, "48": 1.9979643536820788, "49": 1.9979643536820788, "50": 1.9979643536820788, "51": 1.9979643536820788, "52": 1.9979643536820788, "53": 1.9979643536820788, "54": 1.9979643536820788, "55": 1.9979643536820788, "56": 1.9979643536820788, "57": 1.9979643536820788, "58": 1.9979643536820788, "59": 1.916820032438931, "60": 1.916820032438931, "61": 1.916820032438931, "62": 1.4345289192578754, "63": 1.4345289192578754, "64": 1.4345289192578754, "65": 1.4345289192578754, "66": 1.4345289192578754, "67": 1.4345289192578754, "68": 1.4345289192578754, "69": 1.4345289192578754, "70": 1.4345289192578754, "71": 1.4345289192578754, "72": 1.3241916367351223, "73": 1.3241916367351223, "74": 1.3241916367351223, "75": 1.3241916367351223, "76": 1.3241916367351223, "77": 1.3241916367351223, "78": 1.3241916367351223, "79": 1.3241916367351223, "80": 1.3241916367351223, "81": 1.3241916367351223, "82": 1.3241916367351223, "83": 1.3241916367351223, "84": 1.3241916367351223, "85": 1.3241916367351223, "86": 1.3241916367351223, "87": 1.3241916367351223, "88": 1.3241916367351223, "89": 1.3241916367351223, "90": 1.3241916367351223, "91": 1.3241916367351223, "92": 1.3241916367351223, "93": 1.3241916367351223, "94": 1.3241916367351223, "95": 1.3241916367351223, "96": 1.3241916367351223, "97": 1.3241916367351223, "98": 1.3241916367351223, "99": 1.3241916367351223, "100": 1.3241916367351223}