{"0": 13.881423380380703, "1": 12.095420066072569, "2": 4.255041163577793, "3": 4.255041163577793, "4": 4.255041163577793, "5": 4.054339664656419, "6": 4.054339664656419, "7": 4.054339664656419, "8": 4.054339664656419, "9": 4.054339664656419, "10": 4.054339664656419, "11": 4.054339664656419, "12": 4.054339664656419, "13": 4.054339664656419, "14": 4.054339664656419, "15": 4.054339664656419, "16": 4.054339664656419, "17": 3.649502824151316, "18": 3.649502824151316, "19": 3.649502824151316, "20": 3.649502824151316, "21": 3.649502824151316, "22": 3.649502824151316, "23": 3.649502824151316, "24": 3.649502824151316, "25": 3.649502824151316, "26": 3.442646798962393, "27": 1.6327344575267695, "28": 1.4510837817839182, "29": 1.4510837817839182, "30": 1.4510837817839182, "31": 1.4510837817839182, "32": 1.4510837817839182, "33": 1.4510837817839182, "34": 1.4510837817839182, "35": 1.4510837817839182, "36": 1.4510837817839182, "37": 1.4510837817839182, "38": 1.4510837817839182, "39": 1.4510837817839182, "40": 1.4510837817839182, "41": 1.4510837817839182, "42": 1.0494380219223594, "43": 1.0494380219223594, "44": 1.0494380219223594, "45": 1.0494380219223594, "46": 1.0494380219223594, "47": 1.0494380219223594, "48": 1.0494380219223594, "49": 1.0494380219223594, "50": 1.0494380219223594, "51": 1.0494380219223594, "52": 1.0494380219223594, "53": 1.0494380219223594, "54": 1.0494380219223594, "55": 1.0494380219223594, "56": 1.0494380219223594, "57": 1.0494380219223594, "58": 1.0494380219223594, "59": 1.0494380219223594, "60": 1.0494380219223594, "61": 1.0494380219223594, "62": 1.0494380219223594, "63": 1.0494380219223594, "64": 1.0494380219223594, "65": 1.0494380219223594, "66": 1.0494380219223594, "67": 1.0494380219223594, "68": 1.0494380219223594, "69": 1.0494380219223594, "70": 1.0494380219223594, "71": 1.0494380219223594, "72": 1.0494380219223594, "73": 1.0494380219223594, "74": 1.0494380219223594, "75": 1.0494380219223594, "76": 1.0494380219223594, "77": 1.0494380219223594, "78": 1.0494380219223594, "79": 1.0494380219223594, "80": 1.0494380219223594, "81": 1.0494380219223594, "82": 1.0494380219223594, "83": 1.0494380219223594, "84": 1.0494380219223594, "85": 1.0494380219223594, "86": 1.0494380219223594, "87": 1.0494380219223594, "88": 1.0494380219223594, "89": 1.0494380219223594, "90": 1.0494380219223594, "91": 1.0494380219223594, "92": 1.0494380219223594, "93": 1.0494380219223594, "94": 1.0494380219223594, "95": 1.0494380219223594, "96": 1.0494380219223594, "97": 1.0494380219223594, "98": 1.0494380219223594, "99": 1.0494380219223594, "100": 1.0494380219223594}