{"0": 21.67480672900605, "1": 13.086104905094746, "2": 13.086104905094746, "3": 9.414890633128955, "4": 9.414890633128955, "5": 5.6419579185061295, "6": 5.6419579185061295, "7": 5.6419579185061295, "8": 5.6419579185061295, "9": 2.957851093017325, "10": 2.957851093017325, "11": 2.957851093017325, "12": 2.957851093017325, "13": 2.957851093017325, "14": 2.957851093017325, "15": 2.957851093017325, "16": 2.957851093017325, "17": 2.957851093017325, "18": 2.957851093017325, "19": 2.957851093017325, "20": 2.957851093017325, "21": 2.957851093017325, "22": 2.957851093017325, "23": 2.957851093017325, "24": 2.957851093017325, "25": 2.957851093017325, "26": 2.957851093017325, "27": 2.957851093017325, "28": 2.957851093017325, "29": 2.957851093017325, "30": 2.957851093017325, "31": 2.957851093017325, "32": 2.957851093017325, "33": 2.957851093017325, "34": 2.957851093017325, "35": 1.7941715257529012, "36": 1.7941715257529012, "37": 1.7941715257529012, "38": 1.7941715257529012, "39": 1.7941715257529012, "40": 1.7941715257529012, "41": 1.7941715257529012, "42": 1.7941715257529012, "43": 1.7941715257529012, "44": 1.7941715257529012, "45": 1.7941715257529012, "46": 1.7941715257529012, "47": 1.7941715257529012, "48": 1.7941715257529012, "49": 1.7941715257529012, "50": 1.7941715257529012, "51": 1.7941715257529012, "52": 1.7941715257529012, "53": 1.7941715257529012, "54": 1.7941715257529012, "55": 1.7941715257529012, "56": 1.7941715257529012, "57": 1.7941715257529012, "58": 1.7941715257529012, "59": 1.7941715257529012, "60": 1.7941715257529012, "61": 1.7941715257529012, "62": 1.7941715257529012, "63": 1.7941715257529012, "64": 1.7941715257529012, "65": 1.7941715257529012, "66": 1.7941715257529012, "67": 1.7941715257529012, "68": 1.7941715257529012, "69": 0.6997335901331994, "70": 0.6997335901331994, "71": 0.6997335901331994, "72": 0.6997335901331994, "73": 0.6997335901331994, "74": 0.6997335901331994, "75": 0.6997335901331994, "76": 0.6997335901331994, "77": 0.6997335901331994, "78": 0.6997335901331994, "79": 0.6997335901331994, "80": 0.6997335901331994, "81": 0.6997335901331994, "82": 0.6997335901331994, "83": 0.6997335901331994, "84": 0.6997335901331994, "85": 0.6997335901331994, "86": 0.6997335901331994, "87": 0.6997335901331994, "88": 0.6997335901331994, "89": 0.6997335901331994, "90": 0.6997335901331994, "91": 0.6997335901331994, "92": 0.6997335901331994, "93": 0.6997335901331994, "94": 0.6997335901331994, "95": 0.6997335901331994, "96": 0.6997335901331994, "97": 0.6997335901331994, "98": 0.6997335901331994, "99": 0.6997335901331994, "100": 0.6997335901331994}