{"0": 15.412361135213086, "1": 15.412361135213086, "2": 14.427671531450454, "3": 14.427671531450454, "4": 4.820801810245703, "5": 4.820801810245703, "6": 4.820801810245703, "7": 4.467976718857656, "8": 1.8983530677379505, "9": 1.8983530677379505, "10": 1.8983530677379505, "11": 1.8983530677379505, "12": 1.8983530677379505, "13": 1.8983530677379505, "14": 1.8983530677379505, "15": 1.8983530677379505, "16": 1.8983530677379505, "17": 1.8983530677379505, "18": 1.8983530677379505, "19": 1.8983530677379505, "20": 1.8983530677379505, "21": 1.8983530677379505, "22": 1.8983530677379505, "23": 1.8983530677379505, "24": 1.8983530677379505, "25": 1.8983530677379505, "26": 1.8983530677379505, "27": 1.8983530677379505, "28": 1.8983530677379505, "29": 1.8983530677379505, "30": 1.8983530677379505, "31": 1.8983530677379505, "32": 1.8983530677379505, "33": 1.8983530677379505, "34": 1.8983530677379505, "35": 1.8983530677379505, "36": 1.8983530677379505, "37": 1.8983530677379505, "38": 1.8983530677379505, "39": 1.8983530677379505, "40": 1.8983530677379505, "41": 1.8983530677379505, "42": 1.8983530677379505, "43": 1.8983530677379505, "44": 1.8983530677379505, "45": 1.8983530677379505, "46": 1.8983530677379505, "47": 1.8983530677379505, "48": 1.8983530677379505, "49": 1.8983530677379505, "50": 1.8983530677379505, "51": 1.8983530677379505, "52": 1.8983530677379505, "53": 1.8983530677379505, "54": 1.0504490256076409, "55": 1.0504490256076409, "56": 1.0504490256076409, "57": 1.0504490256076409, "58": 1.0504490256076409, "59": 1.0504490256076409, "60": 1.0504490256076409, "61": 1.0504490256076409, "62": 1.0504490256076409, "63": 1.0504490256076409, "64": 1.0504490256076409, "65": 1.0504490256076409, "66": 1.0504490256076409, "67": 1.0504490256076409, "68": 1.0504490256076409, "69": 1.0504490256076409, "70": 1.0504490256076409, "71": 1.0504490256076409, "72": 1.0504490256076409, "73": 1.0504490256076409, "74": 1.0504490256076409, "75": 1.0504490256076409, "76": 1.0504490256076409, "77": 1.0504490256076409, "78": 1.0504490256076409, "79": 1.0504490256076409, "80": 1.0504490256076409, "81": 1.0504490256076409, "82": 1.0504490256076409, "83": 1.0504490256076409, "84": 1.0504490256076409, "85": 1.0504490256076409, "86": 1.0504490256076409, "87": 1.0504490256076409, "88": 1.0504490256076409, "89": 1.0504490256076409, "90": 1.0504490256076409, "91": 1.0504490256076409, "92": 1.0504490256076409, "93": 1.0504490256076409, "94": 1.0504490256076409, "95": 1.0504490256076409, "96": 1.0504490256076409, "97": 1.0504490256076409, "98": 1.0504490256076409, "99": 1.0504490256076409, "100": 1.0504490256076409}