{"0": 10.08111948705854, "1": 10.08111948705854, "2": 10.08111948705854, "3": 3.9113494435772154, "4": 3.9113494435772154, "5": 3.9113494435772154, "6": 3.9113494435772154, "7": 3.9113494435772154, "8": 3.9113494435772154, "9": 3.9113494435772154, "10": 3.9113494435772154, "11": 3.9113494435772154, "12": 3.9113494435772154, "13": 0.5624136026842592, "14": 0.5624136026842592, "15": 0.5624136026842592, "16": 0.5624136026842592, "17": 0.5624136026842592, "18": 0.5624136026842592, "19": 0.5624136026842592, "20": 0.5624136026842592, "21": 0.5624136026842592, "22": 0.5624136026842592, "23": 0.5624136026842592, "24": 0.5624136026842592, "25": 0.3547282133858012, "26": 0.3547282133858012, "27": 0.3547282133858012, "28": 0.3547282133858012, "29": 0.3547282133858012, "30": 0.3547282133858012, "31": 0.3547282133858012, "32": 0.3547282133858012, "33": 0.3547282133858012, "34": 0.3547282133858012, "35": 0.3547282133858012, "36": 0.3547282133858012, "37": 0.3547282133858012, "38": 0.3547282133858012, "39": 0.3547282133858012, "40": 0.3547282133858012, "41": 0.3547282133858012, "42": 0.3547282133858012, "43": 0.3547282133858012, "44": 0.3547282133858012, "45": 0.3547282133858012, "46": 0.3547282133858012, "47": 0.3547282133858012, "48": 0.3547282133858012, "49": 0.3547282133858012, "50": 0.3547282133858012, "51": 0.3547282133858012, "52": 0.3547282133858012, "53": 0.3547282133858012, "54": 0.3547282133858012, "55": 0.3547282133858012, "56": 0.3547282133858012, "57": 0.3547282133858012, "58": 0.3547282133858012, "59": 0.3547282133858012, "60": 0.3547282133858012, "61": 0.3547282133858012, "62": 0.3547282133858012, "63": 0.3547282133858012, "64": 0.3547282133858012, "65": 0.3547282133858012, "66": 0.3547282133858012, "67": 0.3547282133858012, "68": 0.3547282133858012, "69": 0.3547282133858012, "70": 0.3547282133858012, "71": 0.3547282133858012, "72": 0.3547282133858012, "73": 0.3547282133858012, "74": 0.3547282133858012, "75": 0.3547282133858012, "76": 0.3547282133858012, "77": 0.3547282133858012, "78": 0.3547282133858012, "79": 0.3547282133858012, "80": 0.3547282133858012, "81": 0.3547282133858012, "82": 0.3547282133858012, "83": 0.3547282133858012, "84": 0.3547282133858012, "85": 0.3547282133858012, "86": 0.3547282133858012, "87": 0.3547282133858012, "88": 0.3547282133858012, "89": 0.3547282133858012, "90": 0.3547282133858012, "91": 0.3547282133858012, "92": 0.3547282133858012, "93": 0.3547282133858012, "94": 0.3547282133858012, "95": 0.3547282133858012, "96": 0.3547282133858012, "97": 0.3547282133858012, "98": 0.3547282133858012, "99": 0.3547282133858012, "100": 0.3547282133858012}