{"0": 22.978935031794077, "1": 21.136880575296615, "2": 11.544426253134926, "3": 11.544426253134926, "4": 11.544426253134926, "5": 11.544426253134926, "6": 11.544426253134926, "7": 11.544426253134926, "8": 11.544426253134926, "9": 4.0840522204215155, "10": 4.0840522204215155, "11": 4.0840522204215155, "12": 4.0840522204215155, "13": 4.0840522204215155, "14": 4.0840522204215155, "15": 4.0840522204215155, "16": 4.0840522204215155, "17": 3.313362947090379, "18": 1.0854612524743388, "19": 1.0854612524743388, "20": 1.0854612524743388, "21": 0.8970995660477286, "22": 0.8970995660477286, "23": 0.8970995660477286, "24": 0.8970995660477286, "25": 0.8970995660477286, "26": 0.8970995660477286, "27": 0.8970995660477286, "28": 0.8970995660477286, "29": 0.07997120258714574, "30": 0.07997120258714574, "31": 0.07997120258714574, "32": 0.07997120258714574, "33": 0.07997120258714574, "34": 0.07997120258714574, "35": 0.07997120258714574, "36": 0.07997120258714574, "37": 0.07997120258714574, "38": 0.07997120258714574, "39": 0.07997120258714574, "40": 0.07997120258714574, "41": 0.07997120258714574, "42": 0.07997120258714574, "43": 0.07997120258714574, "44": 0.07997120258714574, "45": 0.07997120258714574, "46": 0.07997120258714574, "47": 0.07997120258714574, "48": 0.07997120258714574, "49": 0.07997120258714574, "50": 0.07997120258714574, "51": 0.07997120258714574, "52": 0.07997120258714574, "53": 0.07997120258714574, "54": 0.07997120258714574, "55": 0.07997120258714574, "56": 0.07997120258714574, "57": 0.07997120258714574, "58": 0.07997120258714574, "59": 0.07997120258714574, "60": 0.07997120258714574, "61": 0.07997120258714574, "62": 0.07997120258714574, "63": 0.07997120258714574, "64": 0.07997120258714574, "65": 0.07997120258714574, "66": 0.07997120258714574, "67": 0.07997120258714574, "68": 0.07997120258714574, "69": 0.07997120258714574, "70": 0.07997120258714574, "71": 0.07997120258714574, "72": 0.07997120258714574, "73": 0.07997120258714574, "74": 0.07997120258714574, "75": 0.07997120258714574, "76": 0.07997120258714574, "77": 0.07997120258714574, "78": 0.07997120258714574, "79": 0.07997120258714574, "80": 0.07997120258714574, "81": 0.07997120258714574, "82": 0.07997120258714574, "83": 0.07997120258714574, "84": 0.07997120258714574, "85": 0.07997120258714574, "86": 0.07997120258714574, "87": 0.07997120258714574, "88": 0.07997120258714574, "89": 0.07997120258714574, "90": 0.07997120258714574, "91": 0.07997120258714574, "92": 0.07997120258714574, "93": 0.07997120258714574, "94": 0.07997120258714574, "95": 0.07997120258714574, "96": 0.07997120258714574, "97": 0.07997120258714574, "98": 0.07997120258714574, "99": 0.07997120258714574, "100": 0.07997120258714574}