{"0": 12.173198497608194, "1": 12.173198497608194, "2": 12.173198497608194, "3": 12.173198497608194, "4": 10.2743058736234, "5": 8.02309595868999, "6": 8.02309595868999, "7": 8.02309595868999, "8": 8.02309595868999, "9": 8.02309595868999, "10": 6.392049716892446, "11": 6.392049716892446, "12": 6.392049716892446, "13": 6.392049716892446, "14": 6.392049716892446, "15": 4.606988261160673, "16": 4.606988261160673, "17": 4.017127223560241, "18": 4.017127223560241, "19": 4.017127223560241, "20": 4.017127223560241, "21": 4.017127223560241, "22": 4.017127223560241, "23": 4.017127223560241, "24": 4.017127223560241, "25": 4.017127223560241, "26": 4.017127223560241, "27": 4.017127223560241, "28": 4.017127223560241, "29": 4.017127223560241, "30": 4.017127223560241, "31": 4.017127223560241, "32": 4.017127223560241, "33": 4.017127223560241, "34": 4.017127223560241, "35": 4.017127223560241, "36": 4.017127223560241, "37": 4.017127223560241, "38": 4.017127223560241, "39": 4.017127223560241, "40": 4.017127223560241, "41": 4.017127223560241, "42": 4.017127223560241, "43": 4.017127223560241, "44": 4.017127223560241, "45": 4.017127223560241, "46": 4.017127223560241, "47": 4.017127223560241, "48": 4.017127223560241, "49": 4.017127223560241, "50": 4.017127223560241, "51": 4.017127223560241, "52": 4.017127223560241, "53": 4.017127223560241, "54": 2.641363253710331, "55": 2.641363253710331, "56": 2.641363253710331, "57": 2.641363253710331, "58": 2.641363253710331, "59": 2.641363253710331, "60": 2.641363253710331, "61": 2.641363253710331, "62": 2.641363253710331, "63": 2.641363253710331, "64": 2.641363253710331, "65": 2.641363253710331, "66": 2.641363253710331, "67": 2.641363253710331, "68": 2.641363253710331, "69": 2.641363253710331, "70": 2.641363253710331, "71": 2.641363253710331, "72": 2.641363253710331, "73": 2.641363253710331, "74": 2.641363253710331, "75": 2.641363253710331, "76": 2.641363253710331, "77": 2.641363253710331, "78": 2.641363253710331, "79": 2.641363253710331, "80": 2.641363253710331, "81": 2.641363253710331, "82": 2.641363253710331, "83": 2.310410744596375, "84": 2.310410744596375, "85": 2.310410744596375, "86": 2.310410744596375, "87": 2.310410744596375, "88": 2.310410744596375, "89": 2.310410744596375, "90": 2.310410744596375, "91": 2.310410744596375, "92": 2.310410744596375, "93": 2.310410744596375, "94": 2.310410744596375, "95": 2.310410744596375, "96": 2.310410744596375, "97": 2.310410744596375, "98": 2.310410744596375, "99": 2.310410744596375, "100": 2.310410744596375}