{"0": 16.294475767205228, "1": 2.800443390436186, "2": 2.800443390436186, "3": 2.800443390436186, "4": 2.800443390436186, "5": 2.800443390436186, "6": 2.800443390436186, "7": 2.800443390436186, "8": 1.8954297036708567, "9": 1.8954297036708567, "10": 1.8954297036708567, "11": 1.8954297036708567, "12": 1.8954297036708567, "13": 1.8954297036708567, "14": 1.8954297036708567, "15": 1.1043396019867053, "16": 1.1043396019867053, "17": 1.1043396019867053, "18": 1.1043396019867053, "19": 1.1043396019867053, "20": 1.1043396019867053, "21": 1.1043396019867053, "22": 1.1043396019867053, "23": 1.1043396019867053, "24": 1.1043396019867053, "25": 1.1043396019867053, "26": 1.1043396019867053, "27": 1.1043396019867053, "28": 1.1043396019867053, "29": 1.1043396019867053, "30": 1.1043396019867053, "31": 1.1043396019867053, "32": 1.1043396019867053, "33": 1.1043396019867053, "34": 1.1043396019867053, "35": 1.1043396019867053, "36": 1.1043396019867053, "37": 1.1043396019867053, "38": 1.1043396019867053, "39": 1.1043396019867053, "40": 1.1043396019867053, "41": 1.1043396019867053, "42": 1.1043396019867053, "43": 1.1043396019867053, "44": 1.1043396019867053, "45": 1.1043396019867053, "46": 1.1043396019867053, "47": 1.1043396019867053, "48": 1.1043396019867053, "49": 1.1043396019867053, "50": 1.1043396019867053, "51": 1.1043396019867053, "52": 1.1043396019867053, "53": 1.1043396019867053, "54": 1.1043396019867053, "55": 1.1043396019867053, "56": 1.1043396019867053, "57": 1.1043396019867053, "58": 1.1043396019867053, "59": 1.1043396019867053, "60": 1.1043396019867053, "61": 1.1043396019867053, "62": 1.1043396019867053, "63": 1.1043396019867053, "64": 1.1043396019867053, "65": 1.1043396019867053, "66": 1.1043396019867053, "67": 1.1043396019867053, "68": 1.1043396019867053, "69": 1.1043396019867053, "70": 1.1043396019867053, "71": 1.1043396019867053, "72": 1.1043396019867053, "73": 1.1043396019867053, "74": 1.1043396019867053, "75": 1.1043396019867053, "76": 1.1043396019867053, "77": 1.1043396019867053, "78": 1.1043396019867053, "79": 1.1043396019867053, "80": 1.1043396019867053, "81": 1.1043396019867053, "82": 1.1043396019867053, "83": 1.1043396019867053, "84": 1.1043396019867053, "85": 1.1043396019867053, "86": 1.1043396019867053, "87": 1.1043396019867053, "88": 1.1043396019867053, "89": 1.1043396019867053, "90": 1.1043396019867053, "91": 1.1043396019867053, "92": 1.1043396019867053, "93": 1.1043396019867053, "94": 1.1043396019867053, "95": 1.1043396019867053, "96": 1.1043396019867053, "97": 1.1043396019867053, "98": 1.1043396019867053, "99": 1.1043396019867053, "100": 1.1043396019867053}