{"0": 22.637452108066913, "1": 1.5501504784747908, "2": 1.4012397005351396, "3": 1.4012397005351396, "4": 1.4012397005351396, "5": 1.4012397005351396, "6": 1.4012397005351396, "7": 1.4012397005351396, "8": 1.0934824742369358, "9": 1.0934824742369358, "10": 1.0934824742369358, "11": 1.0934824742369358, "12": 1.0934824742369358, "13": 1.0934824742369358, "14": 1.0934824742369358, "15": 1.0934824742369358, "16": 1.0934824742369358, "17": 1.0934824742369358, "18": 1.0934824742369358, "19": 1.0934824742369358, "20": 1.0934824742369358, "21": 1.0934824742369358, "22": 1.0934824742369358, "23": 1.0934824742369358, "24": 1.0934824742369358, "25": 1.0934824742369358, "26": 1.0934824742369358, "27": 1.0934824742369358, "28": 1.0934824742369358, "29": 1.0934824742369358, "30": 1.0934824742369358, "31": 1.0934824742369358, "32": 1.0934824742369358, "33": 1.0934824742369358, "34": 1.0934824742369358, "35": 1.0934824742369358, "36": 1.0934824742369358, "37": 1.0934824742369358, "38": 1.0934824742369358, "39": 1.0934824742369358, "40": 1.0934824742369358, "41": 1.0934824742369358, "42": 1.0934824742369358, "43": 1.0934824742369358, "44": 1.0934824742369358, "45": 1.0934824742369358, "46": 1.0934824742369358, "47": 1.0934824742369358, "48": 1.0934824742369358, "49": 1.0934824742369358, "50": 1.0934824742369358, "51": 1.0934824742369358, "52": 1.0934824742369358, "53": 1.0934824742369358, "54": 1.0934824742369358, "55": 1.0934824742369358, "56": 1.0934824742369358, "57": 1.0934824742369358, "58": 1.0934824742369358, "59": 1.0934824742369358, "60": 1.0934824742369358, "61": 1.0934824742369358, "62": 1.0934824742369358, "63": 1.0934824742369358, "64": 1.0934824742369358, "65": 1.0934824742369358, "66": 1.0934824742369358, "67": 1.0934824742369358, "68": 1.0934824742369358, "69": 1.0934824742369358, "70": 1.0934824742369358, "71": 1.0934824742369358, "72": 1.0934824742369358, "73": 1.0934824742369358, "74": 1.0934824742369358, "75": 1.0934824742369358, "76": 0.7315085283955227, "77": 0.7315085283955227, "78": 0.7315085283955227, "79": 0.7315085283955227, "80": 0.7315085283955227, "81": 0.7315085283955227, "82": 0.7315085283955227, "83": 0.7315085283955227, "84": 0.7315085283955227, "85": 0.7315085283955227, "86": 0.7315085283955227, "87": 0.7315085283955227, "88": 0.7315085283955227, "89": 0.7315085283955227, "90": 0.7315085283955227, "91": 0.7315085283955227, "92": 0.7315085283955227, "93": 0.7315085283955227, "94": 0.7315085283955227, "95": 0.7315085283955227, "96": 0.7315085283955227, "97": 0.7315085283955227, "98": 0.7315085283955227, "99": 0.7315085283955227, "100": 0.7315085283955227}