{"0": 20.848750136390066, "1": 18.511442034430672, "2": 4.774375976980137, "3": 4.774375976980137, "4": 4.381968208939332, "5": 1.2499305832280818, "6": 1.2499305832280818, "7": 1.2499305832280818, "8": 1.2499305832280818, "9": 1.2499305832280818, "10": 1.2499305832280818, "11": 1.2499305832280818, "12": 1.1660825540836157, "13": 1.1660825540836157, "14": 1.1660825540836157, "15": 0.19279712266437343, "16": 0.19279712266437343, "17": 0.19279712266437343, "18": 0.19279712266437343, "19": 0.19279712266437343, "20": 0.19279712266437343, "21": 0.19279712266437343, "22": 0.19279712266437343, "23": 0.19279712266437343, "24": 0.19279712266437343, "25": 0.19279712266437343, "26": 0.19279712266437343, "27": 0.03910796315057752, "28": 0.03910796315057752, "29": 0.03910796315057752, "30": 0.03910796315057752, "31": 0.03910796315057752, "32": 0.03910796315057752, "33": 0.03910796315057752, "34": 0.03910796315057752, "35": 0.03910796315057752, "36": 0.03910796315057752, "37": 0.03910796315057752, "38": 0.03910796315057752, "39": 0.03910796315057752, "40": 0.03910796315057752, "41": 0.03910796315057752, "42": 0.03910796315057752, "43": 0.03910796315057752, "44": 0.03910796315057752, "45": 0.03910796315057752, "46": 0.03910796315057752, "47": 0.03910796315057752, "48": 0.03910796315057752, "49": 0.03910796315057752, "50": 0.03910796315057752, "51": 0.03910796315057752, "52": 0.03910796315057752, "53": 0.03910796315057752, "54": 0.03910796315057752, "55": 0.03910796315057752, "56": 0.03910796315057752, "57": 0.03910796315057752, "58": 0.03910796315057752, "59": 0.03910796315057752, "60": 0.03910796315057752, "61": 0.03910796315057752, "62": 0.03910796315057752, "63": 0.03910796315057752, "64": 0.03910796315057752, "65": 0.03910796315057752, "66": 0.03910796315057752, "67": 0.03910796315057752, "68": 0.03910796315057752, "69": 0.03910796315057752, "70": 0.03910796315057752, "71": 0.03910796315057752, "72": 0.03910796315057752, "73": 0.03910796315057752, "74": 0.03910796315057752, "75": 0.03910796315057752, "76": 0.03910796315057752, "77": 0.03910796315057752, "78": 0.03910796315057752, "79": 0.03910796315057752, "80": 0.03910796315057752, "81": 0.03910796315057752, "82": 0.03910796315057752, "83": 0.03910796315057752, "84": 0.03910796315057752, "85": 0.03910796315057752, "86": 0.03910796315057752, "87": 0.03910796315057752, "88": 0.03910796315057752, "89": 0.03910796315057752, "90": 0.03910796315057752, "91": 0.03910796315057752, "92": 0.03910796315057752, "93": 0.03910796315057752, "94": 0.03910796315057752, "95": 0.03910796315057752, "96": 0.03910796315057752, "97": 0.03910796315057752, "98": 0.03910796315057752, "99": 0.03910796315057752, "100": 0.03910796315057752}