{"0": 18.47618273303322, "1": 18.47618273303322, "2": 13.452613204787376, "3": 1.4249494692331446, "4": 1.4249494692331446, "5": 1.4249494692331446, "6": 1.4249494692331446, "7": 1.4249494692331446, "8": 1.4249494692331446, "9": 1.3678382147766683, "10": 1.3678382147766683, "11": 1.3678382147766683, "12": 0.3650585960104067, "13": 0.3650585960104067, "14": 0.3650585960104067, "15": 0.3650585960104067, "16": 0.3650585960104067, "17": 0.3650585960104067, "18": 0.3650585960104067, "19": 0.3650585960104067, "20": 0.3650585960104067, "21": 0.3650585960104067, "22": 0.3650585960104067, "23": 0.3650585960104067, "24": 0.3650585960104067, "25": 0.3650585960104067, "26": 0.3650585960104067, "27": 0.3650585960104067, "28": 0.3650585960104067, "29": 0.3650585960104067, "30": 0.3650585960104067, "31": 0.3650585960104067, "32": 0.3650585960104067, "33": 0.3650585960104067, "34": 0.3650585960104067, "35": 0.3650585960104067, "36": 0.3650585960104067, "37": 0.3650585960104067, "38": 0.3650585960104067, "39": 0.3650585960104067, "40": 0.3650585960104067, "41": 0.3650585960104067, "42": 0.3650585960104067, "43": 0.3650585960104067, "44": 0.3650585960104067, "45": 0.3650585960104067, "46": 0.3650585960104067, "47": 0.3650585960104067, "48": 0.3650585960104067, "49": 0.3650585960104067, "50": 0.008999946960628336, "51": 0.008999946960628336, "52": 0.008999946960628336, "53": 0.008999946960628336, "54": 0.008999946960628336, "55": 0.008999946960628336, "56": 0.008999946960628336, "57": 0.008999946960628336, "58": 0.008999946960628336, "59": 0.008999946960628336, "60": 0.008999946960628336, "61": 0.008999946960628336, "62": 0.008999946960628336, "63": 0.008999946960628336, "64": 0.008999946960628336, "65": 0.008999946960628336, "66": 0.008999946960628336, "67": 0.008999946960628336, "68": 0.008999946960628336, "69": 0.008999946960628336, "70": 0.008999946960628336, "71": 0.008999946960628336, "72": 0.008999946960628336, "73": 0.008999946960628336, "74": 0.008999946960628336, "75": 0.008999946960628336, "76": 0.008999946960628336, "77": 0.008999946960628336, "78": 0.008999946960628336, "79": 0.008999946960628336, "80": 0.008999946960628336, "81": 0.008999946960628336, "82": 0.008999946960628336, "83": 0.008999946960628336, "84": 0.008999946960628336, "85": 0.008999946960628336, "86": 0.008999946960628336, "87": 0.008999946960628336, "88": 0.008999946960628336, "89": 0.008999946960628336, "90": 0.008999946960628336, "91": 0.008999946960628336, "92": 0.008999946960628336, "93": 0.008999946960628336, "94": 0.008999946960628336, "95": 0.008999946960628336, "96": 0.008999946960628336, "97": 0.008999946960628336, "98": 0.008999946960628336, "99": 0.008999946960628336, "100": 0.008999946960628336}