{"0": 9.421815903111794, "1": 9.421815903111794, "2": 9.421815903111794, "3": 5.827318219039519, "4": 5.827318219039519, "5": 5.827318219039519, "6": 5.827318219039519, "7": 5.111947005876713, "8": 5.111947005876713, "9": 5.111947005876713, "10": 5.111947005876713, "11": 2.491222602111236, "12": 2.491222602111236, "13": 0.37543379025532175, "14": 0.37543379025532175, "15": 0.37543379025532175, "16": 0.37543379025532175, "17": 0.37543379025532175, "18": 0.37543379025532175, "19": 0.37543379025532175, "20": 0.37543379025532175, "21": 0.37543379025532175, "22": 0.37543379025532175, "23": 0.37543379025532175, "24": 0.37543379025532175, "25": 0.37543379025532175, "26": 0.37543379025532175, "27": 0.37543379025532175, "28": 0.37543379025532175, "29": 0.37543379025532175, "30": 0.37543379025532175, "31": 0.37543379025532175, "32": 0.37543379025532175, "33": 0.37543379025532175, "34": 0.37543379025532175, "35": 0.37543379025532175, "36": 0.37543379025532175, "37": 0.37543379025532175, "38": 0.37543379025532175, "39": 0.37543379025532175, "40": 0.37543379025532175, "41": 0.37543379025532175, "42": 0.37543379025532175, "43": 0.37543379025532175, "44": 0.37543379025532175, "45": 0.37543379025532175, "46": 0.37543379025532175, "47": 0.37543379025532175, "48": 0.37543379025532175, "49": 0.37543379025532175, "50": 0.37543379025532175, "51": 0.37543379025532175, "52": 0.37543379025532175, "53": 0.37543379025532175, "54": 0.37543379025532175, "55": 0.37543379025532175, "56": 0.37543379025532175, "57": 0.37543379025532175, "58": 0.37543379025532175, "59": 0.37543379025532175, "60": 0.37543379025532175, "61": 0.37543379025532175, "62": 0.37543379025532175, "63": 0.37543379025532175, "64": 0.37543379025532175, "65": 0.37543379025532175, "66": 0.37543379025532175, "67": 0.37543379025532175, "68": 0.37543379025532175, "69": 0.37543379025532175, "70": 0.37543379025532175, "71": 0.37543379025532175, "72": 0.37543379025532175, "73": 0.37543379025532175, "74": 0.37543379025532175, "75": 0.37543379025532175, "76": 0.37543379025532175, "77": 0.37543379025532175, "78": 0.37543379025532175, "79": 0.37543379025532175, "80": 0.37543379025532175, "81": 0.37543379025532175, "82": 0.37543379025532175, "83": 0.37543379025532175, "84": 0.37543379025532175, "85": 0.37543379025532175, "86": 0.37543379025532175, "87": 0.37543379025532175, "88": 0.37543379025532175, "89": 0.37543379025532175, "90": 0.37543379025532175, "91": 0.37543379025532175, "92": 0.37543379025532175, "93": 0.37543379025532175, "94": 0.37543379025532175, "95": 0.37543379025532175, "96": 0.37543379025532175, "97": 0.37543379025532175, "98": 0.37543379025532175, "99": 0.37543379025532175, "100": 0.37543379025532175}