{"0": 11.642349259529162, "1": 11.642349259529162, "2": 11.642349259529162, "3": 11.642349259529162, "4": 11.642349259529162, "5": 11.043360212035243, "6": 3.9639457952166026, "7": 3.9639457952166026, "8": 3.9639457952166026, "9": 3.9639457952166026, "10": 2.9704062123184087, "11": 2.9704062123184087, "12": 2.9704062123184087, "13": 2.9704062123184087, "14": 2.9704062123184087, "15": 2.9704062123184087, "16": 2.9704062123184087, "17": 2.9704062123184087, "18": 2.9704062123184087, "19": 2.9704062123184087, "20": 2.324006912565583, "21": 2.324006912565583, "22": 2.324006912565583, "23": 2.324006912565583, "24": 2.324006912565583, "25": 2.324006912565583, "26": 2.324006912565583, "27": 2.324006912565583, "28": 1.089959297946816, "29": 1.089959297946816, "30": 1.089959297946816, "31": 1.089959297946816, "32": 1.089959297946816, "33": 1.089959297946816, "34": 1.089959297946816, "35": 1.089959297946816, "36": 1.089959297946816, "37": 1.089959297946816, "38": 1.089959297946816, "39": 1.089959297946816, "40": 1.089959297946816, "41": 1.089959297946816, "42": 1.089959297946816, "43": 1.089959297946816, "44": 1.089959297946816, "45": 1.089959297946816, "46": 1.089959297946816, "47": 1.089959297946816, "48": 1.089959297946816, "49": 1.089959297946816, "50": 1.089959297946816, "51": 1.089959297946816, "52": 1.089959297946816, "53": 1.089959297946816, "54": 1.089959297946816, "55": 1.089959297946816, "56": 1.089959297946816, "57": 1.089959297946816, "58": 1.089959297946816, "59": 1.089959297946816, "60": 1.089959297946816, "61": 1.089959297946816, "62": 1.089959297946816, "63": 1.089959297946816, "64": 1.089959297946816, "65": 1.089959297946816, "66": 1.089959297946816, "67": 1.089959297946816, "68": 1.089959297946816, "69": 1.089959297946816, "70": 1.089959297946816, "71": 1.089959297946816, "72": 1.089959297946816, "73": 1.089959297946816, "74": 1.089959297946816, "75": 1.089959297946816, "76": 1.089959297946816, "77": 1.089959297946816, "78": 1.089959297946816, "79": 1.089959297946816, "80": 1.089959297946816, "81": 1.089959297946816, "82": 1.089959297946816, "83": 1.089959297946816, "84": 1.089959297946816, "85": 1.089959297946816, "86": 1.089959297946816, "87": 1.089959297946816, "88": 1.089959297946816, "89": 1.0291408128503292, "90": 1.0291408128503292, "91": 1.0291408128503292, "92": 1.0291408128503292, "93": 1.0291408128503292, "94": 1.0291408128503292, "95": 1.0291408128503292, "96": 1.0291408128503292, "97": 1.0291408128503292, "98": 1.0291408128503292, "99": 1.0291408128503292, "100": 1.0291408128503292}