{"0": 15.973181817751534, "1": 1.3036833552121188, "2": 1.3036833552121188, "3": 1.3036833552121188, "4": 1.3036833552121188, "5": 1.3036833552121188, "6": 1.3036833552121188, "7": 1.3036833552121188, "8": 1.3036833552121188, "9": 1.3036833552121188, "10": 1.3036833552121188, "11": 1.3036833552121188, "12": 1.3036833552121188, "13": 1.3036833552121188, "14": 1.3036833552121188, "15": 1.3036833552121188, "16": 1.3036833552121188, "17": 1.3036833552121188, "18": 1.3036833552121188, "19": 1.3036833552121188, "20": 1.3036833552121188, "21": 1.3036833552121188, "22": 1.3036833552121188, "23": 1.3036833552121188, "24": 1.0314821929951066, "25": 1.0314821929951066, "26": 1.0314821929951066, "27": 1.0314821929951066, "28": 1.0314821929951066, "29": 1.0314821929951066, "30": 1.0314821929951066, "31": 1.0314821929951066, "32": 1.019918718033999, "33": 1.019918718033999, "34": 1.019918718033999, "35": 1.019918718033999, "36": 1.019918718033999, "37": 1.019918718033999, "38": 1.019918718033999, "39": 1.019918718033999, "40": 1.019918718033999, "41": 1.019918718033999, "42": 1.019918718033999, "43": 1.019918718033999, "44": 1.019918718033999, "45": 1.019918718033999, "46": 1.019918718033999, "47": 1.019918718033999, "48": 1.019918718033999, "49": 1.019918718033999, "50": 1.019918718033999, "51": 1.019918718033999, "52": 1.019918718033999, "53": 1.019918718033999, "54": 1.019918718033999, "55": 1.019918718033999, "56": 1.019918718033999, "57": 1.019918718033999, "58": 1.019918718033999, "59": 1.019918718033999, "60": 1.019918718033999, "61": 1.019918718033999, "62": 1.019918718033999, "63": 1.019918718033999, "64": 1.019918718033999, "65": 1.019918718033999, "66": 1.019918718033999, "67": 1.019918718033999, "68": 1.019918718033999, "69": 1.019918718033999, "70": 1.019918718033999, "71": 1.019918718033999, "72": 1.019918718033999, "73": 1.019918718033999, "74": 1.019918718033999, "75": 1.019918718033999, "76": 1.019918718033999, "77": 1.019918718033999, "78": 1.019918718033999, "79": 1.019918718033999, "80": 1.019918718033999, "81": 1.019918718033999, "82": 1.019918718033999, "83": 1.019918718033999, "84": 1.019918718033999, "85": 1.019918718033999, "86": 1.019918718033999, "87": 1.019918718033999, "88": 1.019918718033999, "89": 1.019918718033999, "90": 1.019918718033999, "91": 1.019918718033999, "92": 1.019918718033999, "93": 1.019918718033999, "94": 1.019918718033999, "95": 1.019918718033999, "96": 1.019918718033999, "97": 1.019918718033999, "98": 1.019918718033999, "99": 1.019918718033999, "100": 1.019918718033999}