{"0": 29.838666884064633, "1": 12.359603975890453, "2": 11.27383816861937, "3": 7.645175977943195, "4": 7.645175977943195, "5": 7.645175977943195, "6": 6.461485906054289, "7": 6.461485906054289, "8": 4.3826348363227865, "9": 4.3826348363227865, "10": 4.3826348363227865, "11": 4.3826348363227865, "12": 4.3826348363227865, "13": 4.3826348363227865, "14": 4.3826348363227865, "15": 4.3826348363227865, "16": 4.3826348363227865, "17": 4.3826348363227865, "18": 4.0831554826659, "19": 4.0831554826659, "20": 2.519416393337316, "21": 2.519416393337316, "22": 2.519416393337316, "23": 1.879998347676505, "24": 1.879998347676505, "25": 1.879998347676505, "26": 1.879998347676505, "27": 1.879998347676505, "28": 1.879998347676505, "29": 1.879998347676505, "30": 1.879998347676505, "31": 1.879998347676505, "32": 1.879998347676505, "33": 1.879998347676505, "34": 1.879998347676505, "35": 1.879998347676505, "36": 1.879998347676505, "37": 1.879998347676505, "38": 1.879998347676505, "39": 1.879998347676505, "40": 1.879998347676505, "41": 1.879998347676505, "42": 1.879998347676505, "43": 1.879998347676505, "44": 1.879998347676505, "45": 1.879998347676505, "46": 1.879998347676505, "47": 1.879998347676505, "48": 1.879998347676505, "49": 1.879998347676505, "50": 1.879998347676505, "51": 1.879998347676505, "52": 1.879998347676505, "53": 1.879998347676505, "54": 1.879998347676505, "55": 1.879998347676505, "56": 1.879998347676505, "57": 1.879998347676505, "58": 1.879998347676505, "59": 1.879998347676505, "60": 1.879998347676505, "61": 1.879998347676505, "62": 1.879998347676505, "63": 1.879998347676505, "64": 1.879998347676505, "65": 1.879998347676505, "66": 1.879998347676505, "67": 1.879998347676505, "68": 1.879998347676505, "69": 1.879998347676505, "70": 1.879998347676505, "71": 1.879998347676505, "72": 1.879998347676505, "73": 1.879998347676505, "74": 1.879998347676505, "75": 1.879998347676505, "76": 1.879998347676505, "77": 1.879998347676505, "78": 1.879998347676505, "79": 1.879998347676505, "80": 1.879998347676505, "81": 1.879998347676505, "82": 1.879998347676505, "83": 1.879998347676505, "84": 1.879998347676505, "85": 1.879998347676505, "86": 1.879998347676505, "87": 1.879998347676505, "88": 1.4109099980574697, "89": 1.4109099980574697, "90": 1.4109099980574697, "91": 1.4109099980574697, "92": 1.4109099980574697, "93": 1.4109099980574697, "94": 1.4109099980574697, "95": 1.4109099980574697, "96": 1.4109099980574697, "97": 1.4109099980574697, "98": 1.4109099980574697, "99": 1.4109099980574697, "100": 1.4109099980574697}