{"0": 6.186478113762835, "1": 6.186478113762835, "2": 6.186478113762835, "3": 6.186478113762835, "4": 6.186478113762835, "5": 6.186478113762835, "6": 6.186478113762835, "7": 1.203004847628609, "8": 1.203004847628609, "9": 1.203004847628609, "10": 1.203004847628609, "11": 1.203004847628609, "12": 1.203004847628609, "13": 1.203004847628609, "14": 1.0549762954758037, "15": 1.0549762954758037, "16": 1.0328589935605663, "17": 1.0328589935605663, "18": 1.0328589935605663, "19": 1.0328589935605663, "20": 1.0328589935605663, "21": 1.0328589935605663, "22": 1.0328589935605663, "23": 1.0328589935605663, "24": 1.0328589935605663, "25": 1.0328589935605663, "26": 1.0328589935605663, "27": 0.16138543045708076, "28": 0.16138543045708076, "29": 0.16138543045708076, "30": 0.16138543045708076, "31": 0.16138543045708076, "32": 0.16138543045708076, "33": 0.16138543045708076, "34": 0.16138543045708076, "35": 0.16138543045708076, "36": 0.16138543045708076, "37": 0.16138543045708076, "38": 0.16138543045708076, "39": 0.16138543045708076, "40": 0.16138543045708076, "41": 0.16138543045708076, "42": 0.16138543045708076, "43": 0.16138543045708076, "44": 0.16138543045708076, "45": 0.16138543045708076, "46": 0.16138543045708076, "47": 0.16138543045708076, "48": 0.16138543045708076, "49": 0.16138543045708076, "50": 0.16138543045708076, "51": 0.16138543045708076, "52": 0.16138543045708076, "53": 0.16138543045708076, "54": 0.16138543045708076, "55": 0.16138543045708076, "56": 0.16138543045708076, "57": 0.16138543045708076, "58": 0.16138543045708076, "59": 0.16138543045708076, "60": 0.16138543045708076, "61": 0.16138543045708076, "62": 0.16138543045708076, "63": 0.16138543045708076, "64": 0.16138543045708076, "65": 0.16138543045708076, "66": 0.16138543045708076, "67": 0.16138543045708076, "68": 0.16138543045708076, "69": 0.16138543045708076, "70": 0.16138543045708076, "71": 0.16138543045708076, "72": 0.16138543045708076, "73": 0.16138543045708076, "74": 0.16138543045708076, "75": 0.16138543045708076, "76": 0.16138543045708076, "77": 0.16138543045708076, "78": 0.16138543045708076, "79": 0.16138543045708076, "80": 0.16138543045708076, "81": 0.16138543045708076, "82": 0.16138543045708076, "83": 0.16138543045708076, "84": 0.16138543045708076, "85": 0.16138543045708076, "86": 0.16138543045708076, "87": 0.16138543045708076, "88": 0.16138543045708076, "89": 0.16138543045708076, "90": 0.16138543045708076, "91": 0.16138543045708076, "92": 0.16138543045708076, "93": 0.16138543045708076, "94": 0.16138543045708076, "95": 0.16138543045708076, "96": 0.16138543045708076, "97": 0.16138543045708076, "98": 0.16138543045708076, "99": 0.16138543045708076, "100": 0.16138543045708076}