{"0": 14.18067932537722, "1": 14.18067932537722, "2": 14.18067932537722, "3": 14.18067932537722, "4": 14.18067932537722, "5": 7.332988364847324, "6": 7.332988364847324, "7": 7.332988364847324, "8": 3.86611222098297, "9": 3.86611222098297, "10": 3.86611222098297, "11": 3.6012685993389724, "12": 1.7629222859353106, "13": 1.7629222859353106, "14": 1.7629222859353106, "15": 1.7629222859353106, "16": 1.7629222859353106, "17": 1.7629222859353106, "18": 1.7629222859353106, "19": 1.7629222859353106, "20": 1.7629222859353106, "21": 1.7629222859353106, "22": 1.7629222859353106, "23": 1.7629222859353106, "24": 1.7629222859353106, "25": 1.7629222859353106, "26": 1.3236557973641503, "27": 1.3236557973641503, "28": 1.3236557973641503, "29": 1.3236557973641503, "30": 1.3236557973641503, "31": 1.3236557973641503, "32": 1.3236557973641503, "33": 1.3236557973641503, "34": 1.3236557973641503, "35": 1.3236557973641503, "36": 1.3236557973641503, "37": 1.3236557973641503, "38": 1.3236557973641503, "39": 1.3236557973641503, "40": 1.3236557973641503, "41": 1.3236557973641503, "42": 1.3236557973641503, "43": 1.3236557973641503, "44": 1.3236557973641503, "45": 1.3236557973641503, "46": 1.3236557973641503, "47": 1.3236557973641503, "48": 1.3236557973641503, "49": 1.3236557973641503, "50": 1.3236557973641503, "51": 1.3236557973641503, "52": 1.3236557973641503, "53": 1.3236557973641503, "54": 1.3236557973641503, "55": 1.3236557973641503, "56": 1.3236557973641503, "57": 1.3236557973641503, "58": 1.3236557973641503, "59": 1.3236557973641503, "60": 1.3236557973641503, "61": 1.3236557973641503, "62": 1.3236557973641503, "63": 1.3236557973641503, "64": 1.3236557973641503, "65": 1.3236557973641503, "66": 1.3236557973641503, "67": 1.3236557973641503, "68": 1.3236557973641503, "69": 1.3236557973641503, "70": 1.3236557973641503, "71": 1.3236557973641503, "72": 1.3236557973641503, "73": 1.3236557973641503, "74": 1.3236557973641503, "75": 1.3236557973641503, "76": 1.3236557973641503, "77": 1.3236557973641503, "78": 1.3236557973641503, "79": 1.3236557973641503, "80": 1.3236557973641503, "81": 1.3236557973641503, "82": 1.3236557973641503, "83": 1.3236557973641503, "84": 1.3236557973641503, "85": 1.3236557973641503, "86": 1.3236557973641503, "87": 1.3236557973641503, "88": 1.3236557973641503, "89": 1.3236557973641503, "90": 1.3236557973641503, "91": 1.3236557973641503, "92": 1.3236557973641503, "93": 1.3236557973641503, "94": 1.3236557973641503, "95": 1.3236557973641503, "96": 1.3236557973641503, "97": 1.3236557973641503, "98": 1.3236557973641503, "99": 1.3236557973641503, "100": 1.3236557973641503}