{"0": 25.31283098627216, "1": 24.677877610666986, "2": 20.987452007716684, "3": 20.987452007716684, "4": 20.987452007716684, "5": 4.837073824300909, "6": 4.837073824300909, "7": 4.837073824300909, "8": 4.466904846780174, "9": 4.466904846780174, "10": 4.466904846780174, "11": 4.466904846780174, "12": 4.466904846780174, "13": 4.466904846780174, "14": 4.466904846780174, "15": 4.466904846780174, "16": 4.466904846780174, "17": 4.071768657397012, "18": 4.071768657397012, "19": 4.071768657397012, "20": 2.8914424851645215, "21": 2.8914424851645215, "22": 2.8914424851645215, "23": 1.5669737603624583, "24": 1.5669737603624583, "25": 1.5669737603624583, "26": 1.5669737603624583, "27": 1.50708027731406, "28": 1.50708027731406, "29": 1.50708027731406, "30": 1.50708027731406, "31": 1.50708027731406, "32": 1.50708027731406, "33": 1.50708027731406, "34": 1.50708027731406, "35": 1.50708027731406, "36": 1.50708027731406, "37": 1.50708027731406, "38": 1.50708027731406, "39": 1.50708027731406, "40": 1.50708027731406, "41": 1.50708027731406, "42": 1.50708027731406, "43": 1.50708027731406, "44": 1.50708027731406, "45": 1.50708027731406, "46": 1.50708027731406, "47": 1.50708027731406, "48": 1.50708027731406, "49": 1.50708027731406, "50": 1.50708027731406, "51": 1.50708027731406, "52": 1.50708027731406, "53": 1.50708027731406, "54": 1.50708027731406, "55": 1.50708027731406, "56": 1.50708027731406, "57": 1.50708027731406, "58": 1.50708027731406, "59": 1.50708027731406, "60": 1.50708027731406, "61": 1.50708027731406, "62": 1.50708027731406, "63": 1.50708027731406, "64": 1.50708027731406, "65": 1.50708027731406, "66": 1.50708027731406, "67": 1.50708027731406, "68": 1.50708027731406, "69": 1.50708027731406, "70": 1.50708027731406, "71": 1.50708027731406, "72": 1.50708027731406, "73": 1.50708027731406, "74": 1.50708027731406, "75": 1.50708027731406, "76": 1.50708027731406, "77": 1.50708027731406, "78": 1.50708027731406, "79": 1.50708027731406, "80": 1.50708027731406, "81": 1.50708027731406, "82": 1.50708027731406, "83": 1.50708027731406, "84": 1.50708027731406, "85": 1.1411025671640758, "86": 1.1411025671640758, "87": 1.1411025671640758, "88": 1.1411025671640758, "89": 1.1411025671640758, "90": 1.1411025671640758, "91": 1.1411025671640758, "92": 1.1411025671640758, "93": 1.1411025671640758, "94": 1.1411025671640758, "95": 1.1411025671640758, "96": 1.1411025671640758, "97": 1.1411025671640758, "98": 1.1411025671640758, "99": 1.1411025671640758, "100": 1.1411025671640758}