{"0": 14.478482579974733, "1": 13.1064454883168, "2": 13.1064454883168, "3": 13.1064454883168, "4": 12.463482549895565, "5": 12.463482549895565, "6": 10.172048454035416, "7": 10.172048454035416, "8": 10.172048454035416, "9": 10.172048454035416, "10": 10.172048454035416, "11": 10.017781272407356, "12": 10.017781272407356, "13": 6.670498422204595, "14": 6.670498422204595, "15": 3.4081589743521015, "16": 3.4081589743521015, "17": 3.4081589743521015, "18": 3.4081589743521015, "19": 3.4081589743521015, "20": 3.4081589743521015, "21": 3.4081589743521015, "22": 3.4081589743521015, "23": 3.4081589743521015, "24": 3.4081589743521015, "25": 3.4081589743521015, "26": 1.4306174506146085, "27": 1.4306174506146085, "28": 1.4306174506146085, "29": 1.4306174506146085, "30": 1.4123685256581027, "31": 1.4123685256581027, "32": 1.4123685256581027, "33": 1.4123685256581027, "34": 1.4123685256581027, "35": 1.4123685256581027, "36": 1.4123685256581027, "37": 1.4123685256581027, "38": 1.4123685256581027, "39": 1.4123685256581027, "40": 1.4123685256581027, "41": 1.4123685256581027, "42": 1.4123685256581027, "43": 1.4123685256581027, "44": 1.4123685256581027, "45": 1.4123685256581027, "46": 1.4123685256581027, "47": 1.4123685256581027, "48": 1.4123685256581027, "49": 1.4123685256581027, "50": 1.4123685256581027, "51": 1.4123685256581027, "52": 1.4123685256581027, "53": 1.4123685256581027, "54": 1.4123685256581027, "55": 1.4123685256581027, "56": 1.4123685256581027, "57": 1.4123685256581027, "58": 1.4123685256581027, "59": 1.4123685256581027, "60": 1.4123685256581027, "61": 1.4123685256581027, "62": 1.4123685256581027, "63": 1.4123685256581027, "64": 1.4123685256581027, "65": 1.4123685256581027, "66": 1.4123685256581027, "67": 1.4123685256581027, "68": 1.4123685256581027, "69": 1.4123685256581027, "70": 1.4123685256581027, "71": 1.4123685256581027, "72": 1.4123685256581027, "73": 1.4123685256581027, "74": 1.4123685256581027, "75": 1.4123685256581027, "76": 1.4123685256581027, "77": 1.4123685256581027, "78": 1.4123685256581027, "79": 1.4123685256581027, "80": 1.4123685256581027, "81": 1.4123685256581027, "82": 1.4123685256581027, "83": 1.4123685256581027, "84": 1.4123685256581027, "85": 0.5346684805214181, "86": 0.5346684805214181, "87": 0.5346684805214181, "88": 0.5346684805214181, "89": 0.5346684805214181, "90": 0.5346684805214181, "91": 0.5346684805214181, "92": 0.5346684805214181, "93": 0.5346684805214181, "94": 0.5346684805214181, "95": 0.5346684805214181, "96": 0.5346684805214181, "97": 0.5346684805214181, "98": 0.5346684805214181, "99": 0.5346684805214181, "100": 0.5346684805214181}