{"0": 29.113099477049186, "1": 18.41009030533507, "2": 18.41009030533507, "3": 11.444568156763147, "4": 8.386547512278987, "5": 2.6925832427345355, "6": 2.6925832427345355, "7": 2.6925832427345355, "8": 2.6925832427345355, "9": 2.6925832427345355, "10": 2.6925832427345355, "11": 2.6925832427345355, "12": 2.6925832427345355, "13": 2.6925832427345355, "14": 2.6925832427345355, "15": 2.286714719561189, "16": 2.286714719561189, "17": 2.286714719561189, "18": 2.286714719561189, "19": 2.286714719561189, "20": 2.286714719561189, "21": 2.286714719561189, "22": 2.286714719561189, "23": 2.286714719561189, "24": 2.286714719561189, "25": 2.286714719561189, "26": 2.286714719561189, "27": 2.286714719561189, "28": 2.286714719561189, "29": 2.286714719561189, "30": 2.286714719561189, "31": 2.286714719561189, "32": 2.286714719561189, "33": 2.286714719561189, "34": 2.286714719561189, "35": 2.286714719561189, "36": 2.286714719561189, "37": 2.286714719561189, "38": 2.286714719561189, "39": 2.286714719561189, "40": 2.271197272190566, "41": 2.271197272190566, "42": 2.271197272190566, "43": 2.084342698129479, "44": 2.084342698129479, "45": 2.084342698129479, "46": 2.084342698129479, "47": 2.084342698129479, "48": 2.084342698129479, "49": 2.084342698129479, "50": 2.084342698129479, "51": 2.084342698129479, "52": 2.084342698129479, "53": 2.084342698129479, "54": 2.084342698129479, "55": 2.084342698129479, "56": 2.084342698129479, "57": 2.084342698129479, "58": 2.084342698129479, "59": 2.084342698129479, "60": 2.084342698129479, "61": 2.084342698129479, "62": 2.084342698129479, "63": 2.084342698129479, "64": 2.084342698129479, "65": 2.084342698129479, "66": 2.084342698129479, "67": 2.084342698129479, "68": 2.084342698129479, "69": 2.084342698129479, "70": 2.084342698129479, "71": 2.084342698129479, "72": 2.079195572182986, "73": 2.079195572182986, "74": 2.079195572182986, "75": 2.079195572182986, "76": 2.079195572182986, "77": 2.079195572182986, "78": 2.079195572182986, "79": 2.079195572182986, "80": 2.079195572182986, "81": 2.079195572182986, "82": 2.079195572182986, "83": 2.079195572182986, "84": 2.079195572182986, "85": 2.079195572182986, "86": 2.079195572182986, "87": 2.079195572182986, "88": 2.079195572182986, "89": 2.079195572182986, "90": 2.079195572182986, "91": 2.079195572182986, "92": 2.079195572182986, "93": 2.079195572182986, "94": 2.079195572182986, "95": 2.079195572182986, "96": 2.079195572182986, "97": 2.079195572182986, "98": 2.079195572182986, "99": 2.079195572182986, "100": 2.079195572182986}