{"0": 17.378396360326413, "1": 11.571806750962363, "2": 11.571806750962363, "3": 11.571806750962363, "4": 11.571806750962363, "5": 4.704802289485553, "6": 4.704802289485553, "7": 4.704802289485553, "8": 4.704802289485553, "9": 4.704802289485553, "10": 4.704802289485553, "11": 4.704802289485553, "12": 4.704802289485553, "13": 3.4032857482570407, "14": 3.4032857482570407, "15": 3.4032857482570407, "16": 2.9329262591457272, "17": 2.9329262591457272, "18": 2.9329262591457272, "19": 2.9329262591457272, "20": 2.9329262591457272, "21": 2.9329262591457272, "22": 2.3576230457568172, "23": 2.3576230457568172, "24": 2.3576230457568172, "25": 2.3576230457568172, "26": 2.3576230457568172, "27": 2.3576230457568172, "28": 2.3576230457568172, "29": 2.3576230457568172, "30": 2.3576230457568172, "31": 2.3576230457568172, "32": 1.2893938609968956, "33": 1.2893938609968956, "34": 1.113789520406069, "35": 1.113789520406069, "36": 1.113789520406069, "37": 1.113789520406069, "38": 1.113789520406069, "39": 1.0049625658853358, "40": 1.0049625658853358, "41": 1.0049625658853358, "42": 1.0049625658853358, "43": 1.0049625658853358, "44": 1.0049625658853358, "45": 1.0049625658853358, "46": 1.0049625658853358, "47": 1.0049625658853358, "48": 1.0049625658853358, "49": 1.0049625658853358, "50": 1.0049625658853358, "51": 1.0049625658853358, "52": 1.0049625658853358, "53": 1.0049625658853358, "54": 1.0049625658853358, "55": 1.0049625658853358, "56": 1.0049625658853358, "57": 1.0049625658853358, "58": 1.0049625658853358, "59": 1.0049625658853358, "60": 1.0049625658853358, "61": 1.0049625658853358, "62": 1.0049625658853358, "63": 1.0049625658853358, "64": 1.0049625658853358, "65": 1.0049625658853358, "66": 1.0049625658853358, "67": 1.0049625658853358, "68": 1.0049625658853358, "69": 1.0049625658853358, "70": 1.0049625658853358, "71": 1.0049625658853358, "72": 1.0049625658853358, "73": 1.0049625658853358, "74": 1.0049625658853358, "75": 1.0049625658853358, "76": 1.0049625658853358, "77": 1.0049625658853358, "78": 1.0049625658853358, "79": 1.0049625658853358, "80": 1.0049625658853358, "81": 1.0049625658853358, "82": 1.0049625658853358, "83": 1.0049625658853358, "84": 1.0049625658853358, "85": 1.0049625658853358, "86": 1.0049625658853358, "87": 1.0049625658853358, "88": 1.0049625658853358, "89": 1.0049625658853358, "90": 1.0049625658853358, "91": 1.0049625658853358, "92": 1.0049625658853358, "93": 1.0049625658853358, "94": 1.0049625658853358, "95": 1.0049625658853358, "96": 1.0049625658853358, "97": 1.0049625658853358, "98": 1.0049625658853358, "99": 1.0049625658853358, "100": 1.0049625658853358}