{"0": 25.499126246375255, "1": 19.874579278466335, "2": 16.96867416524892, "3": 8.73060805739942, "4": 8.73060805739942, "5": 5.571256781285381, "6": 5.571256781285381, "7": 3.2204452991380847, "8": 3.2204452991380847, "9": 3.2204452991380847, "10": 3.2204452991380847, "11": 2.765627740386833, "12": 2.765627740386833, "13": 2.765627740386833, "14": 2.4050020763464808, "15": 2.4050020763464808, "16": 2.303590894408895, "17": 2.303590894408895, "18": 2.303590894408895, "19": 2.303590894408895, "20": 2.303590894408895, "21": 2.303590894408895, "22": 2.303590894408895, "23": 2.303590894408895, "24": 2.090237566972071, "25": 2.090237566972071, "26": 2.090237566972071, "27": 2.090237566972071, "28": 2.090237566972071, "29": 2.090237566972071, "30": 1.2644337202906542, "31": 1.2644337202906542, "32": 1.219758450698837, "33": 1.219758450698837, "34": 1.219758450698837, "35": 1.219758450698837, "36": 1.219758450698837, "37": 1.219758450698837, "38": 1.219758450698837, "39": 0.9251472487327099, "40": 0.9251472487327099, "41": 0.9251472487327099, "42": 0.9251472487327099, "43": 0.9251472487327099, "44": 0.9251472487327099, "45": 0.9251472487327099, "46": 0.9251472487327099, "47": 0.8942543506079303, "48": 0.8942543506079303, "49": 0.8942543506079303, "50": 0.8942543506079303, "51": 0.8942543506079303, "52": 0.8942543506079303, "53": 0.8942543506079303, "54": 0.8942543506079303, "55": 0.8942543506079303, "56": 0.8942543506079303, "57": 0.8942543506079303, "58": 0.8942543506079303, "59": 0.8942543506079303, "60": 0.8942543506079303, "61": 0.8942543506079303, "62": 0.8942543506079303, "63": 0.8942543506079303, "64": 0.8942543506079303, "65": 0.8942543506079303, "66": 0.8942543506079303, "67": 0.8942543506079303, "68": 0.8942543506079303, "69": 0.8942543506079303, "70": 0.8942543506079303, "71": 0.8942543506079303, "72": 0.8942543506079303, "73": 0.8942543506079303, "74": 0.8942543506079303, "75": 0.8942543506079303, "76": 0.8942543506079303, "77": 0.8942543506079303, "78": 0.8942543506079303, "79": 0.8942543506079303, "80": 0.8942543506079303, "81": 0.8942543506079303, "82": 0.8942543506079303, "83": 0.8942543506079303, "84": 0.8942543506079303, "85": 0.8942543506079303, "86": 0.8942543506079303, "87": 0.8942543506079303, "88": 0.8942543506079303, "89": 0.8942543506079303, "90": 0.8942543506079303, "91": 0.8942543506079303, "92": 0.8942543506079303, "93": 0.8942543506079303, "94": 0.8942543506079303, "95": 0.8942543506079303, "96": 0.8942543506079303, "97": 0.8942543506079303, "98": 0.8942543506079303, "99": 0.8942543506079303, "100": 0.8942543506079303}