{"0": 16.146264350422673, "1": 13.05495304897244, "2": 13.05495304897244, "3": 9.510890778600817, "4": 9.510890778600817, "5": 6.325633844794719, "6": 6.325633844794719, "7": 6.325633844794719, "8": 6.325633844794719, "9": 4.461947665047084, "10": 4.461947665047084, "11": 4.461947665047084, "12": 1.3949726593709642, "13": 1.3949726593709642, "14": 1.3949726593709642, "15": 1.3949726593709642, "16": 0.7972874658585027, "17": 0.7972874658585027, "18": 0.7972874658585027, "19": 0.7972874658585027, "20": 0.7972874658585027, "21": 0.7972874658585027, "22": 0.7972874658585027, "23": 0.7972874658585027, "24": 0.7972874658585027, "25": 0.6271736359381421, "26": 0.6271736359381421, "27": 0.6271736359381421, "28": 0.6271736359381421, "29": 0.6271736359381421, "30": 0.6271736359381421, "31": 0.6271736359381421, "32": 0.6271736359381421, "33": 0.6271736359381421, "34": 0.6271736359381421, "35": 0.6271736359381421, "36": 0.6271736359381421, "37": 0.6271736359381421, "38": 0.6271736359381421, "39": 0.6271736359381421, "40": 0.6271736359381421, "41": 0.6271736359381421, "42": 0.6271736359381421, "43": 0.6271736359381421, "44": 0.6271736359381421, "45": 0.6271736359381421, "46": 0.6271736359381421, "47": 0.6271736359381421, "48": 0.6271736359381421, "49": 0.6271736359381421, "50": 0.6271736359381421, "51": 0.6271736359381421, "52": 0.6271736359381421, "53": 0.6271736359381421, "54": 0.6271736359381421, "55": 0.6271736359381421, "56": 0.6271736359381421, "57": 0.6271736359381421, "58": 0.6271736359381421, "59": 0.6271736359381421, "60": 0.6271736359381421, "61": 0.6271736359381421, "62": 0.6271736359381421, "63": 0.6271736359381421, "64": 0.6271736359381421, "65": 0.6271736359381421, "66": 0.6271736359381421, "67": 0.6271736359381421, "68": 0.6271736359381421, "69": 0.6271736359381421, "70": 0.6271736359381421, "71": 0.6271736359381421, "72": 0.6271736359381421, "73": 0.6271736359381421, "74": 0.6271736359381421, "75": 0.6271736359381421, "76": 0.6271736359381421, "77": 0.6271736359381421, "78": 0.6271736359381421, "79": 0.6271736359381421, "80": 0.6271736359381421, "81": 0.6271736359381421, "82": 0.6271736359381421, "83": 0.6271736359381421, "84": 0.6271736359381421, "85": 0.6271736359381421, "86": 0.6271736359381421, "87": 0.6271736359381421, "88": 0.6271736359381421, "89": 0.6271736359381421, "90": 0.6271736359381421, "91": 0.6271736359381421, "92": 0.6271736359381421, "93": 0.6271736359381421, "94": 0.6271736359381421, "95": 0.6271736359381421, "96": 0.6271736359381421, "97": 0.6271736359381421, "98": 0.6271736359381421, "99": 0.6271736359381421, "100": 0.6271736359381421}