{"0": 22.38186998966024, "1": 0.2140724567695358, "2": 0.2140724567695358, "3": 0.2140724567695358, "4": 0.2140724567695358, "5": 0.2140724567695358, "6": 0.2140724567695358, "7": 0.2140724567695358, "8": 0.2140724567695358, "9": 0.2140724567695358, "10": 0.2140724567695358, "11": 0.2140724567695358, "12": 0.2140724567695358, "13": 0.2140724567695358, "14": 0.2140724567695358, "15": 0.2140724567695358, "16": 0.2140724567695358, "17": 0.2140724567695358, "18": 0.2140724567695358, "19": 0.2140724567695358, "20": 0.2140724567695358, "21": 0.2140724567695358, "22": 0.2140724567695358, "23": 0.2140724567695358, "24": 0.2140724567695358, "25": 0.2140724567695358, "26": 0.2140724567695358, "27": 0.2140724567695358, "28": 0.2140724567695358, "29": 0.2140724567695358, "30": 0.2140724567695358, "31": 0.2140724567695358, "32": 0.2140724567695358, "33": 0.2140724567695358, "34": 0.2140724567695358, "35": 0.2140724567695358, "36": 0.2140724567695358, "37": 0.2140724567695358, "38": 0.2140724567695358, "39": 0.2140724567695358, "40": 0.2140724567695358, "41": 0.2140724567695358, "42": 0.2140724567695358, "43": 0.2140724567695358, "44": 0.2140724567695358, "45": 0.2140724567695358, "46": 0.2140724567695358, "47": 0.2140724567695358, "48": 0.21350712240567304, "49": 0.21350712240567304, "50": 0.21350712240567304, "51": 0.21350712240567304, "52": 0.21350712240567304, "53": 0.21350712240567304, "54": 0.21350712240567304, "55": 0.21350712240567304, "56": 0.21350712240567304, "57": 0.21350712240567304, "58": 0.21350712240567304, "59": 0.21350712240567304, "60": 0.21350712240567304, "61": 0.21350712240567304, "62": 0.21350712240567304, "63": 0.21350712240567304, "64": 0.21350712240567304, "65": 0.21350712240567304, "66": 0.21350712240567304, "67": 0.21350712240567304, "68": 0.21350712240567304, "69": 0.21350712240567304, "70": 0.21350712240567304, "71": 0.21350712240567304, "72": 0.21350712240567304, "73": 0.21350712240567304, "74": 0.21350712240567304, "75": 0.21350712240567304, "76": 0.21350712240567304, "77": 0.21350712240567304, "78": 0.21350712240567304, "79": 0.21350712240567304, "80": 0.21350712240567304, "81": 0.21350712240567304, "82": 0.21350712240567304, "83": 0.21350712240567304, "84": 0.21350712240567304, "85": 0.21350712240567304, "86": 0.21350712240567304, "87": 0.21350712240567304, "88": 0.21350712240567304, "89": 0.21350712240567304, "90": 0.21350712240567304, "91": 0.21350712240567304, "92": 0.21350712240567304, "93": 0.21350712240567304, "94": 0.21350712240567304, "95": 0.21350712240567304, "96": 0.21350712240567304, "97": 0.21350712240567304, "98": 0.21350712240567304, "99": 0.21350712240567304, "100": 0.21350712240567304}