{"0": 7.988804220147742, "1": 7.988804220147742, "2": 7.988804220147742, "3": 7.988804220147742, "4": 5.378521426063751, "5": 5.378521426063751, "6": 5.195431341536754, "7": 5.195431341536754, "8": 5.195431341536754, "9": 5.195431341536754, "10": 5.195431341536754, "11": 4.937064255882408, "12": 4.5545322116152285, "13": 4.5545322116152285, "14": 4.030311738926443, "15": 4.030311738926443, "16": 4.030311738926443, "17": 4.030311738926443, "18": 4.030311738926443, "19": 4.030311738926443, "20": 4.030311738926443, "21": 4.030311738926443, "22": 4.030311738926443, "23": 4.030311738926443, "24": 4.030311738926443, "25": 4.030311738926443, "26": 3.983927054740658, "27": 3.3739995654092745, "28": 3.3739995654092745, "29": 3.3739995654092745, "30": 3.3739995654092745, "31": 3.3739995654092745, "32": 3.3739995654092745, "33": 3.3739995654092745, "34": 3.3739995654092745, "35": 2.4577781712709097, "36": 2.4577781712709097, "37": 2.4577781712709097, "38": 2.4577781712709097, "39": 2.4577781712709097, "40": 2.4577781712709097, "41": 2.4577781712709097, "42": 2.4577781712709097, "43": 2.1474427887887764, "44": 2.1474427887887764, "45": 2.1474427887887764, "46": 2.1474427887887764, "47": 2.1474427887887764, "48": 2.1474427887887764, "49": 2.1474427887887764, "50": 1.2808828008917423, "51": 1.2808828008917423, "52": 1.1685978757916082, "53": 1.1685978757916082, "54": 1.1685978757916082, "55": 1.1685978757916082, "56": 1.1685978757916082, "57": 1.1685978757916082, "58": 1.1685978757916082, "59": 1.1685978757916082, "60": 1.1685978757916082, "61": 1.1685978757916082, "62": 1.1685978757916082, "63": 1.1685978757916082, "64": 1.1685978757916082, "65": 1.1685978757916082, "66": 1.1685978757916082, "67": 1.1685978757916082, "68": 1.1685978757916082, "69": 1.1685978757916082, "70": 1.1685978757916082, "71": 1.1685978757916082, "72": 1.1685978757916082, "73": 1.1685978757916082, "74": 1.1685978757916082, "75": 1.1685978757916082, "76": 1.1685978757916082, "77": 1.1685978757916082, "78": 1.1685978757916082, "79": 1.1685978757916082, "80": 1.1685978757916082, "81": 1.1685978757916082, "82": 1.1685978757916082, "83": 1.1685978757916082, "84": 1.1685978757916082, "85": 1.1685978757916082, "86": 1.1685978757916082, "87": 1.1685978757916082, "88": 1.1685978757916082, "89": 1.1685978757916082, "90": 1.1685978757916082, "91": 1.1685978757916082, "92": 1.1685978757916082, "93": 1.1685978757916082, "94": 1.1685978757916082, "95": 1.1685978757916082, "96": 1.1685978757916082, "97": 1.1685978757916082, "98": 1.1685978757916082, "99": 1.1685978757916082, "100": 1.1685978757916082}