{"0": 16.315665908703252, "1": 9.144996597827783, "2": 9.144996597827783, "3": 9.144996597827783, "4": 9.144996597827783, "5": 9.144996597827783, "6": 9.144996597827783, "7": 5.001993104612435, "8": 5.001993104612435, "9": 5.001993104612435, "10": 5.001993104612435, "11": 5.001993104612435, "12": 5.001993104612435, "13": 5.001993104612435, "14": 2.2295601343624973, "15": 1.0351407490070628, "16": 1.0351407490070628, "17": 1.0351407490070628, "18": 1.0351407490070628, "19": 1.0351407490070628, "20": 1.0351407490070628, "21": 1.0351407490070628, "22": 1.0351407490070628, "23": 1.0351407490070628, "24": 0.040988429135452975, "25": 0.040988429135452975, "26": 0.040988429135452975, "27": 0.040988429135452975, "28": 0.040988429135452975, "29": 0.040988429135452975, "30": 0.040988429135452975, "31": 0.011903339559815151, "32": 0.011903339559815151, "33": 0.011903339559815151, "34": 0.011903339559815151, "35": 0.011903339559815151, "36": 0.011903339559815151, "37": 0.011903339559815151, "38": 0.011903339559815151, "39": 0.011903339559815151, "40": 0.011903339559815151, "41": 0.011903339559815151, "42": 0.011903339559815151, "43": 0.011903339559815151, "44": 0.011903339559815151, "45": 0.011903339559815151, "46": 0.011903339559815151, "47": 0.011903339559815151, "48": 0.011903339559815151, "49": 0.011903339559815151, "50": 0.011903339559815151, "51": 0.011903339559815151, "52": 0.011903339559815151, "53": 0.011903339559815151, "54": 0.011903339559815151, "55": 0.011903339559815151, "56": 0.011903339559815151, "57": 0.011903339559815151, "58": 0.011903339559815151, "59": 0.011903339559815151, "60": 0.011903339559815151, "61": 0.011903339559815151, "62": 0.011903339559815151, "63": 0.011903339559815151, "64": 0.011903339559815151, "65": 0.011903339559815151, "66": 0.011903339559815151, "67": 0.011903339559815151, "68": 0.011903339559815151, "69": 0.011903339559815151, "70": 0.011903339559815151, "71": 0.011903339559815151, "72": 0.011903339559815151, "73": 0.011903339559815151, "74": 0.011903339559815151, "75": 0.011903339559815151, "76": 0.011903339559815151, "77": 0.011903339559815151, "78": 0.011903339559815151, "79": 0.011903339559815151, "80": 0.011903339559815151, "81": 0.011903339559815151, "82": 0.011903339559815151, "83": 0.011903339559815151, "84": 0.011903339559815151, "85": 0.011903339559815151, "86": 0.011903339559815151, "87": 0.011903339559815151, "88": 0.011903339559815151, "89": 0.011903339559815151, "90": 0.011903339559815151, "91": 0.011903339559815151, "92": 0.011903339559815151, "93": 0.011903339559815151, "94": 0.011903339559815151, "95": 0.011903339559815151, "96": 0.011903339559815151, "97": 0.011903339559815151, "98": 0.011903339559815151, "99": 0.011903339559815151, "100": 0.011903339559815151}