{"0": 33.65189300026122, "1": 18.404909215632017, "2": 13.300357510029603, "3": 10.527163425829443, "4": 10.527163425829443, "5": 9.603743911090257, "6": 9.603743911090257, "7": 9.603743911090257, "8": 9.603743911090257, "9": 9.603743911090257, "10": 9.566030271485381, "11": 9.566030271485381, "12": 9.566030271485381, "13": 9.566030271485381, "14": 9.566030271485381, "15": 6.369436853189422, "16": 6.369436853189422, "17": 5.187879185857538, "18": 5.187879185857538, "19": 5.187879185857538, "20": 5.187879185857538, "21": 5.187879185857538, "22": 5.187879185857538, "23": 5.187879185857538, "24": 5.187879185857538, "25": 5.187879185857538, "26": 5.187879185857538, "27": 5.187879185857538, "28": 2.5292688907547642, "29": 2.5292688907547642, "30": 2.5292688907547642, "31": 2.5292688907547642, "32": 2.5292688907547642, "33": 2.5292688907547642, "34": 2.5292688907547642, "35": 2.5292688907547642, "36": 2.5292688907547642, "37": 2.5292688907547642, "38": 2.5292688907547642, "39": 2.5292688907547642, "40": 2.5292688907547642, "41": 2.5292688907547642, "42": 2.5292688907547642, "43": 2.5292688907547642, "44": 2.5292688907547642, "45": 2.5292688907547642, "46": 2.5292688907547642, "47": 2.5292688907547642, "48": 2.5292688907547642, "49": 2.5292688907547642, "50": 2.5292688907547642, "51": 2.5292688907547642, "52": 2.5292688907547642, "53": 2.5292688907547642, "54": 2.5292688907547642, "55": 2.5292688907547642, "56": 2.5292688907547642, "57": 2.5292688907547642, "58": 2.5292688907547642, "59": 2.5292688907547642, "60": 2.5292688907547642, "61": 2.5292688907547642, "62": 2.5292688907547642, "63": 2.5292688907547642, "64": 2.5292688907547642, "65": 2.5292688907547642, "66": 2.5292688907547642, "67": 2.5292688907547642, "68": 2.5292688907547642, "69": 1.5360013570262296, "70": 1.5360013570262296, "71": 1.5360013570262296, "72": 1.5360013570262296, "73": 1.5360013570262296, "74": 1.5360013570262296, "75": 1.5360013570262296, "76": 1.5360013570262296, "77": 1.5360013570262296, "78": 1.5360013570262296, "79": 1.5360013570262296, "80": 1.5360013570262296, "81": 1.5360013570262296, "82": 1.5360013570262296, "83": 1.5360013570262296, "84": 1.5360013570262296, "85": 1.5360013570262296, "86": 1.5360013570262296, "87": 1.5360013570262296, "88": 1.5360013570262296, "89": 1.5360013570262296, "90": 1.5360013570262296, "91": 1.5360013570262296, "92": 1.5360013570262296, "93": 0.17530367781832368, "94": 0.17530367781832368, "95": 0.17530367781832368, "96": 0.17530367781832368, "97": 0.17530367781832368, "98": 0.17530367781832368, "99": 0.17530367781832368, "100": 0.17530367781832368}