{"0": 11.600172515198045, "1": 11.600172515198045, "2": 4.184506733129705, "3": 4.184506733129705, "4": 4.184506733129705, "5": 4.184506733129705, "6": 2.524259162335099, "7": 2.524259162335099, "8": 2.524259162335099, "9": 2.524259162335099, "10": 2.524259162335099, "11": 2.524259162335099, "12": 2.524259162335099, "13": 2.524259162335099, "14": 2.524259162335099, "15": 2.524259162335099, "16": 2.524259162335099, "17": 2.1612086568876663, "18": 2.1612086568876663, "19": 2.1612086568876663, "20": 2.1612086568876663, "21": 2.1612086568876663, "22": 2.1612086568876663, "23": 2.1612086568876663, "24": 2.1612086568876663, "25": 2.1612086568876663, "26": 2.1612086568876663, "27": 2.1612086568876663, "28": 2.0491047606089765, "29": 2.0491047606089765, "30": 2.0491047606089765, "31": 1.3430505472594447, "32": 1.3430505472594447, "33": 1.3430505472594447, "34": 1.3430505472594447, "35": 1.3430505472594447, "36": 1.3430505472594447, "37": 0.352801073594339, "38": 0.352801073594339, "39": 0.352801073594339, "40": 0.352801073594339, "41": 0.352801073594339, "42": 0.352801073594339, "43": 0.352801073594339, "44": 0.352801073594339, "45": 0.352801073594339, "46": 0.352801073594339, "47": 0.352801073594339, "48": 0.352801073594339, "49": 0.352801073594339, "50": 0.352801073594339, "51": 0.352801073594339, "52": 0.352801073594339, "53": 0.352801073594339, "54": 0.352801073594339, "55": 0.352801073594339, "56": 0.352801073594339, "57": 0.352801073594339, "58": 0.352801073594339, "59": 0.352801073594339, "60": 0.352801073594339, "61": 0.352801073594339, "62": 0.352801073594339, "63": 0.352801073594339, "64": 0.352801073594339, "65": 0.352801073594339, "66": 0.352801073594339, "67": 0.352801073594339, "68": 0.352801073594339, "69": 0.352801073594339, "70": 0.352801073594339, "71": 0.352801073594339, "72": 0.352801073594339, "73": 0.352801073594339, "74": 0.352801073594339, "75": 0.352801073594339, "76": 0.352801073594339, "77": 0.352801073594339, "78": 0.352801073594339, "79": 0.352801073594339, "80": 0.352801073594339, "81": 0.352801073594339, "82": 0.352801073594339, "83": 0.352801073594339, "84": 0.352801073594339, "85": 0.352801073594339, "86": 0.352801073594339, "87": 0.352801073594339, "88": 0.352801073594339, "89": 0.352801073594339, "90": 0.352801073594339, "91": 0.352801073594339, "92": 0.352801073594339, "93": 0.352801073594339, "94": 0.352801073594339, "95": 0.352801073594339, "96": 0.352801073594339, "97": 0.352801073594339, "98": 0.352801073594339, "99": 0.352801073594339, "100": 0.352801073594339}