{"0": 18.462207581380575, "1": 18.462207581380575, "2": 11.661872280824698, "3": 11.661872280824698, "4": 5.493359546006921, "5": 5.493359546006921, "6": 5.493359546006921, "7": 5.493359546006921, "8": 1.0176968858327093, "9": 1.0176968858327093, "10": 1.0176968858327093, "11": 1.0176968858327093, "12": 1.0176968858327093, "13": 1.0176968858327093, "14": 1.0176968858327093, "15": 1.0176968858327093, "16": 1.0176968858327093, "17": 1.0176968858327093, "18": 1.0176968858327093, "19": 1.0176968858327093, "20": 1.0176968858327093, "21": 1.0176968858327093, "22": 1.0176968858327093, "23": 1.0176968858327093, "24": 1.0176968858327093, "25": 1.0176968858327093, "26": 1.0176968858327093, "27": 1.0176968858327093, "28": 1.0176968858327093, "29": 1.0176968858327093, "30": 1.0176968858327093, "31": 1.0176968858327093, "32": 1.0176968858327093, "33": 1.0176968858327093, "34": 1.0176968858327093, "35": 0.16956305721370057, "36": 0.16956305721370057, "37": 0.16956305721370057, "38": 0.16956305721370057, "39": 0.16956305721370057, "40": 0.16956305721370057, "41": 0.16956305721370057, "42": 0.16956305721370057, "43": 0.16956305721370057, "44": 0.16956305721370057, "45": 0.16956305721370057, "46": 0.16956305721370057, "47": 0.16956305721370057, "48": 0.16956305721370057, "49": 0.16956305721370057, "50": 0.16956305721370057, "51": 0.16956305721370057, "52": 0.16956305721370057, "53": 0.16956305721370057, "54": 0.16956305721370057, "55": 0.16956305721370057, "56": 0.16956305721370057, "57": 0.16956305721370057, "58": 0.16956305721370057, "59": 0.16956305721370057, "60": 0.16956305721370057, "61": 0.16956305721370057, "62": 0.16956305721370057, "63": 0.16956305721370057, "64": 0.16956305721370057, "65": 0.16956305721370057, "66": 0.16956305721370057, "67": 0.16956305721370057, "68": 0.16956305721370057, "69": 0.16956305721370057, "70": 0.16956305721370057, "71": 0.16956305721370057, "72": 0.16956305721370057, "73": 0.16956305721370057, "74": 0.16956305721370057, "75": 0.16956305721370057, "76": 0.16956305721370057, "77": 0.16956305721370057, "78": 0.16956305721370057, "79": 0.16956305721370057, "80": 0.16956305721370057, "81": 0.16956305721370057, "82": 0.16956305721370057, "83": 0.16956305721370057, "84": 0.16956305721370057, "85": 0.16956305721370057, "86": 0.16956305721370057, "87": 0.16956305721370057, "88": 0.16956305721370057, "89": 0.16956305721370057, "90": 0.16956305721370057, "91": 0.16956305721370057, "92": 0.16956305721370057, "93": 0.16956305721370057, "94": 0.16956305721370057, "95": 0.16956305721370057, "96": 0.16956305721370057, "97": 0.16956305721370057, "98": 0.16956305721370057, "99": 0.16956305721370057, "100": 0.16956305721370057}