{"0": 19.622734356364248, "1": 13.758013770031376, "2": 13.758013770031376, "3": 13.758013770031376, "4": 8.390091968195293, "5": 8.221600018186347, "6": 8.221600018186347, "7": 6.287630639139392, "8": 4.535511915072474, "9": 4.535511915072474, "10": 4.535511915072474, "11": 4.535511915072474, "12": 1.9731481520905092, "13": 1.9731481520905092, "14": 1.9731481520905092, "15": 1.9731481520905092, "16": 1.0573361252875486, "17": 1.0573361252875486, "18": 1.0573361252875486, "19": 1.0573361252875486, "20": 1.0573361252875486, "21": 1.0573361252875486, "22": 1.0573361252875486, "23": 1.0573361252875486, "24": 1.0573361252875486, "25": 1.0573361252875486, "26": 1.0573361252875486, "27": 1.0573361252875486, "28": 1.0573361252875486, "29": 1.0573361252875486, "30": 1.0573361252875486, "31": 1.0573361252875486, "32": 0.04605159777975132, "33": 0.04605159777975132, "34": 0.04605159777975132, "35": 0.04605159777975132, "36": 0.04605159777975132, "37": 0.04605159777975132, "38": 0.04605159777975132, "39": 0.04605159777975132, "40": 0.04605159777975132, "41": 0.04605159777975132, "42": 0.04605159777975132, "43": 0.04605159777975132, "44": 0.04605159777975132, "45": 0.04605159777975132, "46": 0.04605159777975132, "47": 0.04605159777975132, "48": 0.04605159777975132, "49": 0.04605159777975132, "50": 0.04605159777975132, "51": 0.04605159777975132, "52": 0.04605159777975132, "53": 0.04605159777975132, "54": 0.03939099316249184, "55": 0.03939099316249184, "56": 0.03939099316249184, "57": 0.03939099316249184, "58": 0.03939099316249184, "59": 0.03939099316249184, "60": 0.03939099316249184, "61": 0.03939099316249184, "62": 0.03939099316249184, "63": 0.03939099316249184, "64": 0.03939099316249184, "65": 0.03939099316249184, "66": 0.03939099316249184, "67": 0.03939099316249184, "68": 0.03939099316249184, "69": 0.03939099316249184, "70": 0.03939099316249184, "71": 0.03939099316249184, "72": 0.03939099316249184, "73": 0.03939099316249184, "74": 0.03939099316249184, "75": 0.03939099316249184, "76": 0.03939099316249184, "77": 0.03939099316249184, "78": 0.03939099316249184, "79": 0.03939099316249184, "80": 0.03939099316249184, "81": 0.03939099316249184, "82": 0.03939099316249184, "83": 0.03939099316249184, "84": 0.03939099316249184, "85": 0.03939099316249184, "86": 0.03939099316249184, "87": 0.03939099316249184, "88": 0.03939099316249184, "89": 0.03939099316249184, "90": 0.03939099316249184, "91": 0.03939099316249184, "92": 0.03939099316249184, "93": 0.03939099316249184, "94": 0.03939099316249184, "95": 0.03939099316249184, "96": 0.03939099316249184, "97": 0.03939099316249184, "98": 0.03939099316249184, "99": 0.03939099316249184, "100": 0.03939099316249184}