{"0": 22.73930329731781, "1": 10.122178686437943, "2": 10.122178686437943, "3": 10.122178686437943, "4": 10.122178686437943, "5": 10.122178686437943, "6": 10.122178686437943, "7": 10.122178686437943, "8": 6.071297926331194, "9": 6.071297926331194, "10": 5.51934804795172, "11": 5.51934804795172, "12": 5.516542570850046, "13": 2.4875669447480604, "14": 2.4875669447480604, "15": 2.4875669447480604, "16": 2.4875669447480604, "17": 2.4875669447480604, "18": 2.4875669447480604, "19": 2.4875669447480604, "20": 2.4875669447480604, "21": 2.251998417557722, "22": 2.251998417557722, "23": 2.251998417557722, "24": 2.251998417557722, "25": 2.251998417557722, "26": 2.251998417557722, "27": 2.251998417557722, "28": 2.251998417557722, "29": 2.251998417557722, "30": 2.251998417557722, "31": 1.82974238366414, "32": 1.82974238366414, "33": 1.82974238366414, "34": 1.82974238366414, "35": 1.82974238366414, "36": 1.82974238366414, "37": 1.82974238366414, "38": 1.82974238366414, "39": 1.82974238366414, "40": 1.82974238366414, "41": 1.82974238366414, "42": 1.82974238366414, "43": 1.82974238366414, "44": 1.82974238366414, "45": 1.82974238366414, "46": 1.82974238366414, "47": 1.82974238366414, "48": 1.82974238366414, "49": 1.82974238366414, "50": 1.502008023108921, "51": 1.502008023108921, "52": 1.502008023108921, "53": 1.502008023108921, "54": 1.502008023108921, "55": 1.502008023108921, "56": 1.502008023108921, "57": 1.502008023108921, "58": 1.502008023108921, "59": 1.502008023108921, "60": 1.502008023108921, "61": 1.502008023108921, "62": 1.502008023108921, "63": 1.502008023108921, "64": 1.502008023108921, "65": 1.502008023108921, "66": 1.502008023108921, "67": 1.502008023108921, "68": 1.502008023108921, "69": 1.502008023108921, "70": 1.502008023108921, "71": 1.502008023108921, "72": 1.502008023108921, "73": 1.502008023108921, "74": 1.502008023108921, "75": 1.502008023108921, "76": 1.502008023108921, "77": 1.502008023108921, "78": 1.502008023108921, "79": 1.502008023108921, "80": 1.502008023108921, "81": 1.502008023108921, "82": 1.502008023108921, "83": 1.502008023108921, "84": 1.502008023108921, "85": 1.502008023108921, "86": 1.502008023108921, "87": 1.502008023108921, "88": 1.502008023108921, "89": 1.502008023108921, "90": 1.502008023108921, "91": 1.502008023108921, "92": 1.502008023108921, "93": 1.502008023108921, "94": 1.502008023108921, "95": 1.502008023108921, "96": 1.502008023108921, "97": 1.502008023108921, "98": 1.502008023108921, "99": 1.502008023108921, "100": 1.502008023108921}