{"0": 15.202654364922704, "1": 15.202654364922704, "2": 13.368689539862952, "3": 13.368689539862952, "4": 13.368689539862952, "5": 13.368689539862952, "6": 13.368689539862952, "7": 13.368689539862952, "8": 5.199664759140052, "9": 5.199664759140052, "10": 5.199664759140052, "11": 5.199664759140052, "12": 5.199664759140052, "13": 5.199664759140052, "14": 5.199664759140052, "15": 5.199664759140052, "16": 5.199664759140052, "17": 2.0861774104767363, "18": 2.0861774104767363, "19": 2.0861774104767363, "20": 2.0861774104767363, "21": 2.0861774104767363, "22": 2.0861774104767363, "23": 2.0861774104767363, "24": 2.0861774104767363, "25": 2.0861774104767363, "26": 2.0861774104767363, "27": 2.0861774104767363, "28": 2.0861774104767363, "29": 2.0861774104767363, "30": 2.0861774104767363, "31": 2.0861774104767363, "32": 2.0861774104767363, "33": 2.0861774104767363, "34": 2.0861774104767363, "35": 2.0861774104767363, "36": 2.0861774104767363, "37": 2.0861774104767363, "38": 2.0861774104767363, "39": 2.0861774104767363, "40": 2.0861774104767363, "41": 2.0861774104767363, "42": 2.0861774104767363, "43": 2.0861774104767363, "44": 2.0861774104767363, "45": 2.0861774104767363, "46": 2.0861774104767363, "47": 2.0861774104767363, "48": 1.9763115609913413, "49": 1.9763115609913413, "50": 1.9763115609913413, "51": 1.6456687394856218, "52": 1.6456687394856218, "53": 1.6456687394856218, "54": 1.6456687394856218, "55": 1.6456687394856218, "56": 1.6456687394856218, "57": 1.6456687394856218, "58": 1.6456687394856218, "59": 1.6456687394856218, "60": 1.6456687394856218, "61": 1.6456687394856218, "62": 1.6456687394856218, "63": 1.6456687394856218, "64": 1.6456687394856218, "65": 1.6456687394856218, "66": 1.6456687394856218, "67": 1.6456687394856218, "68": 1.6456687394856218, "69": 1.6456687394856218, "70": 1.6456687394856218, "71": 1.6456687394856218, "72": 1.6456687394856218, "73": 1.6456687394856218, "74": 1.6456687394856218, "75": 1.6456687394856218, "76": 1.6212788010294759, "77": 1.6212788010294759, "78": 1.6212788010294759, "79": 1.6212788010294759, "80": 1.6212788010294759, "81": 1.6212788010294759, "82": 1.6212788010294759, "83": 1.6212788010294759, "84": 1.6212788010294759, "85": 1.6212788010294759, "86": 1.6212788010294759, "87": 1.6212788010294759, "88": 1.6212788010294759, "89": 1.6212788010294759, "90": 1.6212788010294759, "91": 1.6212788010294759, "92": 1.6212788010294759, "93": 1.6212788010294759, "94": 1.6212788010294759, "95": 1.6212788010294759, "96": 1.6212788010294759, "97": 1.6212788010294759, "98": 1.6212788010294759, "99": 1.6212788010294759, "100": 1.6212788010294759}