{"0": 16.607645633319777, "1": 16.607645633319777, "2": 16.607645633319777, "3": 16.607645633319777, "4": 14.0614465441393, "5": 14.0614465441393, "6": 14.0614465441393, "7": 14.0614465441393, "8": 7.128062731508468, "9": 7.128062731508468, "10": 7.128062731508468, "11": 6.603817146391936, "12": 1.3692690423440652, "13": 1.3692690423440652, "14": 1.3692690423440652, "15": 1.3692690423440652, "16": 1.3692690423440652, "17": 1.3692690423440652, "18": 0.46537907008406876, "19": 0.46537907008406876, "20": 0.46537907008406876, "21": 0.46537907008406876, "22": 0.46537907008406876, "23": 0.46537907008406876, "24": 0.45618778255023784, "25": 0.45618778255023784, "26": 0.44749106863640264, "27": 0.44749106863640264, "28": 0.44749106863640264, "29": 0.44749106863640264, "30": 0.44749106863640264, "31": 0.44749106863640264, "32": 0.44749106863640264, "33": 0.44749106863640264, "34": 0.44749106863640264, "35": 0.44749106863640264, "36": 0.44749106863640264, "37": 0.44749106863640264, "38": 0.44749106863640264, "39": 0.44749106863640264, "40": 0.44749106863640264, "41": 0.44749106863640264, "42": 0.44749106863640264, "43": 0.44749106863640264, "44": 0.44749106863640264, "45": 0.44749106863640264, "46": 0.44749106863640264, "47": 0.44749106863640264, "48": 0.44749106863640264, "49": 0.44749106863640264, "50": 0.44749106863640264, "51": 0.44749106863640264, "52": 0.44749106863640264, "53": 0.44749106863640264, "54": 0.44749106863640264, "55": 0.44749106863640264, "56": 0.44749106863640264, "57": 0.44749106863640264, "58": 0.44749106863640264, "59": 0.44749106863640264, "60": 0.44749106863640264, "61": 0.44749106863640264, "62": 0.44749106863640264, "63": 0.44749106863640264, "64": 0.44749106863640264, "65": 0.44749106863640264, "66": 0.44749106863640264, "67": 0.44749106863640264, "68": 0.44749106863640264, "69": 0.44749106863640264, "70": 0.44749106863640264, "71": 0.44749106863640264, "72": 0.44749106863640264, "73": 0.44749106863640264, "74": 0.44749106863640264, "75": 0.44749106863640264, "76": 0.44749106863640264, "77": 0.44749106863640264, "78": 0.44749106863640264, "79": 0.44749106863640264, "80": 0.44749106863640264, "81": 0.44749106863640264, "82": 0.44749106863640264, "83": 0.44749106863640264, "84": 0.44749106863640264, "85": 0.44749106863640264, "86": 0.44749106863640264, "87": 0.44749106863640264, "88": 0.44749106863640264, "89": 0.44749106863640264, "90": 0.44749106863640264, "91": 0.44749106863640264, "92": 0.44749106863640264, "93": 0.44749106863640264, "94": 0.44749106863640264, "95": 0.44749106863640264, "96": 0.44749106863640264, "97": 0.44749106863640264, "98": 0.44749106863640264, "99": 0.44749106863640264, "100": 0.44749106863640264}