{"0": 9.163997582052092, "1": 9.163997582052092, "2": 9.163997582052092, "3": 9.163997582052092, "4": 9.163997582052092, "5": 9.163997582052092, "6": 9.163997582052092, "7": 4.976987767574727, "8": 4.976987767574727, "9": 4.976987767574727, "10": 4.553229830300387, "11": 4.553229830300387, "12": 4.553229830300387, "13": 4.553229830300387, "14": 4.553229830300387, "15": 4.426661246428404, "16": 4.426661246428404, "17": 4.117058807274759, "18": 3.590851185536664, "19": 3.590851185536664, "20": 3.590851185536664, "21": 3.590851185536664, "22": 3.590851185536664, "23": 3.590851185536664, "24": 3.590851185536664, "25": 3.590851185536664, "26": 3.590851185536664, "27": 3.590851185536664, "28": 3.590851185536664, "29": 3.590851185536664, "30": 3.590851185536664, "31": 3.590851185536664, "32": 3.590851185536664, "33": 3.590851185536664, "34": 3.590851185536664, "35": 3.590851185536664, "36": 2.5754419146892857, "37": 2.5754419146892857, "38": 2.5754419146892857, "39": 2.5754419146892857, "40": 2.4038602204714756, "41": 2.4038602204714756, "42": 2.4038602204714756, "43": 2.4038602204714756, "44": 2.4038602204714756, "45": 0.8048249157146401, "46": 0.8048249157146401, "47": 0.8048249157146401, "48": 0.8048249157146401, "49": 0.8048249157146401, "50": 0.8048249157146401, "51": 0.8048249157146401, "52": 0.8048249157146401, "53": 0.8048249157146401, "54": 0.8048249157146401, "55": 0.8048249157146401, "56": 0.8048249157146401, "57": 0.8048249157146401, "58": 0.8048249157146401, "59": 0.8048249157146401, "60": 0.8048249157146401, "61": 0.8048249157146401, "62": 0.8048249157146401, "63": 0.8048249157146401, "64": 0.8048249157146401, "65": 0.8048249157146401, "66": 0.8048249157146401, "67": 0.8048249157146401, "68": 0.8048249157146401, "69": 0.8048249157146401, "70": 0.8048249157146401, "71": 0.8048249157146401, "72": 0.8048249157146401, "73": 0.8048249157146401, "74": 0.8048249157146401, "75": 0.8048249157146401, "76": 0.8048249157146401, "77": 0.8048249157146401, "78": 0.8048249157146401, "79": 0.8048249157146401, "80": 0.8048249157146401, "81": 0.8048249157146401, "82": 0.8048249157146401, "83": 0.8048249157146401, "84": 0.8048249157146401, "85": 0.8048249157146401, "86": 0.8048249157146401, "87": 0.8048249157146401, "88": 0.8048249157146401, "89": 0.8048249157146401, "90": 0.8048249157146401, "91": 0.8048249157146401, "92": 0.8048249157146401, "93": 0.8048249157146401, "94": 0.8048249157146401, "95": 0.8048249157146401, "96": 0.8048249157146401, "97": 0.8048249157146401, "98": 0.8048249157146401, "99": 0.8048249157146401, "100": 0.8048249157146401}