{"0": 16.26674142565331, "1": 16.26674142565331, "2": 16.26674142565331, "3": 11.623966731612137, "4": 11.623966731612137, "5": 10.181849470594532, "6": 10.181849470594532, "7": 2.972185711810063, "8": 2.972185711810063, "9": 2.972185711810063, "10": 2.972185711810063, "11": 0.8571671059258961, "12": 0.8571671059258961, "13": 0.8571671059258961, "14": 0.8571671059258961, "15": 0.8571671059258961, "16": 0.009571294292406662, "17": 0.009571294292406662, "18": 0.009571294292406662, "19": 0.009571294292406662, "20": 0.009571294292406662, "21": 0.009571294292406662, "22": 0.009571294292406662, "23": 0.009571294292406662, "24": 0.009571294292406662, "25": 0.009571294292406662, "26": 0.009571294292406662, "27": 0.009571294292406662, "28": 0.009571294292406662, "29": 0.009571294292406662, "30": 0.009571294292406662, "31": 0.009571294292406662, "32": 0.009571294292406662, "33": 0.009571294292406662, "34": 0.009571294292406662, "35": 0.009571294292406662, "36": 0.009571294292406662, "37": 0.009571294292406662, "38": 0.009571294292406662, "39": 0.009571294292406662, "40": 0.009571294292406662, "41": 0.009571294292406662, "42": 0.009571294292406662, "43": 0.009571294292406662, "44": 0.009571294292406662, "45": 0.009571294292406662, "46": 0.009571294292406662, "47": 0.009571294292406662, "48": 0.009571294292406662, "49": 0.009571294292406662, "50": 0.009571294292406662, "51": 0.009571294292406662, "52": 0.009571294292406662, "53": 0.009571294292406662, "54": 0.009571294292406662, "55": 0.009571294292406662, "56": 0.009571294292406662, "57": 0.009571294292406662, "58": 0.009571294292406662, "59": 0.009571294292406662, "60": 0.009571294292406662, "61": 0.009571294292406662, "62": 0.009571294292406662, "63": 0.009571294292406662, "64": 0.009571294292406662, "65": 0.009571294292406662, "66": 0.009571294292406662, "67": 0.009571294292406662, "68": 0.009571294292406662, "69": 0.009571294292406662, "70": 0.009571294292406662, "71": 0.009571294292406662, "72": 0.009571294292406662, "73": 0.009571294292406662, "74": 0.009571294292406662, "75": 0.009571294292406662, "76": 0.009571294292406662, "77": 0.009571294292406662, "78": 0.009571294292406662, "79": 0.009571294292406662, "80": 0.009571294292406662, "81": 0.009571294292406662, "82": 0.009571294292406662, "83": 0.009571294292406662, "84": 0.009571294292406662, "85": 0.009571294292406662, "86": 0.009571294292406662, "87": 0.009571294292406662, "88": 0.009571294292406662, "89": 0.009571294292406662, "90": 0.009571294292406662, "91": 0.009571294292406662, "92": 0.009571294292406662, "93": 0.009571294292406662, "94": 0.009571294292406662, "95": 0.009571294292406662, "96": 0.009571294292406662, "97": 0.009571294292406662, "98": 0.009571294292406662, "99": 0.009571294292406662, "100": 0.009571294292406662}