{"0": 27.534448965795974, "1": 12.873277544992046, "2": 7.874958389398667, "3": 7.874958389398667, "4": 7.874958389398667, "5": 7.874958389398667, "6": 7.874958389398667, "7": 7.874958389398667, "8": 7.874958389398667, "9": 6.761726181357988, "10": 4.7396933291538765, "11": 4.7396933291538765, "12": 4.7396933291538765, "13": 4.7396933291538765, "14": 1.0712604440359321, "15": 1.0712604440359321, "16": 1.0712604440359321, "17": 1.0712604440359321, "18": 1.0712604440359321, "19": 1.0712604440359321, "20": 1.0712604440359321, "21": 1.0712604440359321, "22": 1.0712604440359321, "23": 0.6334004320148345, "24": 0.6334004320148345, "25": 0.6334004320148345, "26": 0.6334004320148345, "27": 0.6334004320148345, "28": 0.6334004320148345, "29": 0.6334004320148345, "30": 0.6334004320148345, "31": 0.6334004320148345, "32": 0.6334004320148345, "33": 0.6334004320148345, "34": 0.6334004320148345, "35": 0.6334004320148345, "36": 0.6334004320148345, "37": 0.6334004320148345, "38": 0.6334004320148345, "39": 0.6334004320148345, "40": 0.6334004320148345, "41": 0.6334004320148345, "42": 0.6334004320148345, "43": 0.6334004320148345, "44": 0.6334004320148345, "45": 0.6334004320148345, "46": 0.6334004320148345, "47": 0.6334004320148345, "48": 0.6334004320148345, "49": 0.6334004320148345, "50": 0.6334004320148345, "51": 0.6334004320148345, "52": 0.6334004320148345, "53": 0.6334004320148345, "54": 0.6334004320148345, "55": 0.6334004320148345, "56": 0.6334004320148345, "57": 0.6334004320148345, "58": 0.6334004320148345, "59": 0.6334004320148345, "60": 0.6334004320148345, "61": 0.6334004320148345, "62": 0.6334004320148345, "63": 0.6334004320148345, "64": 0.6334004320148345, "65": 0.6334004320148345, "66": 0.6334004320148345, "67": 0.6334004320148345, "68": 0.6334004320148345, "69": 0.6334004320148345, "70": 0.6334004320148345, "71": 0.6334004320148345, "72": 0.6334004320148345, "73": 0.6334004320148345, "74": 0.6334004320148345, "75": 0.6334004320148345, "76": 0.6334004320148345, "77": 0.6334004320148345, "78": 0.6334004320148345, "79": 0.6334004320148345, "80": 0.6334004320148345, "81": 0.6334004320148345, "82": 0.6334004320148345, "83": 0.6334004320148345, "84": 0.6334004320148345, "85": 0.6334004320148345, "86": 0.6334004320148345, "87": 0.6334004320148345, "88": 0.6334004320148345, "89": 0.6334004320148345, "90": 0.6334004320148345, "91": 0.6334004320148345, "92": 0.6334004320148345, "93": 0.6334004320148345, "94": 0.6334004320148345, "95": 0.6334004320148345, "96": 0.6334004320148345, "97": 0.6334004320148345, "98": 0.6334004320148345, "99": 0.6334004320148345, "100": 0.6334004320148345}