{"0": 12.563619858070108, "1": 12.563619858070108, "2": 12.563619858070108, "3": 12.563619858070108, "4": 3.0878037468384036, "5": 3.0878037468384036, "6": 2.6558824487157295, "7": 2.6558824487157295, "8": 2.6558824487157295, "9": 2.6558824487157295, "10": 2.6558824487157295, "11": 2.6558824487157295, "12": 2.6558824487157295, "13": 2.6558824487157295, "14": 1.4743852819923617, "15": 1.4743852819923617, "16": 1.4743852819923617, "17": 1.4743852819923617, "18": 1.4743852819923617, "19": 1.4743852819923617, "20": 1.4743852819923617, "21": 1.4743852819923617, "22": 1.4743852819923617, "23": 1.4743852819923617, "24": 1.4743852819923617, "25": 1.4743852819923617, "26": 1.4743852819923617, "27": 1.4743852819923617, "28": 1.4743852819923617, "29": 1.4743852819923617, "30": 1.1111630884409607, "31": 0.6118407370494872, "32": 0.6118407370494872, "33": 0.10866078949786129, "34": 0.10866078949786129, "35": 0.10866078949786129, "36": 0.10866078949786129, "37": 0.10866078949786129, "38": 0.10866078949786129, "39": 0.10866078949786129, "40": 0.10866078949786129, "41": 0.10866078949786129, "42": 0.10866078949786129, "43": 0.10866078949786129, "44": 0.10866078949786129, "45": 0.10866078949786129, "46": 0.10866078949786129, "47": 0.10866078949786129, "48": 0.10866078949786129, "49": 0.10866078949786129, "50": 0.10866078949786129, "51": 0.10866078949786129, "52": 0.10866078949786129, "53": 0.10866078949786129, "54": 0.10866078949786129, "55": 0.10866078949786129, "56": 0.10866078949786129, "57": 0.10866078949786129, "58": 0.10866078949786129, "59": 0.10866078949786129, "60": 0.10866078949786129, "61": 0.10866078949786129, "62": 0.10866078949786129, "63": 0.10866078949786129, "64": 0.10866078949786129, "65": 0.10866078949786129, "66": 0.10866078949786129, "67": 0.10866078949786129, "68": 0.10866078949786129, "69": 0.10866078949786129, "70": 0.10866078949786129, "71": 0.10866078949786129, "72": 0.10866078949786129, "73": 0.10866078949786129, "74": 0.10866078949786129, "75": 0.10866078949786129, "76": 0.10866078949786129, "77": 0.10866078949786129, "78": 0.10866078949786129, "79": 0.10866078949786129, "80": 0.10866078949786129, "81": 0.10866078949786129, "82": 0.10866078949786129, "83": 0.10866078949786129, "84": 0.10866078949786129, "85": 0.10866078949786129, "86": 0.10866078949786129, "87": 0.10866078949786129, "88": 0.10866078949786129, "89": 0.10866078949786129, "90": 0.10866078949786129, "91": 0.10866078949786129, "92": 0.10866078949786129, "93": 0.10866078949786129, "94": 0.10866078949786129, "95": 0.10866078949786129, "96": 0.10866078949786129, "97": 0.10866078949786129, "98": 0.10866078949786129, "99": 0.10866078949786129, "100": 0.10866078949786129}