{"0": 25.412399178252432, "1": 13.4417711025132, "2": 13.4417711025132, "3": 9.455637275429073, "4": 9.455637275429073, "5": 3.7864666246404113, "6": 3.7864666246404113, "7": 3.7864666246404113, "8": 3.7864666246404113, "9": 2.286612852887057, "10": 2.286612852887057, "11": 2.286612852887057, "12": 2.286612852887057, "13": 2.286612852887057, "14": 2.286612852887057, "15": 2.286612852887057, "16": 1.6499524435221744, "17": 1.6499524435221744, "18": 1.6499524435221744, "19": 1.6499524435221744, "20": 1.6499524435221744, "21": 1.6499524435221744, "22": 1.6499524435221744, "23": 1.6499524435221744, "24": 1.6499524435221744, "25": 1.6499524435221744, "26": 1.6499524435221744, "27": 1.6499524435221744, "28": 1.6499524435221744, "29": 1.6499524435221744, "30": 1.6499524435221744, "31": 1.6499524435221744, "32": 1.6499524435221744, "33": 1.6499524435221744, "34": 1.6499524435221744, "35": 1.6499524435221744, "36": 1.6499524435221744, "37": 1.6499524435221744, "38": 1.6499524435221744, "39": 1.6499524435221744, "40": 1.6499524435221744, "41": 1.6499524435221744, "42": 1.6499524435221744, "43": 1.6499524435221744, "44": 1.6499524435221744, "45": 1.6499524435221744, "46": 1.6499524435221744, "47": 1.6499524435221744, "48": 1.6499524435221744, "49": 1.6499524435221744, "50": 1.6499524435221744, "51": 1.6499524435221744, "52": 1.6499524435221744, "53": 1.6499524435221744, "54": 1.6499524435221744, "55": 1.6499524435221744, "56": 1.6499524435221744, "57": 1.6499524435221744, "58": 1.6499524435221744, "59": 1.6499524435221744, "60": 1.6499524435221744, "61": 1.6499524435221744, "62": 1.6499524435221744, "63": 1.6499524435221744, "64": 1.6499524435221744, "65": 1.6499524435221744, "66": 1.6499524435221744, "67": 1.6499524435221744, "68": 1.6499524435221744, "69": 1.6499524435221744, "70": 1.6499524435221744, "71": 1.6499524435221744, "72": 1.6499524435221744, "73": 1.6499524435221744, "74": 1.6499524435221744, "75": 1.6499524435221744, "76": 1.6499524435221744, "77": 1.6499524435221744, "78": 1.6499524435221744, "79": 1.6499524435221744, "80": 1.6499524435221744, "81": 1.6499524435221744, "82": 1.6499524435221744, "83": 1.6499524435221744, "84": 1.6499524435221744, "85": 1.6499524435221744, "86": 1.6499524435221744, "87": 1.6499524435221744, "88": 1.6499524435221744, "89": 1.6499524435221744, "90": 1.6499524435221744, "91": 1.6499524435221744, "92": 1.6499524435221744, "93": 1.6499524435221744, "94": 1.6499524435221744, "95": 1.6499524435221744, "96": 1.6499524435221744, "97": 1.6499524435221744, "98": 1.6499524435221744, "99": 1.6499524435221744, "100": 1.6499524435221744}