{"0": 25.424083874293725, "1": 25.424083874293725, "2": 18.561976403952066, "3": 18.561976403952066, "4": 13.340786532650561, "5": 13.340786532650561, "6": 13.340786532650561, "7": 11.444176338107406, "8": 4.788430580464929, "9": 4.788430580464929, "10": 4.788430580464929, "11": 4.788430580464929, "12": 4.788430580464929, "13": 4.788430580464929, "14": 4.788430580464929, "15": 4.788430580464929, "16": 4.788430580464929, "17": 1.6454443293609557, "18": 1.6454443293609557, "19": 1.6454443293609557, "20": 1.6454443293609557, "21": 1.6454443293609557, "22": 1.6454443293609557, "23": 1.6454443293609557, "24": 1.6454443293609557, "25": 1.6454443293609557, "26": 1.6454443293609557, "27": 1.6454443293609557, "28": 1.6454443293609557, "29": 1.6454443293609557, "30": 1.6454443293609557, "31": 1.6454443293609557, "32": 1.6454443293609557, "33": 1.6454443293609557, "34": 1.6454443293609557, "35": 1.6454443293609557, "36": 1.6454443293609557, "37": 1.6454443293609557, "38": 1.6454443293609557, "39": 1.6454443293609557, "40": 1.6454443293609557, "41": 1.6454443293609557, "42": 1.6454443293609557, "43": 1.6454443293609557, "44": 1.6454443293609557, "45": 1.6454443293609557, "46": 1.6454443293609557, "47": 1.6454443293609557, "48": 1.6454443293609557, "49": 1.6454443293609557, "50": 1.2536199483193862, "51": 1.2536199483193862, "52": 1.2536199483193862, "53": 1.2536199483193862, "54": 1.2536199483193862, "55": 1.2536199483193862, "56": 1.2536199483193862, "57": 1.2536199483193862, "58": 1.2536199483193862, "59": 1.2536199483193862, "60": 1.2536199483193862, "61": 1.2536199483193862, "62": 1.2536199483193862, "63": 1.2536199483193862, "64": 1.2536199483193862, "65": 1.2536199483193862, "66": 1.2536199483193862, "67": 1.2536199483193862, "68": 1.2536199483193862, "69": 1.2536199483193862, "70": 1.2536199483193862, "71": 1.2536199483193862, "72": 1.2536199483193862, "73": 1.2536199483193862, "74": 1.2536199483193862, "75": 1.2536199483193862, "76": 1.2536199483193862, "77": 1.2536199483193862, "78": 1.2536199483193862, "79": 1.2536199483193862, "80": 1.2536199483193862, "81": 1.2536199483193862, "82": 1.2536199483193862, "83": 1.2536199483193862, "84": 1.2536199483193862, "85": 1.2536199483193862, "86": 1.2536199483193862, "87": 1.2536199483193862, "88": 1.2536199483193862, "89": 1.2536199483193862, "90": 1.2536199483193862, "91": 1.2536199483193862, "92": 1.2536199483193862, "93": 1.2536199483193862, "94": 1.2536199483193862, "95": 1.2536199483193862, "96": 1.2536199483193862, "97": 1.2536199483193862, "98": 1.2536199483193862, "99": 1.2536199483193862, "100": 1.2536199483193862}