{"0": 19.7704100833464, "1": 19.7704100833464, "2": 19.7704100833464, "3": 17.106576897438377, "4": 13.63022893011128, "5": 8.82400657348137, "6": 8.82400657348137, "7": 5.589562172458432, "8": 5.589562172458432, "9": 5.589562172458432, "10": 5.589562172458432, "11": 5.589562172458432, "12": 5.510441390763772, "13": 5.510441390763772, "14": 5.510441390763772, "15": 5.510441390763772, "16": 5.13736281453955, "17": 5.13736281453955, "18": 4.501641603481458, "19": 4.501641603481458, "20": 4.501641603481458, "21": 4.43430561377588, "22": 4.283346313929215, "23": 4.283346313929215, "24": 2.236283238365882, "25": 2.236283238365882, "26": 2.236283238365882, "27": 2.236283238365882, "28": 2.236283238365882, "29": 2.236283238365882, "30": 2.115774879485258, "31": 2.115774879485258, "32": 2.115774879485258, "33": 2.115774879485258, "34": 2.115774879485258, "35": 2.115774879485258, "36": 2.115774879485258, "37": 2.115774879485258, "38": 2.115774879485258, "39": 2.115774879485258, "40": 2.115774879485258, "41": 2.115774879485258, "42": 2.115774879485258, "43": 2.115774879485258, "44": 2.115774879485258, "45": 2.115774879485258, "46": 2.115774879485258, "47": 2.115774879485258, "48": 2.115774879485258, "49": 2.115774879485258, "50": 2.115774879485258, "51": 2.115774879485258, "52": 2.115774879485258, "53": 2.115774879485258, "54": 2.115774879485258, "55": 2.115774879485258, "56": 2.115774879485258, "57": 2.115774879485258, "58": 2.115774879485258, "59": 2.115774879485258, "60": 2.115774879485258, "61": 2.115774879485258, "62": 2.115774879485258, "63": 2.115774879485258, "64": 2.115774879485258, "65": 2.115774879485258, "66": 2.115774879485258, "67": 2.115774879485258, "68": 2.115774879485258, "69": 1.1675849939760887, "70": 1.1675849939760887, "71": 1.1675849939760887, "72": 1.1675849939760887, "73": 1.1675849939760887, "74": 1.1675849939760887, "75": 1.1675849939760887, "76": 1.1675849939760887, "77": 1.1675849939760887, "78": 1.1675849939760887, "79": 1.1675849939760887, "80": 1.1675849939760887, "81": 1.1675849939760887, "82": 1.1675849939760887, "83": 1.1675849939760887, "84": 1.1675849939760887, "85": 1.1675849939760887, "86": 1.1675849939760887, "87": 1.1675849939760887, "88": 1.1675849939760887, "89": 1.1675849939760887, "90": 1.1675849939760887, "91": 1.1675849939760887, "92": 1.1675849939760887, "93": 1.1675849939760887, "94": 1.1675849939760887, "95": 1.1675849939760887, "96": 1.1675849939760887, "97": 1.1675849939760887, "98": 1.1675849939760887, "99": 1.1675849939760887, "100": 1.1675849939760887}