{"0": 9.689624981952408, "1": 9.689624981952408, "2": 2.607186125435071, "3": 2.3185881706696705, "4": 2.3185881706696705, "5": 2.3185881706696705, "6": 1.9380528249559639, "7": 1.9380528249559639, "8": 1.9380528249559639, "9": 1.9380528249559639, "10": 1.1106978818695374, "11": 1.1106978818695374, "12": 1.0099216371395698, "13": 1.0099216371395698, "14": 1.0099216371395698, "15": 1.0099216371395698, "16": 1.0099216371395698, "17": 1.0099216371395698, "18": 1.0099216371395698, "19": 1.0099216371395698, "20": 1.0099216371395698, "21": 1.0099216371395698, "22": 1.0099216371395698, "23": 1.0099216371395698, "24": 1.0099216371395698, "25": 1.0099216371395698, "26": 1.0099216371395698, "27": 1.0099216371395698, "28": 1.0099216371395698, "29": 1.0099216371395698, "30": 1.0099216371395698, "31": 1.0099216371395698, "32": 1.0099216371395698, "33": 1.0099216371395698, "34": 1.0099216371395698, "35": 1.0099216371395698, "36": 1.0099216371395698, "37": 1.0099216371395698, "38": 1.0099216371395698, "39": 1.0099216371395698, "40": 1.0099216371395698, "41": 1.0099216371395698, "42": 1.0099216371395698, "43": 1.0099216371395698, "44": 1.0099216371395698, "45": 1.0099216371395698, "46": 1.0099216371395698, "47": 1.0099216371395698, "48": 1.0099216371395698, "49": 1.0099216371395698, "50": 1.0099216371395698, "51": 1.0099216371395698, "52": 1.0099216371395698, "53": 1.0099216371395698, "54": 1.0099216371395698, "55": 1.0099216371395698, "56": 1.0099216371395698, "57": 1.0099216371395698, "58": 1.0099216371395698, "59": 1.0099216371395698, "60": 1.0099216371395698, "61": 1.0099216371395698, "62": 1.0099216371395698, "63": 1.0099216371395698, "64": 1.0099216371395698, "65": 1.0099216371395698, "66": 1.0099216371395698, "67": 1.0099216371395698, "68": 1.0099216371395698, "69": 0.5196393207400476, "70": 0.5196393207400476, "71": 0.5196393207400476, "72": 0.5196393207400476, "73": 0.5196393207400476, "74": 0.5196393207400476, "75": 0.5196393207400476, "76": 0.5196393207400476, "77": 0.5196393207400476, "78": 0.5196393207400476, "79": 0.5196393207400476, "80": 0.5196393207400476, "81": 0.5196393207400476, "82": 0.5196393207400476, "83": 0.5196393207400476, "84": 0.5196393207400476, "85": 0.5196393207400476, "86": 0.5196393207400476, "87": 0.5196393207400476, "88": 0.5196393207400476, "89": 0.5196393207400476, "90": 0.5196393207400476, "91": 0.5196393207400476, "92": 0.5196393207400476, "93": 0.5196393207400476, "94": 0.5196393207400476, "95": 0.5196393207400476, "96": 0.5196393207400476, "97": 0.5196393207400476, "98": 0.5196393207400476, "99": 0.5196393207400476, "100": 0.5196393207400476}