{"0": 14.000392421342482, "1": 10.66376740682267, "2": 10.66376740682267, "3": 8.390927605223293, "4": 8.390927605223293, "5": 8.128231805057698, "6": 3.228867951023247, "7": 3.228867951023247, "8": 3.228867951023247, "9": 3.228867951023247, "10": 3.228867951023247, "11": 3.228867951023247, "12": 3.228867951023247, "13": 3.228867951023247, "14": 3.228867951023247, "15": 3.228867951023247, "16": 3.228867951023247, "17": 3.228867951023247, "18": 3.228867951023247, "19": 3.228867951023247, "20": 3.228867951023247, "21": 1.6324898647632153, "22": 1.6324898647632153, "23": 1.6324898647632153, "24": 1.6324898647632153, "25": 1.6324898647632153, "26": 1.6324898647632153, "27": 1.6324898647632153, "28": 1.6324898647632153, "29": 1.444603014511948, "30": 1.444603014511948, "31": 1.444603014511948, "32": 1.444603014511948, "33": 1.444603014511948, "34": 1.444603014511948, "35": 1.444603014511948, "36": 1.444603014511948, "37": 1.444603014511948, "38": 1.444603014511948, "39": 1.444603014511948, "40": 1.444603014511948, "41": 1.444603014511948, "42": 1.444603014511948, "43": 1.444603014511948, "44": 1.444603014511948, "45": 1.444603014511948, "46": 1.444603014511948, "47": 1.444603014511948, "48": 1.444603014511948, "49": 1.444603014511948, "50": 1.444603014511948, "51": 1.444603014511948, "52": 1.444603014511948, "53": 1.444603014511948, "54": 1.0609211994717285, "55": 1.0609211994717285, "56": 1.0609211994717285, "57": 1.0609211994717285, "58": 1.0609211994717285, "59": 1.0609211994717285, "60": 1.0609211994717285, "61": 1.0609211994717285, "62": 1.0609211994717285, "63": 1.0609211994717285, "64": 1.0609211994717285, "65": 1.0609211994717285, "66": 1.0609211994717285, "67": 1.0609211994717285, "68": 1.0609211994717285, "69": 1.0609211994717285, "70": 1.0609211994717285, "71": 1.0609211994717285, "72": 1.0609211994717285, "73": 1.0609211994717285, "74": 1.0609211994717285, "75": 1.0609211994717285, "76": 1.0609211994717285, "77": 1.0609211994717285, "78": 1.0609211994717285, "79": 1.0609211994717285, "80": 1.0609211994717285, "81": 1.0609211994717285, "82": 1.0609211994717285, "83": 1.0609211994717285, "84": 1.0609211994717285, "85": 1.0609211994717285, "86": 1.0609211994717285, "87": 1.0609211994717285, "88": 1.0609211994717285, "89": 1.0609211994717285, "90": 1.0609211994717285, "91": 1.0609211994717285, "92": 1.0609211994717285, "93": 1.0609211994717285, "94": 1.0609211994717285, "95": 1.0609211994717285, "96": 1.0609211994717285, "97": 1.0609211994717285, "98": 1.0609211994717285, "99": 1.0609211994717285, "100": 1.0609211994717285}