{"0": 4.622338731181284, "1": 1.6374946190611155, "2": 1.6374946190611155, "3": 1.6374946190611155, "4": 1.6374946190611155, "5": 1.6374946190611155, "6": 1.6374946190611155, "7": 1.6374946190611155, "8": 0.9454653903617647, "9": 0.9454653903617647, "10": 0.9454653903617647, "11": 0.9454653903617647, "12": 0.9454653903617647, "13": 0.9454653903617647, "14": 0.14462254627972726, "15": 0.14462254627972726, "16": 0.14462254627972726, "17": 0.14462254627972726, "18": 0.14462254627972726, "19": 0.14462254627972726, "20": 0.14462254627972726, "21": 0.14462254627972726, "22": 0.14462254627972726, "23": 0.14462254627972726, "24": 0.14462254627972726, "25": 0.14462254627972726, "26": 0.14462254627972726, "27": 0.14462254627972726, "28": 0.14462254627972726, "29": 0.14462254627972726, "30": 0.14462254627972726, "31": 0.14462254627972726, "32": 0.14462254627972726, "33": 0.14462254627972726, "34": 0.14462254627972726, "35": 0.14462254627972726, "36": 0.14462254627972726, "37": 0.14462254627972726, "38": 0.14462254627972726, "39": 0.14462254627972726, "40": 0.14462254627972726, "41": 0.14462254627972726, "42": 0.14462254627972726, "43": 0.14462254627972726, "44": 0.14462254627972726, "45": 0.14462254627972726, "46": 0.14462254627972726, "47": 0.14462254627972726, "48": 0.14462254627972726, "49": 0.14462254627972726, "50": 0.14462254627972726, "51": 0.14462254627972726, "52": 0.14462254627972726, "53": 0.14462254627972726, "54": 0.14462254627972726, "55": 0.14462254627972726, "56": 0.14462254627972726, "57": 0.14462254627972726, "58": 0.14462254627972726, "59": 0.14462254627972726, "60": 0.14462254627972726, "61": 0.14462254627972726, "62": 0.14462254627972726, "63": 0.14462254627972726, "64": 0.14462254627972726, "65": 0.14462254627972726, "66": 0.14462254627972726, "67": 0.14462254627972726, "68": 0.14462254627972726, "69": 0.14462254627972726, "70": 0.14462254627972726, "71": 0.14462254627972726, "72": 0.14462254627972726, "73": 0.14462254627972726, "74": 0.14462254627972726, "75": 0.03939099316249184, "76": 0.03939099316249184, "77": 0.03939099316249184, "78": 0.03939099316249184, "79": 0.03939099316249184, "80": 0.03939099316249184, "81": 0.03939099316249184, "82": 0.03939099316249184, "83": 0.03939099316249184, "84": 0.03939099316249184, "85": 0.03939099316249184, "86": 0.03939099316249184, "87": 0.03939099316249184, "88": 0.03939099316249184, "89": 0.03939099316249184, "90": 0.03939099316249184, "91": 0.03939099316249184, "92": 0.03939099316249184, "93": 0.03939099316249184, "94": 0.03939099316249184, "95": 0.03939099316249184, "96": 0.03939099316249184, "97": 0.03939099316249184, "98": 0.03939099316249184, "99": 0.03939099316249184, "100": 0.03939099316249184}