{"0": 24.40854403011138, "1": 17.021107809415856, "2": 5.9198256984092765, "3": 5.9198256984092765, "4": 2.943162262489274, "5": 2.943162262489274, "6": 2.943162262489274, "7": 2.943162262489274, "8": 2.943162262489274, "9": 2.943162262489274, "10": 2.943162262489274, "11": 2.943162262489274, "12": 2.943162262489274, "13": 2.943162262489274, "14": 2.943162262489274, "15": 2.943162262489274, "16": 2.487784431376088, "17": 1.4601856261303467, "18": 1.4601856261303467, "19": 1.1558731452430564, "20": 1.0238015945531913, "21": 1.0238015945531913, "22": 1.0238015945531913, "23": 1.0238015945531913, "24": 1.0238015945531913, "25": 1.0238015945531913, "26": 1.0238015945531913, "27": 1.0238015945531913, "28": 1.0238015945531913, "29": 1.0238015945531913, "30": 1.0238015945531913, "31": 1.0238015945531913, "32": 1.0238015945531913, "33": 1.0238015945531913, "34": 1.0238015945531913, "35": 1.0238015945531913, "36": 1.0238015945531913, "37": 1.0238015945531913, "38": 1.0238015945531913, "39": 1.0238015945531913, "40": 1.0238015945531913, "41": 1.0238015945531913, "42": 1.0238015945531913, "43": 1.0238015945531913, "44": 1.0238015945531913, "45": 1.0238015945531913, "46": 1.0238015945531913, "47": 1.0238015945531913, "48": 1.0238015945531913, "49": 1.0238015945531913, "50": 1.0238015945531913, "51": 1.0238015945531913, "52": 1.0238015945531913, "53": 1.0238015945531913, "54": 1.0238015945531913, "55": 1.0238015945531913, "56": 1.0238015945531913, "57": 1.0238015945531913, "58": 1.0238015945531913, "59": 1.0238015945531913, "60": 1.0238015945531913, "61": 1.0238015945531913, "62": 1.0238015945531913, "63": 1.0238015945531913, "64": 1.0238015945531913, "65": 1.0238015945531913, "66": 1.0238015945531913, "67": 1.0238015945531913, "68": 1.0238015945531913, "69": 1.0238015945531913, "70": 1.0238015945531913, "71": 1.0238015945531913, "72": 1.0238015945531913, "73": 1.0238015945531913, "74": 1.0238015945531913, "75": 1.0238015945531913, "76": 1.0238015945531913, "77": 1.0238015945531913, "78": 1.0238015945531913, "79": 1.0238015945531913, "80": 1.0238015945531913, "81": 1.0238015945531913, "82": 1.0238015945531913, "83": 1.0238015945531913, "84": 1.0238015945531913, "85": 1.0238015945531913, "86": 1.0238015945531913, "87": 1.0238015945531913, "88": 1.0238015945531913, "89": 1.0238015945531913, "90": 1.0238015945531913, "91": 1.0238015945531913, "92": 1.0238015945531913, "93": 1.0238015945531913, "94": 1.0238015945531913, "95": 1.0238015945531913, "96": 1.0238015945531913, "97": 1.0238015945531913, "98": 1.0238015945531913, "99": 1.0238015945531913, "100": 1.0238015945531913}