{"0": 21.049867970509542, "1": 11.459559868221536, "2": 11.459559868221536, "3": 1.050695131948558, "4": 1.050695131948558, "5": 1.050695131948558, "6": 1.0046713191342107, "7": 1.0046713191342107, "8": 1.0046713191342107, "9": 1.0046713191342107, "10": 1.0046713191342107, "11": 1.0046713191342107, "12": 1.001943590877712, "13": 1.001943590877712, "14": 1.001943590877712, "15": 1.001943590877712, "16": 1.001943590877712, "17": 1.001943590877712, "18": 1.001943590877712, "19": 1.001943590877712, "20": 1.001943590877712, "21": 1.001943590877712, "22": 1.001943590877712, "23": 1.001943590877712, "24": 1.001943590877712, "25": 1.001943590877712, "26": 1.001943590877712, "27": 1.001943590877712, "28": 1.001943590877712, "29": 1.001943590877712, "30": 1.001943590877712, "31": 1.001943590877712, "32": 1.001943590877712, "33": 1.001943590877712, "34": 1.001943590877712, "35": 1.001943590877712, "36": 1.001943590877712, "37": 1.001943590877712, "38": 1.001943590877712, "39": 1.001943590877712, "40": 1.001943590877712, "41": 1.001943590877712, "42": 1.001943590877712, "43": 1.001943590877712, "44": 1.001943590877712, "45": 1.001943590877712, "46": 1.001943590877712, "47": 1.001943590877712, "48": 1.001943590877712, "49": 1.001943590877712, "50": 1.001943590877712, "51": 1.001943590877712, "52": 1.001943590877712, "53": 1.001943590877712, "54": 1.001943590877712, "55": 1.001943590877712, "56": 1.001943590877712, "57": 1.001943590877712, "58": 1.001943590877712, "59": 1.001943590877712, "60": 1.001943590877712, "61": 1.001943590877712, "62": 1.001943590877712, "63": 1.001943590877712, "64": 1.001943590877712, "65": 1.001943590877712, "66": 1.001943590877712, "67": 1.001943590877712, "68": 1.001943590877712, "69": 1.001943590877712, "70": 1.001943590877712, "71": 1.001943590877712, "72": 1.001943590877712, "73": 1.001943590877712, "74": 1.001943590877712, "75": 1.001943590877712, "76": 1.001943590877712, "77": 1.001943590877712, "78": 1.001943590877712, "79": 1.001943590877712, "80": 1.001943590877712, "81": 1.001943590877712, "82": 1.001943590877712, "83": 1.001943590877712, "84": 1.001943590877712, "85": 1.001943590877712, "86": 1.001943590877712, "87": 1.001943590877712, "88": 1.001943590877712, "89": 1.001943590877712, "90": 1.001943590877712, "91": 1.001943590877712, "92": 1.001943590877712, "93": 1.001943590877712, "94": 1.001943590877712, "95": 1.001943590877712, "96": 1.001943590877712, "97": 1.001943590877712, "98": 1.001943590877712, "99": 1.001943590877712, "100": 1.001943590877712}