{"0": 23.32065154387269, "1": 1.5700338755309247, "2": 1.5700338755309247, "3": 1.5700338755309247, "4": 1.5700338755309247, "5": 1.5700338755309247, "6": 1.5700338755309247, "7": 1.5700338755309247, "8": 1.5700338755309247, "9": 1.5700338755309247, "10": 1.5700338755309247, "11": 1.5700338755309247, "12": 1.5700338755309247, "13": 1.5700338755309247, "14": 1.0790651368241235, "15": 1.0790651368241235, "16": 1.0790651368241235, "17": 1.0790651368241235, "18": 1.0790651368241235, "19": 1.0790651368241235, "20": 1.0790651368241235, "21": 1.0790651368241235, "22": 1.0790651368241235, "23": 1.0790651368241235, "24": 1.0790651368241235, "25": 1.0790651368241235, "26": 1.0790651368241235, "27": 1.0790651368241235, "28": 1.0790651368241235, "29": 1.0790651368241235, "30": 1.0790651368241235, "31": 1.0790651368241235, "32": 1.0790651368241235, "33": 1.0790651368241235, "34": 1.0790651368241235, "35": 1.0790651368241235, "36": 1.0790651368241235, "37": 1.0790651368241235, "38": 1.0790651368241235, "39": 1.0790651368241235, "40": 1.0790651368241235, "41": 1.0790651368241235, "42": 1.0790651368241235, "43": 1.0790651368241235, "44": 1.0790651368241235, "45": 1.0790651368241235, "46": 1.0790651368241235, "47": 1.0790651368241235, "48": 1.0790651368241235, "49": 1.0790651368241235, "50": 1.0790651368241235, "51": 1.0790651368241235, "52": 1.0790651368241235, "53": 1.0790651368241235, "54": 1.0790651368241235, "55": 1.0790651368241235, "56": 1.0790651368241235, "57": 1.0790651368241235, "58": 1.0790651368241235, "59": 1.0790651368241235, "60": 1.0790651368241235, "61": 1.0790651368241235, "62": 1.0790651368241235, "63": 1.0790651368241235, "64": 1.0790651368241235, "65": 1.0790651368241235, "66": 1.0790651368241235, "67": 1.0790651368241235, "68": 1.0790651368241235, "69": 1.0790651368241235, "70": 1.0790651368241235, "71": 1.0790651368241235, "72": 1.0790651368241235, "73": 1.0790651368241235, "74": 1.0790651368241235, "75": 1.0790651368241235, "76": 1.0790651368241235, "77": 1.0790651368241235, "78": 1.0790651368241235, "79": 1.0790651368241235, "80": 1.0790651368241235, "81": 1.0790651368241235, "82": 1.0790651368241235, "83": 1.0790651368241235, "84": 1.0790651368241235, "85": 1.0790651368241235, "86": 1.0790651368241235, "87": 1.0790651368241235, "88": 1.0790651368241235, "89": 1.0790651368241235, "90": 1.0790651368241235, "91": 1.0790651368241235, "92": 1.0790651368241235, "93": 1.0790651368241235, "94": 1.0790651368241235, "95": 1.0790651368241235, "96": 1.0790651368241235, "97": 1.0790651368241235, "98": 1.0790651368241235, "99": 1.0790651368241235, "100": 1.0790651368241235}