{"0": 26.202490377478334, "1": 5.0448062390758555, "2": 5.0448062390758555, "3": 5.0448062390758555, "4": 5.0448062390758555, "5": 5.0448062390758555, "6": 5.0448062390758555, "7": 5.0448062390758555, "8": 5.0448062390758555, "9": 5.0448062390758555, "10": 5.0448062390758555, "11": 5.0448062390758555, "12": 5.0448062390758555, "13": 4.503434438208902, "14": 4.503434438208902, "15": 4.503434438208902, "16": 4.503434438208902, "17": 4.45356112271703, "18": 4.45356112271703, "19": 4.45356112271703, "20": 4.45356112271703, "21": 4.45356112271703, "22": 4.45356112271703, "23": 3.6380362879525414, "24": 3.051009746425734, "25": 3.051009746425734, "26": 2.995908655565934, "27": 2.995908655565934, "28": 2.995908655565934, "29": 2.995908655565934, "30": 2.995908655565934, "31": 2.995908655565934, "32": 2.995908655565934, "33": 2.995908655565934, "34": 2.995908655565934, "35": 2.995908655565934, "36": 2.995908655565934, "37": 1.9699857274740324, "38": 1.9699857274740324, "39": 1.9699857274740324, "40": 1.9699857274740324, "41": 1.9699857274740324, "42": 1.9699857274740324, "43": 1.9699857274740324, "44": 1.9699857274740324, "45": 1.9699857274740324, "46": 1.9699857274740324, "47": 1.9699857274740324, "48": 1.9699857274740324, "49": 1.9699857274740324, "50": 1.9699857274740324, "51": 1.9699857274740324, "52": 1.9699857274740324, "53": 1.9699857274740324, "54": 1.9699857274740324, "55": 1.9699857274740324, "56": 1.9699857274740324, "57": 1.9699857274740324, "58": 1.9699857274740324, "59": 1.9699857274740324, "60": 1.9699857274740324, "61": 1.9699857274740324, "62": 1.9699857274740324, "63": 1.9699857274740324, "64": 1.9699857274740324, "65": 1.9699857274740324, "66": 1.9699857274740324, "67": 1.9699857274740324, "68": 1.9699857274740324, "69": 1.9699857274740324, "70": 1.9699857274740324, "71": 1.9699857274740324, "72": 1.9699857274740324, "73": 1.9699857274740324, "74": 1.9699857274740324, "75": 1.9699857274740324, "76": 1.9699857274740324, "77": 1.9699857274740324, "78": 1.9699857274740324, "79": 1.9699857274740324, "80": 1.9699857274740324, "81": 1.9699857274740324, "82": 1.9699857274740324, "83": 1.9699857274740324, "84": 1.9699857274740324, "85": 1.9699857274740324, "86": 1.9699857274740324, "87": 1.9699857274740324, "88": 1.9699857274740324, "89": 1.9699857274740324, "90": 1.9699857274740324, "91": 1.9699857274740324, "92": 1.9699857274740324, "93": 1.9699857274740324, "94": 1.9699857274740324, "95": 1.9699857274740324, "96": 1.9699857274740324, "97": 1.9699857274740324, "98": 1.9699857274740324, "99": 1.9699857274740324, "100": 1.9699857274740324}