{"0": 10.992337442029106, "1": 10.992337442029106, "2": 10.992337442029106, "3": 6.955521268749225, "4": 6.955521268749225, "5": 6.955521268749225, "6": 6.525273456673739, "7": 6.525273456673739, "8": 6.525273456673739, "9": 6.525273456673739, "10": 6.525273456673739, "11": 6.525273456673739, "12": 6.525273456673739, "13": 6.525273456673739, "14": 6.525273456673739, "15": 6.525273456673739, "16": 6.525273456673739, "17": 3.9819901170236776, "18": 3.9819901170236776, "19": 0.9383391699570787, "20": 0.9383391699570787, "21": 0.9383391699570787, "22": 0.9383391699570787, "23": 0.9383391699570787, "24": 0.9383391699570787, "25": 0.9383391699570787, "26": 0.9383391699570787, "27": 0.9383391699570787, "28": 0.9383391699570787, "29": 0.9383391699570787, "30": 0.9383391699570787, "31": 0.9383391699570787, "32": 0.9383391699570787, "33": 0.9383391699570787, "34": 0.9383391699570787, "35": 0.9383391699570787, "36": 0.9383391699570787, "37": 0.9383391699570787, "38": 0.9383391699570787, "39": 0.9383391699570787, "40": 0.9383391699570787, "41": 0.9383391699570787, "42": 0.9383391699570787, "43": 0.9383391699570787, "44": 0.9383391699570787, "45": 0.9383391699570787, "46": 0.9383391699570787, "47": 0.9383391699570787, "48": 0.9383391699570787, "49": 0.9383391699570787, "50": 0.9383391699570787, "51": 0.9383391699570787, "52": 0.9383391699570787, "53": 0.9383391699570787, "54": 0.9383391699570787, "55": 0.9383391699570787, "56": 0.9383391699570787, "57": 0.9383391699570787, "58": 0.8892325134763297, "59": 0.8892325134763297, "60": 0.8892325134763297, "61": 0.8892325134763297, "62": 0.8892325134763297, "63": 0.8892325134763297, "64": 0.5895325118553458, "65": 0.5895325118553458, "66": 0.5895325118553458, "67": 0.5895325118553458, "68": 0.5895325118553458, "69": 0.5895325118553458, "70": 0.5895325118553458, "71": 0.5895325118553458, "72": 0.5895325118553458, "73": 0.5895325118553458, "74": 0.5895325118553458, "75": 0.5895325118553458, "76": 0.5895325118553458, "77": 0.5895325118553458, "78": 0.5895325118553458, "79": 0.5895325118553458, "80": 0.5895325118553458, "81": 0.5895325118553458, "82": 0.5895325118553458, "83": 0.5895325118553458, "84": 0.5895325118553458, "85": 0.5895325118553458, "86": 0.5895325118553458, "87": 0.5895325118553458, "88": 0.5895325118553458, "89": 0.5895325118553458, "90": 0.5895325118553458, "91": 0.5895325118553458, "92": 0.5895325118553458, "93": 0.5895325118553458, "94": 0.5895325118553458, "95": 0.5895325118553458, "96": 0.5895325118553458, "97": 0.5895325118553458, "98": 0.5895325118553458, "99": 0.5895325118553458, "100": 0.5895325118553458}