{"0": 11.792263837516145, "1": 7.9326444543780354, "2": 7.9326444543780354, "3": 7.9326444543780354, "4": 7.9326444543780354, "5": 7.9326444543780354, "6": 7.9326444543780354, "7": 5.399252880152908, "8": 5.292910899547913, "9": 5.292910899547913, "10": 5.292910899547913, "11": 5.292910899547913, "12": 4.6187436011974246, "13": 4.6187436011974246, "14": 4.6187436011974246, "15": 4.6187436011974246, "16": 4.6187436011974246, "17": 4.6187436011974246, "18": 4.6187436011974246, "19": 4.6187436011974246, "20": 4.6187436011974246, "21": 4.6187436011974246, "22": 4.4271145803566085, "23": 4.4271145803566085, "24": 4.4271145803566085, "25": 4.4271145803566085, "26": 4.4271145803566085, "27": 4.4271145803566085, "28": 4.4271145803566085, "29": 3.5813299989796334, "30": 3.5813299989796334, "31": 3.5813299989796334, "32": 2.1982637632224638, "33": 2.1982637632224638, "34": 2.1982637632224638, "35": 2.1982637632224638, "36": 2.1982637632224638, "37": 2.1982637632224638, "38": 1.4221215442719881, "39": 1.4221215442719881, "40": 1.4221215442719881, "41": 1.4221215442719881, "42": 1.4221215442719881, "43": 1.4221215442719881, "44": 1.4221215442719881, "45": 1.4221215442719881, "46": 1.4221215442719881, "47": 1.4221215442719881, "48": 1.4221215442719881, "49": 1.4221215442719881, "50": 1.4221215442719881, "51": 1.4221215442719881, "52": 1.4221215442719881, "53": 1.4221215442719881, "54": 1.4221215442719881, "55": 1.4221215442719881, "56": 1.4221215442719881, "57": 1.4221215442719881, "58": 1.4221215442719881, "59": 1.4221215442719881, "60": 1.4221215442719881, "61": 1.4221215442719881, "62": 1.4221215442719881, "63": 1.4221215442719881, "64": 1.4221215442719881, "65": 1.4221215442719881, "66": 1.4221215442719881, "67": 1.4221215442719881, "68": 1.4221215442719881, "69": 1.4221215442719881, "70": 1.4221215442719881, "71": 1.4221215442719881, "72": 1.4221215442719881, "73": 1.4221215442719881, "74": 1.4221215442719881, "75": 1.4221215442719881, "76": 1.4221215442719881, "77": 1.4221215442719881, "78": 1.4221215442719881, "79": 1.4221215442719881, "80": 1.4221215442719881, "81": 1.4221215442719881, "82": 1.4221215442719881, "83": 1.4221215442719881, "84": 1.4221215442719881, "85": 1.4221215442719881, "86": 1.4221215442719881, "87": 1.4221215442719881, "88": 1.4221215442719881, "89": 1.4221215442719881, "90": 1.4221215442719881, "91": 1.4221215442719881, "92": 1.4221215442719881, "93": 1.4221215442719881, "94": 1.4221215442719881, "95": 1.4221215442719881, "96": 1.4221215442719881, "97": 1.4221215442719881, "98": 1.4221215442719881, "99": 1.4221215442719881, "100": 1.4221215442719881}