{"0": 15.564190685913458, "1": 15.564190685913458, "2": 11.230152664797304, "3": 11.230152664797304, "4": 11.230152664797304, "5": 7.317490063259271, "6": 7.317490063259271, "7": 7.317490063259271, "8": 7.317490063259271, "9": 6.433181880550066, "10": 6.433181880550066, "11": 6.433181880550066, "12": 2.0853736315943507, "13": 2.0853736315943507, "14": 2.0853736315943507, "15": 2.0853736315943507, "16": 2.0853736315943507, "17": 2.0853736315943507, "18": 2.0853736315943507, "19": 2.0853736315943507, "20": 2.0853736315943507, "21": 2.0348320399754556, "22": 2.0348320399754556, "23": 2.0348320399754556, "24": 2.0348320399754556, "25": 2.0348320399754556, "26": 2.0348320399754556, "27": 2.0348320399754556, "28": 2.0348320399754556, "29": 2.0348320399754556, "30": 2.0348320399754556, "31": 2.0348320399754556, "32": 1.6273921890246825, "33": 1.6273921890246825, "34": 1.6273921890246825, "35": 1.6273921890246825, "36": 1.6273921890246825, "37": 1.103677443779027, "38": 1.103677443779027, "39": 1.103677443779027, "40": 1.103677443779027, "41": 1.103677443779027, "42": 1.103677443779027, "43": 1.103677443779027, "44": 1.103677443779027, "45": 1.103677443779027, "46": 1.103677443779027, "47": 1.103677443779027, "48": 1.103677443779027, "49": 1.103677443779027, "50": 1.103677443779027, "51": 1.103677443779027, "52": 1.103677443779027, "53": 1.103677443779027, "54": 1.103677443779027, "55": 1.103677443779027, "56": 1.103677443779027, "57": 1.103677443779027, "58": 1.103677443779027, "59": 1.103677443779027, "60": 1.103677443779027, "61": 1.103677443779027, "62": 1.103677443779027, "63": 1.103677443779027, "64": 1.103677443779027, "65": 1.103677443779027, "66": 1.103677443779027, "67": 1.103677443779027, "68": 1.103677443779027, "69": 1.103677443779027, "70": 1.103677443779027, "71": 1.103677443779027, "72": 1.103677443779027, "73": 1.103677443779027, "74": 1.103677443779027, "75": 1.103677443779027, "76": 1.103677443779027, "77": 1.103677443779027, "78": 1.103677443779027, "79": 1.103677443779027, "80": 1.103677443779027, "81": 1.103677443779027, "82": 1.103677443779027, "83": 1.103677443779027, "84": 1.103677443779027, "85": 1.103677443779027, "86": 1.103677443779027, "87": 1.103677443779027, "88": 1.103677443779027, "89": 1.103677443779027, "90": 1.103677443779027, "91": 1.103677443779027, "92": 1.103677443779027, "93": 1.103677443779027, "94": 1.103677443779027, "95": 1.103677443779027, "96": 1.103677443779027, "97": 1.103677443779027, "98": 1.103677443779027, "99": 1.077616945174892, "100": 1.077616945174892}