{"0": 5.325997070065338, "1": 5.325997070065338, "2": 3.372588300579828, "3": 3.372588300579828, "4": 3.372588300579828, "5": 3.372588300579828, "6": 3.372588300579828, "7": 3.372588300579828, "8": 1.9371048020201513, "9": 1.9371048020201513, "10": 1.9371048020201513, "11": 1.0245830625375838, "12": 1.0245830625375838, "13": 0.22007254444869062, "14": 0.22007254444869062, "15": 0.22007254444869062, "16": 0.22007254444869062, "17": 0.22007254444869062, "18": 0.22007254444869062, "19": 0.22007254444869062, "20": 0.19680645464642055, "21": 0.19680645464642055, "22": 0.19680645464642055, "23": 0.19680645464642055, "24": 0.19680645464642055, "25": 0.19680645464642055, "26": 0.19680645464642055, "27": 0.19680645464642055, "28": 0.19680645464642055, "29": 0.19680645464642055, "30": 0.19680645464642055, "31": 0.19680645464642055, "32": 0.19680645464642055, "33": 0.19680645464642055, "34": 0.19680645464642055, "35": 0.19680645464642055, "36": 0.19680645464642055, "37": 0.19680645464642055, "38": 0.19680645464642055, "39": 0.19680645464642055, "40": 0.19680645464642055, "41": 0.19680645464642055, "42": 0.19680645464642055, "43": 0.19680645464642055, "44": 0.19680645464642055, "45": 0.19680645464642055, "46": 0.19680645464642055, "47": 0.19680645464642055, "48": 0.19680645464642055, "49": 0.19680645464642055, "50": 0.19680645464642055, "51": 0.19680645464642055, "52": 0.19680645464642055, "53": 0.19680645464642055, "54": 0.19680645464642055, "55": 0.19680645464642055, "56": 0.19680645464642055, "57": 0.19680645464642055, "58": 0.19680645464642055, "59": 0.19680645464642055, "60": 0.19680645464642055, "61": 0.19680645464642055, "62": 0.19680645464642055, "63": 0.19680645464642055, "64": 0.19680645464642055, "65": 0.19680645464642055, "66": 0.19680645464642055, "67": 0.19680645464642055, "68": 0.19680645464642055, "69": 0.19680645464642055, "70": 0.19680645464642055, "71": 0.19680645464642055, "72": 0.19680645464642055, "73": 0.19680645464642055, "74": 0.19680645464642055, "75": 0.19680645464642055, "76": 0.19680645464642055, "77": 0.19680645464642055, "78": 0.19680645464642055, "79": 0.19680645464642055, "80": 0.19680645464642055, "81": 0.19680645464642055, "82": 0.19680645464642055, "83": 0.19680645464642055, "84": 0.19680645464642055, "85": 0.19680645464642055, "86": 0.19680645464642055, "87": 0.19680645464642055, "88": 0.19680645464642055, "89": 0.19680645464642055, "90": 0.19680645464642055, "91": 0.19680645464642055, "92": 0.19680645464642055, "93": 0.19680645464642055, "94": 0.19680645464642055, "95": 0.19680645464642055, "96": 0.19680645464642055, "97": 0.19680645464642055, "98": 0.19680645464642055, "99": 0.19680645464642055, "100": 0.19680645464642055}