{"0": 9.495963008954346, "1": 8.852070707676212, "2": 8.852070707676212, "3": 7.797879248027282, "4": 7.797879248027282, "5": 7.797879248027282, "6": 7.797879248027282, "7": 3.784393263203526, "8": 3.784393263203526, "9": 3.784393263203526, "10": 2.737588153695249, "11": 2.737588153695249, "12": 2.737588153695249, "13": 2.737588153695249, "14": 2.737588153695249, "15": 2.737588153695249, "16": 2.737588153695249, "17": 2.737588153695249, "18": 2.737588153695249, "19": 2.737588153695249, "20": 2.253429346955283, "21": 2.253429346955283, "22": 2.253429346955283, "23": 1.4692549942467252, "24": 1.4692549942467252, "25": 1.227339807418339, "26": 1.227339807418339, "27": 1.227339807418339, "28": 1.227339807418339, "29": 1.227339807418339, "30": 1.227339807418339, "31": 1.227339807418339, "32": 1.227339807418339, "33": 1.227339807418339, "34": 1.227339807418339, "35": 1.227339807418339, "36": 1.227339807418339, "37": 1.227339807418339, "38": 1.227339807418339, "39": 1.227339807418339, "40": 1.227339807418339, "41": 1.227339807418339, "42": 1.227339807418339, "43": 1.227339807418339, "44": 1.227339807418339, "45": 1.227339807418339, "46": 1.227339807418339, "47": 1.227339807418339, "48": 1.227339807418339, "49": 1.227339807418339, "50": 1.227339807418339, "51": 1.227339807418339, "52": 1.227339807418339, "53": 1.227339807418339, "54": 1.227339807418339, "55": 1.227339807418339, "56": 1.227339807418339, "57": 1.227339807418339, "58": 1.227339807418339, "59": 1.227339807418339, "60": 0.9906260009948724, "61": 0.9906260009948724, "62": 0.9906260009948724, "63": 0.9906260009948724, "64": 0.7337915143541949, "65": 0.7337915143541949, "66": 0.7337915143541949, "67": 0.7337915143541949, "68": 0.7337915143541949, "69": 0.7337915143541949, "70": 0.7337915143541949, "71": 0.7337915143541949, "72": 0.7337915143541949, "73": 0.7337915143541949, "74": 0.7337915143541949, "75": 0.7337915143541949, "76": 0.7337915143541949, "77": 0.7337915143541949, "78": 0.7337915143541949, "79": 0.7337915143541949, "80": 0.7337915143541949, "81": 0.7337915143541949, "82": 0.7337915143541949, "83": 0.7337915143541949, "84": 0.7337915143541949, "85": 0.7337915143541949, "86": 0.7337915143541949, "87": 0.7337915143541949, "88": 0.7337915143541949, "89": 0.7337915143541949, "90": 0.7337915143541949, "91": 0.7337915143541949, "92": 0.7337915143541949, "93": 0.7337915143541949, "94": 0.7337915143541949, "95": 0.7337915143541949, "96": 0.7337915143541949, "97": 0.7337915143541949, "98": 0.7337915143541949, "99": 0.7337915143541949, "100": 0.7337915143541949}