{"0": 13.181958575321959, "1": 13.181958575321959, "2": 13.181958575321959, "3": 13.181958575321959, "4": 10.160069406655339, "5": 10.160069406655339, "6": 9.224858703956555, "7": 4.077130962180025, "8": 4.077130962180025, "9": 4.077130962180025, "10": 4.077130962180025, "11": 4.077130962180025, "12": 4.077130962180025, "13": 1.4071319715751613, "14": 1.4071319715751613, "15": 1.4071319715751613, "16": 1.4071319715751613, "17": 1.4071319715751613, "18": 1.4071319715751613, "19": 1.4071319715751613, "20": 1.4071319715751613, "21": 1.4071319715751613, "22": 1.4071319715751613, "23": 1.4071319715751613, "24": 1.4071319715751613, "25": 1.1919327505364308, "26": 1.1919327505364308, "27": 1.1919327505364308, "28": 1.1919327505364308, "29": 1.1919327505364308, "30": 1.1919327505364308, "31": 1.1919327505364308, "32": 1.1919327505364308, "33": 1.1919327505364308, "34": 1.1919327505364308, "35": 0.790758509470038, "36": 0.39269420166387903, "37": 0.39269420166387903, "38": 0.39269420166387903, "39": 0.39269420166387903, "40": 0.39269420166387903, "41": 0.39269420166387903, "42": 0.39269420166387903, "43": 0.39269420166387903, "44": 0.39269420166387903, "45": 0.39269420166387903, "46": 0.39269420166387903, "47": 0.39269420166387903, "48": 0.39269420166387903, "49": 0.39269420166387903, "50": 0.39269420166387903, "51": 0.39269420166387903, "52": 0.39269420166387903, "53": 0.39269420166387903, "54": 0.39269420166387903, "55": 0.39269420166387903, "56": 0.39269420166387903, "57": 0.39269420166387903, "58": 0.39269420166387903, "59": 0.39269420166387903, "60": 0.39269420166387903, "61": 0.39269420166387903, "62": 0.39269420166387903, "63": 0.39269420166387903, "64": 0.39269420166387903, "65": 0.39269420166387903, "66": 0.39269420166387903, "67": 0.39269420166387903, "68": 0.39269420166387903, "69": 0.39269420166387903, "70": 0.39269420166387903, "71": 0.39269420166387903, "72": 0.39269420166387903, "73": 0.39269420166387903, "74": 0.39269420166387903, "75": 0.39269420166387903, "76": 0.39269420166387903, "77": 0.39269420166387903, "78": 0.39269420166387903, "79": 0.39269420166387903, "80": 0.39269420166387903, "81": 0.39269420166387903, "82": 0.39269420166387903, "83": 0.39269420166387903, "84": 0.39269420166387903, "85": 0.39269420166387903, "86": 0.39269420166387903, "87": 0.39269420166387903, "88": 0.39269420166387903, "89": 0.39269420166387903, "90": 0.39269420166387903, "91": 0.39269420166387903, "92": 0.39269420166387903, "93": 0.39269420166387903, "94": 0.39269420166387903, "95": 0.39269420166387903, "96": 0.39269420166387903, "97": 0.39269420166387903, "98": 0.39269420166387903, "99": 0.39269420166387903, "100": 0.39269420166387903}