{"0": 11.617304389810304, "1": 11.617304389810304, "2": 11.53988005354229, "3": 6.0337019429255285, "4": 6.0337019429255285, "5": 5.019834909324583, "6": 5.019834909324583, "7": 5.019834909324583, "8": 5.019834909324583, "9": 5.019834909324583, "10": 5.019834909324583, "11": 4.893177339825895, "12": 2.6830529580645717, "13": 2.6830529580645717, "14": 2.6830529580645717, "15": 2.6830529580645717, "16": 2.6830529580645717, "17": 2.6830529580645717, "18": 2.6830529580645717, "19": 1.365036665290475, "20": 1.365036665290475, "21": 1.365036665290475, "22": 1.365036665290475, "23": 1.365036665290475, "24": 1.365036665290475, "25": 1.365036665290475, "26": 1.365036665290475, "27": 1.365036665290475, "28": 1.365036665290475, "29": 1.365036665290475, "30": 1.365036665290475, "31": 1.365036665290475, "32": 1.365036665290475, "33": 1.365036665290475, "34": 1.365036665290475, "35": 1.365036665290475, "36": 1.365036665290475, "37": 1.365036665290475, "38": 1.365036665290475, "39": 1.365036665290475, "40": 1.365036665290475, "41": 1.365036665290475, "42": 1.365036665290475, "43": 1.365036665290475, "44": 1.365036665290475, "45": 1.365036665290475, "46": 1.365036665290475, "47": 1.365036665290475, "48": 1.365036665290475, "49": 1.365036665290475, "50": 1.365036665290475, "51": 1.365036665290475, "52": 1.365036665290475, "53": 1.365036665290475, "54": 1.365036665290475, "55": 1.365036665290475, "56": 1.365036665290475, "57": 1.365036665290475, "58": 1.0678190005139427, "59": 1.0678190005139427, "60": 1.0678190005139427, "61": 1.0678190005139427, "62": 1.0678190005139427, "63": 1.0678190005139427, "64": 1.0678190005139427, "65": 1.0678190005139427, "66": 1.0678190005139427, "67": 1.0678190005139427, "68": 1.0678190005139427, "69": 1.0678190005139427, "70": 1.0678190005139427, "71": 1.0678190005139427, "72": 1.0678190005139427, "73": 1.0678190005139427, "74": 1.0678190005139427, "75": 1.0678190005139427, "76": 1.0678190005139427, "77": 1.0678190005139427, "78": 1.0678190005139427, "79": 1.0678190005139427, "80": 1.0678190005139427, "81": 1.0678190005139427, "82": 1.0678190005139427, "83": 1.0678190005139427, "84": 1.0678190005139427, "85": 1.0678190005139427, "86": 1.0678190005139427, "87": 1.0678190005139427, "88": 1.0678190005139427, "89": 1.0678190005139427, "90": 1.0678190005139427, "91": 1.0678190005139427, "92": 1.0678190005139427, "93": 1.0678190005139427, "94": 1.0678190005139427, "95": 1.0678190005139427, "96": 1.0678190005139427, "97": 1.0678190005139427, "98": 1.0678190005139427, "99": 1.0678190005139427, "100": 1.0678190005139427}