{"0": 18.395028646214616, "1": 18.395028646214616, "2": 14.308902495419037, "3": 14.308902495419037, "4": 13.916323782543525, "5": 13.916323782543525, "6": 10.895372417306948, "7": 10.895372417306948, "8": 2.848215903111793, "9": 2.848215903111793, "10": 2.848215903111793, "11": 2.848215903111793, "12": 2.848215903111793, "13": 2.848215903111793, "14": 2.848215903111793, "15": 2.848215903111793, "16": 2.848215903111793, "17": 2.848215903111793, "18": 2.848215903111793, "19": 2.034236852617255, "20": 1.2795426456748515, "21": 1.2795426456748515, "22": 1.2795426456748515, "23": 1.2795426456748515, "24": 1.2795426456748515, "25": 1.2795426456748515, "26": 1.1905564581073236, "27": 1.1905564581073236, "28": 1.1905564581073236, "29": 1.1905564581073236, "30": 1.1905564581073236, "31": 1.1905564581073236, "32": 1.1905564581073236, "33": 1.1905564581073236, "34": 1.1905564581073236, "35": 1.1905564581073236, "36": 1.1905564581073236, "37": 1.1905564581073236, "38": 1.1905564581073236, "39": 1.1905564581073236, "40": 1.1905564581073236, "41": 1.1905564581073236, "42": 1.1905564581073236, "43": 1.1905564581073236, "44": 1.1905564581073236, "45": 1.1905564581073236, "46": 1.1905564581073236, "47": 1.1905564581073236, "48": 1.1905564581073236, "49": 1.1905564581073236, "50": 1.1905564581073236, "51": 1.1905564581073236, "52": 1.1905564581073236, "53": 1.1905564581073236, "54": 1.106183946045988, "55": 1.106183946045988, "56": 1.106183946045988, "57": 1.106183946045988, "58": 1.106183946045988, "59": 1.106183946045988, "60": 1.106183946045988, "61": 1.106183946045988, "62": 1.106183946045988, "63": 1.106183946045988, "64": 1.106183946045988, "65": 1.106183946045988, "66": 1.106183946045988, "67": 1.106183946045988, "68": 1.106183946045988, "69": 1.106183946045988, "70": 1.106183946045988, "71": 1.106183946045988, "72": 1.106183946045988, "73": 1.106183946045988, "74": 1.106183946045988, "75": 1.106183946045988, "76": 1.106183946045988, "77": 1.106183946045988, "78": 1.106183946045988, "79": 1.106183946045988, "80": 1.106183946045988, "81": 0.19726952040369028, "82": 0.19726952040369028, "83": 0.19726952040369028, "84": 0.19726952040369028, "85": 0.19726952040369028, "86": 0.19726952040369028, "87": 0.19726952040369028, "88": 0.19726952040369028, "89": 0.19726952040369028, "90": 0.19726952040369028, "91": 0.19726952040369028, "92": 0.19726952040369028, "93": 0.19726952040369028, "94": 0.19726952040369028, "95": 0.19726952040369028, "96": 0.19726952040369028, "97": 0.19726952040369028, "98": 0.19726952040369028, "99": 0.19726952040369028, "100": 0.19726952040369028}