{"0": 14.114735787445753, "1": 14.114735787445753, "2": 14.114735787445753, "3": 11.464009202781853, "4": 8.19501046207844, "5": 8.19501046207844, "6": 8.19501046207844, "7": 8.19501046207844, "8": 8.19501046207844, "9": 8.19501046207844, "10": 8.19501046207844, "11": 8.19501046207844, "12": 8.19501046207844, "13": 8.19501046207844, "14": 5.929129999475013, "15": 5.929129999475013, "16": 5.929129999475013, "17": 5.929129999475013, "18": 5.929129999475013, "19": 5.801272239737244, "20": 5.801272239737244, "21": 3.2739252295214065, "22": 3.2739252295214065, "23": 3.2739252295214065, "24": 3.2739252295214065, "25": 2.4630758749893644, "26": 2.4630758749893644, "27": 2.4630758749893644, "28": 2.4630758749893644, "29": 2.4630758749893644, "30": 2.4630758749893644, "31": 2.4630758749893644, "32": 2.4630758749893644, "33": 2.4630758749893644, "34": 2.4630758749893644, "35": 2.4630758749893644, "36": 2.4630758749893644, "37": 2.4630758749893644, "38": 2.4630758749893644, "39": 2.4630758749893644, "40": 2.4630758749893644, "41": 1.00925734000203, "42": 1.00925734000203, "43": 1.00925734000203, "44": 1.00925734000203, "45": 1.00925734000203, "46": 1.00925734000203, "47": 1.00925734000203, "48": 1.00925734000203, "49": 1.00925734000203, "50": 1.00925734000203, "51": 1.00925734000203, "52": 1.00925734000203, "53": 1.00925734000203, "54": 1.00925734000203, "55": 1.00925734000203, "56": 1.00925734000203, "57": 1.00925734000203, "58": 1.00925734000203, "59": 1.00925734000203, "60": 1.00925734000203, "61": 1.00925734000203, "62": 1.00925734000203, "63": 1.00925734000203, "64": 1.00925734000203, "65": 1.00925734000203, "66": 1.00925734000203, "67": 1.00925734000203, "68": 1.00925734000203, "69": 1.00925734000203, "70": 1.00925734000203, "71": 1.00925734000203, "72": 1.00925734000203, "73": 1.00925734000203, "74": 1.00925734000203, "75": 1.00925734000203, "76": 1.00925734000203, "77": 1.00925734000203, "78": 1.00925734000203, "79": 1.00925734000203, "80": 1.00925734000203, "81": 1.00925734000203, "82": 1.00925734000203, "83": 1.00925734000203, "84": 1.00925734000203, "85": 1.00925734000203, "86": 1.00925734000203, "87": 1.00925734000203, "88": 1.00925734000203, "89": 1.00925734000203, "90": 1.00925734000203, "91": 1.00925734000203, "92": 1.00925734000203, "93": 1.00925734000203, "94": 1.00925734000203, "95": 1.00925734000203, "96": 1.00925734000203, "97": 1.00925734000203, "98": 1.00925734000203, "99": 1.00925734000203, "100": 1.00925734000203}