{"0": 11.52425137723451, "1": 11.52425137723451, "2": 11.52425137723451, "3": 11.52425137723451, "4": 11.52425137723451, "5": 11.335681733896205, "6": 11.335681733896205, "7": 11.335681733896205, "8": 4.367660270826564, "9": 4.367660270826564, "10": 4.367660270826564, "11": 4.367660270826564, "12": 3.116911446734349, "13": 3.116911446734349, "14": 3.116911446734349, "15": 3.116911446734349, "16": 3.116911446734349, "17": 3.116911446734349, "18": 2.5619190218049255, "19": 2.5619190218049255, "20": 2.5619190218049255, "21": 2.5619190218049255, "22": 2.5619190218049255, "23": 2.5619190218049255, "24": 2.5619190218049255, "25": 2.5619190218049255, "26": 2.5619190218049255, "27": 2.5619190218049255, "28": 2.5619190218049255, "29": 2.5619190218049255, "30": 2.5619190218049255, "31": 2.5619190218049255, "32": 2.5619190218049255, "33": 2.5619190218049255, "34": 2.2459830624835924, "35": 2.2459830624835924, "36": 2.2459830624835924, "37": 2.2459830624835924, "38": 2.2459830624835924, "39": 2.2459830624835924, "40": 2.2459830624835924, "41": 2.2459830624835924, "42": 2.2459830624835924, "43": 2.2459830624835924, "44": 2.2459830624835924, "45": 2.2459830624835924, "46": 2.2459830624835924, "47": 2.2459830624835924, "48": 2.2459830624835924, "49": 2.2459830624835924, "50": 2.2459830624835924, "51": 2.2459830624835924, "52": 2.2459830624835924, "53": 2.2459830624835924, "54": 2.2459830624835924, "55": 2.2459830624835924, "56": 2.2459830624835924, "57": 2.2459830624835924, "58": 2.2459830624835924, "59": 2.2459830624835924, "60": 2.2459830624835924, "61": 2.2459830624835924, "62": 2.2459830624835924, "63": 2.2459830624835924, "64": 2.2459830624835924, "65": 2.2459830624835924, "66": 2.2459830624835924, "67": 2.2459830624835924, "68": 2.2459830624835924, "69": 2.2459830624835924, "70": 2.2459830624835924, "71": 2.2459830624835924, "72": 2.2459830624835924, "73": 2.2459830624835924, "74": 2.2459830624835924, "75": 2.2459830624835924, "76": 2.2459830624835924, "77": 2.2459830624835924, "78": 2.2459830624835924, "79": 2.2459830624835924, "80": 2.2459830624835924, "81": 2.2459830624835924, "82": 2.2459830624835924, "83": 2.2459830624835924, "84": 2.2459830624835924, "85": 2.2459830624835924, "86": 2.2459830624835924, "87": 2.2459830624835924, "88": 2.2459830624835924, "89": 2.2459830624835924, "90": 2.2459830624835924, "91": 2.2459830624835924, "92": 2.2459830624835924, "93": 2.2459830624835924, "94": 2.2459830624835924, "95": 2.2459830624835924, "96": 2.2459830624835924, "97": 2.2459830624835924, "98": 2.2459830624835924, "99": 1.456617148135546, "100": 1.456617148135546}