{"0": 16.954954019479484, "1": 10.930612695067635, "2": 10.930612695067635, "3": 10.930612695067635, "4": 5.410255270259793, "5": 5.410255270259793, "6": 5.410255270259793, "7": 5.410255270259793, "8": 5.410255270259793, "9": 5.410255270259793, "10": 5.410255270259793, "11": 5.410255270259793, "12": 5.410255270259793, "13": 5.410255270259793, "14": 4.028273466986745, "15": 4.028273466986745, "16": 4.028273466986745, "17": 4.028273466986745, "18": 4.028273466986745, "19": 4.028273466986745, "20": 4.028273466986745, "21": 4.028273466986745, "22": 2.1703462068132993, "23": 2.1703462068132993, "24": 2.1703462068132993, "25": 2.1703462068132993, "26": 1.2583774429598122, "27": 1.2583774429598122, "28": 1.2583774429598122, "29": 1.2583774429598122, "30": 1.2583774429598122, "31": 1.2583774429598122, "32": 1.2583774429598122, "33": 1.2583774429598122, "34": 1.2583774429598122, "35": 1.2583774429598122, "36": 1.2583774429598122, "37": 1.2583774429598122, "38": 1.2583774429598122, "39": 1.2583774429598122, "40": 1.2583774429598122, "41": 1.0717840349548098, "42": 1.0717840349548098, "43": 1.0717840349548098, "44": 1.0717840349548098, "45": 1.0717840349548098, "46": 1.0717840349548098, "47": 1.0717840349548098, "48": 1.0717840349548098, "49": 1.0717840349548098, "50": 1.0717840349548098, "51": 1.0717840349548098, "52": 1.0717840349548098, "53": 1.0717840349548098, "54": 1.0717840349548098, "55": 1.0717840349548098, "56": 1.0717840349548098, "57": 1.0717840349548098, "58": 1.0717840349548098, "59": 1.0046902622119092, "60": 1.0046902622119092, "61": 1.0046902622119092, "62": 1.0046902622119092, "63": 1.0046902622119092, "64": 1.0046902622119092, "65": 1.0046902622119092, "66": 1.0046902622119092, "67": 1.0046902622119092, "68": 1.0046902622119092, "69": 1.0046902622119092, "70": 1.0046902622119092, "71": 1.0046902622119092, "72": 1.0046902622119092, "73": 1.0046902622119092, "74": 1.0046902622119092, "75": 1.0046902622119092, "76": 1.0046902622119092, "77": 1.0046902622119092, "78": 1.0046902622119092, "79": 1.0046902622119092, "80": 1.0046902622119092, "81": 1.0046902622119092, "82": 1.0046902622119092, "83": 1.0046902622119092, "84": 1.0046902622119092, "85": 1.0046902622119092, "86": 1.0046902622119092, "87": 1.0046902622119092, "88": 1.0046902622119092, "89": 1.0046902622119092, "90": 1.0046902622119092, "91": 1.0046902622119092, "92": 1.0046902622119092, "93": 1.0046902622119092, "94": 1.0046902622119092, "95": 1.0046902622119092, "96": 1.0046902622119092, "97": 1.0046902622119092, "98": 1.0046902622119092, "99": 1.0046902622119092, "100": 1.0046902622119092}