{"0": 20.753943377021045, "1": 14.76377758488525, "2": 14.76377758488525, "3": 7.947219556683052, "4": 7.947219556683052, "5": 7.947219556683052, "6": 6.357931437319383, "7": 1.3078902546899016, "8": 1.3078902546899016, "9": 1.3078902546899016, "10": 0.7717218464299442, "11": 0.7717218464299442, "12": 0.7717218464299442, "13": 0.7717218464299442, "14": 0.7717218464299442, "15": 0.7717218464299442, "16": 0.12313425977519188, "17": 0.12313425977519188, "18": 0.12313425977519188, "19": 0.12313425977519188, "20": 0.12313425977519188, "21": 0.12313425977519188, "22": 0.12313425977519188, "23": 0.12313425977519188, "24": 0.12313425977519188, "25": 0.12313425977519188, "26": 0.12313425977519188, "27": 0.12313425977519188, "28": 0.12313425977519188, "29": 0.12313425977519188, "30": 0.12313425977519188, "31": 0.12313425977519188, "32": 0.12313425977519188, "33": 0.12313425977519188, "34": 0.12313425977519188, "35": 0.12313425977519188, "36": 0.12313425977519188, "37": 0.12313425977519188, "38": 0.12313425977519188, "39": 0.12313425977519188, "40": 0.12313425977519188, "41": 0.12313425977519188, "42": 0.12313425977519188, "43": 0.12313425977519188, "44": 0.12313425977519188, "45": 0.12313425977519188, "46": 0.12313425977519188, "47": 0.12313425977519188, "48": 0.12313425977519188, "49": 0.12313425977519188, "50": 0.12313425977519188, "51": 0.12313425977519188, "52": 0.12313425977519188, "53": 0.12313425977519188, "54": 0.12313425977519188, "55": 0.12313425977519188, "56": 0.12313425977519188, "57": 0.12313425977519188, "58": 0.12313425977519188, "59": 0.12313425977519188, "60": 0.12313425977519188, "61": 0.12313425977519188, "62": 0.12313425977519188, "63": 0.12313425977519188, "64": 0.12313425977519188, "65": 0.12313425977519188, "66": 0.12313425977519188, "67": 0.12313425977519188, "68": 0.12313425977519188, "69": 0.12313425977519188, "70": 0.12313425977519188, "71": 0.12313425977519188, "72": 0.12313425977519188, "73": 0.12313425977519188, "74": 0.12313425977519188, "75": 0.12313425977519188, "76": 0.12313425977519188, "77": 0.12313425977519188, "78": 0.12313425977519188, "79": 0.12313425977519188, "80": 0.12313425977519188, "81": 0.12313425977519188, "82": 0.12313425977519188, "83": 0.12313425977519188, "84": 0.12313425977519188, "85": 0.12313425977519188, "86": 0.12313425977519188, "87": 0.12313425977519188, "88": 0.12313425977519188, "89": 0.12313425977519188, "90": 0.12313425977519188, "91": 0.12313425977519188, "92": 0.12313425977519188, "93": 0.12313425977519188, "94": 0.12313425977519188, "95": 0.12313425977519188, "96": 0.12313425977519188, "97": 0.12313425977519188, "98": 0.12313425977519188, "99": 0.12313425977519188, "100": 0.12313425977519188}