{"0": 9.030250685073998, "1": 5.350096514995773, "2": 5.350096514995773, "3": 5.350096514995773, "4": 5.350096514995773, "5": 4.324614718278646, "6": 4.324614718278646, "7": 4.324614718278646, "8": 4.324614718278646, "9": 4.324614718278646, "10": 4.324614718278646, "11": 2.311305763988045, "12": 2.311305763988045, "13": 2.311305763988045, "14": 2.311305763988045, "15": 2.311305763988045, "16": 2.311305763988045, "17": 2.311305763988045, "18": 2.311305763988045, "19": 2.311305763988045, "20": 2.2420745855229356, "21": 2.2420745855229356, "22": 2.2420745855229356, "23": 1.529605382358099, "24": 1.529605382358099, "25": 1.529605382358099, "26": 1.529605382358099, "27": 1.529605382358099, "28": 1.529605382358099, "29": 1.529605382358099, "30": 1.529605382358099, "31": 1.529605382358099, "32": 1.529605382358099, "33": 1.529605382358099, "34": 1.529605382358099, "35": 1.529605382358099, "36": 1.529605382358099, "37": 1.529605382358099, "38": 1.5281222684380396, "39": 1.5281222684380396, "40": 1.5281222684380396, "41": 1.5281222684380396, "42": 1.5281222684380396, "43": 1.5281222684380396, "44": 1.5281222684380396, "45": 1.5281222684380396, "46": 1.5281222684380396, "47": 1.4605280333686395, "48": 1.4605280333686395, "49": 1.4605280333686395, "50": 1.4605280333686395, "51": 1.4605280333686395, "52": 1.4605280333686395, "53": 1.4605280333686395, "54": 1.4605280333686395, "55": 1.4605280333686395, "56": 1.4605280333686395, "57": 1.4605280333686395, "58": 1.4605280333686395, "59": 1.4605280333686395, "60": 1.4605280333686395, "61": 1.4605280333686395, "62": 1.4605280333686395, "63": 1.4605280333686395, "64": 1.4605280333686395, "65": 1.4605280333686395, "66": 1.4605280333686395, "67": 1.4605280333686395, "68": 1.4605280333686395, "69": 1.4605280333686395, "70": 1.4605280333686395, "71": 1.4605280333686395, "72": 1.4605280333686395, "73": 1.4605280333686395, "74": 1.4605280333686395, "75": 1.4605280333686395, "76": 1.4605280333686395, "77": 1.4605280333686395, "78": 1.4605280333686395, "79": 1.4605280333686395, "80": 1.4605280333686395, "81": 1.4605280333686395, "82": 1.4605280333686395, "83": 1.4605280333686395, "84": 1.4605280333686395, "85": 1.4605280333686395, "86": 1.4605280333686395, "87": 1.4605280333686395, "88": 1.4605280333686395, "89": 1.4605280333686395, "90": 1.4605280333686395, "91": 1.4605280333686395, "92": 1.4605280333686395, "93": 1.4605280333686395, "94": 1.4605280333686395, "95": 1.4605280333686395, "96": 1.4605280333686395, "97": 1.4605280333686395, "98": 1.4605280333686395, "99": 1.4605280333686395, "100": 1.4605280333686395}