{"0": 4.704414083284732, "1": 4.704414083284732, "2": 4.704414083284732, "3": 4.704414083284732, "4": 4.704414083284732, "5": 4.704414083284732, "6": 4.704414083284732, "7": 3.86140068582284, "8": 3.86140068582284, "9": 3.86140068582284, "10": 2.9665620541564834, "11": 2.9665620541564834, "12": 2.9665620541564834, "13": 2.9665620541564834, "14": 2.9665620541564834, "15": 2.9665620541564834, "16": 2.8773939448146777, "17": 2.8773939448146777, "18": 2.8773939448146777, "19": 2.151917695587464, "20": 2.151917695587464, "21": 2.151917695587464, "22": 2.0996133861399784, "23": 2.0996133861399784, "24": 2.0351210720894173, "25": 2.0351210720894173, "26": 2.0351210720894173, "27": 2.0351210720894173, "28": 2.0351210720894173, "29": 2.0351210720894173, "30": 2.0351210720894173, "31": 2.0351210720894173, "32": 2.0351210720894173, "33": 2.0351210720894173, "34": 2.0351210720894173, "35": 2.0351210720894173, "36": 2.0351210720894173, "37": 2.0351210720894173, "38": 2.0351210720894173, "39": 1.0844032850390022, "40": 1.0844032850390022, "41": 1.0844032850390022, "42": 1.0844032850390022, "43": 1.0844032850390022, "44": 1.0844032850390022, "45": 1.0844032850390022, "46": 1.0844032850390022, "47": 1.0844032850390022, "48": 1.0844032850390022, "49": 1.0844032850390022, "50": 1.0844032850390022, "51": 1.0844032850390022, "52": 1.0844032850390022, "53": 1.0844032850390022, "54": 1.0844032850390022, "55": 1.0844032850390022, "56": 1.0844032850390022, "57": 1.0844032850390022, "58": 1.0844032850390022, "59": 1.0844032850390022, "60": 1.0844032850390022, "61": 1.0844032850390022, "62": 1.0844032850390022, "63": 1.0844032850390022, "64": 1.0844032850390022, "65": 1.0844032850390022, "66": 1.0844032850390022, "67": 1.0844032850390022, "68": 1.0844032850390022, "69": 1.0844032850390022, "70": 1.0844032850390022, "71": 1.0844032850390022, "72": 1.0844032850390022, "73": 1.0844032850390022, "74": 1.0844032850390022, "75": 1.0844032850390022, "76": 1.0844032850390022, "77": 1.0844032850390022, "78": 1.0844032850390022, "79": 1.0844032850390022, "80": 1.0844032850390022, "81": 1.0844032850390022, "82": 1.0844032850390022, "83": 1.0844032850390022, "84": 1.0844032850390022, "85": 1.0844032850390022, "86": 1.0844032850390022, "87": 1.0844032850390022, "88": 1.0844032850390022, "89": 1.0844032850390022, "90": 1.0844032850390022, "91": 1.0844032850390022, "92": 1.0844032850390022, "93": 1.0844032850390022, "94": 1.0844032850390022, "95": 1.0844032850390022, "96": 1.0844032850390022, "97": 1.0844032850390022, "98": 1.0844032850390022, "99": 1.0844032850390022, "100": 1.0844032850390022}