{"0": 11.572157331928437, "1": 11.572157331928437, "2": 11.572157331928437, "3": 10.41004578494474, "4": 7.841347444677346, "5": 7.841347444677346, "6": 7.103073931307309, "7": 5.952673958937343, "8": 5.952673958937343, "9": 5.952673958937343, "10": 5.952673958937343, "11": 4.887662736266014, "12": 4.887662736266014, "13": 4.887662736266014, "14": 4.887662736266014, "15": 4.104234041963636, "16": 4.104234041963636, "17": 1.9773389953498075, "18": 1.3846453709057336, "19": 1.3846453709057336, "20": 1.3846453709057336, "21": 0.0013212753892730689, "22": 0.0013212753892730689, "23": 0.0013212753892730689, "24": 0.0013212753892730689, "25": 0.0013212753892730689, "26": 0.0013212753892730689, "27": 0.0013212753892730689, "28": 0.0013212753892730689, "29": 0.0013212753892730689, "30": 0.0013212753892730689, "31": 0.0013212753892730689, "32": 0.0013212753892730689, "33": 0.0013212753892730689, "34": 0.0013212753892730689, "35": 0.0013212753892730689, "36": 0.0013212753892730689, "37": 0.0013212753892730689, "38": 0.0013212753892730689, "39": 0.0013212753892730689, "40": 0.0013212753892730689, "41": 0.0013212753892730689, "42": 0.0013212753892730689, "43": 0.0013212753892730689, "44": 0.0013212753892730689, "45": 0.0013212753892730689, "46": 0.0013212753892730689, "47": 0.0013212753892730689, "48": 0.0013212753892730689, "49": 0.0013212753892730689, "50": 0.0013212753892730689, "51": 0.0013212753892730689, "52": 0.0013212753892730689, "53": 0.0013212753892730689, "54": 0.0013212753892730689, "55": 0.0013212753892730689, "56": 0.0013212753892730689, "57": 0.0013212753892730689, "58": 0.0013212753892730689, "59": 0.0013212753892730689, "60": 0.0013212753892730689, "61": 0.0013212753892730689, "62": 0.0013212753892730689, "63": 0.0013212753892730689, "64": 0.0013212753892730689, "65": 0.0013212753892730689, "66": 0.0013212753892730689, "67": 0.0013212753892730689, "68": 0.0013212753892730689, "69": 0.0013212753892730689, "70": 0.0013212753892730689, "71": 0.0013212753892730689, "72": 0.0013212753892730689, "73": 0.0013212753892730689, "74": 0.0013212753892730689, "75": 0.0013212753892730689, "76": 0.0013212753892730689, "77": 0.0013212753892730689, "78": 0.0013212753892730689, "79": 0.0013212753892730689, "80": 0.0013212753892730689, "81": 0.0013212753892730689, "82": 0.0013212753892730689, "83": 0.0013212753892730689, "84": 0.0013212753892730689, "85": 0.0013212753892730689, "86": 0.0013212753892730689, "87": 0.0013212753892730689, "88": 0.0013212753892730689, "89": 0.0013212753892730689, "90": 0.0013212753892730689, "91": 0.0013212753892730689, "92": 0.0013212753892730689, "93": 0.0013212753892730689, "94": 0.0013212753892730689, "95": 0.0013212753892730689, "96": 0.0013212753892730689, "97": 0.0013212753892730689, "98": 0.0013212753892730689, "99": 0.0013212753892730689, "100": 0.0013212753892730689}