{"0": 11.137534465178248, "1": 11.137534465178248, "2": 11.137534465178248, "3": 6.7894356126552164, "4": 6.7894356126552164, "5": 6.7894356126552164, "6": 6.4667706723795995, "7": 6.4667706723795995, "8": 6.4667706723795995, "9": 1.4618023459669018, "10": 1.4618023459669018, "11": 1.4618023459669018, "12": 1.4618023459669018, "13": 1.4618023459669018, "14": 1.4618023459669018, "15": 1.4618023459669018, "16": 1.0040551244435107, "17": 1.0040551244435107, "18": 1.0040551244435107, "19": 1.0040551244435107, "20": 1.0040551244435107, "21": 1.0040551244435107, "22": 1.0040551244435107, "23": 1.0040551244435107, "24": 1.0040551244435107, "25": 1.0040551244435107, "26": 1.0040551244435107, "27": 1.0040551244435107, "28": 1.0040551244435107, "29": 1.0040551244435107, "30": 1.0040551244435107, "31": 1.0040551244435107, "32": 1.0040551244435107, "33": 1.0040551244435107, "34": 1.0040551244435107, "35": 1.0040551244435107, "36": 1.0040551244435107, "37": 1.0040551244435107, "38": 1.0040551244435107, "39": 1.0040551244435107, "40": 1.0040551244435107, "41": 1.0040551244435107, "42": 1.0040551244435107, "43": 1.0040551244435107, "44": 1.0040551244435107, "45": 1.0040551244435107, "46": 1.0040551244435107, "47": 1.0040551244435107, "48": 1.0040551244435107, "49": 1.0040551244435107, "50": 1.0040551244435107, "51": 1.0040551244435107, "52": 1.0040551244435107, "53": 1.0040551244435107, "54": 1.0040551244435107, "55": 1.0040551244435107, "56": 1.0040551244435107, "57": 1.0040551244435107, "58": 1.0040551244435107, "59": 1.0040551244435107, "60": 1.0040551244435107, "61": 1.0040551244435107, "62": 0.8572017076712868, "63": 0.8572017076712868, "64": 0.8572017076712868, "65": 0.8572017076712868, "66": 0.8572017076712868, "67": 0.8572017076712868, "68": 0.8572017076712868, "69": 0.8572017076712868, "70": 0.8572017076712868, "71": 0.8572017076712868, "72": 0.8572017076712868, "73": 0.8572017076712868, "74": 0.8572017076712868, "75": 0.8572017076712868, "76": 0.8572017076712868, "77": 0.8572017076712868, "78": 0.8572017076712868, "79": 0.8572017076712868, "80": 0.8572017076712868, "81": 0.8572017076712868, "82": 0.2333309613637482, "83": 0.2333309613637482, "84": 0.2333309613637482, "85": 0.2333309613637482, "86": 0.2333309613637482, "87": 0.2333309613637482, "88": 0.2333309613637482, "89": 0.2333309613637482, "90": 0.2333309613637482, "91": 0.2333309613637482, "92": 0.2333309613637482, "93": 0.2333309613637482, "94": 0.2333309613637482, "95": 0.2333309613637482, "96": 0.2333309613637482, "97": 0.2333309613637482, "98": 0.2333309613637482, "99": 0.2333309613637482, "100": 0.2333309613637482}