{"0": 18.873324534422082, "1": 4.964240641266697, "2": 4.964240641266697, "3": 4.964240641266697, "4": 4.964240641266697, "5": 4.964240641266697, "6": 4.964240641266697, "7": 4.964240641266697, "8": 4.295743482594563, "9": 4.295743482594563, "10": 4.295743482594563, "11": 4.295743482594563, "12": 4.295743482594563, "13": 4.295743482594563, "14": 4.295743482594563, "15": 4.295743482594563, "16": 4.295743482594563, "17": 4.295743482594563, "18": 4.295743482594563, "19": 4.295743482594563, "20": 4.295743482594563, "21": 4.295743482594563, "22": 4.295743482594563, "23": 4.295743482594563, "24": 2.4944008477893433, "25": 2.4944008477893433, "26": 1.4794858267738107, "27": 1.4794858267738107, "28": 1.4794858267738107, "29": 1.4794858267738107, "30": 1.4794858267738107, "31": 0.7162870315329499, "32": 0.7162870315329499, "33": 0.7162870315329499, "34": 0.7162870315329499, "35": 0.7162870315329499, "36": 0.7162870315329499, "37": 0.7162870315329499, "38": 0.7162870315329499, "39": 0.7162870315329499, "40": 0.7162870315329499, "41": 0.7162870315329499, "42": 0.7162870315329499, "43": 0.7162870315329499, "44": 0.7162870315329499, "45": 0.7162870315329499, "46": 0.7162870315329499, "47": 0.7162870315329499, "48": 0.7162870315329499, "49": 0.7162870315329499, "50": 0.7162870315329499, "51": 0.7162870315329499, "52": 0.7162870315329499, "53": 0.7162870315329499, "54": 0.7162870315329499, "55": 0.7162870315329499, "56": 0.7162870315329499, "57": 0.7162870315329499, "58": 0.7162870315329499, "59": 0.7162870315329499, "60": 0.7162870315329499, "61": 0.7162870315329499, "62": 0.7162870315329499, "63": 0.7162870315329499, "64": 0.7162870315329499, "65": 0.7162870315329499, "66": 0.20899301142181415, "67": 0.20899301142181415, "68": 0.20899301142181415, "69": 0.20899301142181415, "70": 0.20899301142181415, "71": 0.20899301142181415, "72": 0.20899301142181415, "73": 0.20899301142181415, "74": 0.20899301142181415, "75": 0.20899301142181415, "76": 0.20899301142181415, "77": 0.20899301142181415, "78": 0.20899301142181415, "79": 0.20899301142181415, "80": 0.20899301142181415, "81": 0.20899301142181415, "82": 0.20899301142181415, "83": 0.20899301142181415, "84": 0.20899301142181415, "85": 0.20899301142181415, "86": 0.20899301142181415, "87": 0.20899301142181415, "88": 0.20899301142181415, "89": 0.20899301142181415, "90": 0.20899301142181415, "91": 0.20899301142181415, "92": 0.20899301142181415, "93": 0.20899301142181415, "94": 0.20899301142181415, "95": 0.20899301142181415, "96": 0.20899301142181415, "97": 0.20899301142181415, "98": 0.20899301142181415, "99": 0.20899301142181415, "100": 0.20899301142181415}