{"0": 29.786462494169655, "1": 13.025988113809401, "2": 11.31571863372942, "3": 5.18686485522371, "4": 5.18686485522371, "5": 5.18686485522371, "6": 5.18686485522371, "7": 5.18686485522371, "8": 5.068504440663958, "9": 3.141266634794462, "10": 3.141266634794462, "11": 3.141266634794462, "12": 3.141266634794462, "13": 3.141266634794462, "14": 3.141266634794462, "15": 3.141266634794462, "16": 3.141266634794462, "17": 3.141266634794462, "18": 3.141266634794462, "19": 2.958550005302641, "20": 2.958550005302641, "21": 1.4849879489081417, "22": 1.1762605556551264, "23": 1.1762605556551264, "24": 1.1762605556551264, "25": 1.0807032019916392, "26": 1.0807032019916392, "27": 1.0807032019916392, "28": 1.0807032019916392, "29": 1.0807032019916392, "30": 1.0807032019916392, "31": 1.0807032019916392, "32": 1.0807032019916392, "33": 1.0807032019916392, "34": 1.0807032019916392, "35": 1.0807032019916392, "36": 1.0807032019916392, "37": 1.0807032019916392, "38": 1.0807032019916392, "39": 1.0807032019916392, "40": 1.0807032019916392, "41": 1.0807032019916392, "42": 1.0807032019916392, "43": 1.0807032019916392, "44": 1.0807032019916392, "45": 1.0807032019916392, "46": 1.0807032019916392, "47": 1.0807032019916392, "48": 1.0807032019916392, "49": 1.0807032019916392, "50": 1.0807032019916392, "51": 1.052223292097512, "52": 1.052223292097512, "53": 1.052223292097512, "54": 1.052223292097512, "55": 1.052223292097512, "56": 1.052223292097512, "57": 1.052223292097512, "58": 1.052223292097512, "59": 1.052223292097512, "60": 1.052223292097512, "61": 1.052223292097512, "62": 1.052223292097512, "63": 1.052223292097512, "64": 1.052223292097512, "65": 1.052223292097512, "66": 1.052223292097512, "67": 1.052223292097512, "68": 1.052223292097512, "69": 0.5064446449636186, "70": 0.5064446449636186, "71": 0.5064446449636186, "72": 0.5064446449636186, "73": 0.5064446449636186, "74": 0.5064446449636186, "75": 0.5064446449636186, "76": 0.5064446449636186, "77": 0.5064446449636186, "78": 0.5064446449636186, "79": 0.5064446449636186, "80": 0.5064446449636186, "81": 0.5064446449636186, "82": 0.5064446449636186, "83": 0.5064446449636186, "84": 0.5064446449636186, "85": 0.5064446449636186, "86": 0.5064446449636186, "87": 0.5064446449636186, "88": 0.5064446449636186, "89": 0.5064446449636186, "90": 0.5064446449636186, "91": 0.5064446449636186, "92": 0.5064446449636186, "93": 0.5064446449636186, "94": 0.5064446449636186, "95": 0.5064446449636186, "96": 0.5064446449636186, "97": 0.5064446449636186, "98": 0.5064446449636186, "99": 0.5064446449636186, "100": 0.5064446449636186}