{"0": 27.906881494663256, "1": 2.6177665117317304, "2": 2.6177665117317304, "3": 2.6177665117317304, "4": 2.6177665117317304, "5": 2.6177665117317304, "6": 2.6177665117317304, "7": 2.4503760368846876, "8": 2.4503760368846876, "9": 2.4503760368846876, "10": 2.4503760368846876, "11": 0.26053972866344566, "12": 0.26053972866344566, "13": 0.26053972866344566, "14": 0.26053972866344566, "15": 0.26053972866344566, "16": 0.26053972866344566, "17": 0.26053972866344566, "18": 0.26053972866344566, "19": 0.26053972866344566, "20": 0.26053972866344566, "21": 0.26053972866344566, "22": 0.26053972866344566, "23": 0.26053972866344566, "24": 0.26053972866344566, "25": 0.26053972866344566, "26": 0.26053972866344566, "27": 0.26053972866344566, "28": 0.26053972866344566, "29": 0.26053972866344566, "30": 0.26053972866344566, "31": 0.26053972866344566, "32": 0.26053972866344566, "33": 0.26053972866344566, "34": 0.26053972866344566, "35": 0.26053972866344566, "36": 0.04868863000116619, "37": 0.04868863000116619, "38": 0.04868863000116619, "39": 0.04868863000116619, "40": 0.04868863000116619, "41": 0.04868863000116619, "42": 0.04868863000116619, "43": 0.04868863000116619, "44": 0.04868863000116619, "45": 0.04868863000116619, "46": 0.04868863000116619, "47": 0.04868863000116619, "48": 0.04868863000116619, "49": 0.04868863000116619, "50": 0.04868863000116619, "51": 0.04868863000116619, "52": 0.04868863000116619, "53": 0.04868863000116619, "54": 0.04868863000116619, "55": 0.04868863000116619, "56": 0.04868863000116619, "57": 0.04868863000116619, "58": 0.04868863000116619, "59": 0.04868863000116619, "60": 0.04868863000116619, "61": 0.04868863000116619, "62": 0.04868863000116619, "63": 0.04868863000116619, "64": 0.04868863000116619, "65": 0.04868863000116619, "66": 0.04868863000116619, "67": 0.04868863000116619, "68": 0.04868863000116619, "69": 0.04868863000116619, "70": 0.04868863000116619, "71": 0.04868863000116619, "72": 0.04868863000116619, "73": 0.04868863000116619, "74": 0.04868863000116619, "75": 0.04868863000116619, "76": 0.04868863000116619, "77": 0.04868863000116619, "78": 0.04868863000116619, "79": 0.04868863000116619, "80": 0.04868863000116619, "81": 0.04868863000116619, "82": 0.04868863000116619, "83": 0.04868863000116619, "84": 0.04868863000116619, "85": 0.04868863000116619, "86": 0.04868863000116619, "87": 0.04868863000116619, "88": 0.04868863000116619, "89": 0.04868863000116619, "90": 0.04868863000116619, "91": 0.04868863000116619, "92": 0.04868863000116619, "93": 0.04868863000116619, "94": 0.04868863000116619, "95": 0.04868863000116619, "96": 0.04868863000116619, "97": 0.04868863000116619, "98": 0.04868863000116619, "99": 0.04868863000116619, "100": 0.04868863000116619}