{"0": 18.76231625531657, "1": 10.517164353301354, "2": 10.517164353301354, "3": 10.517164353301354, "4": 9.983194974312052, "5": 9.983194974312052, "6": 5.318454826276614, "7": 5.318454826276614, "8": 1.9432536279334016, "9": 1.9432536279334016, "10": 1.9432536279334016, "11": 1.9432536279334016, "12": 1.9432536279334016, "13": 1.9432536279334016, "14": 1.9432536279334016, "15": 1.9432536279334016, "16": 1.9432536279334016, "17": 1.9432536279334016, "18": 1.9432536279334016, "19": 1.9432536279334016, "20": 1.9432536279334016, "21": 1.9432536279334016, "22": 1.6150899860995693, "23": 1.6150899860995693, "24": 1.6150899860995693, "25": 1.6150899860995693, "26": 1.6150899860995693, "27": 1.6150899860995693, "28": 1.6150899860995693, "29": 1.6150899860995693, "30": 1.6150899860995693, "31": 1.6150899860995693, "32": 1.5791324948064442, "33": 1.3520792189713795, "34": 1.3520792189713795, "35": 1.3520792189713795, "36": 1.3520792189713795, "37": 1.3520792189713795, "38": 1.3520792189713795, "39": 1.3520792189713795, "40": 1.3520792189713795, "41": 1.3520792189713795, "42": 1.3520792189713795, "43": 1.3520792189713795, "44": 1.3520792189713795, "45": 1.3520792189713795, "46": 1.3520792189713795, "47": 1.3520792189713795, "48": 1.3520792189713795, "49": 1.3520792189713795, "50": 0.6780285001437569, "51": 0.6780285001437569, "52": 0.6780285001437569, "53": 0.6780285001437569, "54": 0.6780285001437569, "55": 0.6780285001437569, "56": 0.6780285001437569, "57": 0.6780285001437569, "58": 0.6780285001437569, "59": 0.6780285001437569, "60": 0.6780285001437569, "61": 0.6780285001437569, "62": 0.6780285001437569, "63": 0.6780285001437569, "64": 0.6780285001437569, "65": 0.6780285001437569, "66": 0.6780285001437569, "67": 0.6780285001437569, "68": 0.6780285001437569, "69": 0.6780285001437569, "70": 0.6780285001437569, "71": 0.6780285001437569, "72": 0.6780285001437569, "73": 0.6780285001437569, "74": 0.6780285001437569, "75": 0.6780285001437569, "76": 0.6780285001437569, "77": 0.6780285001437569, "78": 0.6780285001437569, "79": 0.6780285001437569, "80": 0.6780285001437569, "81": 0.6780285001437569, "82": 0.6780285001437569, "83": 0.6780285001437569, "84": 0.6780285001437569, "85": 0.6780285001437569, "86": 0.6780285001437569, "87": 0.6780285001437569, "88": 0.6780285001437569, "89": 0.6780285001437569, "90": 0.6780285001437569, "91": 0.6780285001437569, "92": 0.6780285001437569, "93": 0.6780285001437569, "94": 0.6780285001437569, "95": 0.6780285001437569, "96": 0.6780285001437569, "97": 0.6780285001437569, "98": 0.6780285001437569, "99": 0.6780285001437569, "100": 0.6780285001437569}