{"0": 13.20467404808149, "1": 13.20467404808149, "2": 13.20467404808149, "3": 13.20467404808149, "4": 13.20467404808149, "5": 2.580347864586635, "6": 2.580347864586635, "7": 2.580347864586635, "8": 2.580347864586635, "9": 2.580347864586635, "10": 2.580347864586635, "11": 2.580347864586635, "12": 2.580347864586635, "13": 2.580347864586635, "14": 2.580347864586635, "15": 2.580347864586635, "16": 2.580347864586635, "17": 1.5460192012099654, "18": 1.5460192012099654, "19": 1.5460192012099654, "20": 1.5460192012099654, "21": 1.5460192012099654, "22": 1.5460192012099654, "23": 1.5460192012099654, "24": 1.5460192012099654, "25": 1.5460192012099654, "26": 1.5460192012099654, "27": 1.5460192012099654, "28": 1.5460192012099654, "29": 1.5460192012099654, "30": 1.2865710662960694, "31": 1.2865710662960694, "32": 1.2865710662960694, "33": 1.2865710662960694, "34": 1.2865710662960694, "35": 1.2865710662960694, "36": 1.2865710662960694, "37": 1.2865710662960694, "38": 1.2865710662960694, "39": 1.2865710662960694, "40": 0.45194517734761774, "41": 0.45194517734761774, "42": 0.45194517734761774, "43": 0.45194517734761774, "44": 0.45194517734761774, "45": 0.45194517734761774, "46": 0.409045333322716, "47": 0.409045333322716, "48": 0.409045333322716, "49": 0.409045333322716, "50": 0.409045333322716, "51": 0.409045333322716, "52": 0.409045333322716, "53": 0.409045333322716, "54": 0.409045333322716, "55": 0.409045333322716, "56": 0.409045333322716, "57": 0.409045333322716, "58": 0.409045333322716, "59": 0.409045333322716, "60": 0.409045333322716, "61": 0.409045333322716, "62": 0.409045333322716, "63": 0.409045333322716, "64": 0.409045333322716, "65": 0.409045333322716, "66": 0.409045333322716, "67": 0.409045333322716, "68": 0.409045333322716, "69": 0.409045333322716, "70": 0.409045333322716, "71": 0.409045333322716, "72": 0.409045333322716, "73": 0.409045333322716, "74": 0.409045333322716, "75": 0.409045333322716, "76": 0.409045333322716, "77": 0.409045333322716, "78": 0.409045333322716, "79": 0.409045333322716, "80": 0.409045333322716, "81": 0.409045333322716, "82": 0.409045333322716, "83": 0.409045333322716, "84": 0.409045333322716, "85": 0.409045333322716, "86": 0.409045333322716, "87": 0.409045333322716, "88": 0.409045333322716, "89": 0.409045333322716, "90": 0.409045333322716, "91": 0.409045333322716, "92": 0.409045333322716, "93": 0.409045333322716, "94": 0.409045333322716, "95": 0.409045333322716, "96": 0.409045333322716, "97": 0.409045333322716, "98": 0.409045333322716, "99": 0.409045333322716, "100": 0.409045333322716}