{"0": 14.263458344907122, "1": 3.6563645224426544, "2": 3.6563645224426544, "3": 3.6563645224426544, "4": 3.6563645224426544, "5": 3.6563645224426544, "6": 3.6563645224426544, "7": 3.6563645224426544, "8": 3.6563645224426544, "9": 3.6563645224426544, "10": 3.6563645224426544, "11": 2.967472250877101, "12": 2.967472250877101, "13": 2.967472250877101, "14": 2.967472250877101, "15": 1.848546403838263, "16": 1.848546403838263, "17": 1.848546403838263, "18": 1.848546403838263, "19": 1.848546403838263, "20": 1.848546403838263, "21": 1.848546403838263, "22": 1.848546403838263, "23": 1.848546403838263, "24": 1.848546403838263, "25": 1.848546403838263, "26": 1.848546403838263, "27": 1.848546403838263, "28": 1.848546403838263, "29": 1.848546403838263, "30": 1.848546403838263, "31": 1.848546403838263, "32": 1.848546403838263, "33": 1.848546403838263, "34": 1.2743092237009819, "35": 1.2743092237009819, "36": 1.2743092237009819, "37": 1.2743092237009819, "38": 1.2743092237009819, "39": 1.2743092237009819, "40": 1.2743092237009819, "41": 1.2743092237009819, "42": 1.2743092237009819, "43": 1.2743092237009819, "44": 1.2743092237009819, "45": 1.2743092237009819, "46": 1.2743092237009819, "47": 1.2743092237009819, "48": 1.2743092237009819, "49": 0.29198621296794514, "50": 0.29198621296794514, "51": 0.29198621296794514, "52": 0.29198621296794514, "53": 0.29198621296794514, "54": 0.29198621296794514, "55": 0.29198621296794514, "56": 0.29198621296794514, "57": 0.29198621296794514, "58": 0.29198621296794514, "59": 0.29198621296794514, "60": 0.29198621296794514, "61": 0.29198621296794514, "62": 0.29198621296794514, "63": 0.29198621296794514, "64": 0.29198621296794514, "65": 0.29198621296794514, "66": 0.29198621296794514, "67": 0.29198621296794514, "68": 0.29198621296794514, "69": 0.29198621296794514, "70": 0.29198621296794514, "71": 0.29198621296794514, "72": 0.29198621296794514, "73": 0.29198621296794514, "74": 0.29198621296794514, "75": 0.29198621296794514, "76": 0.29198621296794514, "77": 0.29198621296794514, "78": 0.29198621296794514, "79": 0.29198621296794514, "80": 0.29198621296794514, "81": 0.29198621296794514, "82": 0.29198621296794514, "83": 0.29198621296794514, "84": 0.29198621296794514, "85": 0.29198621296794514, "86": 0.29198621296794514, "87": 0.29198621296794514, "88": 0.29198621296794514, "89": 0.29198621296794514, "90": 0.29198621296794514, "91": 0.29198621296794514, "92": 0.29198621296794514, "93": 0.29198621296794514, "94": 0.29198621296794514, "95": 0.29198621296794514, "96": 0.29198621296794514, "97": 0.29198621296794514, "98": 0.29198621296794514, "99": 0.29198621296794514, "100": 0.29198621296794514}