{"0": 11.23087743779475, "1": 11.23087743779475, "2": 11.23087743779475, "3": 11.23087743779475, "4": 11.23087743779475, "5": 11.23087743779475, "6": 11.23087743779475, "7": 11.23087743779475, "8": 11.23087743779475, "9": 11.23087743779475, "10": 11.23087743779475, "11": 5.164846246571344, "12": 1.1584534397520443, "13": 1.1584534397520443, "14": 1.1584534397520443, "15": 1.1584534397520443, "16": 1.1584534397520443, "17": 1.1584534397520443, "18": 1.1584534397520443, "19": 1.1584534397520443, "20": 1.1584534397520443, "21": 1.1584534397520443, "22": 1.1584534397520443, "23": 1.1584534397520443, "24": 1.1523849526321648, "25": 1.1523849526321648, "26": 1.1523849526321648, "27": 1.1523849526321648, "28": 1.1179688598711053, "29": 1.1179688598711053, "30": 1.1179688598711053, "31": 1.1179688598711053, "32": 1.1179688598711053, "33": 1.1179688598711053, "34": 1.1179688598711053, "35": 1.1179688598711053, "36": 1.1179688598711053, "37": 1.1179688598711053, "38": 1.1179688598711053, "39": 1.082510544782302, "40": 1.082510544782302, "41": 1.082510544782302, "42": 1.082510544782302, "43": 1.082510544782302, "44": 1.082510544782302, "45": 1.082510544782302, "46": 1.082510544782302, "47": 1.082510544782302, "48": 1.082510544782302, "49": 1.082510544782302, "50": 1.082510544782302, "51": 1.082510544782302, "52": 1.082510544782302, "53": 1.082510544782302, "54": 1.082510544782302, "55": 1.082510544782302, "56": 1.082510544782302, "57": 1.082510544782302, "58": 1.082510544782302, "59": 1.082510544782302, "60": 1.082510544782302, "61": 1.082510544782302, "62": 1.082510544782302, "63": 1.082510544782302, "64": 1.082510544782302, "65": 1.082510544782302, "66": 1.082510544782302, "67": 1.082510544782302, "68": 1.082510544782302, "69": 1.082510544782302, "70": 1.082510544782302, "71": 1.082510544782302, "72": 1.082510544782302, "73": 1.082510544782302, "74": 1.082510544782302, "75": 1.082510544782302, "76": 1.082510544782302, "77": 1.082510544782302, "78": 1.082510544782302, "79": 1.082510544782302, "80": 1.082510544782302, "81": 1.082510544782302, "82": 1.082510544782302, "83": 1.082510544782302, "84": 1.082510544782302, "85": 1.082510544782302, "86": 1.082510544782302, "87": 1.082510544782302, "88": 1.082510544782302, "89": 1.082510544782302, "90": 1.082510544782302, "91": 1.082510544782302, "92": 1.082510544782302, "93": 1.082510544782302, "94": 1.082510544782302, "95": 1.082510544782302, "96": 1.082510544782302, "97": 1.082510544782302, "98": 1.082510544782302, "99": 1.082510544782302, "100": 1.082510544782302}