{"0": 10.438936066575868, "1": 10.438936066575868, "2": 10.438936066575868, "3": 10.438936066575868, "4": 10.438936066575868, "5": 6.855962145972242, "6": 6.855962145972242, "7": 6.855962145972242, "8": 1.859865932612287, "9": 1.859865932612287, "10": 1.859865932612287, "11": 1.859865932612287, "12": 1.859865932612287, "13": 1.859865932612287, "14": 1.859865932612287, "15": 1.1697930459734778, "16": 1.0155706678757213, "17": 1.0155706678757213, "18": 1.0155706678757213, "19": 1.0155706678757213, "20": 1.0155706678757213, "21": 1.0155706678757213, "22": 1.0155706678757213, "23": 0.12222444515870734, "24": 0.12222444515870734, "25": 0.12222444515870734, "26": 0.12222444515870734, "27": 0.12222444515870734, "28": 0.12222444515870734, "29": 0.12222444515870734, "30": 0.12222444515870734, "31": 0.12222444515870734, "32": 0.12222444515870734, "33": 0.12222444515870734, "34": 0.12222444515870734, "35": 0.12222444515870734, "36": 0.12222444515870734, "37": 0.12222444515870734, "38": 0.12222444515870734, "39": 0.12222444515870734, "40": 0.12222444515870734, "41": 0.12222444515870734, "42": 0.12222444515870734, "43": 0.12222444515870734, "44": 0.12222444515870734, "45": 0.12222444515870734, "46": 0.12222444515870734, "47": 0.12222444515870734, "48": 0.12222444515870734, "49": 0.12222444515870734, "50": 0.12222444515870734, "51": 0.12222444515870734, "52": 0.12222444515870734, "53": 0.12222444515870734, "54": 0.12222444515870734, "55": 0.12222444515870734, "56": 0.12222444515870734, "57": 0.12222444515870734, "58": 0.12222444515870734, "59": 0.12222444515870734, "60": 0.12222444515870734, "61": 0.12222444515870734, "62": 0.12222444515870734, "63": 0.12222444515870734, "64": 0.12222444515870734, "65": 0.12222444515870734, "66": 0.12222444515870734, "67": 0.12222444515870734, "68": 0.12222444515870734, "69": 0.12222444515870734, "70": 0.12222444515870734, "71": 0.12222444515870734, "72": 0.12222444515870734, "73": 0.12222444515870734, "74": 0.12222444515870734, "75": 0.12222444515870734, "76": 0.12222444515870734, "77": 0.12222444515870734, "78": 0.12222444515870734, "79": 0.12222444515870734, "80": 0.12222444515870734, "81": 0.12222444515870734, "82": 0.12222444515870734, "83": 0.12222444515870734, "84": 0.12222444515870734, "85": 0.12222444515870734, "86": 0.12222444515870734, "87": 0.12222444515870734, "88": 0.12222444515870734, "89": 0.12222444515870734, "90": 0.12222444515870734, "91": 0.12222444515870734, "92": 0.12222444515870734, "93": 0.12222444515870734, "94": 0.12222444515870734, "95": 0.12222444515870734, "96": 0.12222444515870734, "97": 0.12222444515870734, "98": 0.12222444515870734, "99": 0.12222444515870734, "100": 0.12222444515870734}