{"0": 27.743818399915778, "1": 21.64125532374294, "2": 9.991400727961365, "3": 9.991400727961365, "4": 2.367252347190977, "5": 2.367252347190977, "6": 2.367252347190977, "7": 2.367252347190977, "8": 2.367252347190977, "9": 2.205559129470881, "10": 2.205559129470881, "11": 2.205559129470881, "12": 2.205559129470881, "13": 2.205559129470881, "14": 2.205559129470881, "15": 2.205559129470881, "16": 2.205559129470881, "17": 1.599116112670984, "18": 1.599116112670984, "19": 1.599116112670984, "20": 1.599116112670984, "21": 1.599116112670984, "22": 1.3800889679011803, "23": 1.3800889679011803, "24": 1.3800889679011803, "25": 1.3800889679011803, "26": 1.3800889679011803, "27": 1.3800889679011803, "28": 1.3800889679011803, "29": 1.3800889679011803, "30": 1.3800889679011803, "31": 1.3800889679011803, "32": 1.3800889679011803, "33": 1.3800889679011803, "34": 1.3800889679011803, "35": 1.3800889679011803, "36": 1.3800889679011803, "37": 1.3800889679011803, "38": 1.3800889679011803, "39": 1.3800889679011803, "40": 1.3800889679011803, "41": 1.3800889679011803, "42": 1.3800889679011803, "43": 1.3800889679011803, "44": 1.3800889679011803, "45": 1.3800889679011803, "46": 1.3800889679011803, "47": 1.3800889679011803, "48": 1.3800889679011803, "49": 1.3800889679011803, "50": 1.3800889679011803, "51": 1.3800889679011803, "52": 1.3800889679011803, "53": 1.3800889679011803, "54": 1.3800889679011803, "55": 1.3800889679011803, "56": 0.00507258230612706, "57": 0.00507258230612706, "58": 0.00507258230612706, "59": 0.00507258230612706, "60": 0.00507258230612706, "61": 0.00507258230612706, "62": 0.00507258230612706, "63": 0.00507258230612706, "64": 0.00507258230612706, "65": 0.00507258230612706, "66": 0.00507258230612706, "67": 0.00507258230612706, "68": 0.00507258230612706, "69": 0.00507258230612706, "70": 0.00507258230612706, "71": 0.00507258230612706, "72": 0.00507258230612706, "73": 0.00507258230612706, "74": 0.00507258230612706, "75": 0.00507258230612706, "76": 0.00507258230612706, "77": 0.00507258230612706, "78": 0.00507258230612706, "79": 0.00507258230612706, "80": 0.00507258230612706, "81": 0.00507258230612706, "82": 0.00507258230612706, "83": 0.00507258230612706, "84": 0.00507258230612706, "85": 0.00507258230612706, "86": 0.00507258230612706, "87": 0.00507258230612706, "88": 0.00507258230612706, "89": 0.00507258230612706, "90": 0.00507258230612706, "91": 0.00507258230612706, "92": 0.00507258230612706, "93": 0.00507258230612706, "94": 0.00507258230612706, "95": 0.00507258230612706, "96": 0.00507258230612706, "97": 0.00507258230612706, "98": 0.00507258230612706, "99": 0.00507258230612706, "100": 0.00507258230612706}