{"0": 17.62798310727429, "1": 17.62798310727429, "2": 8.968107582453456, "3": 6.759427750168401, "4": 6.729892349486256, "5": 6.729892349486256, "6": 6.729892349486256, "7": 6.116718893130933, "8": 6.116718893130933, "9": 6.116718893130933, "10": 4.152484156396238, "11": 3.4919209718063655, "12": 3.4919209718063655, "13": 0.8493841423703188, "14": 0.8493841423703188, "15": 0.8493841423703188, "16": 0.8493841423703188, "17": 0.8493841423703188, "18": 0.8493841423703188, "19": 0.8493841423703188, "20": 0.8493841423703188, "21": 0.8493841423703188, "22": 0.8493841423703188, "23": 0.8493841423703188, "24": 0.8493841423703188, "25": 0.8493841423703188, "26": 0.8493841423703188, "27": 0.8493841423703188, "28": 0.8493841423703188, "29": 0.8493841423703188, "30": 0.8493841423703188, "31": 0.8493841423703188, "32": 0.8493841423703188, "33": 0.8493841423703188, "34": 0.8493841423703188, "35": 0.8493841423703188, "36": 0.8493841423703188, "37": 0.8493841423703188, "38": 0.8493841423703188, "39": 0.8493841423703188, "40": 0.8493841423703188, "41": 0.8493841423703188, "42": 0.8493841423703188, "43": 0.8493841423703188, "44": 0.8493841423703188, "45": 0.8493841423703188, "46": 0.8493841423703188, "47": 0.8493841423703188, "48": 0.8493841423703188, "49": 0.8493841423703188, "50": 0.8493841423703188, "51": 0.8493841423703188, "52": 0.8493841423703188, "53": 0.8493841423703188, "54": 0.8493841423703188, "55": 0.8493841423703188, "56": 0.8493841423703188, "57": 0.8493841423703188, "58": 0.8493841423703188, "59": 0.8493841423703188, "60": 0.8493841423703188, "61": 0.8493841423703188, "62": 0.8493841423703188, "63": 0.8493841423703188, "64": 0.8493841423703188, "65": 0.8493841423703188, "66": 0.8493841423703188, "67": 0.8493841423703188, "68": 0.8493841423703188, "69": 0.8493841423703188, "70": 0.8493841423703188, "71": 0.8493841423703188, "72": 0.8493841423703188, "73": 0.8493841423703188, "74": 0.8493841423703188, "75": 0.8493841423703188, "76": 0.8493841423703188, "77": 0.8493841423703188, "78": 0.8493841423703188, "79": 0.8493841423703188, "80": 0.8493841423703188, "81": 0.8493841423703188, "82": 0.8493841423703188, "83": 0.8493841423703188, "84": 0.8493841423703188, "85": 0.8493841423703188, "86": 0.8493841423703188, "87": 0.8493841423703188, "88": 0.8493841423703188, "89": 0.8493841423703188, "90": 0.8493841423703188, "91": 0.8493841423703188, "92": 0.8493841423703188, "93": 0.8493841423703188, "94": 0.8493841423703188, "95": 0.8493841423703188, "96": 0.8493841423703188, "97": 0.8493841423703188, "98": 0.8493841423703188, "99": 0.8493841423703188, "100": 0.8493841423703188}