{"0": 23.15606821594194, "1": 5.769054067890412, "2": 5.769054067890412, "3": 0.7365322909306187, "4": 0.7365322909306187, "5": 0.7365322909306187, "6": 0.7365322909306187, "7": 0.7365322909306187, "8": 0.7365322909306187, "9": 0.7365322909306187, "10": 0.7365322909306187, "11": 0.7365322909306187, "12": 0.7365322909306187, "13": 0.7365322909306187, "14": 0.7365322909306187, "15": 0.7365322909306187, "16": 0.034162359859443825, "17": 0.034162359859443825, "18": 0.034162359859443825, "19": 0.034162359859443825, "20": 0.034162359859443825, "21": 0.034162359859443825, "22": 0.034162359859443825, "23": 0.034162359859443825, "24": 0.034162359859443825, "25": 0.034162359859443825, "26": 0.034162359859443825, "27": 0.034162359859443825, "28": 0.034162359859443825, "29": 0.034162359859443825, "30": 0.034162359859443825, "31": 0.034162359859443825, "32": 0.034162359859443825, "33": 0.034162359859443825, "34": 0.034162359859443825, "35": 0.034162359859443825, "36": 0.034162359859443825, "37": 0.034162359859443825, "38": 0.034162359859443825, "39": 0.034162359859443825, "40": 0.034162359859443825, "41": 0.034162359859443825, "42": 0.034162359859443825, "43": 0.034162359859443825, "44": 0.034162359859443825, "45": 0.034162359859443825, "46": 0.034162359859443825, "47": 0.034162359859443825, "48": 0.034162359859443825, "49": 0.034162359859443825, "50": 0.034162359859443825, "51": 0.034162359859443825, "52": 0.034162359859443825, "53": 0.034162359859443825, "54": 0.034162359859443825, "55": 0.034162359859443825, "56": 0.034162359859443825, "57": 0.034162359859443825, "58": 0.034162359859443825, "59": 0.034162359859443825, "60": 0.034162359859443825, "61": 0.034162359859443825, "62": 0.034162359859443825, "63": 0.034162359859443825, "64": 0.034162359859443825, "65": 0.034162359859443825, "66": 0.034162359859443825, "67": 0.034162359859443825, "68": 0.034162359859443825, "69": 0.034162359859443825, "70": 0.034162359859443825, "71": 0.034162359859443825, "72": 0.034162359859443825, "73": 0.034162359859443825, "74": 0.034162359859443825, "75": 0.034162359859443825, "76": 0.034162359859443825, "77": 0.034162359859443825, "78": 0.034162359859443825, "79": 0.034162359859443825, "80": 0.034162359859443825, "81": 0.034162359859443825, "82": 0.034162359859443825, "83": 0.034162359859443825, "84": 0.034162359859443825, "85": 0.034162359859443825, "86": 0.034162359859443825, "87": 0.034162359859443825, "88": 0.034162359859443825, "89": 0.034162359859443825, "90": 0.034162359859443825, "91": 0.034162359859443825, "92": 0.034162359859443825, "93": 0.034162359859443825, "94": 0.034162359859443825, "95": 0.034162359859443825, "96": 0.034162359859443825, "97": 0.034162359859443825, "98": 0.034162359859443825, "99": 0.034162359859443825, "100": 0.034162359859443825}