{"0": 18.794003693132534, "1": 5.510007815610608, "2": 5.510007815610608, "3": 5.510007815610608, "4": 2.437514253173088, "5": 2.437514253173088, "6": 2.437514253173088, "7": 2.437514253173088, "8": 2.437514253173088, "9": 2.437514253173088, "10": 2.437514253173088, "11": 2.437514253173088, "12": 2.437514253173088, "13": 2.437514253173088, "14": 2.437514253173088, "15": 2.437514253173088, "16": 2.1745538159575517, "17": 2.1745538159575517, "18": 2.1745538159575517, "19": 2.1745538159575517, "20": 2.1745538159575517, "21": 2.1745538159575517, "22": 1.8096964997751783, "23": 1.8096964997751783, "24": 1.8096964997751783, "25": 1.8096964997751783, "26": 1.8096964997751783, "27": 1.8096964997751783, "28": 1.8096964997751783, "29": 1.8096964997751783, "30": 1.8096964997751783, "31": 1.6727972570846603, "32": 1.6727972570846603, "33": 1.6727972570846603, "34": 1.6727972570846603, "35": 1.6727972570846603, "36": 1.348075234367748, "37": 1.348075234367748, "38": 1.348075234367748, "39": 1.348075234367748, "40": 1.348075234367748, "41": 1.348075234367748, "42": 1.348075234367748, "43": 1.348075234367748, "44": 1.348075234367748, "45": 1.348075234367748, "46": 1.2102342236111348, "47": 1.2102342236111348, "48": 1.2102342236111348, "49": 1.2102342236111348, "50": 1.2102342236111348, "51": 1.2102342236111348, "52": 1.2102342236111348, "53": 1.2102342236111348, "54": 1.2102342236111348, "55": 1.2102342236111348, "56": 1.2102342236111348, "57": 1.2102342236111348, "58": 1.2102342236111348, "59": 1.2102342236111348, "60": 1.2102342236111348, "61": 1.2102342236111348, "62": 1.2102342236111348, "63": 1.2102342236111348, "64": 1.2102342236111348, "65": 1.2102342236111348, "66": 1.2102342236111348, "67": 1.2102342236111348, "68": 1.2102342236111348, "69": 1.2102342236111348, "70": 1.2102342236111348, "71": 1.2102342236111348, "72": 1.2102342236111348, "73": 1.2102342236111348, "74": 1.2102342236111348, "75": 1.2102342236111348, "76": 1.2102342236111348, "77": 1.2102342236111348, "78": 1.2102342236111348, "79": 1.2102342236111348, "80": 1.2102342236111348, "81": 1.2102342236111348, "82": 1.2102342236111348, "83": 1.2102342236111348, "84": 1.2102342236111348, "85": 1.2102342236111348, "86": 1.2102342236111348, "87": 1.2102342236111348, "88": 1.2102342236111348, "89": 1.2102342236111348, "90": 1.2102342236111348, "91": 1.2102342236111348, "92": 1.2102342236111348, "93": 1.2102342236111348, "94": 1.2102342236111348, "95": 1.2102342236111348, "96": 1.2102342236111348, "97": 1.2102342236111348, "98": 1.2102342236111348, "99": 1.2102342236111348, "100": 1.2102342236111348}