{"0": 21.579401713865643, "1": 12.693885581353555, "2": 12.693885581353555, "3": 7.756529990993002, "4": 7.756529990993002, "5": 7.756529990993002, "6": 4.008145740802792, "7": 4.008145740802792, "8": 4.008145740802792, "9": 4.008145740802792, "10": 4.008145740802792, "11": 4.008145740802792, "12": 4.008145740802792, "13": 4.008145740802792, "14": 4.008145740802792, "15": 2.1143369398070533, "16": 2.1143369398070533, "17": 2.1001551839395773, "18": 1.489070695110378, "19": 1.489070695110378, "20": 1.489070695110378, "21": 1.2495718546638557, "22": 1.2495718546638557, "23": 1.2495718546638557, "24": 1.2495718546638557, "25": 1.2495718546638557, "26": 1.2495718546638557, "27": 1.2495718546638557, "28": 1.2495718546638557, "29": 1.2495718546638557, "30": 1.2495718546638557, "31": 1.2495718546638557, "32": 1.2495718546638557, "33": 1.1312299327336603, "34": 1.1312299327336603, "35": 1.1312299327336603, "36": 1.1312299327336603, "37": 1.1312299327336603, "38": 1.1312299327336603, "39": 1.1312299327336603, "40": 1.1312299327336603, "41": 1.1312299327336603, "42": 1.1312299327336603, "43": 1.1312299327336603, "44": 1.1312299327336603, "45": 1.1312299327336603, "46": 1.1312299327336603, "47": 1.1312299327336603, "48": 1.1312299327336603, "49": 1.1312299327336603, "50": 1.1312299327336603, "51": 1.1312299327336603, "52": 1.0768917813229848, "53": 1.0768917813229848, "54": 1.0768917813229848, "55": 1.0768917813229848, "56": 1.0768917813229848, "57": 1.0768917813229848, "58": 1.0768917813229848, "59": 1.0768917813229848, "60": 0.2611647693949237, "61": 0.2611647693949237, "62": 0.2611647693949237, "63": 0.2611647693949237, "64": 0.2611647693949237, "65": 0.2611647693949237, "66": 0.2611647693949237, "67": 0.2611647693949237, "68": 0.2611647693949237, "69": 0.2611647693949237, "70": 0.2611647693949237, "71": 0.2611647693949237, "72": 0.2611647693949237, "73": 0.2611647693949237, "74": 0.2611647693949237, "75": 0.2611647693949237, "76": 0.2611647693949237, "77": 0.2611647693949237, "78": 0.2611647693949237, "79": 0.2611647693949237, "80": 0.2611647693949237, "81": 0.2611647693949237, "82": 0.2611647693949237, "83": 0.2611647693949237, "84": 0.2611647693949237, "85": 0.2611647693949237, "86": 0.2611647693949237, "87": 0.2611647693949237, "88": 0.2611647693949237, "89": 0.2611647693949237, "90": 0.2611647693949237, "91": 0.2611647693949237, "92": 0.2611647693949237, "93": 0.2611647693949237, "94": 0.2611647693949237, "95": 0.2611647693949237, "96": 0.2611647693949237, "97": 0.2611647693949237, "98": 0.2611647693949237, "99": 0.2611647693949237, "100": 0.2611647693949237}