{"0": 20.567972509406335, "1": 20.567972509406335, "2": 8.630670268167503, "3": 8.630670268167503, "4": 8.630670268167503, "5": 8.630670268167503, "6": 8.630670268167503, "7": 8.630670268167503, "8": 5.311240075255334, "9": 5.311240075255334, "10": 5.311240075255334, "11": 5.311240075255334, "12": 5.311240075255334, "13": 5.311240075255334, "14": 5.311240075255334, "15": 4.54254272864512, "16": 4.54254272864512, "17": 2.9206164789938143, "18": 2.9206164789938143, "19": 2.9206164789938143, "20": 2.9206164789938143, "21": 2.9206164789938143, "22": 2.9206164789938143, "23": 2.193513062467513, "24": 2.193513062467513, "25": 1.381537520352932, "26": 1.381537520352932, "27": 1.381537520352932, "28": 1.381537520352932, "29": 1.381537520352932, "30": 1.381537520352932, "31": 1.381537520352932, "32": 1.381537520352932, "33": 1.381537520352932, "34": 1.381537520352932, "35": 1.381537520352932, "36": 1.381537520352932, "37": 1.381537520352932, "38": 1.381537520352932, "39": 1.381537520352932, "40": 1.381537520352932, "41": 1.381537520352932, "42": 1.381537520352932, "43": 1.381537520352932, "44": 1.2542085810659387, "45": 1.2542085810659387, "46": 1.2542085810659387, "47": 1.2542085810659387, "48": 1.2542085810659387, "49": 1.2542085810659387, "50": 1.2542085810659387, "51": 1.2542085810659387, "52": 1.2542085810659387, "53": 1.2542085810659387, "54": 1.2542085810659387, "55": 1.2542085810659387, "56": 1.2542085810659387, "57": 1.2542085810659387, "58": 1.2542085810659387, "59": 1.2542085810659387, "60": 1.2542085810659387, "61": 1.2542085810659387, "62": 1.2542085810659387, "63": 1.2542085810659387, "64": 1.2542085810659387, "65": 1.2542085810659387, "66": 1.2542085810659387, "67": 1.2542085810659387, "68": 1.2542085810659387, "69": 1.2542085810659387, "70": 1.2542085810659387, "71": 1.2542085810659387, "72": 1.2542085810659387, "73": 1.2542085810659387, "74": 1.2542085810659387, "75": 1.2542085810659387, "76": 1.2542085810659387, "77": 1.2542085810659387, "78": 1.2542085810659387, "79": 1.2542085810659387, "80": 1.2542085810659387, "81": 1.2542085810659387, "82": 1.2542085810659387, "83": 1.2542085810659387, "84": 1.2542085810659387, "85": 1.2542085810659387, "86": 1.2542085810659387, "87": 1.2542085810659387, "88": 1.2542085810659387, "89": 1.2542085810659387, "90": 1.2542085810659387, "91": 1.2542085810659387, "92": 1.2542085810659387, "93": 1.2542085810659387, "94": 1.2542085810659387, "95": 1.2542085810659387, "96": 1.2542085810659387, "97": 1.2542085810659387, "98": 1.2542085810659387, "99": 0.015083700483845774, "100": 0.015083700483845774}