{"0": 15.400109526327729, "1": 15.400109526327729, "2": 7.344353438145218, "3": 7.344353438145218, "4": 7.344353438145218, "5": 5.780716907716355, "6": 5.780716907716355, "7": 5.780716907716355, "8": 5.780716907716355, "9": 5.780716907716355, "10": 2.382661078333829, "11": 2.382661078333829, "12": 2.382661078333829, "13": 2.382661078333829, "14": 2.382661078333829, "15": 2.382661078333829, "16": 2.382661078333829, "17": 2.1500913971647684, "18": 2.1500913971647684, "19": 1.1167777254806452, "20": 1.1167777254806452, "21": 1.1167777254806452, "22": 1.1167777254806452, "23": 1.1167777254806452, "24": 1.1167777254806452, "25": 1.1167777254806452, "26": 1.1167777254806452, "27": 1.1167777254806452, "28": 1.1167777254806452, "29": 1.1167777254806452, "30": 0.24359764847918797, "31": 0.24359764847918797, "32": 0.24359764847918797, "33": 0.24359764847918797, "34": 0.24359764847918797, "35": 0.24359764847918797, "36": 0.24359764847918797, "37": 0.24359764847918797, "38": 0.24359764847918797, "39": 0.18763685352092807, "40": 0.18763685352092807, "41": 0.18763685352092807, "42": 0.18763685352092807, "43": 0.18763685352092807, "44": 0.18763685352092807, "45": 0.18763685352092807, "46": 0.18763685352092807, "47": 0.18763685352092807, "48": 0.18763685352092807, "49": 0.18763685352092807, "50": 0.18763685352092807, "51": 0.18763685352092807, "52": 0.025482796466917534, "53": 0.025482796466917534, "54": 0.025482796466917534, "55": 0.025482796466917534, "56": 0.025482796466917534, "57": 0.025482796466917534, "58": 0.025482796466917534, "59": 0.025482796466917534, "60": 0.025482796466917534, "61": 0.025482796466917534, "62": 0.025482796466917534, "63": 0.025482796466917534, "64": 0.025482796466917534, "65": 0.025482796466917534, "66": 0.025482796466917534, "67": 0.025482796466917534, "68": 0.025482796466917534, "69": 0.025482796466917534, "70": 0.025482796466917534, "71": 0.025482796466917534, "72": 0.025482796466917534, "73": 0.025482796466917534, "74": 0.025482796466917534, "75": 0.025482796466917534, "76": 0.025482796466917534, "77": 0.025482796466917534, "78": 0.025482796466917534, "79": 0.025482796466917534, "80": 0.025482796466917534, "81": 0.025482796466917534, "82": 0.025482796466917534, "83": 0.025482796466917534, "84": 0.025482796466917534, "85": 0.025482796466917534, "86": 0.025482796466917534, "87": 0.025482796466917534, "88": 0.025482796466917534, "89": 0.025482796466917534, "90": 0.025482796466917534, "91": 0.025482796466917534, "92": 0.025482796466917534, "93": 0.025482796466917534, "94": 0.025482796466917534, "95": 0.025482796466917534, "96": 0.025482796466917534, "97": 0.025482796466917534, "98": 0.025482796466917534, "99": 0.025482796466917534, "100": 0.025482796466917534}