{"0": 18.43124884932094, "1": 14.039186450087563, "2": 14.039186450087563, "3": 10.806947342362646, "4": 3.9354276192817252, "5": 3.9354276192817252, "6": 3.9354276192817252, "7": 3.369588832938568, "8": 3.369588832938568, "9": 3.369588832938568, "10": 3.369588832938568, "11": 3.369588832938568, "12": 3.3332778902457676, "13": 3.3332778902457676, "14": 2.932189060677402, "15": 2.932189060677402, "16": 2.932189060677402, "17": 2.932189060677402, "18": 2.932189060677402, "19": 2.932189060677402, "20": 2.8520283167699674, "21": 2.8520283167699674, "22": 2.8520283167699674, "23": 2.8520283167699674, "24": 2.8520283167699674, "25": 2.8520283167699674, "26": 2.8520283167699674, "27": 2.8520283167699674, "28": 2.8520283167699674, "29": 2.8520283167699674, "30": 2.8520283167699674, "31": 2.8520283167699674, "32": 2.8520283167699674, "33": 2.8520283167699674, "34": 2.8520283167699674, "35": 2.8520283167699674, "36": 2.8520283167699674, "37": 2.8520283167699674, "38": 2.8520283167699674, "39": 2.8520283167699674, "40": 2.8520283167699674, "41": 2.8520283167699674, "42": 2.8520283167699674, "43": 2.8520283167699674, "44": 2.8520283167699674, "45": 2.8520283167699674, "46": 2.8520283167699674, "47": 2.8520283167699674, "48": 2.8520283167699674, "49": 2.8520283167699674, "50": 2.8520283167699674, "51": 2.8520283167699674, "52": 2.8520283167699674, "53": 2.8520283167699674, "54": 2.8520283167699674, "55": 2.8520283167699674, "56": 2.8520283167699674, "57": 2.8520283167699674, "58": 2.8520283167699674, "59": 2.8520283167699674, "60": 2.8520283167699674, "61": 2.8520283167699674, "62": 2.8520283167699674, "63": 2.8520283167699674, "64": 2.8520283167699674, "65": 1.8941478594206842, "66": 1.8941478594206842, "67": 1.8941478594206842, "68": 1.8941478594206842, "69": 1.8941478594206842, "70": 1.8941478594206842, "71": 1.8941478594206842, "72": 1.8941478594206842, "73": 1.8941478594206842, "74": 1.8941478594206842, "75": 1.8941478594206842, "76": 1.8941478594206842, "77": 1.8941478594206842, "78": 1.8941478594206842, "79": 1.8941478594206842, "80": 1.8941478594206842, "81": 1.8941478594206842, "82": 1.8941478594206842, "83": 1.8941478594206842, "84": 1.8941478594206842, "85": 1.8941478594206842, "86": 1.8941478594206842, "87": 1.8941478594206842, "88": 1.8941478594206842, "89": 1.8941478594206842, "90": 1.8941478594206842, "91": 1.8941478594206842, "92": 1.8941478594206842, "93": 1.8941478594206842, "94": 1.8941478594206842, "95": 1.8941478594206842, "96": 1.8941478594206842, "97": 1.8941478594206842, "98": 1.8941478594206842, "99": 1.8941478594206842, "100": 1.8941478594206842}