{"0": 19.555624244940063, "1": 19.555624244940063, "2": 7.317139507899457, "3": 7.317139507899457, "4": 7.317139507899457, "5": 7.317139507899457, "6": 5.535546545351938, "7": 5.535546545351938, "8": 5.535546545351938, "9": 5.535546545351938, "10": 5.535546545351938, "11": 4.103380959868495, "12": 3.051533428049396, "13": 3.051533428049396, "14": 3.051533428049396, "15": 3.051533428049396, "16": 3.051533428049396, "17": 3.051533428049396, "18": 3.051533428049396, "19": 3.051533428049396, "20": 3.051533428049396, "21": 3.051533428049396, "22": 3.051533428049396, "23": 3.051533428049396, "24": 3.051533428049396, "25": 3.051533428049396, "26": 3.0006800345299283, "27": 3.0006800345299283, "28": 2.8734329863267973, "29": 2.6781584464320467, "30": 2.6781584464320467, "31": 2.6781584464320467, "32": 2.6781584464320467, "33": 2.6781584464320467, "34": 2.6781584464320467, "35": 2.6781584464320467, "36": 2.6781584464320467, "37": 2.6781584464320467, "38": 2.6781584464320467, "39": 2.6781584464320467, "40": 2.6781584464320467, "41": 2.6781584464320467, "42": 2.6781584464320467, "43": 1.8876747501910955, "44": 1.8876747501910955, "45": 1.8876747501910955, "46": 1.8876747501910955, "47": 1.8876747501910955, "48": 1.8876747501910955, "49": 1.8876747501910955, "50": 1.8876747501910955, "51": 1.8876747501910955, "52": 1.8876747501910955, "53": 1.8876747501910955, "54": 1.8876747501910955, "55": 1.8876747501910955, "56": 0.75426200531329, "57": 0.75426200531329, "58": 0.75426200531329, "59": 0.75426200531329, "60": 0.75426200531329, "61": 0.75426200531329, "62": 0.75426200531329, "63": 0.75426200531329, "64": 0.75426200531329, "65": 0.75426200531329, "66": 0.75426200531329, "67": 0.75426200531329, "68": 0.75426200531329, "69": 0.75426200531329, "70": 0.75426200531329, "71": 0.75426200531329, "72": 0.75426200531329, "73": 0.75426200531329, "74": 0.75426200531329, "75": 0.75426200531329, "76": 0.75426200531329, "77": 0.75426200531329, "78": 0.75426200531329, "79": 0.75426200531329, "80": 0.75426200531329, "81": 0.75426200531329, "82": 0.75426200531329, "83": 0.75426200531329, "84": 0.599026730704967, "85": 0.599026730704967, "86": 0.599026730704967, "87": 0.599026730704967, "88": 0.599026730704967, "89": 0.599026730704967, "90": 0.599026730704967, "91": 0.599026730704967, "92": 0.599026730704967, "93": 0.599026730704967, "94": 0.599026730704967, "95": 0.599026730704967, "96": 0.599026730704967, "97": 0.599026730704967, "98": 0.599026730704967, "99": 0.599026730704967, "100": 0.599026730704967}