{"0": 15.74795944310957, "1": 9.07841693485764, "2": 9.07841693485764, "3": 8.379933922797768, "4": 7.61590331609046, "5": 7.61590331609046, "6": 4.198173728405145, "7": 4.198173728405145, "8": 4.198173728405145, "9": 4.198173728405145, "10": 4.198173728405145, "11": 4.198173728405145, "12": 4.198173728405145, "13": 4.095326708552943, "14": 4.095326708552943, "15": 4.095326708552943, "16": 4.095326708552943, "17": 4.095326708552943, "18": 4.095326708552943, "19": 4.095326708552943, "20": 4.095326708552943, "21": 4.095326708552943, "22": 4.095326708552943, "23": 4.095326708552943, "24": 4.095326708552943, "25": 1.2456769806036192, "26": 1.2456769806036192, "27": 1.2456769806036192, "28": 1.2456769806036192, "29": 1.2456769806036192, "30": 1.2456769806036192, "31": 1.2456769806036192, "32": 1.2456769806036192, "33": 1.2456769806036192, "34": 1.2456769806036192, "35": 0.0018926227210513957, "36": 0.0018926227210513957, "37": 0.0018926227210513957, "38": 0.0018926227210513957, "39": 0.0018926227210513957, "40": 0.0018926227210513957, "41": 0.0018926227210513957, "42": 0.0018926227210513957, "43": 0.0018926227210513957, "44": 0.0018926227210513957, "45": 0.0018926227210513957, "46": 0.0018926227210513957, "47": 0.0018926227210513957, "48": 0.0018926227210513957, "49": 0.0018926227210513957, "50": 0.0018926227210513957, "51": 0.0018926227210513957, "52": 0.0018926227210513957, "53": 0.0018926227210513957, "54": 0.0018926227210513957, "55": 0.0018926227210513957, "56": 0.0018926227210513957, "57": 0.0018926227210513957, "58": 0.0018926227210513957, "59": 0.0018926227210513957, "60": 0.0018926227210513957, "61": 0.0018926227210513957, "62": 0.0018926227210513957, "63": 0.0018926227210513957, "64": 0.0018926227210513957, "65": 0.0018926227210513957, "66": 0.0018926227210513957, "67": 0.0018926227210513957, "68": 0.0018926227210513957, "69": 0.0018926227210513957, "70": 0.0018926227210513957, "71": 0.0018926227210513957, "72": 0.0018926227210513957, "73": 0.0018926227210513957, "74": 0.0018926227210513957, "75": 0.0018926227210513957, "76": 0.0018926227210513957, "77": 0.0018926227210513957, "78": 0.0018926227210513957, "79": 0.0018926227210513957, "80": 0.0018926227210513957, "81": 0.0018926227210513957, "82": 0.0018926227210513957, "83": 0.0018926227210513957, "84": 0.0018926227210513957, "85": 0.0018926227210513957, "86": 0.0018926227210513957, "87": 0.0018926227210513957, "88": 0.0018926227210513957, "89": 0.0018926227210513957, "90": 0.0018926227210513957, "91": 0.0018926227210513957, "92": 0.0018926227210513957, "93": 0.0018926227210513957, "94": 0.0018926227210513957, "95": 0.0018926227210513957, "96": 0.0018926227210513957, "97": 0.0018926227210513957, "98": 0.0018926227210513957, "99": 0.0018926227210513957, "100": 0.0018926227210513957}