{"0": 10.795950918329991, "1": 10.795950918329991, "2": 10.795950918329991, "3": 10.795950918329991, "4": 10.795950918329991, "5": 7.275307834750304, "6": 7.275307834750304, "7": 7.275307834750304, "8": 3.896493336994169, "9": 3.896493336994169, "10": 3.896493336994169, "11": 1.0352533935776052, "12": 1.0352533935776052, "13": 1.0352533935776052, "14": 1.0352533935776052, "15": 1.0352533935776052, "16": 1.0352533935776052, "17": 1.017676008203285, "18": 1.017676008203285, "19": 1.0086339587615534, "20": 0.8507092102693576, "21": 0.8507092102693576, "22": 0.4121432172869284, "23": 0.4121432172869284, "24": 0.4121432172869284, "25": 0.4121432172869284, "26": 0.4121432172869284, "27": 0.4121432172869284, "28": 0.4121432172869284, "29": 0.4121432172869284, "30": 0.4121432172869284, "31": 0.4121432172869284, "32": 0.4121432172869284, "33": 0.4121432172869284, "34": 0.4121432172869284, "35": 0.38993431640159315, "36": 0.38993431640159315, "37": 0.38993431640159315, "38": 0.38993431640159315, "39": 0.38993431640159315, "40": 0.26173992043685246, "41": 0.26173992043685246, "42": 0.26173992043685246, "43": 0.26173992043685246, "44": 0.26173992043685246, "45": 0.26173992043685246, "46": 0.26173992043685246, "47": 0.26173992043685246, "48": 0.26173992043685246, "49": 0.26173992043685246, "50": 0.26173992043685246, "51": 0.26173992043685246, "52": 0.26173992043685246, "53": 0.26173992043685246, "54": 0.26173992043685246, "55": 0.26173992043685246, "56": 0.26173992043685246, "57": 0.26173992043685246, "58": 0.26173992043685246, "59": 0.26173992043685246, "60": 0.26173992043685246, "61": 0.26173992043685246, "62": 0.26173992043685246, "63": 0.26173992043685246, "64": 0.26173992043685246, "65": 0.26173992043685246, "66": 0.26173992043685246, "67": 0.26173992043685246, "68": 0.26173992043685246, "69": 0.26173992043685246, "70": 0.26173992043685246, "71": 0.26173992043685246, "72": 0.26173992043685246, "73": 0.26173992043685246, "74": 0.26173992043685246, "75": 0.26173992043685246, "76": 0.26173992043685246, "77": 0.18269531672491013, "78": 0.18269531672491013, "79": 0.18269531672491013, "80": 0.18269531672491013, "81": 0.18269531672491013, "82": 0.18269531672491013, "83": 0.18269531672491013, "84": 0.18269531672491013, "85": 0.18269531672491013, "86": 0.18269531672491013, "87": 0.18269531672491013, "88": 0.18269531672491013, "89": 0.18269531672491013, "90": 0.18269531672491013, "91": 0.18269531672491013, "92": 0.18269531672491013, "93": 0.18269531672491013, "94": 0.18269531672491013, "95": 0.18269531672491013, "96": 0.18269531672491013, "97": 0.18269531672491013, "98": 0.18269531672491013, "99": 0.18269531672491013, "100": 0.18269531672491013}