{"0": 11.75123848418129, "1": 11.75123848418129, "2": 9.625079879007341, "3": 9.625079879007341, "4": 9.625079879007341, "5": 5.53457020860434, "6": 5.53457020860434, "7": 5.53457020860434, "8": 2.220910101648421, "9": 2.220910101648421, "10": 2.220910101648421, "11": 1.8805248259088927, "12": 1.8805248259088927, "13": 1.8805248259088927, "14": 1.8805248259088927, "15": 1.8805248259088927, "16": 1.4805066815865722, "17": 1.141400927379756, "18": 1.141400927379756, "19": 1.141400927379756, "20": 1.141400927379756, "21": 0.9568036163597213, "22": 0.9568036163597213, "23": 0.9568036163597213, "24": 0.9568036163597213, "25": 0.9568036163597213, "26": 0.9568036163597213, "27": 0.9568036163597213, "28": 0.9568036163597213, "29": 0.9101921456131876, "30": 0.9101921456131876, "31": 0.9101921456131876, "32": 0.9101921456131876, "33": 0.9101921456131876, "34": 0.9101921456131876, "35": 0.9101921456131876, "36": 0.9101921456131876, "37": 0.9101921456131876, "38": 0.9101921456131876, "39": 0.9101921456131876, "40": 0.9101921456131876, "41": 0.9101921456131876, "42": 0.9101921456131876, "43": 0.9101921456131876, "44": 0.9101921456131876, "45": 0.9101921456131876, "46": 0.9101921456131876, "47": 0.9101921456131876, "48": 0.9101921456131876, "49": 0.9101921456131876, "50": 0.9101921456131876, "51": 0.9101921456131876, "52": 0.9101921456131876, "53": 0.9101921456131876, "54": 0.9101921456131876, "55": 0.9101921456131876, "56": 0.9101921456131876, "57": 0.9101921456131876, "58": 0.9101921456131876, "59": 0.9101921456131876, "60": 0.9101921456131876, "61": 0.9101921456131876, "62": 0.9101921456131876, "63": 0.9101921456131876, "64": 0.9101921456131876, "65": 0.9101921456131876, "66": 0.9101921456131876, "67": 0.9101921456131876, "68": 0.9101921456131876, "69": 0.9101921456131876, "70": 0.9101921456131876, "71": 0.9101921456131876, "72": 0.9101921456131876, "73": 0.9101921456131876, "74": 0.9101921456131876, "75": 0.9101921456131876, "76": 0.9101921456131876, "77": 0.9101921456131876, "78": 0.9101921456131876, "79": 0.9101921456131876, "80": 0.9101921456131876, "81": 0.9101921456131876, "82": 0.9101921456131876, "83": 0.9101921456131876, "84": 0.9101921456131876, "85": 0.9101921456131876, "86": 0.9101921456131876, "87": 0.9101921456131876, "88": 0.9101921456131876, "89": 0.9101921456131876, "90": 0.9101921456131876, "91": 0.9101921456131876, "92": 0.9101921456131876, "93": 0.9101921456131876, "94": 0.9101921456131876, "95": 0.9101921456131876, "96": 0.9101921456131876, "97": 0.9101921456131876, "98": 0.9101921456131876, "99": 0.9101921456131876, "100": 0.9101921456131876}