{"0": 29.315125542519027, "1": 22.098735688462458, "2": 11.181854570027056, "3": 11.181854570027056, "4": 11.181854570027056, "5": 5.748228352954742, "6": 5.748228352954742, "7": 5.748228352954742, "8": 5.748228352954742, "9": 5.748228352954742, "10": 5.748228352954742, "11": 3.0609853600803376, "12": 3.0609853600803376, "13": 3.0609853600803376, "14": 3.0609853600803376, "15": 3.0609853600803376, "16": 3.0609853600803376, "17": 1.3307277850563715, "18": 1.3307277850563715, "19": 1.3307277850563715, "20": 1.3307277850563715, "21": 1.3307277850563715, "22": 1.3307277850563715, "23": 1.3307277850563715, "24": 1.3307277850563715, "25": 1.3307277850563715, "26": 1.3307277850563715, "27": 1.3307277850563715, "28": 1.3307277850563715, "29": 1.3307277850563715, "30": 1.3307277850563715, "31": 1.3307277850563715, "32": 1.3307277850563715, "33": 1.3307277850563715, "34": 1.3307277850563715, "35": 1.3307277850563715, "36": 1.3307277850563715, "37": 1.3307277850563715, "38": 1.3307277850563715, "39": 1.3307277850563715, "40": 1.3307277850563715, "41": 1.3307277850563715, "42": 1.3307277850563715, "43": 1.3307277850563715, "44": 1.3307277850563715, "45": 1.3307277850563715, "46": 1.3307277850563715, "47": 1.3307277850563715, "48": 1.3307277850563715, "49": 1.3307277850563715, "50": 1.3307277850563715, "51": 1.3307277850563715, "52": 1.3307277850563715, "53": 1.3307277850563715, "54": 1.3307277850563715, "55": 1.3307277850563715, "56": 1.3307277850563715, "57": 1.3307277850563715, "58": 1.3307277850563715, "59": 1.3307277850563715, "60": 1.3307277850563715, "61": 1.3307277850563715, "62": 1.3307277850563715, "63": 1.3307277850563715, "64": 1.3307277850563715, "65": 1.3307277850563715, "66": 1.3307277850563715, "67": 1.3307277850563715, "68": 1.3307277850563715, "69": 1.3307277850563715, "70": 1.3307277850563715, "71": 1.3307277850563715, "72": 1.3307277850563715, "73": 1.3307277850563715, "74": 1.3307277850563715, "75": 1.3307277850563715, "76": 1.3307277850563715, "77": 1.3307277850563715, "78": 1.3307277850563715, "79": 1.3307277850563715, "80": 1.3307277850563715, "81": 1.3307277850563715, "82": 1.3307277850563715, "83": 1.3307277850563715, "84": 1.0811042033889677, "85": 1.0811042033889677, "86": 1.0811042033889677, "87": 1.0811042033889677, "88": 1.0811042033889677, "89": 1.0811042033889677, "90": 1.0811042033889677, "91": 1.0811042033889677, "92": 1.0811042033889677, "93": 1.0811042033889677, "94": 1.0811042033889677, "95": 1.0811042033889677, "96": 1.0811042033889677, "97": 1.0811042033889677, "98": 1.0811042033889677, "99": 1.0811042033889677, "100": 1.0811042033889677}