{"0": 9.392557268720402, "1": 9.392557268720402, "2": 9.392557268720402, "3": 9.392557268720402, "4": 9.392557268720402, "5": 9.392557268720402, "6": 9.392557268720402, "7": 8.09069535281602, "8": 8.09069535281602, "9": 8.09069535281602, "10": 8.09069535281602, "11": 8.09069535281602, "12": 8.09069535281602, "13": 8.09069535281602, "14": 8.09069535281602, "15": 8.09069535281602, "16": 3.035598444964215, "17": 3.035598444964215, "18": 3.035598444964215, "19": 3.035598444964215, "20": 3.035598444964215, "21": 2.3963226328655516, "22": 2.3963226328655516, "23": 2.3789563693696607, "24": 1.4380494308112972, "25": 1.4380494308112972, "26": 1.4380494308112972, "27": 1.4380494308112972, "28": 1.4380494308112972, "29": 1.4380494308112972, "30": 1.4380494308112972, "31": 1.4380494308112972, "32": 1.4380494308112972, "33": 1.4380494308112972, "34": 1.4380494308112972, "35": 1.4380494308112972, "36": 1.4380494308112972, "37": 1.4380494308112972, "38": 1.4380494308112972, "39": 1.4380494308112972, "40": 1.4380494308112972, "41": 1.4380494308112972, "42": 1.4380494308112972, "43": 1.4380494308112972, "44": 1.4380494308112972, "45": 1.4380494308112972, "46": 1.4380494308112972, "47": 1.4189020245175499, "48": 1.4189020245175499, "49": 1.4189020245175499, "50": 1.4189020245175499, "51": 1.4189020245175499, "52": 1.4189020245175499, "53": 1.4189020245175499, "54": 1.4189020245175499, "55": 1.4189020245175499, "56": 1.4189020245175499, "57": 1.4189020245175499, "58": 1.4189020245175499, "59": 1.4189020245175499, "60": 1.4189020245175499, "61": 1.4189020245175499, "62": 1.4189020245175499, "63": 1.4189020245175499, "64": 1.4189020245175499, "65": 1.4189020245175499, "66": 1.4189020245175499, "67": 1.4189020245175499, "68": 1.4189020245175499, "69": 1.4189020245175499, "70": 1.4189020245175499, "71": 1.4189020245175499, "72": 1.4189020245175499, "73": 1.4189020245175499, "74": 1.4189020245175499, "75": 1.4189020245175499, "76": 1.4189020245175499, "77": 1.4189020245175499, "78": 1.4189020245175499, "79": 1.4189020245175499, "80": 1.4189020245175499, "81": 1.4189020245175499, "82": 1.4189020245175499, "83": 1.4189020245175499, "84": 1.4189020245175499, "85": 1.4189020245175499, "86": 1.4189020245175499, "87": 1.4189020245175499, "88": 1.4189020245175499, "89": 1.4189020245175499, "90": 1.4189020245175499, "91": 1.4189020245175499, "92": 1.4189020245175499, "93": 1.4189020245175499, "94": 1.4189020245175499, "95": 1.4189020245175499, "96": 1.4189020245175499, "97": 1.4189020245175499, "98": 1.4189020245175499, "99": 1.4189020245175499, "100": 1.4189020245175499}