{"0": 19.876757231618257, "1": 5.105109919881938, "2": 5.105109919881938, "3": 4.721275638409978, "4": 4.721275638409978, "5": 4.721275638409978, "6": 4.721275638409978, "7": 2.8551009775567167, "8": 2.8551009775567167, "9": 2.8551009775567167, "10": 2.8551009775567167, "11": 2.8551009775567167, "12": 2.8551009775567167, "13": 2.0791444453786028, "14": 2.0791444453786028, "15": 2.0791444453786028, "16": 2.0791444453786028, "17": 1.3013694567614422, "18": 1.3013694567614422, "19": 1.3013694567614422, "20": 1.3013694567614422, "21": 1.3013694567614422, "22": 1.3013694567614422, "23": 1.3013694567614422, "24": 1.3013694567614422, "25": 1.3013694567614422, "26": 1.3013694567614422, "27": 1.3013694567614422, "28": 1.3013694567614422, "29": 1.3013694567614422, "30": 1.3013694567614422, "31": 1.3013694567614422, "32": 1.3013694567614422, "33": 1.3013694567614422, "34": 1.3013694567614422, "35": 1.3013694567614422, "36": 1.3013694567614422, "37": 1.3013694567614422, "38": 1.3013694567614422, "39": 1.3013694567614422, "40": 1.3013694567614422, "41": 1.3013694567614422, "42": 1.3013694567614422, "43": 1.3013694567614422, "44": 1.3013694567614422, "45": 1.3013694567614422, "46": 1.3013694567614422, "47": 1.3013694567614422, "48": 1.3013694567614422, "49": 1.3013694567614422, "50": 1.3013694567614422, "51": 1.3013694567614422, "52": 1.3013694567614422, "53": 1.3013694567614422, "54": 1.3013694567614422, "55": 1.3013694567614422, "56": 1.3013694567614422, "57": 1.3013694567614422, "58": 1.3013694567614422, "59": 1.3013694567614422, "60": 1.3013694567614422, "61": 1.3013694567614422, "62": 1.3013694567614422, "63": 1.3013694567614422, "64": 1.3013694567614422, "65": 1.3013694567614422, "66": 1.3013694567614422, "67": 1.3013694567614422, "68": 1.3013694567614422, "69": 1.3013694567614422, "70": 1.3013694567614422, "71": 1.3013694567614422, "72": 1.3013694567614422, "73": 1.3013694567614422, "74": 1.3013694567614422, "75": 1.3013694567614422, "76": 1.3013694567614422, "77": 1.3013694567614422, "78": 1.3013694567614422, "79": 1.3013694567614422, "80": 1.3013694567614422, "81": 1.3013694567614422, "82": 1.3013694567614422, "83": 1.3013694567614422, "84": 1.3013694567614422, "85": 1.3013694567614422, "86": 1.3013694567614422, "87": 1.3013694567614422, "88": 1.3013694567614422, "89": 1.3013694567614422, "90": 1.3013694567614422, "91": 1.3013694567614422, "92": 1.3013694567614422, "93": 1.3013694567614422, "94": 1.3013694567614422, "95": 1.3013694567614422, "96": 1.3013694567614422, "97": 1.3013694567614422, "98": 1.3013694567614422, "99": 1.3013694567614422, "100": 1.3013694567614422}