{"0": 16.478573989693437, "1": 16.478573989693437, "2": 5.966851726120698, "3": 5.966851726120698, "4": 5.966851726120698, "5": 5.9389131342762305, "6": 5.9389131342762305, "7": 5.9389131342762305, "8": 5.9389131342762305, "9": 5.9389131342762305, "10": 4.975568301482108, "11": 4.975568301482108, "12": 4.975568301482108, "13": 3.949252554749016, "14": 3.949252554749016, "15": 3.949252554749016, "16": 3.7116494905560415, "17": 3.7116494905560415, "18": 3.7116494905560415, "19": 3.510363166965327, "20": 3.510363166965327, "21": 3.510363166965327, "22": 2.8289956986779004, "23": 2.8289956986779004, "24": 2.8289956986779004, "25": 2.8289956986779004, "26": 2.8289956986779004, "27": 2.8289956986779004, "28": 2.8289956986779004, "29": 2.8289956986779004, "30": 2.8289956986779004, "31": 2.8289956986779004, "32": 2.8289956986779004, "33": 2.4708347090422222, "34": 2.4708347090422222, "35": 2.4708347090422222, "36": 2.4708347090422222, "37": 2.4708347090422222, "38": 2.4708347090422222, "39": 2.4708347090422222, "40": 2.4708347090422222, "41": 2.4708347090422222, "42": 2.4708347090422222, "43": 2.4708347090422222, "44": 2.4708347090422222, "45": 2.4708347090422222, "46": 2.4708347090422222, "47": 2.4708347090422222, "48": 2.4708347090422222, "49": 2.4708347090422222, "50": 2.4708347090422222, "51": 2.4708347090422222, "52": 2.4708347090422222, "53": 2.4708347090422222, "54": 2.4708347090422222, "55": 2.4708347090422222, "56": 2.4708347090422222, "57": 2.4708347090422222, "58": 2.4708347090422222, "59": 2.4708347090422222, "60": 2.4708347090422222, "61": 2.4708347090422222, "62": 2.4708347090422222, "63": 2.4708347090422222, "64": 2.4708347090422222, "65": 2.4708347090422222, "66": 2.4708347090422222, "67": 2.4708347090422222, "68": 2.4708347090422222, "69": 2.14472437501194, "70": 2.14472437501194, "71": 2.14472437501194, "72": 1.812965582208534, "73": 1.812965582208534, "74": 1.812965582208534, "75": 1.812965582208534, "76": 1.812965582208534, "77": 1.812965582208534, "78": 1.812965582208534, "79": 1.812965582208534, "80": 1.812965582208534, "81": 1.812965582208534, "82": 1.812965582208534, "83": 1.812965582208534, "84": 1.812965582208534, "85": 1.812965582208534, "86": 1.812965582208534, "87": 1.812965582208534, "88": 1.812965582208534, "89": 1.812965582208534, "90": 1.812965582208534, "91": 1.812965582208534, "92": 1.812965582208534, "93": 1.812965582208534, "94": 1.812965582208534, "95": 1.812965582208534, "96": 1.812965582208534, "97": 1.812965582208534, "98": 1.812965582208534, "99": 1.812965582208534, "100": 1.812965582208534}