{"0": 17.776868560710536, "1": 5.5664678667463825, "2": 5.5664678667463825, "3": 5.5664678667463825, "4": 5.5664678667463825, "5": 5.5664678667463825, "6": 4.024135214864881, "7": 4.024135214864881, "8": 4.024135214864881, "9": 4.024135214864881, "10": 4.024135214864881, "11": 4.024135214864881, "12": 4.024135214864881, "13": 4.024135214864881, "14": 3.4574136443198853, "15": 3.4574136443198853, "16": 3.4574136443198853, "17": 3.4574136443198853, "18": 3.4574136443198853, "19": 3.3363674476022, "20": 3.3363674476022, "21": 3.3363674476022, "22": 3.3363674476022, "23": 3.3363674476022, "24": 0.6801734609433332, "25": 0.6801734609433332, "26": 0.6801734609433332, "27": 0.6801734609433332, "28": 0.6801734609433332, "29": 0.6801734609433332, "30": 0.6801734609433332, "31": 0.6801734609433332, "32": 0.6801734609433332, "33": 0.6801734609433332, "34": 0.6801734609433332, "35": 0.6801734609433332, "36": 0.6801734609433332, "37": 0.6801734609433332, "38": 0.6801734609433332, "39": 0.6801734609433332, "40": 0.6801734609433332, "41": 0.6801734609433332, "42": 0.6801734609433332, "43": 0.6801734609433332, "44": 0.6801734609433332, "45": 0.6801734609433332, "46": 0.6801734609433332, "47": 0.6801734609433332, "48": 0.6801734609433332, "49": 0.6801734609433332, "50": 0.6801734609433332, "51": 0.6801734609433332, "52": 0.6801734609433332, "53": 0.6801734609433332, "54": 0.6801734609433332, "55": 0.6801734609433332, "56": 0.6801734609433332, "57": 0.6801734609433332, "58": 0.6801734609433332, "59": 0.6801734609433332, "60": 0.6801734609433332, "61": 0.6801734609433332, "62": 0.6801734609433332, "63": 0.6801734609433332, "64": 0.6801734609433332, "65": 0.6801734609433332, "66": 0.6801734609433332, "67": 0.6801734609433332, "68": 0.6801734609433332, "69": 0.6801734609433332, "70": 0.6801734609433332, "71": 0.6801734609433332, "72": 0.6801734609433332, "73": 0.6801734609433332, "74": 0.6801734609433332, "75": 0.6801734609433332, "76": 0.6801734609433332, "77": 0.6801734609433332, "78": 0.6801734609433332, "79": 0.6801734609433332, "80": 0.6801734609433332, "81": 0.6801734609433332, "82": 0.6801734609433332, "83": 0.6801734609433332, "84": 0.6801734609433332, "85": 0.6801734609433332, "86": 0.6801734609433332, "87": 0.6801734609433332, "88": 0.6801734609433332, "89": 0.6801734609433332, "90": 0.6801734609433332, "91": 0.6801734609433332, "92": 0.6801734609433332, "93": 0.6801734609433332, "94": 0.6801734609433332, "95": 0.6801734609433332, "96": 0.6801734609433332, "97": 0.6801734609433332, "98": 0.6801734609433332, "99": 0.6801734609433332, "100": 0.6801734609433332}