{"0": 26.80494728954846, "1": 15.23394752523486, "2": 11.59150492029111, "3": 11.59150492029111, "4": 9.0535365935034, "5": 9.0535365935034, "6": 9.0535365935034, "7": 9.0535365935034, "8": 9.0535365935034, "9": 9.0535365935034, "10": 5.4466584529409445, "11": 5.4466584529409445, "12": 3.01017026300579, "13": 3.01017026300579, "14": 3.01017026300579, "15": 3.01017026300579, "16": 3.01017026300579, "17": 3.01017026300579, "18": 3.01017026300579, "19": 3.01017026300579, "20": 3.01017026300579, "21": 2.3064222660752804, "22": 2.3064222660752804, "23": 2.3064222660752804, "24": 2.3064222660752804, "25": 2.3064222660752804, "26": 1.2502912381963078, "27": 1.2502912381963078, "28": 1.2502912381963078, "29": 1.2502912381963078, "30": 1.2502912381963078, "31": 0.5737651641904904, "32": 0.5737651641904904, "33": 0.5737651641904904, "34": 0.5737651641904904, "35": 0.5737651641904904, "36": 0.5737651641904904, "37": 0.5737651641904904, "38": 0.5737651641904904, "39": 0.5737651641904904, "40": 0.5737651641904904, "41": 0.5737651641904904, "42": 0.5737651641904904, "43": 0.5737651641904904, "44": 0.5737651641904904, "45": 0.5737651641904904, "46": 0.5737651641904904, "47": 0.5737651641904904, "48": 0.5737651641904904, "49": 0.5737651641904904, "50": 0.5737651641904904, "51": 0.5737651641904904, "52": 0.5737651641904904, "53": 0.5737651641904904, "54": 0.5737651641904904, "55": 0.5737651641904904, "56": 0.5737651641904904, "57": 0.5737651641904904, "58": 0.5737651641904904, "59": 0.5737651641904904, "60": 0.5737651641904904, "61": 0.5737651641904904, "62": 0.5737651641904904, "63": 0.3709903295979302, "64": 0.3709903295979302, "65": 0.3709903295979302, "66": 0.3709903295979302, "67": 0.3709903295979302, "68": 0.3709903295979302, "69": 0.3709903295979302, "70": 0.3709903295979302, "71": 0.3709903295979302, "72": 0.3709903295979302, "73": 0.3709903295979302, "74": 0.3709903295979302, "75": 0.3709903295979302, "76": 0.3709903295979302, "77": 0.3709903295979302, "78": 0.3709903295979302, "79": 0.3709903295979302, "80": 0.3709903295979302, "81": 0.3709903295979302, "82": 0.3709903295979302, "83": 0.3709903295979302, "84": 0.20235824405725467, "85": 0.20235824405725467, "86": 0.20235824405725467, "87": 0.20235824405725467, "88": 0.20235824405725467, "89": 0.20235824405725467, "90": 0.20235824405725467, "91": 0.20235824405725467, "92": 0.20235824405725467, "93": 0.20235824405725467, "94": 0.20235824405725467, "95": 0.20235824405725467, "96": 0.20235824405725467, "97": 0.20235824405725467, "98": 0.20235824405725467, "99": 0.20235824405725467, "100": 0.20235824405725467}