{"0": 13.292838848210922, "1": 13.292838848210922, "2": 9.873071499382393, "3": 9.873071499382393, "4": 9.873071499382393, "5": 9.07750539993007, "6": 9.07750539993007, "7": 9.07750539993007, "8": 7.936411654570762, "9": 7.936411654570762, "10": 7.936411654570762, "11": 4.107139300014005, "12": 4.107139300014005, "13": 4.107139300014005, "14": 4.107139300014005, "15": 4.107139300014005, "16": 4.107139300014005, "17": 4.107139300014005, "18": 4.107139300014005, "19": 4.107139300014005, "20": 4.107139300014005, "21": 4.107139300014005, "22": 2.0492415997287097, "23": 2.0492415997287097, "24": 2.0492415997287097, "25": 2.0492415997287097, "26": 2.0492415997287097, "27": 2.0492415997287097, "28": 2.0492415997287097, "29": 2.0492415997287097, "30": 2.0492415997287097, "31": 2.0492415997287097, "32": 2.0492415997287097, "33": 2.0492415997287097, "34": 2.0492415997287097, "35": 2.0492415997287097, "36": 2.0492415997287097, "37": 2.0492415997287097, "38": 2.0492415997287097, "39": 2.0492415997287097, "40": 2.0492415997287097, "41": 2.0492415997287097, "42": 2.0492415997287097, "43": 2.0492415997287097, "44": 2.0492415997287097, "45": 2.0492415997287097, "46": 2.0492415997287097, "47": 2.0492415997287097, "48": 2.0492415997287097, "49": 2.0492415997287097, "50": 2.0492415997287097, "51": 2.0492415997287097, "52": 2.0197920642958422, "53": 2.0197920642958422, "54": 1.675379178818723, "55": 1.675379178818723, "56": 1.675379178818723, "57": 1.675379178818723, "58": 1.675379178818723, "59": 1.675379178818723, "60": 1.675379178818723, "61": 1.675379178818723, "62": 1.675379178818723, "63": 1.675379178818723, "64": 1.675379178818723, "65": 1.675379178818723, "66": 1.675379178818723, "67": 1.675379178818723, "68": 1.675379178818723, "69": 1.332931793506102, "70": 1.332931793506102, "71": 1.332931793506102, "72": 1.332931793506102, "73": 1.332931793506102, "74": 1.3074578609065455, "75": 1.3074578609065455, "76": 1.1063367037343461, "77": 1.1063367037343461, "78": 1.1063367037343461, "79": 1.1063367037343461, "80": 1.1063367037343461, "81": 1.1063367037343461, "82": 1.1063367037343461, "83": 1.1063367037343461, "84": 1.1063367037343461, "85": 0.5728185224230522, "86": 0.5728185224230522, "87": 0.5728185224230522, "88": 0.5728185224230522, "89": 0.5728185224230522, "90": 0.5728185224230522, "91": 0.5728185224230522, "92": 0.5728185224230522, "93": 0.5728185224230522, "94": 0.5728185224230522, "95": 0.5728185224230522, "96": 0.5728185224230522, "97": 0.5728185224230522, "98": 0.5728185224230522, "99": 0.5728185224230522, "100": 0.5728185224230522}