{"0": 12.118730895099095, "1": 12.118730895099095, "2": 4.103215084907983, "3": 4.103215084907983, "4": 4.103215084907983, "5": 4.103215084907983, "6": 4.103215084907983, "7": 4.103215084907983, "8": 4.103215084907983, "9": 4.103215084907983, "10": 3.389564346431097, "11": 3.389564346431097, "12": 3.389564346431097, "13": 3.389564346431097, "14": 2.6997241031070587, "15": 2.6997241031070587, "16": 2.6997241031070587, "17": 2.6997241031070587, "18": 2.6997241031070587, "19": 2.6997241031070587, "20": 2.6997241031070587, "21": 2.6997241031070587, "22": 2.6997241031070587, "23": 2.6997241031070587, "24": 2.6997241031070587, "25": 2.6997241031070587, "26": 2.6997241031070587, "27": 2.6997241031070587, "28": 2.568751477920884, "29": 2.568751477920884, "30": 2.568751477920884, "31": 2.568751477920884, "32": 2.568751477920884, "33": 2.568751477920884, "34": 2.568751477920884, "35": 2.568751477920884, "36": 2.568751477920884, "37": 2.568751477920884, "38": 2.568751477920884, "39": 2.568751477920884, "40": 2.3965836680744914, "41": 2.3965836680744914, "42": 2.3965836680744914, "43": 2.3965836680744914, "44": 1.4727476986399317, "45": 1.4727476986399317, "46": 1.4727476986399317, "47": 1.4727476986399317, "48": 1.4727476986399317, "49": 1.4727476986399317, "50": 1.4727476986399317, "51": 1.4727476986399317, "52": 1.4727476986399317, "53": 1.4727476986399317, "54": 1.4727476986399317, "55": 1.4727476986399317, "56": 1.4727476986399317, "57": 1.4727476986399317, "58": 1.4727476986399317, "59": 1.1243729067419608, "60": 1.1243729067419608, "61": 1.1243729067419608, "62": 1.1243729067419608, "63": 1.1243729067419608, "64": 1.1243729067419608, "65": 1.1243729067419608, "66": 1.1243729067419608, "67": 1.1243729067419608, "68": 1.1243729067419608, "69": 1.1243729067419608, "70": 1.1243729067419608, "71": 1.1243729067419608, "72": 1.1243729067419608, "73": 1.1243729067419608, "74": 1.1243729067419608, "75": 1.1243729067419608, "76": 1.1243729067419608, "77": 1.1243729067419608, "78": 1.1243729067419608, "79": 1.1243729067419608, "80": 1.1243729067419608, "81": 1.1243729067419608, "82": 1.1243729067419608, "83": 1.1243729067419608, "84": 1.1243729067419608, "85": 1.1243729067419608, "86": 1.1243729067419608, "87": 1.1243729067419608, "88": 1.1243729067419608, "89": 1.1243729067419608, "90": 1.1243729067419608, "91": 1.1243729067419608, "92": 1.1243729067419608, "93": 1.1243729067419608, "94": 1.1243729067419608, "95": 1.1243729067419608, "96": 1.1243729067419608, "97": 1.1243729067419608, "98": 1.1243729067419608, "99": 1.1243729067419608, "100": 1.1243729067419608}