{"0": 26.0246042497502, "1": 10.972680228853083, "2": 10.972680228853083, "3": 4.7625443677597445, "4": 4.7625443677597445, "5": 4.7625443677597445, "6": 4.7625443677597445, "7": 4.7625443677597445, "8": 4.7625443677597445, "9": 4.7625443677597445, "10": 4.7625443677597445, "11": 4.7625443677597445, "12": 4.7625443677597445, "13": 4.7625443677597445, "14": 3.784426039415756, "15": 3.784426039415756, "16": 3.784426039415756, "17": 3.784426039415756, "18": 3.784426039415756, "19": 2.8821186975494157, "20": 2.8821186975494157, "21": 2.6598077846926174, "22": 2.6598077846926174, "23": 2.6598077846926174, "24": 2.6598077846926174, "25": 2.6598077846926174, "26": 2.6598077846926174, "27": 2.6598077846926174, "28": 2.6598077846926174, "29": 2.6598077846926174, "30": 2.6598077846926174, "31": 2.6598077846926174, "32": 2.6598077846926174, "33": 2.6598077846926174, "34": 2.6598077846926174, "35": 2.6598077846926174, "36": 2.6598077846926174, "37": 2.6598077846926174, "38": 2.6598077846926174, "39": 2.6598077846926174, "40": 2.2696798754247, "41": 2.2696798754247, "42": 2.2696798754247, "43": 2.2696798754247, "44": 2.2696798754247, "45": 2.264219141127313, "46": 2.264219141127313, "47": 2.264219141127313, "48": 2.264219141127313, "49": 2.264219141127313, "50": 2.264219141127313, "51": 2.264219141127313, "52": 2.264219141127313, "53": 2.264219141127313, "54": 2.264219141127313, "55": 2.264219141127313, "56": 2.264219141127313, "57": 2.264219141127313, "58": 2.264219141127313, "59": 2.264219141127313, "60": 2.264219141127313, "61": 2.264219141127313, "62": 2.264219141127313, "63": 2.264219141127313, "64": 2.264219141127313, "65": 2.264219141127313, "66": 2.0422594795652422, "67": 2.0422594795652422, "68": 2.0422594795652422, "69": 2.0422594795652422, "70": 2.0422594795652422, "71": 2.0422594795652422, "72": 2.0422594795652422, "73": 2.0422594795652422, "74": 2.0422594795652422, "75": 2.0422594795652422, "76": 2.0422594795652422, "77": 2.0422594795652422, "78": 2.0422594795652422, "79": 2.0422594795652422, "80": 2.0422594795652422, "81": 2.0422594795652422, "82": 2.0422594795652422, "83": 2.0422594795652422, "84": 2.0422594795652422, "85": 2.0422594795652422, "86": 2.0422594795652422, "87": 2.0422594795652422, "88": 2.0422594795652422, "89": 2.0422594795652422, "90": 2.0422594795652422, "91": 2.0422594795652422, "92": 2.0422594795652422, "93": 2.0422594795652422, "94": 2.0422594795652422, "95": 2.0422594795652422, "96": 2.037849396550186, "97": 2.037849396550186, "98": 2.037849396550186, "99": 2.037849396550186, "100": 2.037849396550186}