{"0": 25.32835438901258, "1": 16.124355011428044, "2": 16.124355011428044, "3": 8.50410450348995, "4": 7.392453450330397, "5": 7.392453450330397, "6": 7.392453450330397, "7": 7.392453450330397, "8": 7.392453450330397, "9": 7.392453450330397, "10": 7.392453450330397, "11": 7.392453450330397, "12": 7.392453450330397, "13": 7.392453450330397, "14": 7.392453450330397, "15": 7.230350223356481, "16": 7.230350223356481, "17": 7.230350223356481, "18": 7.230350223356481, "19": 7.230350223356481, "20": 7.230350223356481, "21": 7.230350223356481, "22": 7.230350223356481, "23": 6.01535745319698, "24": 6.01535745319698, "25": 6.01535745319698, "26": 6.01535745319698, "27": 2.933088539165851, "28": 2.933088539165851, "29": 2.933088539165851, "30": 2.933088539165851, "31": 2.933088539165851, "32": 2.933088539165851, "33": 2.209428729888735, "34": 2.209428729888735, "35": 2.209428729888735, "36": 2.209428729888735, "37": 2.209428729888735, "38": 2.209428729888735, "39": 2.209428729888735, "40": 2.209428729888735, "41": 2.209428729888735, "42": 2.209428729888735, "43": 2.209428729888735, "44": 2.209428729888735, "45": 2.209428729888735, "46": 2.209428729888735, "47": 2.182189478669237, "48": 2.182189478669237, "49": 2.182189478669237, "50": 2.182189478669237, "51": 2.182189478669237, "52": 2.182189478669237, "53": 2.182189478669237, "54": 2.101650080939418, "55": 2.101650080939418, "56": 2.101650080939418, "57": 2.101650080939418, "58": 2.101650080939418, "59": 2.101650080939418, "60": 2.101650080939418, "61": 2.101650080939418, "62": 2.101650080939418, "63": 2.101650080939418, "64": 2.101650080939418, "65": 2.101650080939418, "66": 2.101650080939418, "67": 2.101650080939418, "68": 2.101650080939418, "69": 2.101650080939418, "70": 2.101650080939418, "71": 2.101650080939418, "72": 2.101650080939418, "73": 2.0276049296941707, "74": 2.0276049296941707, "75": 2.0276049296941707, "76": 2.0276049296941707, "77": 2.0276049296941707, "78": 2.0276049296941707, "79": 2.0276049296941707, "80": 2.0276049296941707, "81": 2.0276049296941707, "82": 2.0276049296941707, "83": 2.0276049296941707, "84": 2.0276049296941707, "85": 2.0276049296941707, "86": 2.0276049296941707, "87": 2.0276049296941707, "88": 2.0276049296941707, "89": 1.3777298852200204, "90": 1.3777298852200204, "91": 1.3777298852200204, "92": 1.3777298852200204, "93": 1.3777298852200204, "94": 1.3777298852200204, "95": 1.3777298852200204, "96": 1.3777298852200204, "97": 1.3777298852200204, "98": 1.3777298852200204, "99": 1.3777298852200204, "100": 1.3777298852200204}