{"0": 31.407482374157638, "1": 23.791810267823223, "2": 19.92393684747826, "3": 19.92393684747826, "4": 10.482589328971734, "5": 7.785686385330102, "6": 7.785686385330102, "7": 5.192595560489728, "8": 2.405219255187685, "9": 2.405219255187685, "10": 2.405219255187685, "11": 2.405219255187685, "12": 2.164620921310565, "13": 2.164620921310565, "14": 2.164620921310565, "15": 2.164620921310565, "16": 2.164620921310565, "17": 2.164620921310565, "18": 2.164620921310565, "19": 2.164620921310565, "20": 2.164620921310565, "21": 2.164620921310565, "22": 2.164620921310565, "23": 2.164620921310565, "24": 2.164620921310565, "25": 2.164620921310565, "26": 2.164620921310565, "27": 2.164620921310565, "28": 2.164620921310565, "29": 2.164620921310565, "30": 2.164620921310565, "31": 2.164620921310565, "32": 2.164620921310565, "33": 2.164620921310565, "34": 2.0487196662856135, "35": 2.0487196662856135, "36": 2.0487196662856135, "37": 2.0487196662856135, "38": 2.0487196662856135, "39": 2.0487196662856135, "40": 2.0487196662856135, "41": 2.0487196662856135, "42": 2.0487196662856135, "43": 2.0487196662856135, "44": 2.0484342653113323, "45": 2.0484342653113323, "46": 2.0484342653113323, "47": 2.0484342653113323, "48": 2.0484342653113323, "49": 2.0484342653113323, "50": 2.0484342653113323, "51": 2.0484342653113323, "52": 2.0484342653113323, "53": 2.0484342653113323, "54": 2.0484342653113323, "55": 2.0484342653113323, "56": 2.0484342653113323, "57": 2.0484342653113323, "58": 2.0484342653113323, "59": 2.0484342653113323, "60": 2.0484342653113323, "61": 2.0484342653113323, "62": 2.0484342653113323, "63": 2.0484342653113323, "64": 2.0484342653113323, "65": 2.0484342653113323, "66": 2.0484342653113323, "67": 2.0484342653113323, "68": 2.0484342653113323, "69": 2.0484342653113323, "70": 1.942725458999739, "71": 1.942725458999739, "72": 1.942725458999739, "73": 1.942725458999739, "74": 1.942725458999739, "75": 1.942725458999739, "76": 1.942725458999739, "77": 1.942725458999739, "78": 1.942725458999739, "79": 1.942725458999739, "80": 1.942725458999739, "81": 1.942725458999739, "82": 1.942725458999739, "83": 1.942725458999739, "84": 1.942725458999739, "85": 1.942725458999739, "86": 1.942725458999739, "87": 1.942725458999739, "88": 1.942725458999739, "89": 1.942725458999739, "90": 1.942725458999739, "91": 1.942725458999739, "92": 1.942725458999739, "93": 1.942725458999739, "94": 1.942725458999739, "95": 1.942725458999739, "96": 1.942725458999739, "97": 1.942725458999739, "98": 1.942725458999739, "99": 1.942725458999739, "100": 1.942725458999739}