{"0": 15.250419122910461, "1": 12.606653023069043, "2": 12.606653023069043, "3": 12.606653023069043, "4": 8.796616302112755, "5": 8.796616302112755, "6": 8.796616302112755, "7": 8.796616302112755, "8": 8.796616302112755, "9": 8.796616302112755, "10": 8.796616302112755, "11": 5.931057185526651, "12": 5.931057185526651, "13": 5.931057185526651, "14": 5.612936317197899, "15": 2.2322308729847755, "16": 2.2322308729847755, "17": 2.2322308729847755, "18": 2.2322308729847755, "19": 2.2322308729847755, "20": 2.2322308729847755, "21": 2.2322308729847755, "22": 2.2322308729847755, "23": 1.2394737365236637, "24": 1.2394737365236637, "25": 1.2394737365236637, "26": 1.2394737365236637, "27": 1.2394737365236637, "28": 1.2394737365236637, "29": 1.2394737365236637, "30": 1.2394737365236637, "31": 1.2394737365236637, "32": 1.2394737365236637, "33": 1.2394737365236637, "34": 1.2394737365236637, "35": 1.2394737365236637, "36": 1.2394737365236637, "37": 1.2394737365236637, "38": 1.2394737365236637, "39": 1.2394737365236637, "40": 1.2394737365236637, "41": 1.2394737365236637, "42": 1.2394737365236637, "43": 0.08189498548510343, "44": 0.08189498548510343, "45": 0.08189498548510343, "46": 0.08189498548510343, "47": 0.08189498548510343, "48": 0.08189498548510343, "49": 0.08189498548510343, "50": 0.08189498548510343, "51": 0.08189498548510343, "52": 0.08189498548510343, "53": 0.08189498548510343, "54": 0.08189498548510343, "55": 0.08189498548510343, "56": 0.08189498548510343, "57": 0.08189498548510343, "58": 0.08189498548510343, "59": 0.08189498548510343, "60": 0.08189498548510343, "61": 0.08189498548510343, "62": 0.08189498548510343, "63": 0.08189498548510343, "64": 0.08189498548510343, "65": 0.08189498548510343, "66": 0.08189498548510343, "67": 0.08189498548510343, "68": 0.08189498548510343, "69": 0.08189498548510343, "70": 0.08189498548510343, "71": 0.08189498548510343, "72": 0.08189498548510343, "73": 0.08189498548510343, "74": 0.08189498548510343, "75": 0.08189498548510343, "76": 0.08189498548510343, "77": 0.08189498548510343, "78": 0.08189498548510343, "79": 0.08189498548510343, "80": 0.08189498548510343, "81": 0.08189498548510343, "82": 0.08189498548510343, "83": 0.08189498548510343, "84": 0.08189498548510343, "85": 0.08189498548510343, "86": 0.08189498548510343, "87": 0.08189498548510343, "88": 0.08189498548510343, "89": 0.08189498548510343, "90": 0.08189498548510343, "91": 0.08189498548510343, "92": 0.08189498548510343, "93": 0.08189498548510343, "94": 0.08189498548510343, "95": 0.08189498548510343, "96": 0.08189498548510343, "97": 0.08189498548510343, "98": 0.08189498548510343, "99": 0.08189498548510343, "100": 0.08189498548510343}