{"0": 19.507632157418023, "1": 19.507632157418023, "2": 19.507632157418023, "3": 2.5785775514587925, "4": 2.5785775514587925, "5": 2.5785775514587925, "6": 2.5785775514587925, "7": 2.5785775514587925, "8": 2.5785775514587925, "9": 0.9148414595130063, "10": 0.9148414595130063, "11": 0.9148414595130063, "12": 0.9148414595130063, "13": 0.9148414595130063, "14": 0.9148414595130063, "15": 0.9148414595130063, "16": 0.9148414595130063, "17": 0.12472886251209303, "18": 0.12472886251209303, "19": 0.12472886251209303, "20": 0.12472886251209303, "21": 0.12472886251209303, "22": 0.12472886251209303, "23": 0.12472886251209303, "24": 0.12472886251209303, "25": 0.12472886251209303, "26": 0.12472886251209303, "27": 0.003168222236773488, "28": 0.003168222236773488, "29": 0.003168222236773488, "30": 0.003168222236773488, "31": 0.003168222236773488, "32": 0.003168222236773488, "33": 0.003168222236773488, "34": 0.003168222236773488, "35": 0.003168222236773488, "36": 0.003168222236773488, "37": 0.003168222236773488, "38": 0.003168222236773488, "39": 0.003168222236773488, "40": 0.003168222236773488, "41": 0.003168222236773488, "42": 0.003168222236773488, "43": 0.003168222236773488, "44": 0.003168222236773488, "45": 0.003168222236773488, "46": 0.003168222236773488, "47": 0.003168222236773488, "48": 0.003168222236773488, "49": 0.003168222236773488, "50": 0.003168222236773488, "51": 0.003168222236773488, "52": 0.003168222236773488, "53": 0.003168222236773488, "54": 0.003168222236773488, "55": 0.003168222236773488, "56": 0.003168222236773488, "57": 0.003168222236773488, "58": 0.003168222236773488, "59": 0.003168222236773488, "60": 0.003168222236773488, "61": 0.003168222236773488, "62": 0.003168222236773488, "63": 0.003168222236773488, "64": 0.003168222236773488, "65": 0.003168222236773488, "66": 0.003168222236773488, "67": 0.003168222236773488, "68": 0.003168222236773488, "69": 0.003168222236773488, "70": 0.003168222236773488, "71": 0.003168222236773488, "72": 0.003168222236773488, "73": 0.003168222236773488, "74": 0.003168222236773488, "75": 0.003168222236773488, "76": 0.003168222236773488, "77": 0.003168222236773488, "78": 0.003168222236773488, "79": 0.003168222236773488, "80": 0.003168222236773488, "81": 0.003168222236773488, "82": 0.003168222236773488, "83": 0.003168222236773488, "84": 0.003168222236773488, "85": 0.003168222236773488, "86": 0.003168222236773488, "87": 0.003168222236773488, "88": 0.003168222236773488, "89": 0.003168222236773488, "90": 0.003168222236773488, "91": 0.003168222236773488, "92": 0.003168222236773488, "93": 0.003168222236773488, "94": 0.003168222236773488, "95": 0.003168222236773488, "96": 0.003168222236773488, "97": 0.003168222236773488, "98": 0.003168222236773488, "99": 0.003168222236773488, "100": 0.003168222236773488}