{"0": 8.190921425652025, "1": 8.190921425652025, "2": 8.190921425652025, "3": 8.190921425652025, "4": 8.190921425652025, "5": 8.190921425652025, "6": 8.190921425652025, "7": 7.405088964067616, "8": 7.405088964067616, "9": 7.405088964067616, "10": 7.405088964067616, "11": 7.405088964067616, "12": 7.405088964067616, "13": 7.317970483029875, "14": 7.317970483029875, "15": 7.0936843944477594, "16": 6.839621886833232, "17": 6.839621886833232, "18": 3.991429933531041, "19": 3.991429933531041, "20": 3.991429933531041, "21": 3.5840021750246827, "22": 3.5840021750246827, "23": 3.5840021750246827, "24": 3.5840021750246827, "25": 3.5840021750246827, "26": 3.5840021750246827, "27": 3.5840021750246827, "28": 3.5840021750246827, "29": 3.5840021750246827, "30": 3.5840021750246827, "31": 3.5840021750246827, "32": 3.5840021750246827, "33": 2.566120731599817, "34": 2.566120731599817, "35": 2.566120731599817, "36": 2.566120731599817, "37": 2.566120731599817, "38": 2.566120731599817, "39": 2.566120731599817, "40": 2.566120731599817, "41": 1.8829796523269344, "42": 1.7639622289768582, "43": 1.7639622289768582, "44": 1.7639622289768582, "45": 1.7639622289768582, "46": 1.7639622289768582, "47": 1.7639622289768582, "48": 1.7639622289768582, "49": 1.7639622289768582, "50": 1.7639622289768582, "51": 1.7639622289768582, "52": 1.7639622289768582, "53": 1.7639622289768582, "54": 1.7639622289768582, "55": 1.7639622289768582, "56": 1.7639622289768582, "57": 1.7639622289768582, "58": 1.7639622289768582, "59": 1.7639622289768582, "60": 1.7639622289768582, "61": 1.7639622289768582, "62": 1.7639622289768582, "63": 1.7639622289768582, "64": 1.7639622289768582, "65": 1.7639622289768582, "66": 1.7639622289768582, "67": 1.7639622289768582, "68": 1.7639622289768582, "69": 1.7639622289768582, "70": 1.7639622289768582, "71": 1.7639622289768582, "72": 1.7639622289768582, "73": 1.7639622289768582, "74": 1.7639622289768582, "75": 1.7639622289768582, "76": 1.7639622289768582, "77": 1.7639622289768582, "78": 1.7639622289768582, "79": 1.7639622289768582, "80": 1.7639622289768582, "81": 1.7639622289768582, "82": 1.7639622289768582, "83": 1.7639622289768582, "84": 1.7639622289768582, "85": 1.7639622289768582, "86": 1.7639622289768582, "87": 1.7639622289768582, "88": 1.7639622289768582, "89": 1.7639622289768582, "90": 1.7639622289768582, "91": 1.7639622289768582, "92": 1.7639622289768582, "93": 1.7639622289768582, "94": 1.7639622289768582, "95": 1.7639622289768582, "96": 1.7639622289768582, "97": 1.7639622289768582, "98": 1.5546989434555165, "99": 1.5546989434555165, "100": 1.5546989434555165}