{"0": 23.910532730627594, "1": 18.389877012761225, "2": 2.459541079870654, "3": 2.459541079870654, "4": 2.459541079870654, "5": 2.459541079870654, "6": 2.3573224755705624, "7": 2.3573224755705624, "8": 1.3777565754559546, "9": 1.3777565754559546, "10": 1.3777565754559546, "11": 1.3777565754559546, "12": 1.3777565754559546, "13": 1.3777565754559546, "14": 1.3777565754559546, "15": 1.3777565754559546, "16": 0.4841587267263776, "17": 0.4841587267263776, "18": 0.4841587267263776, "19": 0.4841587267263776, "20": 0.11545558820384016, "21": 0.11545558820384016, "22": 0.11545558820384016, "23": 0.11545558820384016, "24": 0.11545558820384016, "25": 0.11545558820384016, "26": 0.11545558820384016, "27": 0.11545558820384016, "28": 0.11545558820384016, "29": 0.11545558820384016, "30": 0.11545558820384016, "31": 0.11545558820384016, "32": 0.11545558820384016, "33": 0.11545558820384016, "34": 0.11545558820384016, "35": 0.11545558820384016, "36": 0.11545558820384016, "37": 0.11545558820384016, "38": 0.11545558820384016, "39": 0.11545558820384016, "40": 0.11545558820384016, "41": 0.11545558820384016, "42": 0.11545558820384016, "43": 0.11545558820384016, "44": 0.11545558820384016, "45": 0.11545558820384016, "46": 0.11545558820384016, "47": 0.11545558820384016, "48": 0.11545558820384016, "49": 0.11545558820384016, "50": 0.11545558820384016, "51": 0.11545558820384016, "52": 0.11545558820384016, "53": 0.11545558820384016, "54": 0.11545558820384016, "55": 0.11545558820384016, "56": 0.11545558820384016, "57": 0.11545558820384016, "58": 0.11545558820384016, "59": 0.11545558820384016, "60": 0.11545558820384016, "61": 0.11545558820384016, "62": 0.11545558820384016, "63": 0.11545558820384016, "64": 0.11545558820384016, "65": 0.11545558820384016, "66": 0.11545558820384016, "67": 0.11545558820384016, "68": 0.11545558820384016, "69": 0.11545558820384016, "70": 0.11545558820384016, "71": 0.11545558820384016, "72": 0.11545558820384016, "73": 0.11545558820384016, "74": 0.11545558820384016, "75": 0.11545558820384016, "76": 0.11545558820384016, "77": 0.11545558820384016, "78": 0.11545558820384016, "79": 0.11545558820384016, "80": 0.11545558820384016, "81": 0.11545558820384016, "82": 0.11545558820384016, "83": 0.11545558820384016, "84": 0.11545558820384016, "85": 0.11545558820384016, "86": 0.11545558820384016, "87": 0.11545558820384016, "88": 0.11545558820384016, "89": 0.11545558820384016, "90": 0.11545558820384016, "91": 0.11545558820384016, "92": 0.11545558820384016, "93": 0.11545558820384016, "94": 0.11545558820384016, "95": 0.11545558820384016, "96": 0.11545558820384016, "97": 0.11545558820384016, "98": 0.11545558820384016, "99": 0.11545558820384016, "100": 0.11545558820384016}