{"0": 6.086051620068163, "1": 6.086051620068163, "2": 5.566680787188272, "3": 5.566680787188272, "4": 5.566680787188272, "5": 5.566680787188272, "6": 4.7773030183215255, "7": 1.9778420689261011, "8": 1.9778420689261011, "9": 1.9778420689261011, "10": 1.9778420689261011, "11": 1.9191687550528371, "12": 1.9191687550528371, "13": 1.9191687550528371, "14": 1.9191687550528371, "15": 1.9191687550528371, "16": 1.9191687550528371, "17": 1.9191687550528371, "18": 1.9191687550528371, "19": 1.9191687550528371, "20": 1.9191687550528371, "21": 1.9191687550528371, "22": 1.9191687550528371, "23": 1.9191687550528371, "24": 1.9191687550528371, "25": 1.9191687550528371, "26": 1.9191687550528371, "27": 1.9191687550528371, "28": 1.9191687550528371, "29": 1.9191687550528371, "30": 1.9191687550528371, "31": 1.9191687550528371, "32": 1.9191687550528371, "33": 1.9191687550528371, "34": 1.9191687550528371, "35": 1.9191687550528371, "36": 1.9191687550528371, "37": 1.9191687550528371, "38": 1.9191687550528371, "39": 1.9191687550528371, "40": 1.9191687550528371, "41": 0.9581175264276034, "42": 0.9581175264276034, "43": 0.9581175264276034, "44": 0.9581175264276034, "45": 0.9581175264276034, "46": 0.9581175264276034, "47": 0.9581175264276034, "48": 0.9581175264276034, "49": 0.9581175264276034, "50": 0.9581175264276034, "51": 0.9581175264276034, "52": 0.9581175264276034, "53": 0.9581175264276034, "54": 0.9581175264276034, "55": 0.9581175264276034, "56": 0.9581175264276034, "57": 0.9581175264276034, "58": 0.9581175264276034, "59": 0.9581175264276034, "60": 0.9581175264276034, "61": 0.9581175264276034, "62": 0.9581175264276034, "63": 0.9581175264276034, "64": 0.9581175264276034, "65": 0.9581175264276034, "66": 0.9581175264276034, "67": 0.9581175264276034, "68": 0.9581175264276034, "69": 0.9581175264276034, "70": 0.9581175264276034, "71": 0.9581175264276034, "72": 0.9581175264276034, "73": 0.9581175264276034, "74": 0.9581175264276034, "75": 0.9581175264276034, "76": 0.9581175264276034, "77": 0.9581175264276034, "78": 0.9581175264276034, "79": 0.9581175264276034, "80": 0.9581175264276034, "81": 0.9581175264276034, "82": 0.9581175264276034, "83": 0.9581175264276034, "84": 0.9581175264276034, "85": 0.9581175264276034, "86": 0.9581175264276034, "87": 0.9581175264276034, "88": 0.9581175264276034, "89": 0.9581175264276034, "90": 0.9581175264276034, "91": 0.9581175264276034, "92": 0.9581175264276034, "93": 0.9581175264276034, "94": 0.9581175264276034, "95": 0.9581175264276034, "96": 0.9581175264276034, "97": 0.9581175264276034, "98": 0.9581175264276034, "99": 0.8901180315570301, "100": 0.8901180315570301}