{"0": 17.761582908354235, "1": 17.761582908354235, "2": 9.314022028205468, "3": 9.314022028205468, "4": 9.314022028205468, "5": 6.579877378915924, "6": 6.579877378915924, "7": 2.4548813875075197, "8": 2.4548813875075197, "9": 2.4548813875075197, "10": 2.4548813875075197, "11": 2.4548813875075197, "12": 2.3485731253267232, "13": 2.3485731253267232, "14": 2.3485731253267232, "15": 2.3485731253267232, "16": 2.3485731253267232, "17": 2.3485731253267232, "18": 2.3485731253267232, "19": 2.3485731253267232, "20": 1.0858551605336615, "21": 1.0858551605336615, "22": 1.0858551605336615, "23": 1.0858551605336615, "24": 1.0858551605336615, "25": 1.0858551605336615, "26": 1.0858551605336615, "27": 1.0858551605336615, "28": 1.0858551605336615, "29": 1.0858551605336615, "30": 1.0858551605336615, "31": 1.0858551605336615, "32": 1.0858551605336615, "33": 1.0858551605336615, "34": 1.0858551605336615, "35": 1.0858551605336615, "36": 1.0858551605336615, "37": 1.0858551605336615, "38": 1.0858551605336615, "39": 1.0858551605336615, "40": 1.0858551605336615, "41": 1.0858551605336615, "42": 1.0858551605336615, "43": 1.0858551605336615, "44": 1.0858551605336615, "45": 1.0858551605336615, "46": 1.0858551605336615, "47": 1.0858551605336615, "48": 1.0858551605336615, "49": 1.0858551605336615, "50": 1.0858551605336615, "51": 1.0858551605336615, "52": 1.0858551605336615, "53": 1.0858551605336615, "54": 1.0858551605336615, "55": 1.0858551605336615, "56": 1.0858551605336615, "57": 1.0858551605336615, "58": 1.0858551605336615, "59": 1.0858551605336615, "60": 1.0858551605336615, "61": 1.0858551605336615, "62": 1.0858551605336615, "63": 1.0858551605336615, "64": 1.0858551605336615, "65": 1.0858551605336615, "66": 1.0858551605336615, "67": 1.0858551605336615, "68": 1.0858551605336615, "69": 1.0858551605336615, "70": 1.0858551605336615, "71": 1.0858551605336615, "72": 1.0858551605336615, "73": 1.0858551605336615, "74": 1.0858551605336615, "75": 1.0858551605336615, "76": 1.0858551605336615, "77": 1.0858551605336615, "78": 1.0858551605336615, "79": 1.0858551605336615, "80": 1.0858551605336615, "81": 1.0858551605336615, "82": 1.0858551605336615, "83": 1.0858551605336615, "84": 1.0858551605336615, "85": 1.0858551605336615, "86": 1.0858551605336615, "87": 1.0858551605336615, "88": 1.0858551605336615, "89": 1.0858551605336615, "90": 1.0858551605336615, "91": 1.0858551605336615, "92": 1.0858551605336615, "93": 1.0858551605336615, "94": 1.0858551605336615, "95": 1.0858551605336615, "96": 1.0858551605336615, "97": 1.0858551605336615, "98": 1.0858551605336615, "99": 1.0858551605336615, "100": 1.0858551605336615}