{"0": 21.79177629263522, "1": 2.6851172036194377, "2": 2.6851172036194377, "3": 2.6851172036194377, "4": 1.5695755400053102, "5": 1.5695755400053102, "6": 1.08915222163413, "7": 1.08915222163413, "8": 1.08915222163413, "9": 1.08915222163413, "10": 1.08915222163413, "11": 1.08915222163413, "12": 1.08915222163413, "13": 1.08915222163413, "14": 1.08915222163413, "15": 1.08915222163413, "16": 1.08915222163413, "17": 1.08915222163413, "18": 1.08915222163413, "19": 1.08915222163413, "20": 1.08915222163413, "21": 1.08915222163413, "22": 1.08915222163413, "23": 1.08915222163413, "24": 1.08915222163413, "25": 1.08915222163413, "26": 1.08915222163413, "27": 1.08915222163413, "28": 1.08915222163413, "29": 1.08915222163413, "30": 1.08915222163413, "31": 1.08915222163413, "32": 1.08915222163413, "33": 1.08915222163413, "34": 1.08915222163413, "35": 1.08915222163413, "36": 1.08915222163413, "37": 1.08915222163413, "38": 1.08915222163413, "39": 1.08915222163413, "40": 1.079540685606215, "41": 1.079540685606215, "42": 1.079540685606215, "43": 1.079540685606215, "44": 1.079540685606215, "45": 1.079540685606215, "46": 1.079540685606215, "47": 1.079540685606215, "48": 1.079540685606215, "49": 1.079540685606215, "50": 1.079540685606215, "51": 1.079540685606215, "52": 1.079540685606215, "53": 1.079540685606215, "54": 1.079540685606215, "55": 1.079540685606215, "56": 1.079540685606215, "57": 1.079540685606215, "58": 1.079540685606215, "59": 1.079540685606215, "60": 1.079540685606215, "61": 1.079540685606215, "62": 1.079540685606215, "63": 1.079540685606215, "64": 1.079540685606215, "65": 1.079540685606215, "66": 1.079540685606215, "67": 1.079540685606215, "68": 1.079540685606215, "69": 1.079540685606215, "70": 1.079540685606215, "71": 1.079540685606215, "72": 1.079540685606215, "73": 1.079540685606215, "74": 1.079540685606215, "75": 1.079540685606215, "76": 1.079540685606215, "77": 1.079540685606215, "78": 1.079540685606215, "79": 1.079540685606215, "80": 1.079540685606215, "81": 1.079540685606215, "82": 1.079540685606215, "83": 1.079540685606215, "84": 1.079540685606215, "85": 1.079540685606215, "86": 1.079540685606215, "87": 1.079540685606215, "88": 1.079540685606215, "89": 1.079540685606215, "90": 1.079540685606215, "91": 1.079540685606215, "92": 1.079540685606215, "93": 1.079540685606215, "94": 1.079540685606215, "95": 1.079540685606215, "96": 1.079540685606215, "97": 1.079540685606215, "98": 1.079540685606215, "99": 1.079540685606215, "100": 1.079540685606215}