{"0": 23.156772702801312, "1": 9.79774297247608, "2": 9.79774297247608, "3": 9.79774297247608, "4": 9.79774297247608, "5": 9.071869993770616, "6": 9.071869993770616, "7": 7.231693574224053, "8": 7.231693574224053, "9": 1.9362136974620512, "10": 1.9362136974620512, "11": 1.9362136974620512, "12": 1.9362136974620512, "13": 1.9362136974620512, "14": 1.9362136974620512, "15": 1.9362136974620512, "16": 1.9362136974620512, "17": 1.539126425720383, "18": 1.539126425720383, "19": 1.539126425720383, "20": 1.539126425720383, "21": 1.539126425720383, "22": 1.539126425720383, "23": 1.539126425720383, "24": 1.539126425720383, "25": 1.539126425720383, "26": 1.539126425720383, "27": 1.539126425720383, "28": 1.539126425720383, "29": 1.539126425720383, "30": 1.4205848574850926, "31": 1.4205848574850926, "32": 1.4205848574850926, "33": 1.4205848574850926, "34": 1.4205848574850926, "35": 1.4205848574850926, "36": 1.4205848574850926, "37": 1.4205848574850926, "38": 1.4205848574850926, "39": 1.4205848574850926, "40": 1.4205848574850926, "41": 1.4205848574850926, "42": 1.4205848574850926, "43": 1.4205848574850926, "44": 1.4205848574850926, "45": 1.4205848574850926, "46": 1.4205848574850926, "47": 1.4205848574850926, "48": 1.4205848574850926, "49": 1.4205848574850926, "50": 1.4205848574850926, "51": 1.4205848574850926, "52": 1.4205848574850926, "53": 1.4205848574850926, "54": 1.4205848574850926, "55": 1.4205848574850926, "56": 1.4205848574850926, "57": 1.4205848574850926, "58": 1.4205848574850926, "59": 1.4205848574850926, "60": 1.4205848574850926, "61": 1.4205848574850926, "62": 1.4205848574850926, "63": 1.4205848574850926, "64": 1.4205848574850926, "65": 1.4205848574850926, "66": 1.4205848574850926, "67": 1.4205848574850926, "68": 1.4205848574850926, "69": 1.4205848574850926, "70": 1.4205848574850926, "71": 1.4205848574850926, "72": 1.4205848574850926, "73": 1.4205848574850926, "74": 1.4205848574850926, "75": 1.4205848574850926, "76": 1.4205848574850926, "77": 1.4205848574850926, "78": 1.4205848574850926, "79": 1.4205848574850926, "80": 1.4205848574850926, "81": 1.4205848574850926, "82": 1.4205848574850926, "83": 1.4205848574850926, "84": 1.4205848574850926, "85": 1.4205848574850926, "86": 1.4205848574850926, "87": 1.3080738431241627, "88": 1.3080738431241627, "89": 1.3080738431241627, "90": 1.3080738431241627, "91": 1.3080738431241627, "92": 1.3080738431241627, "93": 0.9477688088187719, "94": 0.9477688088187719, "95": 0.9477688088187719, "96": 0.9477688088187719, "97": 0.9477688088187719, "98": 0.9477688088187719, "99": 0.9477688088187719, "100": 0.9477688088187719}