{"0": 9.199764543717897, "1": 9.199764543717897, "2": 9.199764543717897, "3": 9.199764543717897, "4": 9.199764543717897, "5": 9.199764543717897, "6": 7.777819247074023, "7": 7.777819247074023, "8": 4.552213467912811, "9": 4.552213467912811, "10": 4.552213467912811, "11": 4.552213467912811, "12": 4.552213467912811, "13": 4.552213467912811, "14": 4.552213467912811, "15": 4.443555482799013, "16": 4.443555482799013, "17": 4.443555482799013, "18": 4.443555482799013, "19": 4.443555482799013, "20": 4.443555482799013, "21": 4.443555482799013, "22": 4.443555482799013, "23": 4.443555482799013, "24": 4.443555482799013, "25": 4.443555482799013, "26": 4.443555482799013, "27": 4.443555482799013, "28": 4.443555482799013, "29": 4.443555482799013, "30": 4.443555482799013, "31": 4.443555482799013, "32": 4.443555482799013, "33": 4.443555482799013, "34": 4.443555482799013, "35": 4.443555482799013, "36": 4.443555482799013, "37": 4.443555482799013, "38": 4.443555482799013, "39": 4.443555482799013, "40": 4.443555482799013, "41": 4.443555482799013, "42": 4.443555482799013, "43": 4.443555482799013, "44": 4.443555482799013, "45": 4.443555482799013, "46": 4.443555482799013, "47": 4.443555482799013, "48": 4.443555482799013, "49": 4.443555482799013, "50": 4.443555482799013, "51": 4.443555482799013, "52": 4.443555482799013, "53": 4.443555482799013, "54": 4.443555482799013, "55": 4.443555482799013, "56": 4.443555482799013, "57": 4.443555482799013, "58": 4.443555482799013, "59": 4.443555482799013, "60": 4.443555482799013, "61": 4.443555482799013, "62": 4.443555482799013, "63": 4.443555482799013, "64": 4.443555482799013, "65": 4.443555482799013, "66": 2.5924862545332275, "67": 2.5924862545332275, "68": 2.5924862545332275, "69": 2.5924862545332275, "70": 2.5924862545332275, "71": 2.5924862545332275, "72": 2.5924862545332275, "73": 2.5924862545332275, "74": 2.5924862545332275, "75": 2.5924862545332275, "76": 2.5924862545332275, "77": 2.5924862545332275, "78": 2.5924862545332275, "79": 2.5924862545332275, "80": 2.5924862545332275, "81": 2.5924862545332275, "82": 2.5924862545332275, "83": 2.5924862545332275, "84": 2.5924862545332275, "85": 2.5924862545332275, "86": 2.5924862545332275, "87": 2.5924862545332275, "88": 2.5924862545332275, "89": 2.5924862545332275, "90": 2.5924862545332275, "91": 2.5924862545332275, "92": 2.5924862545332275, "93": 2.5924862545332275, "94": 2.5924862545332275, "95": 2.5924862545332275, "96": 2.5924862545332275, "97": 2.5924862545332275, "98": 2.5924862545332275, "99": 2.5924862545332275, "100": 2.5924862545332275}