{"0": 19.70235080957523, "1": 12.835624846361522, "2": 12.835624846361522, "3": 12.835624846361522, "4": 3.430572220734568, "5": 3.430572220734568, "6": 3.430572220734568, "7": 3.430572220734568, "8": 3.430572220734568, "9": 3.430572220734568, "10": 3.430572220734568, "11": 3.430572220734568, "12": 3.430572220734568, "13": 3.430572220734568, "14": 3.430572220734568, "15": 3.430572220734568, "16": 2.6638683257520626, "17": 2.640722367775858, "18": 2.088040622925842, "19": 2.088040622925842, "20": 2.088040622925842, "21": 2.088040622925842, "22": 2.088040622925842, "23": 2.088040622925842, "24": 2.088040622925842, "25": 2.088040622925842, "26": 2.088040622925842, "27": 2.088040622925842, "28": 2.088040622925842, "29": 2.088040622925842, "30": 2.088040622925842, "31": 2.0597130231226117, "32": 2.0597130231226117, "33": 1.411246249606073, "34": 1.411246249606073, "35": 1.411246249606073, "36": 1.411246249606073, "37": 1.411246249606073, "38": 1.411246249606073, "39": 1.411246249606073, "40": 1.411246249606073, "41": 1.411246249606073, "42": 1.411246249606073, "43": 1.411246249606073, "44": 1.411246249606073, "45": 1.411246249606073, "46": 1.411246249606073, "47": 1.411246249606073, "48": 1.411246249606073, "49": 1.411246249606073, "50": 1.411246249606073, "51": 1.411246249606073, "52": 1.411246249606073, "53": 1.411246249606073, "54": 1.411246249606073, "55": 1.411246249606073, "56": 1.411246249606073, "57": 1.411246249606073, "58": 1.411246249606073, "59": 1.411246249606073, "60": 1.411246249606073, "61": 1.411246249606073, "62": 1.411246249606073, "63": 1.411246249606073, "64": 1.411246249606073, "65": 1.411246249606073, "66": 1.411246249606073, "67": 1.411246249606073, "68": 1.411246249606073, "69": 1.3453563863765083, "70": 1.3453563863765083, "71": 1.3453563863765083, "72": 1.3453563863765083, "73": 1.3453563863765083, "74": 1.3453563863765083, "75": 1.3453563863765083, "76": 1.3453563863765083, "77": 1.3453563863765083, "78": 1.3453563863765083, "79": 1.3453563863765083, "80": 1.3453563863765083, "81": 1.3453563863765083, "82": 1.3453563863765083, "83": 1.3453563863765083, "84": 1.3453563863765083, "85": 1.3453563863765083, "86": 1.3453563863765083, "87": 1.3453563863765083, "88": 1.3453563863765083, "89": 1.3453563863765083, "90": 1.3453563863765083, "91": 1.3453563863765083, "92": 1.3453563863765083, "93": 1.3453563863765083, "94": 1.3453563863765083, "95": 1.3453563863765083, "96": 1.3453563863765083, "97": 1.3453563863765083, "98": 1.3453563863765083, "99": 1.3453563863765083, "100": 1.3453563863765083}