{"0": 13.273535898106534, "1": 13.273535898106534, "2": 13.273535898106534, "3": 13.273535898106534, "4": 13.273535898106534, "5": 10.942527213982537, "6": 8.83621218966353, "7": 6.527786606363412, "8": 6.527786606363412, "9": 5.106124699529342, "10": 4.09473107203792, "11": 4.09473107203792, "12": 4.09473107203792, "13": 4.09473107203792, "14": 4.09473107203792, "15": 4.09473107203792, "16": 4.09473107203792, "17": 4.09473107203792, "18": 4.09473107203792, "19": 4.09473107203792, "20": 1.8219659635954102, "21": 1.8219659635954102, "22": 1.8219659635954102, "23": 1.8219659635954102, "24": 1.8219659635954102, "25": 1.8219659635954102, "26": 1.296767746011703, "27": 1.296767746011703, "28": 1.296767746011703, "29": 1.296767746011703, "30": 1.296767746011703, "31": 1.296767746011703, "32": 1.296767746011703, "33": 1.068418104836006, "34": 1.068418104836006, "35": 0.8043860758645138, "36": 0.8043860758645138, "37": 0.7709715288733037, "38": 0.7709715288733037, "39": 0.7709715288733037, "40": 0.7709715288733037, "41": 0.7709715288733037, "42": 0.7709715288733037, "43": 0.7709715288733037, "44": 0.7709715288733037, "45": 0.7709715288733037, "46": 0.7709715288733037, "47": 0.7709715288733037, "48": 0.7709715288733037, "49": 0.7709715288733037, "50": 0.7709715288733037, "51": 0.7709715288733037, "52": 0.7709715288733037, "53": 0.7709715288733037, "54": 0.7709715288733037, "55": 0.7709715288733037, "56": 0.7709715288733037, "57": 0.7709715288733037, "58": 0.7709715288733037, "59": 0.7709715288733037, "60": 0.7709715288733037, "61": 0.7709715288733037, "62": 0.7709715288733037, "63": 0.7709715288733037, "64": 0.7709715288733037, "65": 0.7709715288733037, "66": 0.7709715288733037, "67": 0.7709715288733037, "68": 0.7709715288733037, "69": 0.7709715288733037, "70": 0.7709715288733037, "71": 0.7709715288733037, "72": 0.7709715288733037, "73": 0.7709715288733037, "74": 0.7709715288733037, "75": 0.7709715288733037, "76": 0.7709715288733037, "77": 0.3669055428579071, "78": 0.3669055428579071, "79": 0.3669055428579071, "80": 0.3669055428579071, "81": 0.3669055428579071, "82": 0.3669055428579071, "83": 0.3669055428579071, "84": 0.3669055428579071, "85": 0.3669055428579071, "86": 0.3669055428579071, "87": 0.3669055428579071, "88": 0.3669055428579071, "89": 0.3669055428579071, "90": 0.3669055428579071, "91": 0.3669055428579071, "92": 0.3669055428579071, "93": 0.3669055428579071, "94": 0.3669055428579071, "95": 0.3669055428579071, "96": 0.3669055428579071, "97": 0.3669055428579071, "98": 0.3669055428579071, "99": 0.3669055428579071, "100": 0.3669055428579071}