{"0": 13.190454765732568, "1": 13.190454765732568, "2": 13.190454765732568, "3": 13.190454765732568, "4": 13.190454765732568, "5": 13.190454765732568, "6": 5.193187780338803, "7": 5.193187780338803, "8": 4.182800057881476, "9": 4.182800057881476, "10": 4.182800057881476, "11": 4.182800057881476, "12": 4.182800057881476, "13": 4.182800057881476, "14": 4.182800057881476, "15": 4.182800057881476, "16": 4.182800057881476, "17": 4.182800057881476, "18": 3.354291163521289, "19": 3.354291163521289, "20": 3.354291163521289, "21": 3.354291163521289, "22": 3.354291163521289, "23": 2.41122347003477, "24": 2.41122347003477, "25": 2.41122347003477, "26": 2.41122347003477, "27": 2.41122347003477, "28": 2.41122347003477, "29": 2.41122347003477, "30": 2.41122347003477, "31": 2.2965734854627726, "32": 2.2965734854627726, "33": 2.2965734854627726, "34": 2.2965734854627726, "35": 2.2965734854627726, "36": 2.2965734854627726, "37": 2.2965734854627726, "38": 2.2965734854627726, "39": 2.2965734854627726, "40": 2.2965734854627726, "41": 2.2965734854627726, "42": 1.310850697443172, "43": 1.310850697443172, "44": 1.310850697443172, "45": 1.310850697443172, "46": 1.310850697443172, "47": 1.310850697443172, "48": 1.310850697443172, "49": 0.9974911359701295, "50": 0.9974911359701295, "51": 0.9974911359701295, "52": 0.9974911359701295, "53": 0.9974911359701295, "54": 0.9974911359701295, "55": 0.9974911359701295, "56": 0.9974911359701295, "57": 0.9974911359701295, "58": 0.9974911359701295, "59": 0.9974911359701295, "60": 0.9974911359701295, "61": 0.9974911359701295, "62": 0.9974911359701295, "63": 0.9974911359701295, "64": 0.9974911359701295, "65": 0.9974911359701295, "66": 0.9974911359701295, "67": 0.9974911359701295, "68": 0.9974911359701295, "69": 0.9974911359701295, "70": 0.9974911359701295, "71": 0.9974911359701295, "72": 0.9974911359701295, "73": 0.9974911359701295, "74": 0.9974911359701295, "75": 0.9974911359701295, "76": 0.9974911359701295, "77": 0.9974911359701295, "78": 0.9974911359701295, "79": 0.9974911359701295, "80": 0.9974911359701295, "81": 0.9974911359701295, "82": 0.9974911359701295, "83": 0.9974911359701295, "84": 0.9974911359701295, "85": 0.9974911359701295, "86": 0.9974911359701295, "87": 0.9974911359701295, "88": 0.9974911359701295, "89": 0.9974911359701295, "90": 0.9974911359701295, "91": 0.9974911359701295, "92": 0.9974911359701295, "93": 0.9974911359701295, "94": 0.9974911359701295, "95": 0.9974911359701295, "96": 0.9974911359701295, "97": 0.9974911359701295, "98": 0.9974911359701295, "99": 0.9974911359701295, "100": 0.9974911359701295}