{"0": 11.419928155520113, "1": 11.419928155520113, "2": 11.419928155520113, "3": 6.8153897169526125, "4": 6.8153897169526125, "5": 6.8153897169526125, "6": 6.8153897169526125, "7": 6.8153897169526125, "8": 6.8153897169526125, "9": 6.8153897169526125, "10": 6.8153897169526125, "11": 1.7805601805655726, "12": 1.7805601805655726, "13": 1.7805601805655726, "14": 1.7805601805655726, "15": 1.7805601805655726, "16": 1.7805601805655726, "17": 1.7805601805655726, "18": 1.7805601805655726, "19": 1.7805601805655726, "20": 1.7805601805655726, "21": 1.7805601805655726, "22": 1.669381492437772, "23": 1.669381492437772, "24": 1.669381492437772, "25": 1.669381492437772, "26": 1.669381492437772, "27": 1.669381492437772, "28": 1.669381492437772, "29": 1.669381492437772, "30": 1.669381492437772, "31": 1.669381492437772, "32": 1.669381492437772, "33": 1.669381492437772, "34": 1.669381492437772, "35": 1.669381492437772, "36": 1.669381492437772, "37": 1.669381492437772, "38": 1.669381492437772, "39": 1.669381492437772, "40": 1.669381492437772, "41": 1.669381492437772, "42": 1.669381492437772, "43": 1.669381492437772, "44": 1.669381492437772, "45": 1.669381492437772, "46": 1.669381492437772, "47": 1.669381492437772, "48": 1.669381492437772, "49": 1.669381492437772, "50": 1.669381492437772, "51": 1.669381492437772, "52": 1.669381492437772, "53": 0.923920633454955, "54": 0.923920633454955, "55": 0.923920633454955, "56": 0.923920633454955, "57": 0.923920633454955, "58": 0.923920633454955, "59": 0.923920633454955, "60": 0.923920633454955, "61": 0.923920633454955, "62": 0.923920633454955, "63": 0.923920633454955, "64": 0.923920633454955, "65": 0.923920633454955, "66": 0.923920633454955, "67": 0.923920633454955, "68": 0.923920633454955, "69": 0.923920633454955, "70": 0.923920633454955, "71": 0.923920633454955, "72": 0.923920633454955, "73": 0.923920633454955, "74": 0.923920633454955, "75": 0.923920633454955, "76": 0.923920633454955, "77": 0.923920633454955, "78": 0.923920633454955, "79": 0.923920633454955, "80": 0.923920633454955, "81": 0.923920633454955, "82": 0.923920633454955, "83": 0.923920633454955, "84": 0.923920633454955, "85": 0.923920633454955, "86": 0.923920633454955, "87": 0.923920633454955, "88": 0.923920633454955, "89": 0.923920633454955, "90": 0.923920633454955, "91": 0.923920633454955, "92": 0.923920633454955, "93": 0.923920633454955, "94": 0.923920633454955, "95": 0.923920633454955, "96": 0.923920633454955, "97": 0.923920633454955, "98": 0.923920633454955, "99": 0.923920633454955, "100": 0.923920633454955}