{"0": 11.781985758760316, "1": 10.881028840233231, "2": 10.881028840233231, "3": 10.881028840233231, "4": 10.04907655687492, "5": 10.04907655687492, "6": 10.04907655687492, "7": 10.04907655687492, "8": 9.398429224866112, "9": 7.244598928300011, "10": 7.244598928300011, "11": 7.244598928300011, "12": 7.244598928300011, "13": 7.244598928300011, "14": 7.244598928300011, "15": 7.244598928300011, "16": 7.244598928300011, "17": 7.012632247321603, "18": 7.012632247321603, "19": 6.613471121229431, "20": 6.613471121229431, "21": 6.613471121229431, "22": 6.405363445298038, "23": 4.20824389712741, "24": 4.20824389712741, "25": 4.20824389712741, "26": 4.20824389712741, "27": 4.20824389712741, "28": 4.20824389712741, "29": 4.20824389712741, "30": 2.132611495196983, "31": 2.132611495196983, "32": 2.132611495196983, "33": 2.132611495196983, "34": 2.132611495196983, "35": 2.132611495196983, "36": 2.132611495196983, "37": 2.132611495196983, "38": 2.132611495196983, "39": 2.132611495196983, "40": 2.132611495196983, "41": 2.132611495196983, "42": 2.132611495196983, "43": 2.132611495196983, "44": 2.132611495196983, "45": 2.132611495196983, "46": 2.132611495196983, "47": 2.132611495196983, "48": 2.132611495196983, "49": 2.132611495196983, "50": 2.132611495196983, "51": 2.132611495196983, "52": 2.132611495196983, "53": 2.132611495196983, "54": 2.132611495196983, "55": 2.132611495196983, "56": 2.132611495196983, "57": 2.132611495196983, "58": 1.5685237499866211, "59": 1.5685237499866211, "60": 1.5685237499866211, "61": 1.5685237499866211, "62": 1.5624555934006175, "63": 1.5624555934006175, "64": 1.5624555934006175, "65": 1.5624555934006175, "66": 1.5624555934006175, "67": 1.5624555934006175, "68": 1.5624555934006175, "69": 1.5624555934006175, "70": 1.5624555934006175, "71": 1.5624555934006175, "72": 1.5624555934006175, "73": 1.5624555934006175, "74": 1.5624555934006175, "75": 1.5624555934006175, "76": 1.5624555934006175, "77": 1.5624555934006175, "78": 1.5624555934006175, "79": 1.5624555934006175, "80": 1.5624555934006175, "81": 1.5624555934006175, "82": 1.5624555934006175, "83": 1.5624555934006175, "84": 1.5624555934006175, "85": 1.5624555934006175, "86": 1.5624555934006175, "87": 1.5624555934006175, "88": 1.5624555934006175, "89": 1.5624555934006175, "90": 1.5624555934006175, "91": 1.5624555934006175, "92": 1.5624555934006175, "93": 1.5624555934006175, "94": 1.5624555934006175, "95": 1.5624555934006175, "96": 1.5624555934006175, "97": 1.5624555934006175, "98": 1.5624555934006175, "99": 1.5624555934006175, "100": 1.5624555934006175}