{"0": 20.895005063108094, "1": 20.895005063108094, "2": 20.895005063108094, "3": 20.895005063108094, "4": 18.149016205354574, "5": 12.900362168892766, "6": 12.900362168892766, "7": 12.900362168892766, "8": 3.1178982169749148, "9": 3.1178982169749148, "10": 3.1178982169749148, "11": 3.1178982169749148, "12": 3.1178982169749148, "13": 3.1178982169749148, "14": 3.1178982169749148, "15": 3.1178982169749148, "16": 3.1178982169749148, "17": 3.1178982169749148, "18": 3.1178982169749148, "19": 3.1178982169749148, "20": 2.457621718526866, "21": 2.457621718526866, "22": 2.457621718526866, "23": 2.457621718526866, "24": 2.457621718526866, "25": 2.457621718526866, "26": 2.457621718526866, "27": 2.457621718526866, "28": 2.457621718526866, "29": 2.457621718526866, "30": 1.4507014965124014, "31": 1.4507014965124014, "32": 1.4507014965124014, "33": 1.4507014965124014, "34": 1.4507014965124014, "35": 1.4507014965124014, "36": 1.4507014965124014, "37": 1.4507014965124014, "38": 1.4507014965124014, "39": 1.4507014965124014, "40": 1.4507014965124014, "41": 1.4507014965124014, "42": 1.4507014965124014, "43": 1.4507014965124014, "44": 1.4507014965124014, "45": 1.4507014965124014, "46": 1.4507014965124014, "47": 1.4507014965124014, "48": 1.4507014965124014, "49": 1.4507014965124014, "50": 1.4507014965124014, "51": 1.4507014965124014, "52": 1.4507014965124014, "53": 1.4507014965124014, "54": 1.4507014965124014, "55": 1.4507014965124014, "56": 1.4507014965124014, "57": 1.4507014965124014, "58": 1.4507014965124014, "59": 1.4507014965124014, "60": 1.4507014965124014, "61": 1.4507014965124014, "62": 1.4507014965124014, "63": 1.4507014965124014, "64": 1.4507014965124014, "65": 1.4507014965124014, "66": 1.4507014965124014, "67": 1.4507014965124014, "68": 1.4507014965124014, "69": 0.9189090845506129, "70": 0.9189090845506129, "71": 0.9189090845506129, "72": 0.9189090845506129, "73": 0.9189090845506129, "74": 0.9189090845506129, "75": 0.9189090845506129, "76": 0.9189090845506129, "77": 0.9189090845506129, "78": 0.9189090845506129, "79": 0.9189090845506129, "80": 0.9189090845506129, "81": 0.9189090845506129, "82": 0.9189090845506129, "83": 0.9189090845506129, "84": 0.9189090845506129, "85": 0.9189090845506129, "86": 0.9189090845506129, "87": 0.9189090845506129, "88": 0.9189090845506129, "89": 0.9189090845506129, "90": 0.9189090845506129, "91": 0.9189090845506129, "92": 0.9189090845506129, "93": 0.9189090845506129, "94": 0.9189090845506129, "95": 0.9189090845506129, "96": 0.9189090845506129, "97": 0.9189090845506129, "98": 0.9189090845506129, "99": 0.9189090845506129, "100": 0.9189090845506129}