{"0": 15.894378137029165, "1": 15.894378137029165, "2": 4.208101055244843, "3": 4.208101055244843, "4": 2.2611718940263827, "5": 2.2611718940263827, "6": 2.2611718940263827, "7": 2.2611718940263827, "8": 2.2611718940263827, "9": 2.2611718940263827, "10": 2.2611718940263827, "11": 2.2611718940263827, "12": 2.2611718940263827, "13": 2.2611718940263827, "14": 2.2611718940263827, "15": 2.2611718940263827, "16": 2.2611718940263827, "17": 2.2611718940263827, "18": 2.2611718940263827, "19": 2.2611718940263827, "20": 2.2611718940263827, "21": 2.2611718940263827, "22": 2.2611718940263827, "23": 2.2611718940263827, "24": 2.2585429104241435, "25": 2.2585429104241435, "26": 2.2585429104241435, "27": 1.775778651219305, "28": 1.775778651219305, "29": 1.775778651219305, "30": 1.775778651219305, "31": 1.775778651219305, "32": 1.775778651219305, "33": 1.775778651219305, "34": 1.775778651219305, "35": 1.775778651219305, "36": 1.775778651219305, "37": 1.775778651219305, "38": 1.775778651219305, "39": 1.775778651219305, "40": 1.775778651219305, "41": 1.775778651219305, "42": 1.775778651219305, "43": 1.775778651219305, "44": 1.775778651219305, "45": 1.775778651219305, "46": 1.775778651219305, "47": 1.775778651219305, "48": 1.775778651219305, "49": 1.775778651219305, "50": 1.775778651219305, "51": 1.775778651219305, "52": 1.775778651219305, "53": 1.775778651219305, "54": 1.775778651219305, "55": 1.775778651219305, "56": 1.775778651219305, "57": 1.775778651219305, "58": 1.775778651219305, "59": 1.775778651219305, "60": 1.775778651219305, "61": 1.775778651219305, "62": 1.775778651219305, "63": 1.775778651219305, "64": 1.775778651219305, "65": 1.775778651219305, "66": 1.775778651219305, "67": 1.775778651219305, "68": 1.775778651219305, "69": 1.775778651219305, "70": 1.775778651219305, "71": 1.775778651219305, "72": 1.775778651219305, "73": 1.775778651219305, "74": 1.775778651219305, "75": 1.775778651219305, "76": 1.775778651219305, "77": 1.775778651219305, "78": 1.775778651219305, "79": 1.775778651219305, "80": 1.775778651219305, "81": 1.775778651219305, "82": 1.775778651219305, "83": 1.775778651219305, "84": 1.775778651219305, "85": 1.775778651219305, "86": 1.775778651219305, "87": 1.775778651219305, "88": 1.775778651219305, "89": 1.775778651219305, "90": 1.775778651219305, "91": 1.775778651219305, "92": 1.775778651219305, "93": 1.775778651219305, "94": 1.775778651219305, "95": 1.775778651219305, "96": 1.775778651219305, "97": 1.775778651219305, "98": 1.775778651219305, "99": 1.775778651219305, "100": 1.775778651219305}