{"0": 18.996047463663693, "1": 9.542810651539316, "2": 9.542810651539316, "3": 9.542810651539316, "4": 9.542810651539316, "5": 9.542810651539316, "6": 9.542810651539316, "7": 9.542810651539316, "8": 9.542810651539316, "9": 9.542810651539316, "10": 7.543661724106915, "11": 6.0255367983666, "12": 6.0255367983666, "13": 6.0255367983666, "14": 6.0255367983666, "15": 6.0255367983666, "16": 6.0255367983666, "17": 6.0255367983666, "18": 6.0255367983666, "19": 6.0255367983666, "20": 6.0255367983666, "21": 6.0255367983666, "22": 6.0255367983666, "23": 1.140489603687719, "24": 1.140489603687719, "25": 1.140489603687719, "26": 1.140489603687719, "27": 1.140489603687719, "28": 1.140489603687719, "29": 1.140489603687719, "30": 1.140489603687719, "31": 1.140489603687719, "32": 1.140489603687719, "33": 1.140489603687719, "34": 1.140489603687719, "35": 1.140489603687719, "36": 1.140489603687719, "37": 1.140489603687719, "38": 1.140489603687719, "39": 1.140489603687719, "40": 1.140489603687719, "41": 1.140489603687719, "42": 1.140489603687719, "43": 1.140489603687719, "44": 1.140489603687719, "45": 1.140489603687719, "46": 1.140489603687719, "47": 1.140489603687719, "48": 1.140489603687719, "49": 1.140489603687719, "50": 1.140489603687719, "51": 1.140489603687719, "52": 1.140489603687719, "53": 1.140489603687719, "54": 1.140489603687719, "55": 1.140489603687719, "56": 1.140489603687719, "57": 1.140489603687719, "58": 1.140489603687719, "59": 1.140489603687719, "60": 1.140489603687719, "61": 1.140489603687719, "62": 1.140489603687719, "63": 1.140489603687719, "64": 1.140489603687719, "65": 1.140489603687719, "66": 1.140489603687719, "67": 1.140489603687719, "68": 1.140489603687719, "69": 1.140489603687719, "70": 1.140489603687719, "71": 1.140489603687719, "72": 1.140489603687719, "73": 1.140489603687719, "74": 1.140489603687719, "75": 1.140489603687719, "76": 1.140489603687719, "77": 1.140489603687719, "78": 1.140489603687719, "79": 1.140489603687719, "80": 1.140489603687719, "81": 1.140489603687719, "82": 1.140489603687719, "83": 1.140489603687719, "84": 1.140489603687719, "85": 1.140489603687719, "86": 1.140489603687719, "87": 1.140489603687719, "88": 1.140489603687719, "89": 1.140489603687719, "90": 1.140489603687719, "91": 1.140489603687719, "92": 1.140489603687719, "93": 1.140489603687719, "94": 1.140489603687719, "95": 1.140489603687719, "96": 1.140489603687719, "97": 1.140489603687719, "98": 1.140489603687719, "99": 1.140489603687719, "100": 1.140489603687719}