{"0": 21.560299415419397, "1": 4.646959489975853, "2": 4.646959489975853, "3": 4.646959489975853, "4": 4.646959489975853, "5": 4.646959489975853, "6": 1.005279046863663, "7": 1.005279046863663, "8": 1.005279046863663, "9": 1.005279046863663, "10": 1.005279046863663, "11": 1.005279046863663, "12": 1.005279046863663, "13": 1.005279046863663, "14": 1.005279046863663, "15": 1.005279046863663, "16": 1.005279046863663, "17": 1.005279046863663, "18": 1.005279046863663, "19": 1.005279046863663, "20": 1.005279046863663, "21": 1.005279046863663, "22": 1.005279046863663, "23": 1.005279046863663, "24": 1.005279046863663, "25": 1.005279046863663, "26": 1.005279046863663, "27": 1.005279046863663, "28": 1.005279046863663, "29": 1.005279046863663, "30": 1.005279046863663, "31": 1.005279046863663, "32": 1.005279046863663, "33": 1.005279046863663, "34": 1.005279046863663, "35": 1.005279046863663, "36": 1.005279046863663, "37": 1.005279046863663, "38": 1.005279046863663, "39": 1.005279046863663, "40": 1.005279046863663, "41": 1.005279046863663, "42": 1.005279046863663, "43": 1.005279046863663, "44": 1.005279046863663, "45": 1.005279046863663, "46": 1.005279046863663, "47": 1.005279046863663, "48": 1.005279046863663, "49": 1.005279046863663, "50": 1.005279046863663, "51": 1.005279046863663, "52": 1.005279046863663, "53": 1.005279046863663, "54": 1.005279046863663, "55": 1.005279046863663, "56": 1.005279046863663, "57": 1.005279046863663, "58": 1.005279046863663, "59": 1.005279046863663, "60": 1.005279046863663, "61": 1.005279046863663, "62": 1.005279046863663, "63": 1.005279046863663, "64": 1.005279046863663, "65": 1.005279046863663, "66": 1.005279046863663, "67": 1.005279046863663, "68": 1.005279046863663, "69": 1.005279046863663, "70": 1.005279046863663, "71": 1.005279046863663, "72": 1.005279046863663, "73": 1.005279046863663, "74": 1.005279046863663, "75": 1.005279046863663, "76": 1.005279046863663, "77": 1.005279046863663, "78": 1.005279046863663, "79": 1.005279046863663, "80": 1.005279046863663, "81": 1.005279046863663, "82": 1.005279046863663, "83": 1.005279046863663, "84": 1.005279046863663, "85": 1.005279046863663, "86": 1.005279046863663, "87": 1.005279046863663, "88": 1.005279046863663, "89": 1.005279046863663, "90": 1.005279046863663, "91": 1.005279046863663, "92": 1.005279046863663, "93": 1.005279046863663, "94": 1.005279046863663, "95": 1.005279046863663, "96": 1.005279046863663, "97": 1.005279046863663, "98": 1.005279046863663, "99": 1.005279046863663, "100": 1.005279046863663}