{"0": 20.84183138370739, "1": 18.73027715946503, "2": 8.295308409113272, "3": 8.295308409113272, "4": 6.692679003821876, "5": 6.692679003821876, "6": 6.692679003821876, "7": 6.692679003821876, "8": 6.692679003821876, "9": 6.692679003821876, "10": 6.692679003821876, "11": 6.692679003821876, "12": 6.692679003821876, "13": 6.692679003821876, "14": 6.692679003821876, "15": 6.692679003821876, "16": 6.692679003821876, "17": 2.7911399555534757, "18": 2.7911399555534757, "19": 2.7911399555534757, "20": 2.7911399555534757, "21": 2.7911399555534757, "22": 2.7911399555534757, "23": 2.7911399555534757, "24": 2.7911399555534757, "25": 1.6644594320498918, "26": 1.6644594320498918, "27": 1.6644594320498918, "28": 1.6644594320498918, "29": 1.6644594320498918, "30": 1.6644594320498918, "31": 1.6644594320498918, "32": 1.6644594320498918, "33": 1.6644594320498918, "34": 1.6644594320498918, "35": 1.6644594320498918, "36": 1.6644594320498918, "37": 1.6644594320498918, "38": 1.6644594320498918, "39": 1.6644594320498918, "40": 1.6644594320498918, "41": 1.6644594320498918, "42": 1.6644594320498918, "43": 1.6644594320498918, "44": 1.6644594320498918, "45": 1.6644594320498918, "46": 1.6644594320498918, "47": 1.6644594320498918, "48": 1.6644594320498918, "49": 1.6644594320498918, "50": 1.6644594320498918, "51": 1.6644594320498918, "52": 1.6644594320498918, "53": 1.6644594320498918, "54": 1.6644594320498918, "55": 1.6644594320498918, "56": 1.6644594320498918, "57": 1.6644594320498918, "58": 1.6644594320498918, "59": 1.6644594320498918, "60": 1.6644594320498918, "61": 1.6644594320498918, "62": 1.6644594320498918, "63": 1.6644594320498918, "64": 1.6644594320498918, "65": 1.6644594320498918, "66": 1.6644594320498918, "67": 1.6644594320498918, "68": 1.6644594320498918, "69": 1.6644594320498918, "70": 1.6644594320498918, "71": 1.6644594320498918, "72": 1.6644594320498918, "73": 1.6644594320498918, "74": 1.6644594320498918, "75": 1.6644594320498918, "76": 1.6644594320498918, "77": 1.6644594320498918, "78": 1.6644594320498918, "79": 1.6644594320498918, "80": 1.6644594320498918, "81": 1.6644594320498918, "82": 1.6644594320498918, "83": 1.6644594320498918, "84": 1.6644594320498918, "85": 1.6644594320498918, "86": 1.6644594320498918, "87": 1.6644594320498918, "88": 1.6644594320498918, "89": 1.6644594320498918, "90": 1.6644594320498918, "91": 1.6644594320498918, "92": 1.6644594320498918, "93": 1.6644594320498918, "94": 1.6644594320498918, "95": 1.6644594320498918, "96": 1.6644594320498918, "97": 1.6644594320498918, "98": 1.6644594320498918, "99": 1.6644594320498918, "100": 1.6644594320498918}