{"0": 15.643931626552632, "1": 13.798905819542686, "2": 13.798905819542686, "3": 13.798905819542686, "4": 4.038656869520995, "5": 4.038656869520995, "6": 4.038656869520995, "7": 4.038656869520995, "8": 4.038656869520995, "9": 4.038656869520995, "10": 4.038656869520995, "11": 4.038656869520995, "12": 3.9830977403351504, "13": 3.9830977403351504, "14": 3.9830977403351504, "15": 3.9830977403351504, "16": 3.9830977403351504, "17": 3.9830977403351504, "18": 3.9830977403351504, "19": 2.536486773002075, "20": 2.536486773002075, "21": 2.488644605044307, "22": 2.488644605044307, "23": 2.488644605044307, "24": 2.488644605044307, "25": 2.488644605044307, "26": 2.488644605044307, "27": 2.488644605044307, "28": 2.488644605044307, "29": 2.488644605044307, "30": 2.488644605044307, "31": 2.488644605044307, "32": 2.488644605044307, "33": 2.488644605044307, "34": 2.488644605044307, "35": 2.488644605044307, "36": 2.488644605044307, "37": 2.488644605044307, "38": 2.488644605044307, "39": 2.488644605044307, "40": 1.0495661003096544, "41": 1.0495661003096544, "42": 1.0495661003096544, "43": 1.0495661003096544, "44": 1.0495661003096544, "45": 1.0495661003096544, "46": 1.0495661003096544, "47": 1.0495661003096544, "48": 1.0495661003096544, "49": 1.0495661003096544, "50": 1.0495661003096544, "51": 1.0495661003096544, "52": 1.0495661003096544, "53": 1.0495661003096544, "54": 1.0495661003096544, "55": 1.0495661003096544, "56": 1.0495661003096544, "57": 0.6795523838675699, "58": 0.6795523838675699, "59": 0.6795523838675699, "60": 0.6795523838675699, "61": 0.6795523838675699, "62": 0.6795523838675699, "63": 0.6795523838675699, "64": 0.6795523838675699, "65": 0.6795523838675699, "66": 0.6795523838675699, "67": 0.6795523838675699, "68": 0.6795523838675699, "69": 0.6795523838675699, "70": 0.6795523838675699, "71": 0.6795523838675699, "72": 0.6795523838675699, "73": 0.6795523838675699, "74": 0.6795523838675699, "75": 0.6795523838675699, "76": 0.6128978096539086, "77": 0.6128978096539086, "78": 0.6128978096539086, "79": 0.6128978096539086, "80": 0.6128978096539086, "81": 0.6128978096539086, "82": 0.6128978096539086, "83": 0.6128978096539086, "84": 0.6128978096539086, "85": 0.6128978096539086, "86": 0.6128978096539086, "87": 0.6128978096539086, "88": 0.6128978096539086, "89": 0.6128978096539086, "90": 0.6128978096539086, "91": 0.6128978096539086, "92": 0.6128978096539086, "93": 0.6128978096539086, "94": 0.6128978096539086, "95": 0.6128978096539086, "96": 0.6128978096539086, "97": 0.6128978096539086, "98": 0.6128978096539086, "99": 0.6128978096539086, "100": 0.6128978096539086}