{"0": 18.76065272281165, "1": 9.987635076436245, "2": 9.987635076436245, "3": 7.089169673434347, "4": 7.089169673434347, "5": 7.089169673434347, "6": 7.089169673434347, "7": 6.986241030412916, "8": 6.986241030412916, "9": 4.083794636443082, "10": 4.083794636443082, "11": 4.027305687383075, "12": 4.027305687383075, "13": 4.027305687383075, "14": 4.027305687383075, "15": 4.027305687383075, "16": 4.027305687383075, "17": 4.027305687383075, "18": 1.0633947233162786, "19": 1.0633947233162786, "20": 1.0633947233162786, "21": 1.0633947233162786, "22": 1.0633947233162786, "23": 1.0633947233162786, "24": 1.0633947233162786, "25": 1.0633947233162786, "26": 1.0633947233162786, "27": 1.0633947233162786, "28": 1.0633947233162786, "29": 1.0633947233162786, "30": 1.0633947233162786, "31": 1.0633947233162786, "32": 1.0633947233162786, "33": 1.0633947233162786, "34": 1.0633947233162786, "35": 1.0633947233162786, "36": 1.0633947233162786, "37": 1.0633947233162786, "38": 1.0633947233162786, "39": 1.0633947233162786, "40": 1.0633947233162786, "41": 0.49582600918363795, "42": 0.49582600918363795, "43": 0.01563027396505845, "44": 0.01563027396505845, "45": 0.01563027396505845, "46": 0.01563027396505845, "47": 0.01563027396505845, "48": 0.01563027396505845, "49": 0.01563027396505845, "50": 0.01563027396505845, "51": 0.01563027396505845, "52": 0.01563027396505845, "53": 0.01563027396505845, "54": 0.01563027396505845, "55": 0.01563027396505845, "56": 0.01563027396505845, "57": 0.01563027396505845, "58": 0.01563027396505845, "59": 0.01563027396505845, "60": 0.01563027396505845, "61": 0.01563027396505845, "62": 0.01563027396505845, "63": 0.01563027396505845, "64": 0.01563027396505845, "65": 0.01563027396505845, "66": 0.01563027396505845, "67": 0.01563027396505845, "68": 0.01563027396505845, "69": 0.01563027396505845, "70": 0.01563027396505845, "71": 0.01563027396505845, "72": 0.01563027396505845, "73": 0.01563027396505845, "74": 0.01563027396505845, "75": 0.01563027396505845, "76": 0.01563027396505845, "77": 0.01563027396505845, "78": 0.01563027396505845, "79": 0.01563027396505845, "80": 0.01563027396505845, "81": 0.01563027396505845, "82": 0.01563027396505845, "83": 0.01563027396505845, "84": 0.01563027396505845, "85": 0.01563027396505845, "86": 0.01563027396505845, "87": 0.01563027396505845, "88": 0.01563027396505845, "89": 0.01563027396505845, "90": 0.01563027396505845, "91": 0.01563027396505845, "92": 0.01563027396505845, "93": 0.01563027396505845, "94": 0.01563027396505845, "95": 0.01563027396505845, "96": 0.01563027396505845, "97": 0.01563027396505845, "98": 0.01563027396505845, "99": 0.01563027396505845, "100": 0.01563027396505845}