{"0": 25.62618929724865, "1": 18.905862512609737, "2": 18.905862512609737, "3": 16.672128138268757, "4": 13.310759400509221, "5": 10.412612864648498, "6": 10.412612864648498, "7": 10.412612864648498, "8": 8.334019248206474, "9": 8.167212681243612, "10": 8.167212681243612, "11": 5.41241817643262, "12": 5.41241817643262, "13": 5.41241817643262, "14": 5.1501409955728406, "15": 5.1501409955728406, "16": 5.1501409955728406, "17": 5.1501409955728406, "18": 5.1501409955728406, "19": 5.1501409955728406, "20": 2.92012570330958, "21": 2.92012570330958, "22": 2.92012570330958, "23": 2.92012570330958, "24": 2.2166649806939205, "25": 2.2166649806939205, "26": 2.2166649806939205, "27": 1.7139369636764954, "28": 1.7139369636764954, "29": 1.7139369636764954, "30": 1.7139369636764954, "31": 1.7139369636764954, "32": 1.7139369636764954, "33": 1.2270960207686485, "34": 1.2270960207686485, "35": 1.2270960207686485, "36": 1.2270960207686485, "37": 1.1480791380631388, "38": 1.1480791380631388, "39": 1.1480791380631388, "40": 1.1480791380631388, "41": 1.1480791380631388, "42": 1.1480791380631388, "43": 1.1480791380631388, "44": 1.1350201040283316, "45": 1.1350201040283316, "46": 1.1350201040283316, "47": 1.1350201040283316, "48": 1.1350201040283316, "49": 1.1350201040283316, "50": 1.1350201040283316, "51": 1.1350201040283316, "52": 1.1350201040283316, "53": 1.1350201040283316, "54": 1.1350201040283316, "55": 1.1350201040283316, "56": 1.1350201040283316, "57": 1.1350201040283316, "58": 1.1350201040283316, "59": 1.1350201040283316, "60": 1.1350201040283316, "61": 1.1350201040283316, "62": 1.1350201040283316, "63": 1.1350201040283316, "64": 1.1350201040283316, "65": 1.1350201040283316, "66": 1.1350201040283316, "67": 1.1350201040283316, "68": 1.1350201040283316, "69": 1.1350201040283316, "70": 1.1350201040283316, "71": 1.1350201040283316, "72": 1.1350201040283316, "73": 1.1350201040283316, "74": 1.1350201040283316, "75": 1.1350201040283316, "76": 1.1350201040283316, "77": 1.1350201040283316, "78": 1.1350201040283316, "79": 1.1350201040283316, "80": 1.1350201040283316, "81": 1.1350201040283316, "82": 1.1350201040283316, "83": 1.1350201040283316, "84": 1.1350201040283316, "85": 1.1350201040283316, "86": 1.1350201040283316, "87": 1.1350201040283316, "88": 1.1350201040283316, "89": 1.1350201040283316, "90": 1.1350201040283316, "91": 1.1350201040283316, "92": 1.1350201040283316, "93": 1.1350201040283316, "94": 1.1350201040283316, "95": 1.1350201040283316, "96": 1.1350201040283316, "97": 1.1350201040283316, "98": 1.1350201040283316, "99": 1.1350201040283316, "100": 1.1350201040283316}