{"0": 10.410421500247079, "1": 10.410421500247079, "2": 10.410421500247079, "3": 10.410421500247079, "4": 2.826278763113166, "5": 2.826278763113166, "6": 2.826278763113166, "7": 2.826278763113166, "8": 2.826278763113166, "9": 2.826278763113166, "10": 2.826278763113166, "11": 2.826278763113166, "12": 2.826278763113166, "13": 1.4099818590818316, "14": 1.4099818590818316, "15": 1.4099818590818316, "16": 1.4099818590818316, "17": 1.4099818590818316, "18": 1.4099818590818316, "19": 1.4099818590818316, "20": 1.4099818590818316, "21": 1.4099818590818316, "22": 1.4099818590818316, "23": 1.4099818590818316, "24": 1.4099818590818316, "25": 1.4099818590818316, "26": 1.4099818590818316, "27": 1.4099818590818316, "28": 1.4099818590818316, "29": 1.4099818590818316, "30": 1.4099818590818316, "31": 1.4099818590818316, "32": 1.4099818590818316, "33": 1.4099818590818316, "34": 1.4099818590818316, "35": 1.4099818590818316, "36": 1.4099818590818316, "37": 1.4099818590818316, "38": 1.4099818590818316, "39": 1.4099818590818316, "40": 1.4099818590818316, "41": 1.4099818590818316, "42": 1.3626522705756372, "43": 1.3626522705756372, "44": 1.3626522705756372, "45": 1.3626522705756372, "46": 1.3626522705756372, "47": 1.3626522705756372, "48": 1.3626522705756372, "49": 1.3626522705756372, "50": 0.14092439151394842, "51": 0.14092439151394842, "52": 0.14092439151394842, "53": 0.14092439151394842, "54": 0.14092439151394842, "55": 0.14092439151394842, "56": 0.14092439151394842, "57": 0.14092439151394842, "58": 0.14092439151394842, "59": 0.14092439151394842, "60": 0.14092439151394842, "61": 0.14092439151394842, "62": 0.14092439151394842, "63": 0.14092439151394842, "64": 0.14092439151394842, "65": 0.14092439151394842, "66": 0.14092439151394842, "67": 0.14092439151394842, "68": 0.14092439151394842, "69": 0.14092439151394842, "70": 0.14092439151394842, "71": 0.14092439151394842, "72": 0.14092439151394842, "73": 0.14092439151394842, "74": 0.14092439151394842, "75": 0.14092439151394842, "76": 0.14092439151394842, "77": 0.14092439151394842, "78": 0.14092439151394842, "79": 0.14092439151394842, "80": 0.14092439151394842, "81": 0.14092439151394842, "82": 0.14092439151394842, "83": 0.14092439151394842, "84": 0.14092439151394842, "85": 0.14092439151394842, "86": 0.14092439151394842, "87": 0.14092439151394842, "88": 0.14092439151394842, "89": 0.14092439151394842, "90": 0.14092439151394842, "91": 0.14092439151394842, "92": 0.14092439151394842, "93": 0.14092439151394842, "94": 0.14092439151394842, "95": 0.14092439151394842, "96": 0.14092439151394842, "97": 0.14092439151394842, "98": 0.14092439151394842, "99": 0.14092439151394842, "100": 0.14092439151394842}