{"0": 24.583921287922266, "1": 2.4924978636859016, "2": 2.4924978636859016, "3": 2.4924978636859016, "4": 2.4924978636859016, "5": 2.4924978636859016, "6": 2.4924978636859016, "7": 2.4924978636859016, "8": 2.4924978636859016, "9": 2.4924978636859016, "10": 2.4924978636859016, "11": 2.4924978636859016, "12": 2.4924978636859016, "13": 2.4924978636859016, "14": 2.4924978636859016, "15": 2.4924978636859016, "16": 2.4924978636859016, "17": 2.4924978636859016, "18": 2.4924978636859016, "19": 2.4924978636859016, "20": 2.4924978636859016, "21": 2.4924978636859016, "22": 2.4924978636859016, "23": 2.4924978636859016, "24": 2.4924978636859016, "25": 2.4924978636859016, "26": 2.4924978636859016, "27": 2.4924978636859016, "28": 2.4924978636859016, "29": 2.4924978636859016, "30": 2.4924978636859016, "31": 2.4924978636859016, "32": 2.4924978636859016, "33": 2.4924978636859016, "34": 2.4924978636859016, "35": 2.4924978636859016, "36": 2.4924978636859016, "37": 2.4924978636859016, "38": 2.4924978636859016, "39": 0.42816868463939883, "40": 0.42816868463939883, "41": 0.42816868463939883, "42": 0.42816868463939883, "43": 0.42816868463939883, "44": 0.42816868463939883, "45": 0.42816868463939883, "46": 0.42816868463939883, "47": 0.42816868463939883, "48": 0.42816868463939883, "49": 0.42816868463939883, "50": 0.42816868463939883, "51": 0.42816868463939883, "52": 0.42816868463939883, "53": 0.42816868463939883, "54": 0.42816868463939883, "55": 0.42816868463939883, "56": 0.42816868463939883, "57": 0.42816868463939883, "58": 0.42816868463939883, "59": 0.42816868463939883, "60": 0.42816868463939883, "61": 0.42816868463939883, "62": 0.42816868463939883, "63": 0.42816868463939883, "64": 0.42816868463939883, "65": 0.42816868463939883, "66": 0.42816868463939883, "67": 0.42816868463939883, "68": 0.42816868463939883, "69": 0.42816868463939883, "70": 0.42816868463939883, "71": 0.42816868463939883, "72": 0.42816868463939883, "73": 0.42816868463939883, "74": 0.42816868463939883, "75": 0.42816868463939883, "76": 0.42816868463939883, "77": 0.09372332351953006, "78": 0.09372332351953006, "79": 0.09372332351953006, "80": 0.09372332351953006, "81": 0.09372332351953006, "82": 0.09372332351953006, "83": 0.09372332351953006, "84": 0.09372332351953006, "85": 0.09372332351953006, "86": 0.09372332351953006, "87": 0.09372332351953006, "88": 0.09372332351953006, "89": 0.09372332351953006, "90": 0.09372332351953006, "91": 0.09372332351953006, "92": 0.09372332351953006, "93": 0.09372332351953006, "94": 0.09372332351953006, "95": 0.09372332351953006, "96": 0.09372332351953006, "97": 0.09372332351953006, "98": 0.09372332351953006, "99": 0.09372332351953006, "100": 0.09372332351953006}