{"0": 8.719796434172109, "1": 8.719796434172109, "2": 8.719796434172109, "3": 8.719796434172109, "4": 8.719796434172109, "5": 6.329557671091905, "6": 6.329557671091905, "7": 6.329557671091905, "8": 6.329557671091905, "9": 6.329557671091905, "10": 6.329557671091905, "11": 4.48174373171744, "12": 4.48174373171744, "13": 4.48174373171744, "14": 4.48174373171744, "15": 4.48174373171744, "16": 4.48174373171744, "17": 2.794297947541544, "18": 2.794297947541544, "19": 2.709552433528515, "20": 2.709552433528515, "21": 2.709552433528515, "22": 2.709552433528515, "23": 2.709552433528515, "24": 1.249424936391847, "25": 1.249424936391847, "26": 1.249424936391847, "27": 1.249424936391847, "28": 1.249424936391847, "29": 1.249424936391847, "30": 1.249424936391847, "31": 1.249424936391847, "32": 1.249424936391847, "33": 1.249424936391847, "34": 1.249424936391847, "35": 1.249424936391847, "36": 1.249424936391847, "37": 1.249424936391847, "38": 1.249424936391847, "39": 1.249424936391847, "40": 1.249424936391847, "41": 1.249424936391847, "42": 1.249424936391847, "43": 1.249424936391847, "44": 1.249424936391847, "45": 1.249424936391847, "46": 1.249424936391847, "47": 1.249424936391847, "48": 1.249424936391847, "49": 1.249424936391847, "50": 1.249424936391847, "51": 1.249424936391847, "52": 1.249424936391847, "53": 1.249424936391847, "54": 1.249424936391847, "55": 1.249424936391847, "56": 1.249424936391847, "57": 1.249424936391847, "58": 1.249424936391847, "59": 1.249424936391847, "60": 1.249424936391847, "61": 1.249424936391847, "62": 1.249424936391847, "63": 1.249424936391847, "64": 1.249424936391847, "65": 1.249424936391847, "66": 1.249424936391847, "67": 1.249424936391847, "68": 1.249424936391847, "69": 1.249424936391847, "70": 1.249424936391847, "71": 1.249424936391847, "72": 1.249424936391847, "73": 1.249424936391847, "74": 1.249424936391847, "75": 1.249424936391847, "76": 1.249424936391847, "77": 1.249424936391847, "78": 1.249424936391847, "79": 1.249424936391847, "80": 1.249424936391847, "81": 1.249424936391847, "82": 1.249424936391847, "83": 1.249424936391847, "84": 1.249424936391847, "85": 1.249424936391847, "86": 1.249424936391847, "87": 1.249424936391847, "88": 1.249424936391847, "89": 1.249424936391847, "90": 1.249424936391847, "91": 1.249424936391847, "92": 1.249424936391847, "93": 1.249424936391847, "94": 1.249424936391847, "95": 1.249424936391847, "96": 1.249424936391847, "97": 1.249424936391847, "98": 1.249424936391847, "99": 1.249424936391847, "100": 1.249424936391847}