{"0": 43.450395075334626, "1": 9.244048721491126, "2": 9.244048721491126, "3": 9.244048721491126, "4": 9.244048721491126, "5": 9.244048721491126, "6": 8.845767164211859, "7": 8.845767164211859, "8": 8.845767164211859, "9": 8.764433778209415, "10": 8.764433778209415, "11": 8.764433778209415, "12": 6.552810267973694, "13": 5.793777213068424, "14": 5.793777213068424, "15": 5.762499176026552, "16": 4.016063735544467, "17": 4.016063735544467, "18": 4.016063735544467, "19": 4.016063735544467, "20": 4.016063735544467, "21": 4.016063735544467, "22": 4.016063735544467, "23": 4.016063735544467, "24": 4.016063735544467, "25": 4.016063735544467, "26": 4.016063735544467, "27": 4.016063735544467, "28": 4.016063735544467, "29": 4.016063735544467, "30": 3.6720736640574785, "31": 3.6720736640574785, "32": 3.6720736640574785, "33": 2.1857889059267848, "34": 2.1857889059267848, "35": 2.1857889059267848, "36": 2.1857889059267848, "37": 2.1857889059267848, "38": 2.1857889059267848, "39": 2.1857889059267848, "40": 2.1857889059267848, "41": 2.1857889059267848, "42": 2.1857889059267848, "43": 2.1857889059267848, "44": 2.1857889059267848, "45": 2.0984663031442494, "46": 2.0984663031442494, "47": 2.0984663031442494, "48": 2.0984663031442494, "49": 2.0984663031442494, "50": 2.0984663031442494, "51": 2.0984663031442494, "52": 2.0984663031442494, "53": 2.0984663031442494, "54": 2.0984663031442494, "55": 0.9388450699229196, "56": 0.9388450699229196, "57": 0.9388450699229196, "58": 0.9388450699229196, "59": 0.9388450699229196, "60": 0.9388450699229196, "61": 0.9388450699229196, "62": 0.9388450699229196, "63": 0.9388450699229196, "64": 0.9388450699229196, "65": 0.9388450699229196, "66": 0.9388450699229196, "67": 0.9388450699229196, "68": 0.9388450699229196, "69": 0.9388450699229196, "70": 0.9388450699229196, "71": 0.9388450699229196, "72": 0.9388450699229196, "73": 0.9388450699229196, "74": 0.9388450699229196, "75": 0.9388450699229196, "76": 0.9388450699229196, "77": 0.9388450699229196, "78": 0.9388450699229196, "79": 0.9388450699229196, "80": 0.9388450699229196, "81": 0.9388450699229196, "82": 0.9388450699229196, "83": 0.9388450699229196, "84": 0.9388450699229196, "85": 0.9388450699229196, "86": 0.9388450699229196, "87": 0.9388450699229196, "88": 0.9388450699229196, "89": 0.9388450699229196, "90": 0.9388450699229196, "91": 0.9388450699229196, "92": 0.9388450699229196, "93": 0.9388450699229196, "94": 0.9388450699229196, "95": 0.9388450699229196, "96": 0.9388450699229196, "97": 0.9388450699229196, "98": 0.9388450699229196, "99": 0.9388450699229196, "100": 0.9388450699229196}