{"0": 6.234019216227727, "1": 6.234019216227727, "2": 6.234019216227727, "3": 6.234019216227727, "4": 6.234019216227727, "5": 6.234019216227727, "6": 6.234019216227727, "7": 6.234019216227727, "8": 6.234019216227727, "9": 3.545895604569864, "10": 3.257140992582805, "11": 3.257140992582805, "12": 3.257140992582805, "13": 3.257140992582805, "14": 3.257140992582805, "15": 3.257140992582805, "16": 3.083370974831997, "17": 3.083370974831997, "18": 3.083370974831997, "19": 3.083370974831997, "20": 3.083370974831997, "21": 3.083370974831997, "22": 3.083370974831997, "23": 3.083370974831997, "24": 3.083370974831997, "25": 3.083370974831997, "26": 3.083370974831997, "27": 1.0909331962785558, "28": 1.0909331962785558, "29": 1.0909331962785558, "30": 1.0909331962785558, "31": 1.0909331962785558, "32": 1.0909331962785558, "33": 1.0909331962785558, "34": 1.0909331962785558, "35": 1.0909331962785558, "36": 1.0909331962785558, "37": 1.0909331962785558, "38": 1.0909331962785558, "39": 1.0909331962785558, "40": 1.0909331962785558, "41": 1.0909331962785558, "42": 1.0909331962785558, "43": 1.0909331962785558, "44": 1.0909331962785558, "45": 1.0909331962785558, "46": 1.0909331962785558, "47": 1.0909331962785558, "48": 1.0909331962785558, "49": 1.0909331962785558, "50": 1.0909331962785558, "51": 1.0909331962785558, "52": 1.0909331962785558, "53": 1.0909331962785558, "54": 1.0909331962785558, "55": 1.0909331962785558, "56": 1.0909331962785558, "57": 1.0909331962785558, "58": 1.0909331962785558, "59": 1.0909331962785558, "60": 1.0909331962785558, "61": 1.0909331962785558, "62": 1.0909331962785558, "63": 1.0909331962785558, "64": 1.0909331962785558, "65": 1.0909331962785558, "66": 1.0909331962785558, "67": 1.0909331962785558, "68": 1.0909331962785558, "69": 1.0909331962785558, "70": 1.0909331962785558, "71": 1.0909331962785558, "72": 1.0909331962785558, "73": 1.0909331962785558, "74": 1.0909331962785558, "75": 1.0909331962785558, "76": 1.0909331962785558, "77": 1.0909331962785558, "78": 1.0909331962785558, "79": 1.0909331962785558, "80": 1.0909331962785558, "81": 1.0909331962785558, "82": 1.0909331962785558, "83": 1.0909331962785558, "84": 1.0909331962785558, "85": 1.0909331962785558, "86": 1.0909331962785558, "87": 1.0909331962785558, "88": 1.0909331962785558, "89": 1.0909331962785558, "90": 1.0909331962785558, "91": 1.0909331962785558, "92": 1.0909331962785558, "93": 1.0909331962785558, "94": 1.0909331962785558, "95": 1.0909331962785558, "96": 1.0909331962785558, "97": 1.0909331962785558, "98": 1.0909331962785558, "99": 1.0909331962785558, "100": 1.0909331962785558}