{"0": 18.208380182282262, "1": 12.738590692992162, "2": 11.107478200152395, "3": 7.503009586899541, "4": 7.503009586899541, "5": 7.503009586899541, "6": 7.503009586899541, "7": 7.503009586899541, "8": 7.503009586899541, "9": 6.494624299545446, "10": 6.494624299545446, "11": 6.494624299545446, "12": 6.494624299545446, "13": 6.494624299545446, "14": 2.3544776881328637, "15": 2.3544776881328637, "16": 1.5534823886422515, "17": 1.5534823886422515, "18": 1.5534823886422515, "19": 1.5534823886422515, "20": 1.5534823886422515, "21": 1.5534823886422515, "22": 1.5534823886422515, "23": 1.5534823886422515, "24": 1.5534823886422515, "25": 1.5534823886422515, "26": 1.5534823886422515, "27": 1.5534823886422515, "28": 1.5534823886422515, "29": 1.5534823886422515, "30": 1.2261819254925328, "31": 1.2261819254925328, "32": 1.2261819254925328, "33": 1.1891178024251872, "34": 1.1891178024251872, "35": 1.1891178024251872, "36": 1.1891178024251872, "37": 1.1891178024251872, "38": 1.1891178024251872, "39": 1.1891178024251872, "40": 1.1891178024251872, "41": 1.1891178024251872, "42": 1.1891178024251872, "43": 1.1891178024251872, "44": 1.1891178024251872, "45": 1.1891178024251872, "46": 1.1891178024251872, "47": 1.1891178024251872, "48": 1.1891178024251872, "49": 1.1891178024251872, "50": 1.1891178024251872, "51": 1.1891178024251872, "52": 1.1891178024251872, "53": 1.1891178024251872, "54": 1.1891178024251872, "55": 1.1891178024251872, "56": 1.1891178024251872, "57": 1.1891178024251872, "58": 1.1891178024251872, "59": 1.1891178024251872, "60": 1.1891178024251872, "61": 1.1891178024251872, "62": 1.1891178024251872, "63": 1.1891178024251872, "64": 1.1891178024251872, "65": 1.1891178024251872, "66": 1.1891178024251872, "67": 1.1891178024251872, "68": 1.1891178024251872, "69": 1.1891178024251872, "70": 1.1891178024251872, "71": 1.1891178024251872, "72": 1.1891178024251872, "73": 1.1891178024251872, "74": 1.1891178024251872, "75": 1.1891178024251872, "76": 1.1891178024251872, "77": 1.1891178024251872, "78": 1.1891178024251872, "79": 1.1891178024251872, "80": 1.1891178024251872, "81": 1.1891178024251872, "82": 1.1891178024251872, "83": 1.1891178024251872, "84": 1.1891178024251872, "85": 1.1891178024251872, "86": 1.1891178024251872, "87": 1.1891178024251872, "88": 1.1891178024251872, "89": 1.1891178024251872, "90": 1.1891178024251872, "91": 1.1891178024251872, "92": 1.1891178024251872, "93": 1.1891178024251872, "94": 1.1891178024251872, "95": 1.1891178024251872, "96": 1.1891178024251872, "97": 1.1891178024251872, "98": 1.1891178024251872, "99": 1.1891178024251872, "100": 1.1891178024251872}