{"0": 3.288845348957466, "1": 3.288845348957466, "2": 3.288845348957466, "3": 3.288845348957466, "4": 3.288845348957466, "5": 3.288845348957466, "6": 2.8770648285024976, "7": 2.8770648285024976, "8": 1.6006069571199184, "9": 1.6006069571199184, "10": 1.6006069571199184, "11": 1.6006069571199184, "12": 1.6006069571199184, "13": 1.6006069571199184, "14": 1.6006069571199184, "15": 1.6006069571199184, "16": 1.6006069571199184, "17": 1.6006069571199184, "18": 1.6006069571199184, "19": 1.6006069571199184, "20": 1.6006069571199184, "21": 1.6006069571199184, "22": 1.6006069571199184, "23": 1.6006069571199184, "24": 1.6006069571199184, "25": 1.6006069571199184, "26": 1.6006069571199184, "27": 1.6006069571199184, "28": 1.6006069571199184, "29": 1.6006069571199184, "30": 1.6006069571199184, "31": 1.6006069571199184, "32": 1.4245620804116754, "33": 1.4245620804116754, "34": 1.4245620804116754, "35": 1.4245620804116754, "36": 1.4245620804116754, "37": 1.4245620804116754, "38": 1.4245620804116754, "39": 1.4245620804116754, "40": 1.4245620804116754, "41": 1.4245620804116754, "42": 1.4245620804116754, "43": 1.2883151892422973, "44": 1.2883151892422973, "45": 1.2883151892422973, "46": 1.2883151892422973, "47": 1.2883151892422973, "48": 1.2883151892422973, "49": 1.2883151892422973, "50": 1.2883151892422973, "51": 1.2883151892422973, "52": 1.2883151892422973, "53": 1.2883151892422973, "54": 1.2883151892422973, "55": 1.2883151892422973, "56": 1.2883151892422973, "57": 1.2883151892422973, "58": 1.2883151892422973, "59": 1.2883151892422973, "60": 1.2883151892422973, "61": 1.2883151892422973, "62": 1.2883151892422973, "63": 1.2883151892422973, "64": 1.2883151892422973, "65": 1.2883151892422973, "66": 1.2883151892422973, "67": 1.2883151892422973, "68": 1.2883151892422973, "69": 1.2883151892422973, "70": 1.2883151892422973, "71": 1.2883151892422973, "72": 1.2883151892422973, "73": 1.2883151892422973, "74": 1.2883151892422973, "75": 1.2883151892422973, "76": 1.2883151892422973, "77": 1.2883151892422973, "78": 1.2883151892422973, "79": 1.2883151892422973, "80": 1.2883151892422973, "81": 1.2883151892422973, "82": 1.2883151892422973, "83": 1.2883151892422973, "84": 1.2883151892422973, "85": 1.2883151892422973, "86": 1.2883151892422973, "87": 1.2883151892422973, "88": 1.2883151892422973, "89": 1.2883151892422973, "90": 1.2883151892422973, "91": 1.2883151892422973, "92": 1.2883151892422973, "93": 1.2883151892422973, "94": 1.2883151892422973, "95": 1.2883151892422973, "96": 1.2883151892422973, "97": 1.2883151892422973, "98": 1.2883151892422973, "99": 1.2883151892422973, "100": 1.2883151892422973}