{"0": 24.06604310242137, "1": 24.06604310242137, "2": 2.140901222036277, "3": 2.140901222036277, "4": 2.140901222036277, "5": 2.140901222036277, "6": 2.140901222036277, "7": 2.140901222036277, "8": 2.140901222036277, "9": 2.140901222036277, "10": 2.140901222036277, "11": 2.140901222036277, "12": 2.140901222036277, "13": 2.140901222036277, "14": 2.140901222036277, "15": 2.140901222036277, "16": 2.140901222036277, "17": 2.140901222036277, "18": 2.140901222036277, "19": 2.140901222036277, "20": 2.140901222036277, "21": 2.140901222036277, "22": 2.140901222036277, "23": 2.140901222036277, "24": 2.140901222036277, "25": 2.140901222036277, "26": 2.140901222036277, "27": 2.140901222036277, "28": 2.140901222036277, "29": 2.140901222036277, "30": 2.140901222036277, "31": 2.140901222036277, "32": 2.140901222036277, "33": 2.140901222036277, "34": 2.140901222036277, "35": 2.140901222036277, "36": 2.140901222036277, "37": 2.140901222036277, "38": 2.140901222036277, "39": 2.140901222036277, "40": 2.140901222036277, "41": 2.140901222036277, "42": 2.140901222036277, "43": 2.140901222036277, "44": 2.140901222036277, "45": 2.140901222036277, "46": 2.140901222036277, "47": 2.140901222036277, "48": 2.140901222036277, "49": 2.140901222036277, "50": 2.140901222036277, "51": 2.140901222036277, "52": 2.140901222036277, "53": 2.140901222036277, "54": 2.140901222036277, "55": 2.140901222036277, "56": 2.140901222036277, "57": 2.140901222036277, "58": 2.140901222036277, "59": 2.140901222036277, "60": 2.140901222036277, "61": 2.140901222036277, "62": 2.140901222036277, "63": 2.140901222036277, "64": 2.140901222036277, "65": 2.140901222036277, "66": 2.140901222036277, "67": 2.140901222036277, "68": 2.140901222036277, "69": 2.140901222036277, "70": 2.140901222036277, "71": 2.140901222036277, "72": 2.140901222036277, "73": 2.140901222036277, "74": 2.140901222036277, "75": 2.140901222036277, "76": 2.140901222036277, "77": 2.140901222036277, "78": 2.140901222036277, "79": 2.140901222036277, "80": 2.140901222036277, "81": 2.140901222036277, "82": 2.140901222036277, "83": 2.140901222036277, "84": 2.140901222036277, "85": 2.140901222036277, "86": 2.140901222036277, "87": 2.140901222036277, "88": 2.140901222036277, "89": 2.140901222036277, "90": 2.140901222036277, "91": 2.140901222036277, "92": 2.140901222036277, "93": 2.140901222036277, "94": 2.140901222036277, "95": 2.140901222036277, "96": 2.140901222036277, "97": 2.140901222036277, "98": 2.140901222036277, "99": 2.140901222036277, "100": 2.140901222036277}