{"0": 22.537109850383562, "1": 16.974614740705018, "2": 6.449474557590474, "3": 6.449474557590474, "4": 5.590863146216634, "5": 5.590863146216634, "6": 5.590863146216634, "7": 5.590863146216634, "8": 5.590863146216634, "9": 5.590863146216634, "10": 5.590863146216634, "11": 4.374610769273669, "12": 4.374610769273669, "13": 4.374610769273669, "14": 4.374610769273669, "15": 4.374610769273669, "16": 4.374610769273669, "17": 4.374610769273669, "18": 4.374610769273669, "19": 3.4451503093232176, "20": 3.4451503093232176, "21": 3.3915389748791007, "22": 3.3915389748791007, "23": 3.3915389748791007, "24": 3.3915389748791007, "25": 3.3915389748791007, "26": 3.3915389748791007, "27": 3.3915389748791007, "28": 2.7942623282342396, "29": 2.7942623282342396, "30": 2.7942623282342396, "31": 2.7942623282342396, "32": 2.7942623282342396, "33": 2.7942623282342396, "34": 2.7942623282342396, "35": 2.7942623282342396, "36": 2.7942623282342396, "37": 2.7942623282342396, "38": 2.7942623282342396, "39": 2.382205011352667, "40": 2.20826882938011, "41": 2.20826882938011, "42": 2.20826882938011, "43": 2.20826882938011, "44": 2.20826882938011, "45": 2.20826882938011, "46": 2.20826882938011, "47": 2.20826882938011, "48": 2.20826882938011, "49": 2.20826882938011, "50": 2.20826882938011, "51": 2.20826882938011, "52": 2.20826882938011, "53": 2.20826882938011, "54": 2.20826882938011, "55": 2.20826882938011, "56": 2.20826882938011, "57": 2.20826882938011, "58": 2.20826882938011, "59": 2.20826882938011, "60": 1.1814839202237977, "61": 1.1814839202237977, "62": 1.1814839202237977, "63": 1.1814839202237977, "64": 1.1814839202237977, "65": 1.1814839202237977, "66": 1.1814839202237977, "67": 1.1814839202237977, "68": 1.1814839202237977, "69": 1.1814839202237977, "70": 1.1814839202237977, "71": 1.1814839202237977, "72": 1.1814839202237977, "73": 1.1814839202237977, "74": 1.1814839202237977, "75": 1.1814839202237977, "76": 1.1814839202237977, "77": 1.1814839202237977, "78": 1.1814839202237977, "79": 1.1814839202237977, "80": 1.1814839202237977, "81": 1.1814839202237977, "82": 1.1814839202237977, "83": 1.1814839202237977, "84": 1.1814839202237977, "85": 1.1814839202237977, "86": 1.1814839202237977, "87": 1.1814839202237977, "88": 0.29134871829744213, "89": 0.29134871829744213, "90": 0.29134871829744213, "91": 0.29134871829744213, "92": 0.29134871829744213, "93": 0.29134871829744213, "94": 0.29134871829744213, "95": 0.29134871829744213, "96": 0.29134871829744213, "97": 0.29134871829744213, "98": 0.29134871829744213, "99": 0.29134871829744213, "100": 0.29134871829744213}