{"0": 23.256650074659568, "1": 23.256650074659568, "2": 8.365098111348905, "3": 8.365098111348905, "4": 8.365098111348905, "5": 8.365098111348905, "6": 3.015957569670068, "7": 3.015957569670068, "8": 2.3558471295708614, "9": 2.278274975596034, "10": 1.0684877796636272, "11": 1.0684877796636272, "12": 1.0684877796636272, "13": 1.0684877796636272, "14": 1.0684877796636272, "15": 1.0684877796636272, "16": 1.0684877796636272, "17": 1.0684877796636272, "18": 1.0684877796636272, "19": 1.0684877796636272, "20": 1.0684877796636272, "21": 1.0684877796636272, "22": 1.0684877796636272, "23": 1.0684877796636272, "24": 1.0684877796636272, "25": 1.0684877796636272, "26": 1.0684877796636272, "27": 1.0684877796636272, "28": 1.0684877796636272, "29": 1.0684877796636272, "30": 1.0684877796636272, "31": 1.0684877796636272, "32": 1.0684877796636272, "33": 1.0684877796636272, "34": 1.0684877796636272, "35": 1.0684877796636272, "36": 1.0684877796636272, "37": 1.0684877796636272, "38": 1.0684877796636272, "39": 1.0684877796636272, "40": 1.0684877796636272, "41": 1.0684877796636272, "42": 1.0684877796636272, "43": 0.10707399834402764, "44": 0.10707399834402764, "45": 0.10707399834402764, "46": 0.10707399834402764, "47": 0.10707399834402764, "48": 0.10707399834402764, "49": 0.10707399834402764, "50": 0.10707399834402764, "51": 0.10707399834402764, "52": 0.10707399834402764, "53": 0.10707399834402764, "54": 0.10707399834402764, "55": 0.10707399834402764, "56": 0.10707399834402764, "57": 0.10707399834402764, "58": 0.10707399834402764, "59": 0.10707399834402764, "60": 0.10707399834402764, "61": 0.10707399834402764, "62": 0.10707399834402764, "63": 0.10707399834402764, "64": 0.10707399834402764, "65": 0.10707399834402764, "66": 0.10707399834402764, "67": 0.10707399834402764, "68": 0.10707399834402764, "69": 0.10707399834402764, "70": 0.10707399834402764, "71": 0.10707399834402764, "72": 0.10707399834402764, "73": 0.10707399834402764, "74": 0.10707399834402764, "75": 0.10707399834402764, "76": 0.10707399834402764, "77": 0.10707399834402764, "78": 0.10707399834402764, "79": 0.10707399834402764, "80": 0.10707399834402764, "81": 0.10707399834402764, "82": 0.10707399834402764, "83": 0.10707399834402764, "84": 0.10707399834402764, "85": 0.10707399834402764, "86": 0.10707399834402764, "87": 0.10707399834402764, "88": 0.10707399834402764, "89": 0.10707399834402764, "90": 0.10707399834402764, "91": 0.10707399834402764, "92": 0.10707399834402764, "93": 0.10707399834402764, "94": 0.10707399834402764, "95": 0.10707399834402764, "96": 0.10707399834402764, "97": 0.10707399834402764, "98": 0.10707399834402764, "99": 0.10707399834402764, "100": 0.10707399834402764}