{"0": 23.897319351336172, "1": 21.653573211719117, "2": 17.559862384942683, "3": 17.559862384942683, "4": 10.534580965879664, "5": 10.534580965879664, "6": 10.534580965879664, "7": 7.652994880678705, "8": 7.652994880678705, "9": 7.652994880678705, "10": 7.652994880678705, "11": 7.652994880678705, "12": 2.553211421400171, "13": 2.553211421400171, "14": 2.3381885731782717, "15": 2.3381885731782717, "16": 2.3381885731782717, "17": 2.3381885731782717, "18": 2.3381885731782717, "19": 2.3381885731782717, "20": 2.3381885731782717, "21": 2.3381885731782717, "22": 2.3381885731782717, "23": 2.3381885731782717, "24": 2.3381885731782717, "25": 2.3381885731782717, "26": 2.3381885731782717, "27": 2.3381885731782717, "28": 2.3381885731782717, "29": 2.3381885731782717, "30": 2.3381885731782717, "31": 2.3381885731782717, "32": 2.3381885731782717, "33": 2.3381885731782717, "34": 2.3381885731782717, "35": 2.3381885731782717, "36": 2.3381885731782717, "37": 2.3381885731782717, "38": 2.3381885731782717, "39": 2.0511525736245986, "40": 2.0511525736245986, "41": 2.0511525736245986, "42": 2.0511525736245986, "43": 2.0511525736245986, "44": 2.0511525736245986, "45": 2.0511525736245986, "46": 2.0511525736245986, "47": 2.0511525736245986, "48": 0.6685737995074597, "49": 0.6685737995074597, "50": 0.6685737995074597, "51": 0.6685737995074597, "52": 0.6685737995074597, "53": 0.6685737995074597, "54": 0.6685737995074597, "55": 0.6685737995074597, "56": 0.6685737995074597, "57": 0.6685737995074597, "58": 0.6685737995074597, "59": 0.6685737995074597, "60": 0.6685737995074597, "61": 0.6685737995074597, "62": 0.6685737995074597, "63": 0.6685737995074597, "64": 0.6685737995074597, "65": 0.6685737995074597, "66": 0.6685737995074597, "67": 0.6685737995074597, "68": 0.6685737995074597, "69": 0.6685737995074597, "70": 0.6685737995074597, "71": 0.6685737995074597, "72": 0.6685737995074597, "73": 0.6685737995074597, "74": 0.6685737995074597, "75": 0.6685737995074597, "76": 0.6685737995074597, "77": 0.6685737995074597, "78": 0.6685737995074597, "79": 0.6685737995074597, "80": 0.6685737995074597, "81": 0.6685737995074597, "82": 0.6685737995074597, "83": 0.6685737995074597, "84": 0.6685737995074597, "85": 0.6685737995074597, "86": 0.6685737995074597, "87": 0.6685737995074597, "88": 0.6685737995074597, "89": 0.6685737995074597, "90": 0.6685737995074597, "91": 0.6685737995074597, "92": 0.6685737995074597, "93": 0.6685737995074597, "94": 0.6685737995074597, "95": 0.6685737995074597, "96": 0.6685737995074597, "97": 0.6685737995074597, "98": 0.6685737995074597, "99": 0.6685737995074597, "100": 0.6685737995074597}