{"0": 18.634101479222338, "1": 18.634101479222338, "2": 8.1472962164201, "3": 8.1472962164201, "4": 8.1472962164201, "5": 8.1472962164201, "6": 8.1472962164201, "7": 5.397832308894403, "8": 5.268943669081679, "9": 5.268943669081679, "10": 5.268943669081679, "11": 2.6010977673174906, "12": 2.6010977673174906, "13": 2.6010977673174906, "14": 2.6010977673174906, "15": 2.6010977673174906, "16": 1.9681779916551534, "17": 1.9681779916551534, "18": 1.9681779916551534, "19": 1.9681779916551534, "20": 1.9681779916551534, "21": 1.9681779916551534, "22": 1.9681779916551534, "23": 1.9681779916551534, "24": 1.9681779916551534, "25": 1.9681779916551534, "26": 1.9681779916551534, "27": 1.9681779916551534, "28": 1.9681779916551534, "29": 1.9681779916551534, "30": 1.9681779916551534, "31": 1.9681779916551534, "32": 1.9681779916551534, "33": 1.9681779916551534, "34": 1.9681779916551534, "35": 1.9681779916551534, "36": 1.9681779916551534, "37": 1.9681779916551534, "38": 1.9681779916551534, "39": 1.9681779916551534, "40": 1.9681779916551534, "41": 1.9681779916551534, "42": 1.9681779916551534, "43": 1.9681779916551534, "44": 1.9681779916551534, "45": 1.9681779916551534, "46": 1.9681779916551534, "47": 1.9681779916551534, "48": 1.9681779916551534, "49": 1.9681779916551534, "50": 1.9681779916551534, "51": 1.9681779916551534, "52": 1.9681779916551534, "53": 1.9681779916551534, "54": 1.9681779916551534, "55": 1.9681779916551534, "56": 1.9681779916551534, "57": 1.9681779916551534, "58": 1.9681779916551534, "59": 1.9681779916551534, "60": 1.9681779916551534, "61": 1.9681779916551534, "62": 1.9681779916551534, "63": 1.9681779916551534, "64": 1.9681779916551534, "65": 1.9681779916551534, "66": 1.9681779916551534, "67": 1.9681779916551534, "68": 1.9681779916551534, "69": 1.9681779916551534, "70": 1.9681779916551534, "71": 1.9681779916551534, "72": 1.9681779916551534, "73": 1.9681779916551534, "74": 1.9681779916551534, "75": 1.3281541265738817, "76": 1.3281541265738817, "77": 1.3281541265738817, "78": 1.3281541265738817, "79": 1.3281541265738817, "80": 1.3281541265738817, "81": 1.3281541265738817, "82": 1.3281541265738817, "83": 1.184446265909159, "84": 1.184446265909159, "85": 1.184446265909159, "86": 1.184446265909159, "87": 1.184446265909159, "88": 1.184446265909159, "89": 1.184446265909159, "90": 1.184446265909159, "91": 1.184446265909159, "92": 1.184446265909159, "93": 1.184446265909159, "94": 1.184446265909159, "95": 1.184446265909159, "96": 1.184446265909159, "97": 1.184446265909159, "98": 1.184446265909159, "99": 1.184446265909159, "100": 1.184446265909159}