{"0": 17.042148054655648, "1": 17.042148054655648, "2": 7.2804301613993765, "3": 7.2804301613993765, "4": 7.137233805633436, "5": 7.137233805633436, "6": 7.137233805633436, "7": 7.137233805633436, "8": 7.137233805633436, "9": 7.137233805633436, "10": 7.137233805633436, "11": 7.137233805633436, "12": 7.137233805633436, "13": 6.651010712390779, "14": 4.7313309136898845, "15": 4.7313309136898845, "16": 2.029259802011545, "17": 2.029259802011545, "18": 2.029259802011545, "19": 2.029259802011545, "20": 2.029259802011545, "21": 2.029259802011545, "22": 2.029259802011545, "23": 2.029259802011545, "24": 2.029259802011545, "25": 2.029259802011545, "26": 2.029259802011545, "27": 2.029259802011545, "28": 2.029259802011545, "29": 2.029259802011545, "30": 2.029259802011545, "31": 2.029259802011545, "32": 2.029259802011545, "33": 2.029259802011545, "34": 2.029259802011545, "35": 2.029259802011545, "36": 2.029259802011545, "37": 2.029259802011545, "38": 2.029259802011545, "39": 2.029259802011545, "40": 1.9706720020688913, "41": 1.9706720020688913, "42": 1.9706720020688913, "43": 1.9706720020688913, "44": 1.4801857630043607, "45": 1.4801857630043607, "46": 1.4801857630043607, "47": 1.4801857630043607, "48": 1.4801857630043607, "49": 1.4801857630043607, "50": 1.4801857630043607, "51": 1.4801857630043607, "52": 1.0212050000918644, "53": 1.0212050000918644, "54": 1.0212050000918644, "55": 1.0212050000918644, "56": 1.0212050000918644, "57": 1.0212050000918644, "58": 1.0212050000918644, "59": 1.0212050000918644, "60": 1.0212050000918644, "61": 1.0212050000918644, "62": 1.0212050000918644, "63": 1.0212050000918644, "64": 1.0212050000918644, "65": 1.0212050000918644, "66": 1.0212050000918644, "67": 1.0212050000918644, "68": 1.0212050000918644, "69": 1.0212050000918644, "70": 1.0212050000918644, "71": 1.0212050000918644, "72": 1.0212050000918644, "73": 1.0212050000918644, "74": 1.0212050000918644, "75": 1.0212050000918644, "76": 1.0212050000918644, "77": 1.0212050000918644, "78": 1.0212050000918644, "79": 1.0212050000918644, "80": 1.0212050000918644, "81": 1.0212050000918644, "82": 1.0212050000918644, "83": 1.0212050000918644, "84": 1.0212050000918644, "85": 1.0212050000918644, "86": 1.0212050000918644, "87": 1.0212050000918644, "88": 1.0212050000918644, "89": 1.0212050000918644, "90": 1.0212050000918644, "91": 1.0212050000918644, "92": 1.0212050000918644, "93": 1.0212050000918644, "94": 1.0212050000918644, "95": 1.0212050000918644, "96": 1.0212050000918644, "97": 1.0212050000918644, "98": 1.0212050000918644, "99": 1.0212050000918644, "100": 1.0212050000918644}