{"0": 16.17048804880231, "1": 16.17048804880231, "2": 16.17048804880231, "3": 8.547014665582305, "4": 7.000563867250577, "5": 7.000563867250577, "6": 7.000563867250577, "7": 5.671054872874734, "8": 5.671054872874734, "9": 5.671054872874734, "10": 5.671054872874734, "11": 5.671054872874734, "12": 5.671054872874734, "13": 5.671054872874734, "14": 5.6031479647004865, "15": 5.6031479647004865, "16": 4.734198379413595, "17": 4.266604500711237, "18": 4.266604500711237, "19": 1.836242519396201, "20": 1.836242519396201, "21": 1.5827203421977316, "22": 1.5827203421977316, "23": 1.5827203421977316, "24": 1.5827203421977316, "25": 1.5827203421977316, "26": 1.5827203421977316, "27": 1.5827203421977316, "28": 1.5827203421977316, "29": 1.5827203421977316, "30": 1.5827203421977316, "31": 1.4912193395922202, "32": 1.4912193395922202, "33": 1.4912193395922202, "34": 1.4912193395922202, "35": 1.4912193395922202, "36": 1.4912193395922202, "37": 1.4912193395922202, "38": 1.4912193395922202, "39": 1.4912193395922202, "40": 1.4912193395922202, "41": 1.4912193395922202, "42": 1.4912193395922202, "43": 1.4912193395922202, "44": 1.4912193395922202, "45": 1.4912193395922202, "46": 1.4912193395922202, "47": 0.6023905544165444, "48": 0.6023905544165444, "49": 0.6023905544165444, "50": 0.6023905544165444, "51": 0.6023905544165444, "52": 0.6023905544165444, "53": 0.6023905544165444, "54": 0.6023905544165444, "55": 0.6023905544165444, "56": 0.6023905544165444, "57": 0.6023905544165444, "58": 0.6023905544165444, "59": 0.6023905544165444, "60": 0.6023905544165444, "61": 0.6023905544165444, "62": 0.6023905544165444, "63": 0.6023905544165444, "64": 0.6023905544165444, "65": 0.6023905544165444, "66": 0.6023905544165444, "67": 0.6023905544165444, "68": 0.6023905544165444, "69": 0.6023905544165444, "70": 0.6023905544165444, "71": 0.6023905544165444, "72": 0.6023905544165444, "73": 0.6023905544165444, "74": 0.6023905544165444, "75": 0.6023905544165444, "76": 0.6023905544165444, "77": 0.6023905544165444, "78": 0.6023905544165444, "79": 0.6023905544165444, "80": 0.6023905544165444, "81": 0.6023905544165444, "82": 0.6023905544165444, "83": 0.6023905544165444, "84": 0.6023905544165444, "85": 0.6023905544165444, "86": 0.6023905544165444, "87": 0.6023905544165444, "88": 0.6023905544165444, "89": 0.6023905544165444, "90": 0.6023905544165444, "91": 0.6023905544165444, "92": 0.6023905544165444, "93": 0.6023905544165444, "94": 0.6023905544165444, "95": 0.6023905544165444, "96": 0.6023905544165444, "97": 0.6023905544165444, "98": 0.6023905544165444, "99": 0.6023905544165444, "100": 0.6023905544165444}