{"0": 15.060975575605854, "1": 15.060975575605854, "2": 6.146266595668809, "3": 6.146266595668809, "4": 6.146266595668809, "5": 6.146266595668809, "6": 6.146266595668809, "7": 6.146266595668809, "8": 6.146266595668809, "9": 6.146266595668809, "10": 5.085234129520288, "11": 3.9778051803886676, "12": 3.640194179799142, "13": 3.640194179799142, "14": 3.640194179799142, "15": 2.6110401331922546, "16": 1.9893320664978091, "17": 1.9893320664978091, "18": 1.9893320664978091, "19": 1.2673191495375917, "20": 1.2673191495375917, "21": 1.2673191495375917, "22": 1.2673191495375917, "23": 1.2673191495375917, "24": 1.2673191495375917, "25": 1.2673191495375917, "26": 1.2673191495375917, "27": 1.2673191495375917, "28": 1.2673191495375917, "29": 1.2673191495375917, "30": 0.8892325134763297, "31": 0.8892325134763297, "32": 0.8892325134763297, "33": 0.05616256691996213, "34": 0.05616256691996213, "35": 0.05616256691996213, "36": 0.05616256691996213, "37": 0.05616256691996213, "38": 0.05616256691996213, "39": 0.05616256691996213, "40": 0.05616256691996213, "41": 0.05616256691996213, "42": 0.05616256691996213, "43": 0.05616256691996213, "44": 0.05616256691996213, "45": 0.05616256691996213, "46": 0.05616256691996213, "47": 0.05616256691996213, "48": 0.05616256691996213, "49": 0.05616256691996213, "50": 0.05616256691996213, "51": 0.05616256691996213, "52": 0.05616256691996213, "53": 0.05616256691996213, "54": 0.05616256691996213, "55": 0.05616256691996213, "56": 0.05616256691996213, "57": 0.05616256691996213, "58": 0.05616256691996213, "59": 0.05616256691996213, "60": 0.05616256691996213, "61": 0.05616256691996213, "62": 0.05616256691996213, "63": 0.05616256691996213, "64": 0.05616256691996213, "65": 0.05616256691996213, "66": 0.05616256691996213, "67": 0.05616256691996213, "68": 0.05616256691996213, "69": 0.05616256691996213, "70": 0.05616256691996213, "71": 0.05616256691996213, "72": 0.05616256691996213, "73": 0.05616256691996213, "74": 0.05616256691996213, "75": 0.05616256691996213, "76": 0.05616256691996213, "77": 0.05616256691996213, "78": 0.05616256691996213, "79": 0.05616256691996213, "80": 0.05616256691996213, "81": 0.05616256691996213, "82": 0.05616256691996213, "83": 0.05616256691996213, "84": 0.05616256691996213, "85": 0.05616256691996213, "86": 0.05616256691996213, "87": 0.05616256691996213, "88": 0.05616256691996213, "89": 0.05616256691996213, "90": 0.05616256691996213, "91": 0.05616256691996213, "92": 0.05616256691996213, "93": 0.05616256691996213, "94": 0.05616256691996213, "95": 0.05616256691996213, "96": 0.05616256691996213, "97": 0.05616256691996213, "98": 0.05616256691996213, "99": 0.05616256691996213, "100": 0.05616256691996213}