{"0": 23.096498193880116, "1": 5.1111065500084045, "2": 5.1111065500084045, "3": 5.1111065500084045, "4": 5.1111065500084045, "5": 5.1111065500084045, "6": 5.1111065500084045, "7": 5.1111065500084045, "8": 5.1111065500084045, "9": 5.1111065500084045, "10": 4.714071283443349, "11": 4.714071283443349, "12": 4.714071283443349, "13": 4.714071283443349, "14": 4.32107905456456, "15": 4.32107905456456, "16": 2.260034976664059, "17": 2.260034976664059, "18": 2.260034976664059, "19": 2.260034976664059, "20": 2.260034976664059, "21": 2.260034976664059, "22": 2.260034976664059, "23": 2.260034976664059, "24": 2.260034976664059, "25": 2.260034976664059, "26": 2.260034976664059, "27": 2.260034976664059, "28": 2.260034976664059, "29": 2.260034976664059, "30": 2.260034976664059, "31": 2.260034976664059, "32": 2.260034976664059, "33": 2.260034976664059, "34": 2.260034976664059, "35": 2.260034976664059, "36": 2.260034976664059, "37": 2.260034976664059, "38": 2.260034976664059, "39": 2.260034976664059, "40": 2.260034976664059, "41": 2.1816632546193517, "42": 2.1816632546193517, "43": 2.1816632546193517, "44": 2.1816632546193517, "45": 2.1816632546193517, "46": 2.1816632546193517, "47": 2.1816632546193517, "48": 2.1816632546193517, "49": 2.1816632546193517, "50": 2.1816632546193517, "51": 2.1816632546193517, "52": 2.1816632546193517, "53": 2.1816632546193517, "54": 2.1816632546193517, "55": 2.1816632546193517, "56": 2.1816632546193517, "57": 2.1816632546193517, "58": 2.1816632546193517, "59": 2.1816632546193517, "60": 2.1816632546193517, "61": 2.1816632546193517, "62": 2.1816632546193517, "63": 2.1816632546193517, "64": 2.1816632546193517, "65": 2.1816632546193517, "66": 2.1816632546193517, "67": 2.1816632546193517, "68": 2.1816632546193517, "69": 2.1816632546193517, "70": 2.1816632546193517, "71": 2.1816632546193517, "72": 2.1816632546193517, "73": 2.1816632546193517, "74": 2.1816632546193517, "75": 2.1816632546193517, "76": 2.1816632546193517, "77": 2.1816632546193517, "78": 2.1816632546193517, "79": 2.1816632546193517, "80": 0.009847282154190395, "81": 0.009847282154190395, "82": 0.009847282154190395, "83": 0.009847282154190395, "84": 0.009847282154190395, "85": 0.009847282154190395, "86": 0.009847282154190395, "87": 0.009847282154190395, "88": 0.009847282154190395, "89": 0.009847282154190395, "90": 0.009847282154190395, "91": 0.009847282154190395, "92": 0.009847282154190395, "93": 0.009847282154190395, "94": 0.009847282154190395, "95": 0.009847282154190395, "96": 0.009847282154190395, "97": 0.009847282154190395, "98": 0.009847282154190395, "99": 0.009847282154190395, "100": 0.009847282154190395}