{"0": 27.98222942136489, "1": 27.98222942136489, "2": 11.864515257023468, "3": 9.3197546888896, "4": 9.3197546888896, "5": 9.3197546888896, "6": 9.3197546888896, "7": 5.217785629759611, "8": 5.217785629759611, "9": 5.217785629759611, "10": 5.217785629759611, "11": 4.734986645025682, "12": 4.56435491049756, "13": 4.56435491049756, "14": 2.4192680384353444, "15": 2.4192680384353444, "16": 2.4192680384353444, "17": 2.4192680384353444, "18": 2.4192680384353444, "19": 2.4192680384353444, "20": 2.4192680384353444, "21": 2.4192680384353444, "22": 1.5696607556741213, "23": 1.5696607556741213, "24": 1.5696607556741213, "25": 1.5696607556741213, "26": 1.5696607556741213, "27": 1.5696607556741213, "28": 1.5696607556741213, "29": 1.5696607556741213, "30": 1.3992605220331527, "31": 1.3992605220331527, "32": 1.1165064212605493, "33": 1.1165064212605493, "34": 1.1165064212605493, "35": 1.1165064212605493, "36": 1.1165064212605493, "37": 1.1165064212605493, "38": 1.1165064212605493, "39": 1.1165064212605493, "40": 1.1165064212605493, "41": 1.1165064212605493, "42": 1.1165064212605493, "43": 1.1165064212605493, "44": 1.1165064212605493, "45": 1.1165064212605493, "46": 1.1165064212605493, "47": 1.1165064212605493, "48": 1.1165064212605493, "49": 1.1165064212605493, "50": 1.1165064212605493, "51": 1.1165064212605493, "52": 1.1165064212605493, "53": 1.1165064212605493, "54": 1.1165064212605493, "55": 0.9780831825475538, "56": 0.9780831825475538, "57": 0.9780831825475538, "58": 0.9780831825475538, "59": 0.9780831825475538, "60": 0.9780831825475538, "61": 0.9780831825475538, "62": 0.9780831825475538, "63": 0.9780831825475538, "64": 0.9780831825475538, "65": 0.9780831825475538, "66": 0.9780831825475538, "67": 0.9780831825475538, "68": 0.9780831825475538, "69": 0.9780831825475538, "70": 0.9780831825475538, "71": 0.9780831825475538, "72": 0.9780831825475538, "73": 0.9780831825475538, "74": 0.9780831825475538, "75": 0.9780831825475538, "76": 0.9780831825475538, "77": 0.9780831825475538, "78": 0.9780831825475538, "79": 0.9780831825475538, "80": 0.9780831825475538, "81": 0.9780831825475538, "82": 0.9780831825475538, "83": 0.9780831825475538, "84": 0.9780831825475538, "85": 0.9780831825475538, "86": 0.9780831825475538, "87": 0.9780831825475538, "88": 0.9780831825475538, "89": 0.9780831825475538, "90": 0.9780831825475538, "91": 0.9780831825475538, "92": 0.9780831825475538, "93": 0.9780831825475538, "94": 0.9780831825475538, "95": 0.9780831825475538, "96": 0.9780831825475538, "97": 0.9780831825475538, "98": 0.9780831825475538, "99": 0.9780831825475538, "100": 0.9780831825475538}