{"0": 21.573386725390996, "1": 21.573386725390996, "2": 18.497998850515103, "3": 18.497998850515103, "4": 4.9803700816427074, "5": 4.9803700816427074, "6": 4.9803700816427074, "7": 4.9803700816427074, "8": 3.7531020605435224, "9": 3.7531020605435224, "10": 3.7531020605435224, "11": 3.7531020605435224, "12": 3.7531020605435224, "13": 3.7531020605435224, "14": 3.7531020605435224, "15": 3.7531020605435224, "16": 3.7531020605435224, "17": 3.7531020605435224, "18": 2.1400623189580905, "19": 2.1400623189580905, "20": 2.1400623189580905, "21": 2.1400623189580905, "22": 2.1400623189580905, "23": 2.1400623189580905, "24": 2.1400623189580905, "25": 2.1400623189580905, "26": 2.1400623189580905, "27": 2.1400623189580905, "28": 1.2732323001086563, "29": 1.2732323001086563, "30": 1.2732323001086563, "31": 1.2732323001086563, "32": 0.1158841057721105, "33": 0.1158841057721105, "34": 0.1158841057721105, "35": 0.1158841057721105, "36": 0.1158841057721105, "37": 0.1158841057721105, "38": 0.1158841057721105, "39": 0.1158841057721105, "40": 0.1158841057721105, "41": 0.1158841057721105, "42": 0.1158841057721105, "43": 0.1158841057721105, "44": 0.1158841057721105, "45": 0.1158841057721105, "46": 0.1158841057721105, "47": 0.1158841057721105, "48": 0.1158841057721105, "49": 0.1158841057721105, "50": 0.1158841057721105, "51": 0.1158841057721105, "52": 0.1158841057721105, "53": 0.1158841057721105, "54": 0.1158841057721105, "55": 0.1158841057721105, "56": 0.1158841057721105, "57": 0.1158841057721105, "58": 0.1158841057721105, "59": 0.1158841057721105, "60": 0.1158841057721105, "61": 0.1158841057721105, "62": 0.1158841057721105, "63": 0.1158841057721105, "64": 0.1158841057721105, "65": 0.1158841057721105, "66": 0.1158841057721105, "67": 0.1158841057721105, "68": 0.1158841057721105, "69": 0.1158841057721105, "70": 0.1158841057721105, "71": 0.1158841057721105, "72": 0.1158841057721105, "73": 0.1158841057721105, "74": 0.1158841057721105, "75": 0.1158841057721105, "76": 0.1158841057721105, "77": 0.1158841057721105, "78": 0.1158841057721105, "79": 0.1158841057721105, "80": 0.1158841057721105, "81": 0.1158841057721105, "82": 0.1158841057721105, "83": 0.1158841057721105, "84": 0.1158841057721105, "85": 0.1158841057721105, "86": 0.1158841057721105, "87": 0.1158841057721105, "88": 0.1158841057721105, "89": 0.1158841057721105, "90": 0.1158841057721105, "91": 0.1158841057721105, "92": 0.1158841057721105, "93": 0.1158841057721105, "94": 0.1158841057721105, "95": 0.1158841057721105, "96": 0.1158841057721105, "97": 0.1158841057721105, "98": 0.1158841057721105, "99": 0.1158841057721105, "100": 0.1158841057721105}