{"0": 25.199431893372754, "1": 22.90800332281382, "2": 12.153050552950898, "3": 12.153050552950898, "4": 12.153050552950898, "5": 12.153050552950898, "6": 12.153050552950898, "7": 2.996785467826669, "8": 2.996785467826669, "9": 2.6306218220389432, "10": 2.6306218220389432, "11": 2.6306218220389432, "12": 2.6306218220389432, "13": 2.6306218220389432, "14": 2.6306218220389432, "15": 2.6306218220389432, "16": 2.428590759729204, "17": 2.428590759729204, "18": 2.428590759729204, "19": 2.428590759729204, "20": 2.428590759729204, "21": 2.428590759729204, "22": 2.428590759729204, "23": 2.428590759729204, "24": 2.428590759729204, "25": 2.428590759729204, "26": 2.428590759729204, "27": 2.428590759729204, "28": 2.428590759729204, "29": 2.428590759729204, "30": 2.428590759729204, "31": 2.15660014436299, "32": 2.1380155030214247, "33": 2.1380155030214247, "34": 2.1380155030214247, "35": 2.1380155030214247, "36": 2.1380155030214247, "37": 2.1380155030214247, "38": 2.1380155030214247, "39": 2.1380155030214247, "40": 2.1380155030214247, "41": 2.1380155030214247, "42": 2.1380155030214247, "43": 2.1380155030214247, "44": 2.1380155030214247, "45": 2.1380155030214247, "46": 2.1380155030214247, "47": 2.1380155030214247, "48": 2.086869229000655, "49": 2.086869229000655, "50": 2.086869229000655, "51": 2.086869229000655, "52": 2.086869229000655, "53": 2.086869229000655, "54": 2.086869229000655, "55": 2.086869229000655, "56": 2.086869229000655, "57": 2.086869229000655, "58": 2.086869229000655, "59": 2.086869229000655, "60": 2.086869229000655, "61": 1.2152066759381235, "62": 1.2152066759381235, "63": 1.2152066759381235, "64": 1.2152066759381235, "65": 1.2152066759381235, "66": 1.2152066759381235, "67": 1.1974651712555229, "68": 1.1974651712555229, "69": 1.1974651712555229, "70": 1.1974651712555229, "71": 1.1974651712555229, "72": 1.1974651712555229, "73": 1.1974651712555229, "74": 1.1974651712555229, "75": 1.1974651712555229, "76": 1.1974651712555229, "77": 1.1974651712555229, "78": 1.1974651712555229, "79": 1.1974651712555229, "80": 1.1974651712555229, "81": 1.1974651712555229, "82": 1.1974651712555229, "83": 1.1974651712555229, "84": 1.1974651712555229, "85": 1.1974651712555229, "86": 1.1974651712555229, "87": 1.1974651712555229, "88": 1.1974651712555229, "89": 1.1974651712555229, "90": 1.1974651712555229, "91": 1.1974651712555229, "92": 1.1974651712555229, "93": 1.1974651712555229, "94": 1.1974651712555229, "95": 1.1974651712555229, "96": 1.1974651712555229, "97": 1.1974651712555229, "98": 1.1974651712555229, "99": 1.1974651712555229, "100": 1.1974651712555229}