{"0": 20.736369162892036, "1": 7.98696451587786, "2": 7.98696451587786, "3": 7.98696451587786, "4": 7.98696451587786, "5": 7.98696451587786, "6": 7.98696451587786, "7": 7.98696451587786, "8": 7.98696451587786, "9": 7.98696451587786, "10": 7.986113197001277, "11": 7.986113197001277, "12": 2.187265064353671, "13": 2.187265064353671, "14": 2.187265064353671, "15": 2.187265064353671, "16": 2.187265064353671, "17": 2.187265064353671, "18": 2.187265064353671, "19": 2.187265064353671, "20": 2.187265064353671, "21": 2.187265064353671, "22": 2.187265064353671, "23": 2.187265064353671, "24": 2.187265064353671, "25": 2.187265064353671, "26": 2.187265064353671, "27": 2.187265064353671, "28": 2.187265064353671, "29": 2.027752427728135, "30": 2.027752427728135, "31": 2.027752427728135, "32": 2.027752427728135, "33": 2.027752427728135, "34": 2.027752427728135, "35": 2.027752427728135, "36": 2.027752427728135, "37": 2.027752427728135, "38": 2.027752427728135, "39": 2.027752427728135, "40": 2.027752427728135, "41": 2.027752427728135, "42": 2.027752427728135, "43": 2.027752427728135, "44": 2.027752427728135, "45": 2.027752427728135, "46": 2.027752427728135, "47": 2.027752427728135, "48": 2.027752427728135, "49": 2.027752427728135, "50": 2.027752427728135, "51": 1.9969030722796148, "52": 1.9969030722796148, "53": 1.9969030722796148, "54": 1.9969030722796148, "55": 1.9969030722796148, "56": 1.9969030722796148, "57": 1.9969030722796148, "58": 1.9969030722796148, "59": 1.9969030722796148, "60": 1.9969030722796148, "61": 1.9969030722796148, "62": 1.9969030722796148, "63": 1.9969030722796148, "64": 1.9969030722796148, "65": 1.9969030722796148, "66": 1.9969030722796148, "67": 1.9969030722796148, "68": 1.9969030722796148, "69": 1.9969030722796148, "70": 1.9969030722796148, "71": 1.9969030722796148, "72": 1.9969030722796148, "73": 1.9969030722796148, "74": 1.9969030722796148, "75": 1.9969030722796148, "76": 1.9969030722796148, "77": 1.9969030722796148, "78": 1.9969030722796148, "79": 1.9969030722796148, "80": 1.9969030722796148, "81": 1.9969030722796148, "82": 1.9969030722796148, "83": 1.9969030722796148, "84": 1.9969030722796148, "85": 1.9969030722796148, "86": 1.9969030722796148, "87": 1.9969030722796148, "88": 1.9969030722796148, "89": 1.9969030722796148, "90": 1.9969030722796148, "91": 1.9969030722796148, "92": 1.9969030722796148, "93": 1.9969030722796148, "94": 1.9969030722796148, "95": 1.9969030722796148, "96": 1.9969030722796148, "97": 1.9969030722796148, "98": 1.9969030722796148, "99": 1.9969030722796148, "100": 1.9969030722796148}