{"0": 8.308855979793396, "1": 8.308855979793396, "2": 8.308855979793396, "3": 8.308855979793396, "4": 8.308855979793396, "5": 8.119471713080543, "6": 8.119471713080543, "7": 7.042187736708717, "8": 3.8156910773686263, "9": 3.8156910773686263, "10": 3.8156910773686263, "11": 3.8156910773686263, "12": 3.8156910773686263, "13": 3.8156910773686263, "14": 3.8156910773686263, "15": 3.8156910773686263, "16": 3.1264284306027257, "17": 3.1264284306027257, "18": 3.1264284306027257, "19": 3.1264284306027257, "20": 2.8053758081659694, "21": 2.469031490738523, "22": 2.469031490738523, "23": 2.469031490738523, "24": 2.469031490738523, "25": 2.469031490738523, "26": 2.469031490738523, "27": 2.469031490738523, "28": 2.469031490738523, "29": 2.469031490738523, "30": 2.469031490738523, "31": 2.469031490738523, "32": 2.469031490738523, "33": 2.469031490738523, "34": 2.469031490738523, "35": 2.469031490738523, "36": 2.469031490738523, "37": 2.469031490738523, "38": 2.469031490738523, "39": 2.469031490738523, "40": 2.469031490738523, "41": 2.469031490738523, "42": 2.469031490738523, "43": 2.469031490738523, "44": 1.9243284667676797, "45": 1.9243284667676797, "46": 1.9243284667676797, "47": 1.9243284667676797, "48": 1.9243284667676797, "49": 1.9243284667676797, "50": 1.9243284667676797, "51": 1.9243284667676797, "52": 1.9243284667676797, "53": 1.9243284667676797, "54": 1.9243284667676797, "55": 1.9243284667676797, "56": 1.9243284667676797, "57": 1.9243284667676797, "58": 1.9243284667676797, "59": 1.9243284667676797, "60": 1.9243284667676797, "61": 1.9243284667676797, "62": 1.9243284667676797, "63": 1.9243284667676797, "64": 1.9243284667676797, "65": 1.9243284667676797, "66": 1.9243284667676797, "67": 1.9243284667676797, "68": 1.9243284667676797, "69": 1.9243284667676797, "70": 1.9243284667676797, "71": 1.9243284667676797, "72": 1.9243284667676797, "73": 1.2779940960711649, "74": 1.2779940960711649, "75": 1.2779940960711649, "76": 1.2779940960711649, "77": 1.2779940960711649, "78": 1.2779940960711649, "79": 1.2779940960711649, "80": 1.2779940960711649, "81": 1.2779940960711649, "82": 1.2779940960711649, "83": 1.2779940960711649, "84": 1.2779940960711649, "85": 1.2779940960711649, "86": 1.2779940960711649, "87": 1.2779940960711649, "88": 1.2779940960711649, "89": 1.2779940960711649, "90": 1.2779940960711649, "91": 1.2779940960711649, "92": 1.2779940960711649, "93": 1.2779940960711649, "94": 1.2779940960711649, "95": 1.2779940960711649, "96": 1.2779940960711649, "97": 1.2779940960711649, "98": 1.2779940960711649, "99": 1.2779940960711649, "100": 1.2779940960711649}