{"0": 5.172433563733161, "1": 5.172433563733161, "2": 5.172433563733161, "3": 5.172433563733161, "4": 2.6654397845313405, "5": 2.6654397845313405, "6": 2.6654397845313405, "7": 2.6654397845313405, "8": 2.6654397845313405, "9": 2.6654397845313405, "10": 2.6654397845313405, "11": 2.6654397845313405, "12": 2.6654397845313405, "13": 2.6654397845313405, "14": 2.6654397845313405, "15": 2.6654397845313405, "16": 1.8221582979170847, "17": 1.8221582979170847, "18": 1.3247513201324637, "19": 1.3247513201324637, "20": 1.3247513201324637, "21": 1.3247513201324637, "22": 1.3247513201324637, "23": 1.3247513201324637, "24": 1.3247513201324637, "25": 1.3247513201324637, "26": 1.3247513201324637, "27": 1.3247513201324637, "28": 1.2004081063499328, "29": 1.2004081063499328, "30": 1.2004081063499328, "31": 1.2004081063499328, "32": 1.2004081063499328, "33": 1.2004081063499328, "34": 1.2004081063499328, "35": 1.2004081063499328, "36": 1.2004081063499328, "37": 1.2004081063499328, "38": 1.2004081063499328, "39": 1.2004081063499328, "40": 1.2004081063499328, "41": 1.2004081063499328, "42": 1.2004081063499328, "43": 1.2004081063499328, "44": 1.2004081063499328, "45": 1.058670776693063, "46": 1.058670776693063, "47": 1.058670776693063, "48": 1.058670776693063, "49": 1.058670776693063, "50": 1.058670776693063, "51": 1.058670776693063, "52": 1.058670776693063, "53": 1.058670776693063, "54": 1.058670776693063, "55": 1.058670776693063, "56": 1.058670776693063, "57": 1.058670776693063, "58": 1.058670776693063, "59": 1.058670776693063, "60": 1.058670776693063, "61": 1.058670776693063, "62": 1.058670776693063, "63": 1.058670776693063, "64": 1.058670776693063, "65": 1.058670776693063, "66": 1.058670776693063, "67": 1.058670776693063, "68": 1.058670776693063, "69": 1.058670776693063, "70": 1.058670776693063, "71": 1.058670776693063, "72": 1.058670776693063, "73": 1.058670776693063, "74": 1.058670776693063, "75": 1.058670776693063, "76": 1.058670776693063, "77": 1.058670776693063, "78": 1.058670776693063, "79": 1.058670776693063, "80": 1.058670776693063, "81": 1.058670776693063, "82": 1.058670776693063, "83": 1.058670776693063, "84": 1.058670776693063, "85": 1.058670776693063, "86": 1.058670776693063, "87": 1.058670776693063, "88": 1.058670776693063, "89": 1.058670776693063, "90": 1.058670776693063, "91": 1.058670776693063, "92": 1.058670776693063, "93": 1.058670776693063, "94": 1.058670776693063, "95": 1.058670776693063, "96": 1.058670776693063, "97": 1.058670776693063, "98": 1.058670776693063, "99": 1.058670776693063, "100": 1.058670776693063}