{"0": 12.286998421987414, "1": 9.929518014268067, "2": 9.929518014268067, "3": 9.52261749640784, "4": 9.52261749640784, "5": 5.253336921596668, "6": 5.253336921596668, "7": 5.253336921596668, "8": 5.18075751656626, "9": 4.181604686119087, "10": 4.181604686119087, "11": 4.181604686119087, "12": 3.0769992847388643, "13": 3.0769992847388643, "14": 3.0769992847388643, "15": 3.0769992847388643, "16": 3.0769992847388643, "17": 3.0769992847388643, "18": 3.0769992847388643, "19": 3.0769992847388643, "20": 2.0624098720879047, "21": 2.0624098720879047, "22": 2.0624098720879047, "23": 2.0624098720879047, "24": 2.0624098720879047, "25": 2.0015022299060163, "26": 2.0015022299060163, "27": 2.0015022299060163, "28": 2.0015022299060163, "29": 2.0015022299060163, "30": 2.0015022299060163, "31": 2.0015022299060163, "32": 2.0015022299060163, "33": 2.0015022299060163, "34": 2.0015022299060163, "35": 2.0015022299060163, "36": 2.0015022299060163, "37": 2.0015022299060163, "38": 2.0015022299060163, "39": 2.0015022299060163, "40": 2.0015022299060163, "41": 2.0015022299060163, "42": 2.0015022299060163, "43": 2.0015022299060163, "44": 2.0015022299060163, "45": 1.8515755400932505, "46": 1.8515755400932505, "47": 1.8515755400932505, "48": 1.8515755400932505, "49": 1.8515755400932505, "50": 1.8515755400932505, "51": 1.8515755400932505, "52": 1.8515755400932505, "53": 1.8515755400932505, "54": 1.8515755400932505, "55": 1.8515755400932505, "56": 1.8515755400932505, "57": 1.8515755400932505, "58": 1.8515755400932505, "59": 1.8515755400932505, "60": 1.8515755400932505, "61": 1.8515755400932505, "62": 1.8515755400932505, "63": 1.8515755400932505, "64": 1.8515755400932505, "65": 1.8515755400932505, "66": 1.8515755400932505, "67": 1.8515755400932505, "68": 1.8515755400932505, "69": 1.8515755400932505, "70": 1.398608012035659, "71": 1.398608012035659, "72": 1.398608012035659, "73": 1.398608012035659, "74": 1.398608012035659, "75": 1.398608012035659, "76": 1.398608012035659, "77": 1.398608012035659, "78": 1.398608012035659, "79": 1.398608012035659, "80": 1.398608012035659, "81": 1.398608012035659, "82": 1.398608012035659, "83": 1.398608012035659, "84": 1.398608012035659, "85": 1.398608012035659, "86": 1.398608012035659, "87": 1.398608012035659, "88": 1.398608012035659, "89": 1.398608012035659, "90": 1.398608012035659, "91": 1.398608012035659, "92": 1.398608012035659, "93": 1.398608012035659, "94": 1.398608012035659, "95": 1.398608012035659, "96": 1.398608012035659, "97": 1.398608012035659, "98": 1.398608012035659, "99": 1.398608012035659, "100": 1.398608012035659}