{"0": 17.135190473891477, "1": 9.067967989103888, "2": 2.923973994785335, "3": 2.923973994785335, "4": 2.923973994785335, "5": 2.923973994785335, "6": 2.923973994785335, "7": 2.923973994785335, "8": 2.923973994785335, "9": 2.923973994785335, "10": 2.923973994785335, "11": 2.923973994785335, "12": 2.909016811414837, "13": 2.909016811414837, "14": 2.909016811414837, "15": 1.582914409744447, "16": 1.582914409744447, "17": 1.582914409744447, "18": 1.582914409744447, "19": 1.582914409744447, "20": 1.582914409744447, "21": 1.582914409744447, "22": 1.582914409744447, "23": 1.582914409744447, "24": 1.582914409744447, "25": 1.5232563054545878, "26": 1.5232563054545878, "27": 1.5232563054545878, "28": 1.5232563054545878, "29": 1.5232563054545878, "30": 1.5232563054545878, "31": 1.2631910348462227, "32": 1.2631910348462227, "33": 1.2631910348462227, "34": 1.2631910348462227, "35": 0.11350816479582448, "36": 0.11350816479582448, "37": 0.11350816479582448, "38": 0.11350816479582448, "39": 0.11350816479582448, "40": 0.11350816479582448, "41": 0.11350816479582448, "42": 0.11350816479582448, "43": 0.11350816479582448, "44": 0.11350816479582448, "45": 0.11350816479582448, "46": 0.11350816479582448, "47": 0.11350816479582448, "48": 0.11350816479582448, "49": 0.11350816479582448, "50": 0.11350816479582448, "51": 0.11350816479582448, "52": 0.11350816479582448, "53": 0.11350816479582448, "54": 0.11350816479582448, "55": 0.11350816479582448, "56": 0.11350816479582448, "57": 0.11350816479582448, "58": 0.11350816479582448, "59": 0.11350816479582448, "60": 0.11350816479582448, "61": 0.11350816479582448, "62": 0.11350816479582448, "63": 0.11350816479582448, "64": 0.11350816479582448, "65": 0.11350816479582448, "66": 0.11350816479582448, "67": 0.11350816479582448, "68": 0.11350816479582448, "69": 0.11350816479582448, "70": 0.11350816479582448, "71": 0.11350816479582448, "72": 0.11350816479582448, "73": 0.11350816479582448, "74": 0.11350816479582448, "75": 0.11350816479582448, "76": 0.11350816479582448, "77": 0.11350816479582448, "78": 0.11350816479582448, "79": 0.11350816479582448, "80": 0.11350816479582448, "81": 0.11350816479582448, "82": 0.11350816479582448, "83": 0.11350816479582448, "84": 0.11350816479582448, "85": 0.11350816479582448, "86": 0.11350816479582448, "87": 0.11350816479582448, "88": 0.11350816479582448, "89": 0.11350816479582448, "90": 0.11350816479582448, "91": 0.11350816479582448, "92": 0.11350816479582448, "93": 0.11350816479582448, "94": 0.11350816479582448, "95": 0.11350816479582448, "96": 0.11350816479582448, "97": 0.11350816479582448, "98": 0.11350816479582448, "99": 0.11350816479582448, "100": 0.11350816479582448}