{"0": 24.414117371088995, "1": 7.61490897757243, "2": 7.61490897757243, "3": 3.7586578224073186, "4": 3.7586578224073186, "5": 3.7586578224073186, "6": 3.7586578224073186, "7": 3.6709460617510246, "8": 1.2942389318694225, "9": 1.2942389318694225, "10": 1.2942389318694225, "11": 1.2942389318694225, "12": 1.2942389318694225, "13": 1.2942389318694225, "14": 1.2942389318694225, "15": 1.2942389318694225, "16": 1.2942389318694225, "17": 1.2942389318694225, "18": 1.2942389318694225, "19": 1.2942389318694225, "20": 1.2942389318694225, "21": 1.2942389318694225, "22": 1.2942389318694225, "23": 1.2942389318694225, "24": 1.2942389318694225, "25": 1.2942389318694225, "26": 1.2942389318694225, "27": 1.2942389318694225, "28": 1.2942389318694225, "29": 1.2942389318694225, "30": 1.2942389318694225, "31": 1.2942389318694225, "32": 1.2942389318694225, "33": 1.2942389318694225, "34": 1.2942389318694225, "35": 1.2942389318694225, "36": 1.2942389318694225, "37": 1.2942389318694225, "38": 1.2942389318694225, "39": 1.2942389318694225, "40": 1.2942389318694225, "41": 1.2942389318694225, "42": 1.2942389318694225, "43": 1.2942389318694225, "44": 1.2942389318694225, "45": 1.2942389318694225, "46": 1.2942389318694225, "47": 1.2942389318694225, "48": 1.2942389318694225, "49": 1.2942389318694225, "50": 1.2942389318694225, "51": 1.2942389318694225, "52": 1.2942389318694225, "53": 1.2942389318694225, "54": 1.2942389318694225, "55": 1.2942389318694225, "56": 1.2942389318694225, "57": 1.2942389318694225, "58": 1.2942389318694225, "59": 1.2942389318694225, "60": 1.2942389318694225, "61": 1.2942389318694225, "62": 1.2942389318694225, "63": 1.2942389318694225, "64": 1.2942389318694225, "65": 1.2942389318694225, "66": 1.2942389318694225, "67": 1.2942389318694225, "68": 1.2942389318694225, "69": 1.2942389318694225, "70": 1.2942389318694225, "71": 1.2942389318694225, "72": 1.2942389318694225, "73": 1.2942389318694225, "74": 1.2942389318694225, "75": 1.2942389318694225, "76": 1.2942389318694225, "77": 1.2942389318694225, "78": 1.2942389318694225, "79": 1.2942389318694225, "80": 1.2942389318694225, "81": 1.2942389318694225, "82": 1.2942389318694225, "83": 1.2942389318694225, "84": 1.2942389318694225, "85": 1.2942389318694225, "86": 1.2942389318694225, "87": 1.2942389318694225, "88": 1.2942389318694225, "89": 1.2942389318694225, "90": 1.2942389318694225, "91": 1.2942389318694225, "92": 1.2942389318694225, "93": 1.2942389318694225, "94": 1.2942389318694225, "95": 1.2942389318694225, "96": 1.2942389318694225, "97": 1.2942389318694225, "98": 1.2942389318694225, "99": 1.2942389318694225, "100": 1.2942389318694225}