{"0": 33.968690218922674, "1": 14.649346460571158, "2": 14.649346460571158, "3": 14.649346460571158, "4": 10.500536638821425, "5": 10.500536638821425, "6": 10.500536638821425, "7": 9.990643597955405, "8": 9.990643597955405, "9": 9.990643597955405, "10": 7.524611240055005, "11": 7.524611240055005, "12": 3.0018934344144412, "13": 3.0018934344144412, "14": 3.0018934344144412, "15": 3.0018934344144412, "16": 3.0018934344144412, "17": 2.7230106299158905, "18": 2.50931364175603, "19": 2.50931364175603, "20": 2.50931364175603, "21": 2.50931364175603, "22": 2.50931364175603, "23": 2.50931364175603, "24": 2.50931364175603, "25": 2.0984379431785385, "26": 2.0984379431785385, "27": 2.0984379431785385, "28": 2.0984379431785385, "29": 2.0984379431785385, "30": 2.0984379431785385, "31": 2.0984379431785385, "32": 2.0984379431785385, "33": 2.0984379431785385, "34": 2.0984379431785385, "35": 2.0984379431785385, "36": 2.0984379431785385, "37": 2.0984379431785385, "38": 2.0984379431785385, "39": 2.0984379431785385, "40": 2.0984379431785385, "41": 2.0984379431785385, "42": 2.0984379431785385, "43": 2.0984379431785385, "44": 2.0984379431785385, "45": 2.0984379431785385, "46": 2.0984379431785385, "47": 2.0984379431785385, "48": 2.0984379431785385, "49": 2.0984379431785385, "50": 2.0984379431785385, "51": 2.0984379431785385, "52": 1.6401459997831864, "53": 1.6401459997831864, "54": 1.6401459997831864, "55": 1.6401459997831864, "56": 1.6401459997831864, "57": 1.3064014799630606, "58": 1.3064014799630606, "59": 1.3064014799630606, "60": 1.3064014799630606, "61": 1.3064014799630606, "62": 1.3064014799630606, "63": 1.3064014799630606, "64": 1.3064014799630606, "65": 1.3064014799630606, "66": 1.3064014799630606, "67": 1.3064014799630606, "68": 1.3064014799630606, "69": 1.3064014799630606, "70": 1.3064014799630606, "71": 1.3064014799630606, "72": 1.3064014799630606, "73": 1.3064014799630606, "74": 1.3064014799630606, "75": 1.3064014799630606, "76": 1.3064014799630606, "77": 1.3064014799630606, "78": 1.3064014799630606, "79": 1.3064014799630606, "80": 1.3064014799630606, "81": 1.3064014799630606, "82": 1.3064014799630606, "83": 1.3064014799630606, "84": 1.3064014799630606, "85": 1.3064014799630606, "86": 1.3064014799630606, "87": 1.3064014799630606, "88": 1.3064014799630606, "89": 1.3064014799630606, "90": 1.3064014799630606, "91": 1.3064014799630606, "92": 1.3064014799630606, "93": 1.3064014799630606, "94": 1.3064014799630606, "95": 1.3064014799630606, "96": 1.3064014799630606, "97": 1.3064014799630606, "98": 1.3064014799630606, "99": 1.3064014799630606, "100": 1.3064014799630606}