{"0": 26.13957176438188, "1": 21.372602992366353, "2": 9.759166479170037, "3": 9.759166479170037, "4": 9.759166479170037, "5": 9.759166479170037, "6": 9.759166479170037, "7": 9.734555098833418, "8": 6.468233043008247, "9": 4.937496454681813, "10": 4.937496454681813, "11": 4.937496454681813, "12": 4.937496454681813, "13": 4.937496454681813, "14": 4.937496454681813, "15": 2.0424645059624496, "16": 2.0424645059624496, "17": 2.0424645059624496, "18": 2.0424645059624496, "19": 1.5319105323753917, "20": 1.5319105323753917, "21": 1.5319105323753917, "22": 1.5319105323753917, "23": 1.5319105323753917, "24": 1.5319105323753917, "25": 1.5319105323753917, "26": 1.4639502142665712, "27": 1.4639502142665712, "28": 1.149628069363434, "29": 1.149628069363434, "30": 1.149628069363434, "31": 1.149628069363434, "32": 1.149628069363434, "33": 1.149628069363434, "34": 1.149628069363434, "35": 1.149628069363434, "36": 1.149628069363434, "37": 1.149628069363434, "38": 1.149628069363434, "39": 1.149628069363434, "40": 1.149628069363434, "41": 1.149628069363434, "42": 1.149628069363434, "43": 1.149628069363434, "44": 1.149628069363434, "45": 1.149628069363434, "46": 1.149628069363434, "47": 1.149628069363434, "48": 1.149628069363434, "49": 1.149628069363434, "50": 1.149628069363434, "51": 1.149628069363434, "52": 1.149628069363434, "53": 1.149628069363434, "54": 1.149628069363434, "55": 1.149628069363434, "56": 1.149628069363434, "57": 1.149628069363434, "58": 1.149628069363434, "59": 1.149628069363434, "60": 1.149628069363434, "61": 1.149628069363434, "62": 1.149628069363434, "63": 1.149628069363434, "64": 1.149628069363434, "65": 1.149628069363434, "66": 1.149628069363434, "67": 1.149628069363434, "68": 1.149628069363434, "69": 1.149628069363434, "70": 1.149628069363434, "71": 1.149628069363434, "72": 1.149628069363434, "73": 1.149628069363434, "74": 1.149628069363434, "75": 1.149628069363434, "76": 1.149628069363434, "77": 1.149628069363434, "78": 1.149628069363434, "79": 1.149628069363434, "80": 1.149628069363434, "81": 1.149628069363434, "82": 1.149628069363434, "83": 1.149628069363434, "84": 1.149628069363434, "85": 1.149628069363434, "86": 1.149628069363434, "87": 1.149628069363434, "88": 1.149628069363434, "89": 1.149628069363434, "90": 1.149628069363434, "91": 1.149628069363434, "92": 1.149628069363434, "93": 1.149628069363434, "94": 1.149628069363434, "95": 1.149628069363434, "96": 1.149628069363434, "97": 1.149628069363434, "98": 1.149628069363434, "99": 1.149628069363434, "100": 1.149628069363434}