{"0": 20.003785624166085, "1": 7.928354639715206, "2": 7.928354639715206, "3": 7.928354639715206, "4": 7.928354639715206, "5": 7.928354639715206, "6": 7.928354639715206, "7": 7.928354639715206, "8": 7.928354639715206, "9": 7.928354639715206, "10": 7.928354639715206, "11": 7.660885025867811, "12": 7.660885025867811, "13": 7.660885025867811, "14": 7.660885025867811, "15": 7.660885025867811, "16": 7.660885025867811, "17": 5.440376734376699, "18": 5.440376734376699, "19": 5.440376734376699, "20": 5.440376734376699, "21": 5.440376734376699, "22": 5.440376734376699, "23": 5.440376734376699, "24": 5.440376734376699, "25": 5.440376734376699, "26": 5.440376734376699, "27": 5.440376734376699, "28": 5.440376734376699, "29": 5.440376734376699, "30": 5.440376734376699, "31": 5.440376734376699, "32": 5.440376734376699, "33": 5.440376734376699, "34": 5.440376734376699, "35": 5.440376734376699, "36": 5.440376734376699, "37": 5.440376734376699, "38": 5.440376734376699, "39": 5.440376734376699, "40": 5.440376734376699, "41": 1.398110319350991, "42": 1.398110319350991, "43": 1.398110319350991, "44": 1.398110319350991, "45": 1.398110319350991, "46": 1.398110319350991, "47": 1.398110319350991, "48": 1.398110319350991, "49": 1.398110319350991, "50": 1.398110319350991, "51": 1.398110319350991, "52": 1.398110319350991, "53": 1.398110319350991, "54": 1.398110319350991, "55": 1.398110319350991, "56": 1.398110319350991, "57": 1.398110319350991, "58": 1.398110319350991, "59": 1.398110319350991, "60": 1.398110319350991, "61": 1.398110319350991, "62": 1.398110319350991, "63": 1.398110319350991, "64": 1.398110319350991, "65": 1.398110319350991, "66": 1.398110319350991, "67": 1.398110319350991, "68": 1.1851247157498292, "69": 1.1851247157498292, "70": 1.1851247157498292, "71": 1.1851247157498292, "72": 1.1851247157498292, "73": 1.1851247157498292, "74": 1.1851247157498292, "75": 1.1851247157498292, "76": 1.1851247157498292, "77": 1.1851247157498292, "78": 1.1851247157498292, "79": 1.1851247157498292, "80": 1.1851247157498292, "81": 1.1851247157498292, "82": 1.1851247157498292, "83": 1.1851247157498292, "84": 1.1851247157498292, "85": 1.1851247157498292, "86": 1.1851247157498292, "87": 1.1851247157498292, "88": 1.1851247157498292, "89": 1.1851247157498292, "90": 1.1851247157498292, "91": 1.1851247157498292, "92": 1.1851247157498292, "93": 1.1851247157498292, "94": 1.1851247157498292, "95": 1.1851247157498292, "96": 1.1851247157498292, "97": 1.1851247157498292, "98": 1.1851247157498292, "99": 1.1851247157498292, "100": 1.1851247157498292}