{"0": 5.187823634172435, "1": 5.187823634172435, "2": 5.187823634172435, "3": 5.187823634172435, "4": 5.187823634172435, "5": 5.187823634172435, "6": 3.45529379993463, "7": 3.45529379993463, "8": 1.2961387134758553, "9": 1.2961387134758553, "10": 1.2961387134758553, "11": 1.2961387134758553, "12": 1.2961387134758553, "13": 1.2961387134758553, "14": 1.2961387134758553, "15": 1.2961387134758553, "16": 1.2961387134758553, "17": 1.2961387134758553, "18": 1.2961387134758553, "19": 1.2961387134758553, "20": 1.2961387134758553, "21": 1.2961387134758553, "22": 1.2961387134758553, "23": 1.2961387134758553, "24": 1.2961387134758553, "25": 1.2961387134758553, "26": 1.2961387134758553, "27": 1.2961387134758553, "28": 1.2961387134758553, "29": 1.2961387134758553, "30": 1.2961387134758553, "31": 1.2961387134758553, "32": 1.2961387134758553, "33": 1.2961387134758553, "34": 1.2961387134758553, "35": 1.2961387134758553, "36": 1.2961387134758553, "37": 1.2961387134758553, "38": 0.26143250322009237, "39": 0.26143250322009237, "40": 0.26143250322009237, "41": 0.26143250322009237, "42": 0.26143250322009237, "43": 0.26143250322009237, "44": 0.26143250322009237, "45": 0.26143250322009237, "46": 0.26143250322009237, "47": 0.26143250322009237, "48": 0.26143250322009237, "49": 0.26143250322009237, "50": 0.26143250322009237, "51": 0.26143250322009237, "52": 0.26143250322009237, "53": 0.26143250322009237, "54": 0.26143250322009237, "55": 0.26143250322009237, "56": 0.26143250322009237, "57": 0.26143250322009237, "58": 0.26143250322009237, "59": 0.26143250322009237, "60": 0.26143250322009237, "61": 0.26143250322009237, "62": 0.26143250322009237, "63": 0.26143250322009237, "64": 0.26143250322009237, "65": 0.26143250322009237, "66": 0.26143250322009237, "67": 0.26143250322009237, "68": 0.26143250322009237, "69": 0.26143250322009237, "70": 0.26143250322009237, "71": 0.26143250322009237, "72": 0.26143250322009237, "73": 0.26143250322009237, "74": 0.26143250322009237, "75": 0.26143250322009237, "76": 0.26143250322009237, "77": 0.26143250322009237, "78": 0.26143250322009237, "79": 0.26143250322009237, "80": 0.26143250322009237, "81": 0.26143250322009237, "82": 0.26143250322009237, "83": 0.26143250322009237, "84": 0.26143250322009237, "85": 0.26143250322009237, "86": 0.26143250322009237, "87": 0.26143250322009237, "88": 0.26143250322009237, "89": 0.26143250322009237, "90": 0.26143250322009237, "91": 0.26143250322009237, "92": 0.26143250322009237, "93": 0.26143250322009237, "94": 0.26143250322009237, "95": 0.26143250322009237, "96": 0.26143250322009237, "97": 0.26143250322009237, "98": 0.26143250322009237, "99": 0.26143250322009237, "100": 0.26143250322009237}