{"0": 29.723643678708388, "1": 24.513541918763984, "2": 2.6802373066548952, "3": 2.6802373066548952, "4": 2.6802373066548952, "5": 2.6802373066548952, "6": 2.6802373066548952, "7": 2.6802373066548952, "8": 2.6802373066548952, "9": 2.6802373066548952, "10": 2.6802373066548952, "11": 2.6802373066548952, "12": 2.6802373066548952, "13": 2.6802373066548952, "14": 2.6802373066548952, "15": 2.6802373066548952, "16": 2.6802373066548952, "17": 2.6802373066548952, "18": 2.6802373066548952, "19": 2.6802373066548952, "20": 2.6802373066548952, "21": 2.6802373066548952, "22": 2.459935956601157, "23": 2.459935956601157, "24": 2.459935956601157, "25": 2.459935956601157, "26": 2.459935956601157, "27": 2.459935956601157, "28": 2.459935956601157, "29": 2.459935956601157, "30": 2.459935956601157, "31": 1.6333787822578998, "32": 1.6333787822578998, "33": 1.6333787822578998, "34": 1.6333787822578998, "35": 1.247577134400629, "36": 1.247577134400629, "37": 1.247577134400629, "38": 1.247577134400629, "39": 1.247577134400629, "40": 1.247577134400629, "41": 1.247577134400629, "42": 1.247577134400629, "43": 1.247577134400629, "44": 1.247577134400629, "45": 1.247577134400629, "46": 1.247577134400629, "47": 1.247577134400629, "48": 1.247577134400629, "49": 1.247577134400629, "50": 1.247577134400629, "51": 1.247577134400629, "52": 1.247577134400629, "53": 1.247577134400629, "54": 1.247577134400629, "55": 1.247577134400629, "56": 1.247577134400629, "57": 1.247577134400629, "58": 1.247577134400629, "59": 1.247577134400629, "60": 1.247577134400629, "61": 1.247577134400629, "62": 1.247577134400629, "63": 1.247577134400629, "64": 1.247577134400629, "65": 1.247577134400629, "66": 1.247577134400629, "67": 1.247577134400629, "68": 1.247577134400629, "69": 1.247577134400629, "70": 1.247577134400629, "71": 1.247577134400629, "72": 1.247577134400629, "73": 1.247577134400629, "74": 1.247577134400629, "75": 1.247577134400629, "76": 1.247577134400629, "77": 1.247577134400629, "78": 1.247577134400629, "79": 0.3284350500970632, "80": 0.3284350500970632, "81": 0.3284350500970632, "82": 0.3284350500970632, "83": 0.3284350500970632, "84": 0.3284350500970632, "85": 0.3284350500970632, "86": 0.3284350500970632, "87": 0.3284350500970632, "88": 0.3284350500970632, "89": 0.3284350500970632, "90": 0.3284350500970632, "91": 0.3284350500970632, "92": 0.3284350500970632, "93": 0.3284350500970632, "94": 0.3284350500970632, "95": 0.3284350500970632, "96": 0.3284350500970632, "97": 0.3284350500970632, "98": 0.3284350500970632, "99": 0.3284350500970632, "100": 0.3284350500970632}