{"0": 23.58090250108019, "1": 14.969491774949775, "2": 13.859951859962976, "3": 10.19229953897717, "4": 10.19229953897717, "5": 10.19229953897717, "6": 10.19229953897717, "7": 9.055984367453522, "8": 5.218373218924324, "9": 5.218373218924324, "10": 5.218373218924324, "11": 5.218373218924324, "12": 5.218373218924324, "13": 5.218373218924324, "14": 5.218373218924324, "15": 5.218373218924324, "16": 5.218373218924324, "17": 3.6967547259085975, "18": 3.6967547259085975, "19": 3.6967547259085975, "20": 3.6967547259085975, "21": 3.6967547259085975, "22": 2.079193043827164, "23": 2.079193043827164, "24": 2.079193043827164, "25": 2.079193043827164, "26": 2.079193043827164, "27": 2.079193043827164, "28": 2.079193043827164, "29": 2.079193043827164, "30": 2.079193043827164, "31": 2.079193043827164, "32": 2.079193043827164, "33": 2.079193043827164, "34": 2.079193043827164, "35": 2.079193043827164, "36": 2.079193043827164, "37": 2.079193043827164, "38": 1.0651745156585264, "39": 1.0651745156585264, "40": 1.0651745156585264, "41": 1.0651745156585264, "42": 1.0651745156585264, "43": 1.0651745156585264, "44": 1.0651745156585264, "45": 1.0651745156585264, "46": 1.0651745156585264, "47": 1.0651745156585264, "48": 1.0651745156585264, "49": 1.0651745156585264, "50": 1.0651745156585264, "51": 1.0651745156585264, "52": 1.0651745156585264, "53": 1.0651745156585264, "54": 1.0651745156585264, "55": 1.0651745156585264, "56": 1.0651745156585264, "57": 1.0651745156585264, "58": 1.0651745156585264, "59": 1.0651745156585264, "60": 1.0651745156585264, "61": 1.0651745156585264, "62": 1.0651745156585264, "63": 1.0651745156585264, "64": 1.0651745156585264, "65": 1.0651745156585264, "66": 1.0651745156585264, "67": 1.0651745156585264, "68": 1.0651745156585264, "69": 1.0651745156585264, "70": 1.0651745156585264, "71": 1.0651745156585264, "72": 1.0651745156585264, "73": 1.0651745156585264, "74": 1.0651745156585264, "75": 1.0651745156585264, "76": 1.0651745156585264, "77": 1.0651745156585264, "78": 1.0651745156585264, "79": 1.0651745156585264, "80": 1.0651745156585264, "81": 1.0651745156585264, "82": 1.0651745156585264, "83": 1.0651745156585264, "84": 1.0651745156585264, "85": 1.0651745156585264, "86": 1.0651745156585264, "87": 1.0651745156585264, "88": 1.0651745156585264, "89": 1.0651745156585264, "90": 1.0651745156585264, "91": 1.0651745156585264, "92": 1.0651745156585264, "93": 1.0651745156585264, "94": 1.0651745156585264, "95": 1.0651745156585264, "96": 1.0651745156585264, "97": 1.0651745156585264, "98": 1.0651745156585264, "99": 1.0651745156585264, "100": 1.0651745156585264}