{"0": 10.443981412578294, "1": 10.443981412578294, "2": 6.758608824293752, "3": 6.758608824293752, "4": 6.758608824293752, "5": 6.758608824293752, "6": 6.758608824293752, "7": 0.5850889906434382, "8": 0.5850889906434382, "9": 0.5850889906434382, "10": 0.5850889906434382, "11": 0.5850889906434382, "12": 0.5850889906434382, "13": 0.5850889906434382, "14": 0.5850889906434382, "15": 0.5850889906434382, "16": 0.5850889906434382, "17": 0.5850889906434382, "18": 0.5850889906434382, "19": 0.5850889906434382, "20": 0.5850889906434382, "21": 0.5850889906434382, "22": 0.5850889906434382, "23": 0.5850889906434382, "24": 0.5850889906434382, "25": 0.5850889906434382, "26": 0.5850889906434382, "27": 0.5850889906434382, "28": 0.5850889906434382, "29": 0.5850889906434382, "30": 0.5850889906434382, "31": 0.5850889906434382, "32": 0.5850889906434382, "33": 0.2700133298450531, "34": 0.2700133298450531, "35": 0.2700133298450531, "36": 0.2700133298450531, "37": 0.2700133298450531, "38": 0.12128930353729217, "39": 0.12128930353729217, "40": 0.12128930353729217, "41": 0.12128930353729217, "42": 0.12128930353729217, "43": 0.12128930353729217, "44": 0.12128930353729217, "45": 0.12128930353729217, "46": 0.12128930353729217, "47": 0.12128930353729217, "48": 0.12128930353729217, "49": 0.12128930353729217, "50": 0.12128930353729217, "51": 0.12128930353729217, "52": 0.12128930353729217, "53": 0.12128930353729217, "54": 0.12128930353729217, "55": 0.12128930353729217, "56": 0.12128930353729217, "57": 0.12128930353729217, "58": 0.12128930353729217, "59": 0.12128930353729217, "60": 0.12128930353729217, "61": 0.12128930353729217, "62": 0.12128930353729217, "63": 0.12128930353729217, "64": 0.12128930353729217, "65": 0.12128930353729217, "66": 0.12128930353729217, "67": 0.12128930353729217, "68": 0.12128930353729217, "69": 0.12128930353729217, "70": 0.12128930353729217, "71": 0.12128930353729217, "72": 0.12128930353729217, "73": 0.12128930353729217, "74": 0.12128930353729217, "75": 0.12128930353729217, "76": 0.12128930353729217, "77": 0.12128930353729217, "78": 0.12128930353729217, "79": 0.12128930353729217, "80": 0.12128930353729217, "81": 0.12128930353729217, "82": 0.12128930353729217, "83": 0.12128930353729217, "84": 0.12128930353729217, "85": 0.12128930353729217, "86": 0.12128930353729217, "87": 0.12128930353729217, "88": 0.12128930353729217, "89": 0.12128930353729217, "90": 0.12128930353729217, "91": 0.12128930353729217, "92": 0.12128930353729217, "93": 0.12128930353729217, "94": 0.12128930353729217, "95": 0.12128930353729217, "96": 0.12128930353729217, "97": 0.12128930353729217, "98": 0.12128930353729217, "99": 0.12128930353729217, "100": 0.12128930353729217}