{"0": 19.469891317458107, "1": 17.976358851031566, "2": 10.085045485696027, "3": 10.085045485696027, "4": 10.085045485696027, "5": 10.085045485696027, "6": 1.831754694988632, "7": 1.831754694988632, "8": 1.831754694988632, "9": 1.831754694988632, "10": 0.9077170014359979, "11": 0.9077170014359979, "12": 0.036779059951005166, "13": 0.036779059951005166, "14": 0.036779059951005166, "15": 0.036779059951005166, "16": 0.036779059951005166, "17": 0.036779059951005166, "18": 0.036779059951005166, "19": 0.036779059951005166, "20": 0.036779059951005166, "21": 0.036779059951005166, "22": 0.036779059951005166, "23": 0.036779059951005166, "24": 0.036779059951005166, "25": 0.036779059951005166, "26": 0.036779059951005166, "27": 0.036779059951005166, "28": 0.036779059951005166, "29": 0.036779059951005166, "30": 0.036779059951005166, "31": 0.036779059951005166, "32": 0.036779059951005166, "33": 0.036779059951005166, "34": 0.036779059951005166, "35": 0.036779059951005166, "36": 0.036779059951005166, "37": 0.036779059951005166, "38": 0.036779059951005166, "39": 0.036779059951005166, "40": 0.036779059951005166, "41": 0.036779059951005166, "42": 0.019345841028432176, "43": 0.019345841028432176, "44": 0.019345841028432176, "45": 0.019345841028432176, "46": 0.019345841028432176, "47": 0.019345841028432176, "48": 0.019345841028432176, "49": 0.019345841028432176, "50": 0.019345841028432176, "51": 0.019345841028432176, "52": 0.019345841028432176, "53": 0.019345841028432176, "54": 0.019345841028432176, "55": 0.019345841028432176, "56": 0.019345841028432176, "57": 0.019345841028432176, "58": 0.019345841028432176, "59": 0.019345841028432176, "60": 0.019345841028432176, "61": 0.019345841028432176, "62": 0.019345841028432176, "63": 0.019345841028432176, "64": 0.019345841028432176, "65": 0.019345841028432176, "66": 0.019345841028432176, "67": 0.019345841028432176, "68": 0.019345841028432176, "69": 0.019345841028432176, "70": 0.019345841028432176, "71": 0.019345841028432176, "72": 0.019345841028432176, "73": 0.019345841028432176, "74": 0.019345841028432176, "75": 0.019345841028432176, "76": 0.019345841028432176, "77": 0.019345841028432176, "78": 0.019345841028432176, "79": 0.019345841028432176, "80": 0.019345841028432176, "81": 0.019345841028432176, "82": 0.019345841028432176, "83": 0.019345841028432176, "84": 0.019345841028432176, "85": 0.019345841028432176, "86": 0.019345841028432176, "87": 0.019345841028432176, "88": 0.019345841028432176, "89": 0.019345841028432176, "90": 0.019345841028432176, "91": 0.019345841028432176, "92": 0.019345841028432176, "93": 0.019345841028432176, "94": 0.019345841028432176, "95": 0.019345841028432176, "96": 0.019345841028432176, "97": 0.019345841028432176, "98": 0.019345841028432176, "99": 0.019345841028432176, "100": 0.019345841028432176}