{"0": 5.569591330854195, "1": 4.018115657263529, "2": 4.018115657263529, "3": 4.018115657263529, "4": 4.018115657263529, "5": 4.018115657263529, "6": 4.018115657263529, "7": 4.018115657263529, "8": 4.018115657263529, "9": 4.018115657263529, "10": 4.018115657263529, "11": 4.018115657263529, "12": 4.018115657263529, "13": 4.018115657263529, "14": 1.9782705925539403, "15": 1.9782705925539403, "16": 1.9782705925539403, "17": 1.9782705925539403, "18": 1.9782705925539403, "19": 1.9782705925539403, "20": 1.9782705925539403, "21": 1.9782705925539403, "22": 1.9782705925539403, "23": 1.9782705925539403, "24": 1.9782705925539403, "25": 1.9782705925539403, "26": 1.9782705925539403, "27": 1.9782705925539403, "28": 1.9782705925539403, "29": 1.9782705925539403, "30": 1.9782705925539403, "31": 1.9782705925539403, "32": 1.9782705925539403, "33": 1.9782705925539403, "34": 1.9782705925539403, "35": 1.9782705925539403, "36": 1.9782705925539403, "37": 1.9782705925539403, "38": 1.9782705925539403, "39": 1.9782705925539403, "40": 1.9782705925539403, "41": 1.9782705925539403, "42": 1.9782705925539403, "43": 1.9782705925539403, "44": 1.9782705925539403, "45": 1.9782705925539403, "46": 1.9782705925539403, "47": 1.9782705925539403, "48": 1.9782705925539403, "49": 1.9782705925539403, "50": 1.9782705925539403, "51": 1.9404914420738564, "52": 1.9404914420738564, "53": 1.9404914420738564, "54": 1.9404914420738564, "55": 1.9404914420738564, "56": 1.9404914420738564, "57": 1.9404914420738564, "58": 1.9404914420738564, "59": 1.9404914420738564, "60": 0.8818753170689106, "61": 0.8818753170689106, "62": 0.8818753170689106, "63": 0.8818753170689106, "64": 0.8818753170689106, "65": 0.8818753170689106, "66": 0.8818753170689106, "67": 0.8818753170689106, "68": 0.8818753170689106, "69": 0.8818753170689106, "70": 0.8818753170689106, "71": 0.8818753170689106, "72": 0.8818753170689106, "73": 0.8818753170689106, "74": 0.8818753170689106, "75": 0.8818753170689106, "76": 0.8818753170689106, "77": 0.8818753170689106, "78": 0.8818753170689106, "79": 0.8818753170689106, "80": 0.8818753170689106, "81": 0.8818753170689106, "82": 0.8818753170689106, "83": 0.8818753170689106, "84": 0.8818753170689106, "85": 0.8818753170689106, "86": 0.8818753170689106, "87": 0.8818753170689106, "88": 0.8818753170689106, "89": 0.8818753170689106, "90": 0.8818753170689106, "91": 0.8818753170689106, "92": 0.8818753170689106, "93": 0.8818753170689106, "94": 0.8818753170689106, "95": 0.8818753170689106, "96": 0.8818753170689106, "97": 0.8818753170689106, "98": 0.8818753170689106, "99": 0.8818753170689106, "100": 0.8818753170689106}