{"0": 21.268438834047245, "1": 1.1233847538971418, "2": 1.1233847538971418, "3": 1.1233847538971418, "4": 1.1233847538971418, "5": 1.1233847538971418, "6": 1.1233847538971418, "7": 1.1233847538971418, "8": 1.1233847538971418, "9": 1.1233847538971418, "10": 1.1233847538971418, "11": 1.1233847538971418, "12": 1.1233847538971418, "13": 1.1233847538971418, "14": 1.0525844886443387, "15": 1.0525844886443387, "16": 1.0525844886443387, "17": 1.0525844886443387, "18": 1.0525844886443387, "19": 1.0525844886443387, "20": 1.0525844886443387, "21": 1.0525844886443387, "22": 1.0427970552043888, "23": 1.0427970552043888, "24": 1.0427970552043888, "25": 1.0427970552043888, "26": 1.0427970552043888, "27": 0.6148611928468704, "28": 0.6148611928468704, "29": 0.6148611928468704, "30": 0.6148611928468704, "31": 0.6148611928468704, "32": 0.6148611928468704, "33": 0.6148611928468704, "34": 0.6148611928468704, "35": 0.6148611928468704, "36": 0.6148611928468704, "37": 0.5411835544926973, "38": 0.5411835544926973, "39": 0.5411835544926973, "40": 0.5411835544926973, "41": 0.5411835544926973, "42": 0.5411835544926973, "43": 0.5411835544926973, "44": 0.5411835544926973, "45": 0.5411835544926973, "46": 0.5411835544926973, "47": 0.5411835544926973, "48": 0.5411835544926973, "49": 0.5411835544926973, "50": 0.5411835544926973, "51": 0.5411835544926973, "52": 0.5411835544926973, "53": 0.5411835544926973, "54": 0.5411835544926973, "55": 0.5411835544926973, "56": 0.5411835544926973, "57": 0.5411835544926973, "58": 0.5411835544926973, "59": 0.5411835544926973, "60": 0.5411835544926973, "61": 0.5411835544926973, "62": 0.5411835544926973, "63": 0.5411835544926973, "64": 0.5411835544926973, "65": 0.5411835544926973, "66": 0.5411835544926973, "67": 0.5411835544926973, "68": 0.5411835544926973, "69": 0.5411835544926973, "70": 0.5411835544926973, "71": 0.06667886146983903, "72": 0.06667886146983903, "73": 0.06667886146983903, "74": 0.06667886146983903, "75": 0.06667886146983903, "76": 0.06667886146983903, "77": 0.06667886146983903, "78": 0.06667886146983903, "79": 0.06667886146983903, "80": 0.06667886146983903, "81": 0.06667886146983903, "82": 0.06667886146983903, "83": 0.06667886146983903, "84": 0.06667886146983903, "85": 0.06667886146983903, "86": 0.06667886146983903, "87": 0.06667886146983903, "88": 0.06667886146983903, "89": 0.06667886146983903, "90": 0.06667886146983903, "91": 0.06667886146983903, "92": 0.06667886146983903, "93": 0.06667886146983903, "94": 0.06667886146983903, "95": 0.06667886146983903, "96": 0.06667886146983903, "97": 0.06667886146983903, "98": 0.06667886146983903, "99": 0.06667886146983903, "100": 0.06667886146983903}