{"0": 25.515545506501482, "1": 24.6762549932987, "2": 10.222762507089552, "3": 10.222762507089552, "4": 10.222762507089552, "5": 8.06718914697584, "6": 8.06718914697584, "7": 8.06718914697584, "8": 8.06718914697584, "9": 8.06718914697584, "10": 8.06718914697584, "11": 8.06718914697584, "12": 6.024351436272685, "13": 6.024351436272685, "14": 4.734006064397693, "15": 4.734006064397693, "16": 4.734006064397693, "17": 4.734006064397693, "18": 4.734006064397693, "19": 4.734006064397693, "20": 4.734006064397693, "21": 4.734006064397693, "22": 4.34018770715457, "23": 2.0856764441562774, "24": 1.3366058762585062, "25": 1.3366058762585062, "26": 1.0263728588142058, "27": 1.0263728588142058, "28": 1.0263728588142058, "29": 1.0263728588142058, "30": 1.0263728588142058, "31": 1.0263728588142058, "32": 1.0263728588142058, "33": 1.0263728588142058, "34": 1.0263728588142058, "35": 1.0263728588142058, "36": 1.0263728588142058, "37": 1.0263728588142058, "38": 1.0263728588142058, "39": 1.0263728588142058, "40": 1.0263728588142058, "41": 1.0263728588142058, "42": 1.0263728588142058, "43": 1.0263728588142058, "44": 1.0263728588142058, "45": 1.0263728588142058, "46": 1.0263728588142058, "47": 1.0263728588142058, "48": 1.0263728588142058, "49": 1.0263728588142058, "50": 1.0263728588142058, "51": 1.0263728588142058, "52": 1.0263728588142058, "53": 1.0263728588142058, "54": 1.0263728588142058, "55": 1.0263728588142058, "56": 1.0263728588142058, "57": 1.0263728588142058, "58": 1.0263728588142058, "59": 1.0263728588142058, "60": 1.0263728588142058, "61": 1.0263728588142058, "62": 1.0263728588142058, "63": 1.0263728588142058, "64": 1.0263728588142058, "65": 1.0263728588142058, "66": 1.0263728588142058, "67": 1.0263728588142058, "68": 1.0263728588142058, "69": 1.0263728588142058, "70": 1.0263728588142058, "71": 1.0263728588142058, "72": 1.0263728588142058, "73": 1.0263728588142058, "74": 1.0263728588142058, "75": 1.0263728588142058, "76": 1.0263728588142058, "77": 1.0263728588142058, "78": 1.0263728588142058, "79": 1.0263728588142058, "80": 1.0263728588142058, "81": 1.0263728588142058, "82": 1.0263728588142058, "83": 1.0263728588142058, "84": 1.0263728588142058, "85": 1.0263728588142058, "86": 1.0263728588142058, "87": 1.0263728588142058, "88": 1.0263728588142058, "89": 1.0263728588142058, "90": 1.0263728588142058, "91": 1.0263728588142058, "92": 1.0263728588142058, "93": 1.0263728588142058, "94": 1.0263728588142058, "95": 1.0263728588142058, "96": 1.0263728588142058, "97": 1.0263728588142058, "98": 1.0263728588142058, "99": 1.0263728588142058, "100": 1.0263728588142058}