{"0": 13.012650430355377, "1": 12.738897762172416, "2": 12.738897762172416, "3": 12.738897762172416, "4": 12.738897762172416, "5": 10.460837955373277, "6": 10.460837955373277, "7": 10.460837955373277, "8": 10.460837955373277, "9": 10.460837955373277, "10": 10.460837955373277, "11": 10.460837955373277, "12": 10.460837955373277, "13": 10.460837955373277, "14": 10.460837955373277, "15": 10.460837955373277, "16": 10.460837955373277, "17": 1.6877422582292532, "18": 1.6877422582292532, "19": 1.6877422582292532, "20": 1.6877422582292532, "21": 1.6877422582292532, "22": 1.6877422582292532, "23": 1.6877422582292532, "24": 1.6877422582292532, "25": 1.6877422582292532, "26": 1.6877422582292532, "27": 1.315674823804926, "28": 1.315674823804926, "29": 1.315674823804926, "30": 1.315674823804926, "31": 1.315674823804926, "32": 1.315674823804926, "33": 1.315674823804926, "34": 1.315674823804926, "35": 1.315674823804926, "36": 1.315674823804926, "37": 1.315674823804926, "38": 1.2319097908504233, "39": 1.2319097908504233, "40": 1.2319097908504233, "41": 1.2319097908504233, "42": 1.2319097908504233, "43": 1.2319097908504233, "44": 1.2319097908504233, "45": 1.2319097908504233, "46": 1.2319097908504233, "47": 1.2319097908504233, "48": 1.2319097908504233, "49": 1.2319097908504233, "50": 1.2319097908504233, "51": 1.2319097908504233, "52": 1.2319097908504233, "53": 1.2319097908504233, "54": 1.2319097908504233, "55": 1.2319097908504233, "56": 1.2319097908504233, "57": 1.2319097908504233, "58": 1.2319097908504233, "59": 1.2319097908504233, "60": 1.2319097908504233, "61": 1.2319097908504233, "62": 1.2319097908504233, "63": 1.2319097908504233, "64": 1.2319097908504233, "65": 1.2319097908504233, "66": 1.2319097908504233, "67": 1.2319097908504233, "68": 1.2319097908504233, "69": 1.2319097908504233, "70": 1.2319097908504233, "71": 1.2319097908504233, "72": 1.2319097908504233, "73": 1.2319097908504233, "74": 1.2319097908504233, "75": 1.2319097908504233, "76": 1.2319097908504233, "77": 1.2319097908504233, "78": 1.2319097908504233, "79": 1.2319097908504233, "80": 1.2319097908504233, "81": 1.2319097908504233, "82": 1.2319097908504233, "83": 1.2319097908504233, "84": 1.2319097908504233, "85": 1.2319097908504233, "86": 1.2319097908504233, "87": 1.2319097908504233, "88": 1.2319097908504233, "89": 1.2319097908504233, "90": 1.2319097908504233, "91": 1.2319097908504233, "92": 1.2319097908504233, "93": 1.2319097908504233, "94": 1.2319097908504233, "95": 1.2319097908504233, "96": 1.2319097908504233, "97": 1.2319097908504233, "98": 1.2319097908504233, "99": 1.2319097908504233, "100": 1.2319097908504233}