{"0": 2.817461273649748, "1": 2.817461273649748, "2": 2.817461273649748, "3": 2.817461273649748, "4": 2.817461273649748, "5": 2.817461273649748, "6": 2.817461273649748, "7": 2.817461273649748, "8": 2.817461273649748, "9": 2.817461273649748, "10": 2.817461273649748, "11": 2.1544103275423723, "12": 2.1544103275423723, "13": 2.1544103275423723, "14": 2.1544103275423723, "15": 2.1544103275423723, "16": 2.1544103275423723, "17": 1.093939877819622, "18": 1.093939877819622, "19": 1.093939877819622, "20": 1.093939877819622, "21": 1.093939877819622, "22": 1.093939877819622, "23": 1.093939877819622, "24": 1.093939877819622, "25": 1.093939877819622, "26": 1.093939877819622, "27": 1.093939877819622, "28": 1.093939877819622, "29": 1.093939877819622, "30": 1.093939877819622, "31": 1.093939877819622, "32": 1.093939877819622, "33": 1.093939877819622, "34": 1.093939877819622, "35": 1.093939877819622, "36": 1.093939877819622, "37": 1.093939877819622, "38": 1.093939877819622, "39": 1.093939877819622, "40": 1.093939877819622, "41": 1.093939877819622, "42": 1.093939877819622, "43": 1.093939877819622, "44": 1.093939877819622, "45": 1.093939877819622, "46": 1.093939877819622, "47": 1.093939877819622, "48": 1.093939877819622, "49": 1.093939877819622, "50": 1.093939877819622, "51": 1.093939877819622, "52": 1.093939877819622, "53": 1.093939877819622, "54": 1.093939877819622, "55": 1.093939877819622, "56": 1.093939877819622, "57": 1.093939877819622, "58": 1.093939877819622, "59": 1.093939877819622, "60": 1.093939877819622, "61": 1.093939877819622, "62": 1.093939877819622, "63": 1.093939877819622, "64": 1.093939877819622, "65": 1.093939877819622, "66": 1.093939877819622, "67": 1.093939877819622, "68": 1.093939877819622, "69": 1.093939877819622, "70": 1.093939877819622, "71": 1.093939877819622, "72": 1.093939877819622, "73": 1.093939877819622, "74": 1.093939877819622, "75": 1.093939877819622, "76": 1.093939877819622, "77": 1.093939877819622, "78": 1.093939877819622, "79": 1.093939877819622, "80": 1.093939877819622, "81": 1.093939877819622, "82": 1.093939877819622, "83": 1.093939877819622, "84": 1.093939877819622, "85": 1.093939877819622, "86": 1.093939877819622, "87": 1.093939877819622, "88": 1.093939877819622, "89": 1.093939877819622, "90": 1.093939877819622, "91": 1.093939877819622, "92": 1.093939877819622, "93": 1.093939877819622, "94": 1.093939877819622, "95": 1.093939877819622, "96": 1.093939877819622, "97": 1.093939877819622, "98": 1.093939877819622, "99": 1.093939877819622, "100": 1.093939877819622}