{"0": 22.36397770030489, "1": 22.36397770030489, "2": 2.2197481103096237, "3": 2.2197481103096237, "4": 2.2197481103096237, "5": 2.2197481103096237, "6": 2.2197481103096237, "7": 2.2197481103096237, "8": 2.2197481103096237, "9": 2.2197481103096237, "10": 2.2197481103096237, "11": 1.1509779179447648, "12": 1.1509779179447648, "13": 1.1509779179447648, "14": 1.1509779179447648, "15": 1.1509779179447648, "16": 1.1509779179447648, "17": 1.1509779179447648, "18": 1.1509779179447648, "19": 0.8893094582344219, "20": 0.8893094582344219, "21": 0.8893094582344219, "22": 0.8893094582344219, "23": 0.8893094582344219, "24": 0.8893094582344219, "25": 0.8893094582344219, "26": 0.8893094582344219, "27": 0.8893094582344219, "28": 0.8893094582344219, "29": 0.8893094582344219, "30": 0.8893094582344219, "31": 0.8893094582344219, "32": 0.8893094582344219, "33": 0.8893094582344219, "34": 0.8893094582344219, "35": 0.8893094582344219, "36": 0.8893094582344219, "37": 0.8893094582344219, "38": 0.8893094582344219, "39": 0.8893094582344219, "40": 0.8893094582344219, "41": 0.8893094582344219, "42": 0.8893094582344219, "43": 0.8893094582344219, "44": 0.8893094582344219, "45": 0.8893094582344219, "46": 0.8893094582344219, "47": 0.8893094582344219, "48": 0.8893094582344219, "49": 0.8893094582344219, "50": 0.8893094582344219, "51": 0.8893094582344219, "52": 0.8893094582344219, "53": 0.8893094582344219, "54": 0.8893094582344219, "55": 0.8893094582344219, "56": 0.8893094582344219, "57": 0.8893094582344219, "58": 0.8893094582344219, "59": 0.8893094582344219, "60": 0.8893094582344219, "61": 0.8893094582344219, "62": 0.8893094582344219, "63": 0.8893094582344219, "64": 0.8893094582344219, "65": 0.8893094582344219, "66": 0.8893094582344219, "67": 0.8893094582344219, "68": 0.8893094582344219, "69": 0.8893094582344219, "70": 0.8893094582344219, "71": 0.8893094582344219, "72": 0.8893094582344219, "73": 0.8893094582344219, "74": 0.8893094582344219, "75": 0.8893094582344219, "76": 0.8893094582344219, "77": 0.8893094582344219, "78": 0.8893094582344219, "79": 0.8893094582344219, "80": 0.8893094582344219, "81": 0.8893094582344219, "82": 0.8893094582344219, "83": 0.8893094582344219, "84": 0.8893094582344219, "85": 0.8893094582344219, "86": 0.8893094582344219, "87": 0.8893094582344219, "88": 0.8893094582344219, "89": 0.8893094582344219, "90": 0.8893094582344219, "91": 0.8893094582344219, "92": 0.8893094582344219, "93": 0.8893094582344219, "94": 0.8893094582344219, "95": 0.8893094582344219, "96": 0.8893094582344219, "97": 0.8893094582344219, "98": 0.8893094582344219, "99": 0.8893094582344219, "100": 0.521143997337191}