{"0": 17.835041443739872, "1": 17.835041443739872, "2": 17.835041443739872, "3": 9.021020638863334, "4": 4.0774793263302875, "5": 4.0774793263302875, "6": 4.0774793263302875, "7": 4.0774793263302875, "8": 4.0774793263302875, "9": 4.0774793263302875, "10": 1.092066352006892, "11": 1.092066352006892, "12": 1.092066352006892, "13": 1.092066352006892, "14": 1.092066352006892, "15": 1.092066352006892, "16": 1.092066352006892, "17": 1.092066352006892, "18": 0.056367301572521455, "19": 0.056367301572521455, "20": 0.056367301572521455, "21": 0.056367301572521455, "22": 0.056367301572521455, "23": 0.056367301572521455, "24": 0.056367301572521455, "25": 0.056367301572521455, "26": 0.056367301572521455, "27": 0.056367301572521455, "28": 0.056367301572521455, "29": 0.056367301572521455, "30": 0.056367301572521455, "31": 0.056367301572521455, "32": 0.056367301572521455, "33": 0.056367301572521455, "34": 0.056367301572521455, "35": 0.056367301572521455, "36": 0.056367301572521455, "37": 0.056367301572521455, "38": 0.056367301572521455, "39": 0.056367301572521455, "40": 0.056367301572521455, "41": 0.056367301572521455, "42": 0.056367301572521455, "43": 0.056367301572521455, "44": 0.056367301572521455, "45": 0.056367301572521455, "46": 0.056367301572521455, "47": 0.056367301572521455, "48": 0.056367301572521455, "49": 0.056367301572521455, "50": 0.056367301572521455, "51": 0.056367301572521455, "52": 0.056367301572521455, "53": 0.056367301572521455, "54": 0.056367301572521455, "55": 0.056367301572521455, "56": 0.056367301572521455, "57": 0.056367301572521455, "58": 0.056367301572521455, "59": 0.056367301572521455, "60": 0.056367301572521455, "61": 0.056367301572521455, "62": 0.056367301572521455, "63": 0.056367301572521455, "64": 0.056367301572521455, "65": 0.056367301572521455, "66": 0.056367301572521455, "67": 0.056367301572521455, "68": 0.056367301572521455, "69": 0.056367301572521455, "70": 0.056367301572521455, "71": 0.056367301572521455, "72": 0.056367301572521455, "73": 0.056367301572521455, "74": 0.056367301572521455, "75": 0.056367301572521455, "76": 0.056367301572521455, "77": 0.056367301572521455, "78": 0.056367301572521455, "79": 0.056367301572521455, "80": 0.056367301572521455, "81": 0.056367301572521455, "82": 0.056367301572521455, "83": 0.056367301572521455, "84": 0.056367301572521455, "85": 0.056367301572521455, "86": 0.056367301572521455, "87": 0.056367301572521455, "88": 0.056367301572521455, "89": 0.056367301572521455, "90": 0.056367301572521455, "91": 0.056367301572521455, "92": 0.056367301572521455, "93": 0.056367301572521455, "94": 0.056367301572521455, "95": 0.056367301572521455, "96": 0.056367301572521455, "97": 0.056367301572521455, "98": 0.056367301572521455, "99": 0.056367301572521455, "100": 0.056367301572521455}