{"0": 20.100001478177134, "1": 20.100001478177134, "2": 20.100001478177134, "3": 9.348948059934159, "4": 9.348948059934159, "5": 9.348948059934159, "6": 9.348948059934159, "7": 4.162774716960312, "8": 4.162774716960312, "9": 4.162774716960312, "10": 4.043377531864692, "11": 4.043377531864692, "12": 4.043377531864692, "13": 4.043377531864692, "14": 4.043377531864692, "15": 2.1012755264912357, "16": 1.8323880969896322, "17": 1.8323880969896322, "18": 1.8323880969896322, "19": 1.8323880969896322, "20": 1.8323880969896322, "21": 1.8323880969896322, "22": 1.8323880969896322, "23": 1.509400036976249, "24": 1.509400036976249, "25": 1.509400036976249, "26": 1.509400036976249, "27": 1.509400036976249, "28": 1.509400036976249, "29": 1.509400036976249, "30": 1.509400036976249, "31": 1.509400036976249, "32": 1.509400036976249, "33": 1.509400036976249, "34": 1.4332004229734459, "35": 1.4332004229734459, "36": 1.286241328131002, "37": 1.286241328131002, "38": 1.286241328131002, "39": 1.286241328131002, "40": 1.286241328131002, "41": 1.286241328131002, "42": 1.286241328131002, "43": 1.286241328131002, "44": 1.286241328131002, "45": 1.286241328131002, "46": 1.286241328131002, "47": 1.286241328131002, "48": 1.286241328131002, "49": 1.286241328131002, "50": 1.286241328131002, "51": 1.286241328131002, "52": 1.286241328131002, "53": 1.286241328131002, "54": 1.286241328131002, "55": 1.286241328131002, "56": 1.286241328131002, "57": 1.286241328131002, "58": 1.286241328131002, "59": 1.286241328131002, "60": 1.286241328131002, "61": 0.0708513630360521, "62": 0.0708513630360521, "63": 0.0708513630360521, "64": 0.0708513630360521, "65": 0.0708513630360521, "66": 0.0708513630360521, "67": 0.0708513630360521, "68": 0.0708513630360521, "69": 0.0708513630360521, "70": 0.0708513630360521, "71": 0.0708513630360521, "72": 0.0708513630360521, "73": 0.0708513630360521, "74": 0.0708513630360521, "75": 0.0708513630360521, "76": 0.0708513630360521, "77": 0.0708513630360521, "78": 0.0708513630360521, "79": 0.0708513630360521, "80": 0.0708513630360521, "81": 0.0708513630360521, "82": 0.0708513630360521, "83": 0.0708513630360521, "84": 0.0708513630360521, "85": 0.0708513630360521, "86": 0.0708513630360521, "87": 0.0708513630360521, "88": 0.0708513630360521, "89": 0.0708513630360521, "90": 0.0708513630360521, "91": 0.0708513630360521, "92": 0.0708513630360521, "93": 0.0708513630360521, "94": 0.0708513630360521, "95": 0.0708513630360521, "96": 0.0708513630360521, "97": 0.0708513630360521, "98": 0.0708513630360521, "99": 0.0708513630360521, "100": 0.0708513630360521}