{"0": 7.701656615761035, "1": 7.701656615761035, "2": 7.701656615761035, "3": 7.701656615761035, "4": 5.8478857370141135, "5": 5.8478857370141135, "6": 5.8478857370141135, "7": 5.8478857370141135, "8": 5.8478857370141135, "9": 5.8478857370141135, "10": 2.4200830606783263, "11": 2.4200830606783263, "12": 2.3660774855632987, "13": 2.3660774855632987, "14": 2.3660774855632987, "15": 2.3660774855632987, "16": 2.3660774855632987, "17": 2.3660774855632987, "18": 2.3660774855632987, "19": 2.3660774855632987, "20": 2.3660774855632987, "21": 2.3660774855632987, "22": 2.3660774855632987, "23": 2.3660774855632987, "24": 2.3660774855632987, "25": 2.3660774855632987, "26": 2.3660774855632987, "27": 2.3660774855632987, "28": 2.3660774855632987, "29": 2.3660774855632987, "30": 2.3660774855632987, "31": 2.3660774855632987, "32": 2.3660774855632987, "33": 1.9026858916039728, "34": 1.9026858916039728, "35": 1.9026858916039728, "36": 1.9026858916039728, "37": 1.9026858916039728, "38": 1.9026858916039728, "39": 1.9026858916039728, "40": 1.9026858916039728, "41": 1.9026858916039728, "42": 1.9026858916039728, "43": 1.9026858916039728, "44": 1.9026858916039728, "45": 1.9026858916039728, "46": 1.9026858916039728, "47": 1.9026858916039728, "48": 1.9026858916039728, "49": 1.9026858916039728, "50": 1.9026858916039728, "51": 1.9026858916039728, "52": 1.9026858916039728, "53": 1.9026858916039728, "54": 1.9026858916039728, "55": 1.9026858916039728, "56": 1.9026858916039728, "57": 1.9026858916039728, "58": 1.9026858916039728, "59": 1.9026858916039728, "60": 1.9026858916039728, "61": 1.9026858916039728, "62": 1.9026858916039728, "63": 1.9026858916039728, "64": 1.9026858916039728, "65": 1.9026858916039728, "66": 1.9026858916039728, "67": 1.9026858916039728, "68": 1.9026858916039728, "69": 1.9026858916039728, "70": 1.9026858916039728, "71": 1.9026858916039728, "72": 1.9026858916039728, "73": 1.9026858916039728, "74": 1.9026858916039728, "75": 1.9026858916039728, "76": 1.9026858916039728, "77": 1.9026858916039728, "78": 1.9026858916039728, "79": 1.9026858916039728, "80": 1.9026858916039728, "81": 1.9026858916039728, "82": 1.9026858916039728, "83": 1.3506626930228265, "84": 1.3506626930228265, "85": 1.3506626930228265, "86": 1.3506626930228265, "87": 1.3506626930228265, "88": 1.3506626930228265, "89": 1.3506626930228265, "90": 1.3506626930228265, "91": 1.3506626930228265, "92": 1.3506626930228265, "93": 1.3506626930228265, "94": 1.3506626930228265, "95": 1.3506626930228265, "96": 1.3506626930228265, "97": 1.3506626930228265, "98": 1.3506626930228265, "99": 1.3506626930228265, "100": 1.3506626930228265}