{"0": 9.245879585442964, "1": 9.245879585442964, "2": 8.450386982412175, "3": 6.94891533514344, "4": 6.94891533514344, "5": 6.94891533514344, "6": 6.94891533514344, "7": 6.805650571914484, "8": 5.405098203783037, "9": 5.405098203783037, "10": 5.405098203783037, "11": 5.405098203783037, "12": 5.405098203783037, "13": 3.6257791052418433, "14": 3.6257791052418433, "15": 3.6257791052418433, "16": 3.6257791052418433, "17": 3.6257791052418433, "18": 3.6257791052418433, "19": 3.291495531266765, "20": 3.291495531266765, "21": 3.291495531266765, "22": 3.291495531266765, "23": 3.291495531266765, "24": 3.291495531266765, "25": 3.291495531266765, "26": 0.4459104274714889, "27": 0.4459104274714889, "28": 0.4459104274714889, "29": 0.4459104274714889, "30": 0.4459104274714889, "31": 0.4459104274714889, "32": 0.4459104274714889, "33": 0.4459104274714889, "34": 0.4459104274714889, "35": 0.4459104274714889, "36": 0.4459104274714889, "37": 0.4459104274714889, "38": 0.4459104274714889, "39": 0.4459104274714889, "40": 0.4459104274714889, "41": 0.4459104274714889, "42": 0.4459104274714889, "43": 0.4459104274714889, "44": 0.4459104274714889, "45": 0.4459104274714889, "46": 0.4459104274714889, "47": 0.4459104274714889, "48": 0.4459104274714889, "49": 0.4459104274714889, "50": 0.4459104274714889, "51": 0.4459104274714889, "52": 0.4459104274714889, "53": 0.4459104274714889, "54": 0.4459104274714889, "55": 0.4459104274714889, "56": 0.4459104274714889, "57": 0.4459104274714889, "58": 0.4459104274714889, "59": 0.4459104274714889, "60": 0.4459104274714889, "61": 0.4459104274714889, "62": 0.4459104274714889, "63": 0.4459104274714889, "64": 0.4459104274714889, "65": 0.4459104274714889, "66": 0.4459104274714889, "67": 0.4459104274714889, "68": 0.4459104274714889, "69": 0.4459104274714889, "70": 0.4459104274714889, "71": 0.4459104274714889, "72": 0.4459104274714889, "73": 0.4459104274714889, "74": 0.4459104274714889, "75": 0.4459104274714889, "76": 0.4459104274714889, "77": 0.4459104274714889, "78": 0.4459104274714889, "79": 0.4459104274714889, "80": 0.4459104274714889, "81": 0.4459104274714889, "82": 0.4459104274714889, "83": 0.4459104274714889, "84": 0.4459104274714889, "85": 0.4459104274714889, "86": 0.4459104274714889, "87": 0.4459104274714889, "88": 0.4459104274714889, "89": 0.4459104274714889, "90": 0.4459104274714889, "91": 0.4459104274714889, "92": 0.4459104274714889, "93": 0.4459104274714889, "94": 0.4459104274714889, "95": 0.4459104274714889, "96": 0.4459104274714889, "97": 0.4459104274714889, "98": 0.4459104274714889, "99": 0.4459104274714889, "100": 0.4459104274714889}