{"0": 9.813019790586786, "1": 9.813019790586786, "2": 8.421677556463578, "3": 8.421677556463578, "4": 8.421677556463578, "5": 8.421677556463578, "6": 8.421677556463578, "7": 8.421677556463578, "8": 8.421677556463578, "9": 8.421677556463578, "10": 8.421677556463578, "11": 8.421677556463578, "12": 8.421677556463578, "13": 8.421677556463578, "14": 6.31608276560574, "15": 6.31608276560574, "16": 6.31608276560574, "17": 6.31608276560574, "18": 6.31608276560574, "19": 6.31608276560574, "20": 6.31608276560574, "21": 5.4260941016465125, "22": 3.807167595339095, "23": 3.807167595339095, "24": 3.807167595339095, "25": 3.807167595339095, "26": 3.807167595339095, "27": 3.807167595339095, "28": 3.807167595339095, "29": 3.807167595339095, "30": 3.807167595339095, "31": 3.807167595339095, "32": 3.807167595339095, "33": 3.674580327183417, "34": 3.674580327183417, "35": 3.674580327183417, "36": 3.674580327183417, "37": 3.674580327183417, "38": 3.674580327183417, "39": 3.674580327183417, "40": 3.674580327183417, "41": 3.674580327183417, "42": 3.674580327183417, "43": 3.674580327183417, "44": 3.674580327183417, "45": 3.674580327183417, "46": 3.674580327183417, "47": 3.674580327183417, "48": 3.674580327183417, "49": 3.674580327183417, "50": 3.674580327183417, "51": 3.674580327183417, "52": 3.674580327183417, "53": 3.3625682287944088, "54": 3.3625682287944088, "55": 3.3625682287944088, "56": 3.3625682287944088, "57": 3.3625682287944088, "58": 3.3625682287944088, "59": 3.3625682287944088, "60": 3.3625682287944088, "61": 3.3625682287944088, "62": 3.3625682287944088, "63": 3.3625682287944088, "64": 3.3625682287944088, "65": 3.3625682287944088, "66": 3.3625682287944088, "67": 3.3625682287944088, "68": 3.3625682287944088, "69": 3.3625682287944088, "70": 3.3625682287944088, "71": 3.3625682287944088, "72": 3.3625682287944088, "73": 3.3625682287944088, "74": 3.3625682287944088, "75": 3.3625682287944088, "76": 3.3625682287944088, "77": 3.3625682287944088, "78": 3.3625682287944088, "79": 3.3625682287944088, "80": 3.3625682287944088, "81": 3.3625682287944088, "82": 3.3625682287944088, "83": 3.3625682287944088, "84": 3.3625682287944088, "85": 3.3625682287944088, "86": 3.3625682287944088, "87": 3.3625682287944088, "88": 3.3625682287944088, "89": 3.3625682287944088, "90": 3.3625682287944088, "91": 3.3625682287944088, "92": 3.3625682287944088, "93": 3.3625682287944088, "94": 3.3625682287944088, "95": 3.3625682287944088, "96": 3.3625682287944088, "97": 3.3625682287944088, "98": 3.3625682287944088, "99": 3.3625682287944088, "100": 3.3625682287944088}