{"0": 10.177727967137379, "1": 10.177727967137379, "2": 10.177727967137379, "3": 10.177727967137379, "4": 7.680269101021645, "5": 7.680269101021645, "6": 7.680269101021645, "7": 6.477931394830154, "8": 6.477931394830154, "9": 5.546001382108564, "10": 5.546001382108564, "11": 5.546001382108564, "12": 5.546001382108564, "13": 5.546001382108564, "14": 5.546001382108564, "15": 5.040441118802979, "16": 3.440769659833567, "17": 3.440769659833567, "18": 3.440769659833567, "19": 3.440769659833567, "20": 3.440769659833567, "21": 3.440769659833567, "22": 3.440769659833567, "23": 3.440769659833567, "24": 3.440769659833567, "25": 3.440769659833567, "26": 3.440769659833567, "27": 3.440769659833567, "28": 3.440769659833567, "29": 3.440769659833567, "30": 3.440769659833567, "31": 3.440769659833567, "32": 3.440769659833567, "33": 3.440769659833567, "34": 3.440769659833567, "35": 3.440769659833567, "36": 3.440769659833567, "37": 2.9313224196352543, "38": 2.9313224196352543, "39": 2.9313224196352543, "40": 2.9313224196352543, "41": 2.9313224196352543, "42": 2.9313224196352543, "43": 2.9313224196352543, "44": 2.9313224196352543, "45": 2.9313224196352543, "46": 2.9313224196352543, "47": 2.9313224196352543, "48": 2.9313224196352543, "49": 2.7213905037957673, "50": 2.7213905037957673, "51": 2.7213905037957673, "52": 2.7213905037957673, "53": 2.7213905037957673, "54": 2.7213905037957673, "55": 2.7213905037957673, "56": 2.7213905037957673, "57": 2.498353718078967, "58": 2.498353718078967, "59": 2.498353718078967, "60": 2.498353718078967, "61": 2.498353718078967, "62": 2.498353718078967, "63": 2.498353718078967, "64": 2.498353718078967, "65": 2.498353718078967, "66": 2.498353718078967, "67": 2.498353718078967, "68": 2.498353718078967, "69": 1.1559981547865519, "70": 1.1559981547865519, "71": 1.1559981547865519, "72": 1.1559981547865519, "73": 1.1559981547865519, "74": 1.1559981547865519, "75": 1.1559981547865519, "76": 1.1559981547865519, "77": 1.1559981547865519, "78": 1.1559981547865519, "79": 1.1559981547865519, "80": 1.1559981547865519, "81": 1.1559981547865519, "82": 1.1559981547865519, "83": 1.1559981547865519, "84": 1.1559981547865519, "85": 1.1559981547865519, "86": 1.1559981547865519, "87": 1.1559981547865519, "88": 1.1559981547865519, "89": 1.1559981547865519, "90": 1.1559981547865519, "91": 1.1559981547865519, "92": 1.1559981547865519, "93": 1.1559981547865519, "94": 1.1559981547865519, "95": 1.1559981547865519, "96": 1.1559981547865519, "97": 1.1559981547865519, "98": 1.1559981547865519, "99": 1.1559981547865519, "100": 1.1559981547865519}