{"0": 1.2883810271932354, "1": 1.2883810271932354, "2": 1.2883810271932354, "3": 1.0913169980847606, "4": 1.0913169980847606, "5": 1.0913169980847606, "6": 1.0913169980847606, "7": 1.0913169980847606, "8": 1.0913169980847606, "9": 1.0913169980847606, "10": 1.0913169980847606, "11": 1.0443647583685411, "12": 1.0443647583685411, "13": 1.0443647583685411, "14": 0.4653104379652433, "15": 0.4653104379652433, "16": 0.4653104379652433, "17": 0.4653104379652433, "18": 0.4653104379652433, "19": 0.4653104379652433, "20": 0.4653104379652433, "21": 0.4653104379652433, "22": 0.4653104379652433, "23": 0.2078353656352121, "24": 0.2078353656352121, "25": 0.2078353656352121, "26": 0.2078353656352121, "27": 0.2078353656352121, "28": 0.2078353656352121, "29": 0.2078353656352121, "30": 0.2078353656352121, "31": 0.2078353656352121, "32": 0.2078353656352121, "33": 0.01800388903178174, "34": 0.01800388903178174, "35": 0.01800388903178174, "36": 0.01800388903178174, "37": 0.01800388903178174, "38": 0.01800388903178174, "39": 0.01800388903178174, "40": 0.01800388903178174, "41": 0.01800388903178174, "42": 0.01800388903178174, "43": 0.01800388903178174, "44": 0.01800388903178174, "45": 0.01800388903178174, "46": 0.01800388903178174, "47": 0.01800388903178174, "48": 0.01800388903178174, "49": 0.01800388903178174, "50": 0.01800388903178174, "51": 0.01800388903178174, "52": 0.01800388903178174, "53": 0.01800388903178174, "54": 0.01800388903178174, "55": 0.01800388903178174, "56": 0.01800388903178174, "57": 0.01800388903178174, "58": 0.01800388903178174, "59": 0.01800388903178174, "60": 0.01800388903178174, "61": 0.01800388903178174, "62": 0.01800388903178174, "63": 0.01800388903178174, "64": 0.01800388903178174, "65": 0.01800388903178174, "66": 0.01800388903178174, "67": 0.01800388903178174, "68": 0.01800388903178174, "69": 0.01800388903178174, "70": 0.01800388903178174, "71": 0.01800388903178174, "72": 0.01800388903178174, "73": 0.01800388903178174, "74": 0.01800388903178174, "75": 0.01800388903178174, "76": 0.01800388903178174, "77": 0.01800388903178174, "78": 0.01800388903178174, "79": 0.01800388903178174, "80": 0.01800388903178174, "81": 0.01800388903178174, "82": 0.01800388903178174, "83": 0.01800388903178174, "84": 0.01800388903178174, "85": 0.01800388903178174, "86": 0.01800388903178174, "87": 0.01800388903178174, "88": 0.01800388903178174, "89": 0.01800388903178174, "90": 0.01800388903178174, "91": 0.01800388903178174, "92": 0.01800388903178174, "93": 0.01800388903178174, "94": 0.01800388903178174, "95": 0.01800388903178174, "96": 0.01800388903178174, "97": 0.01800388903178174, "98": 0.01800388903178174, "99": 0.01800388903178174, "100": 0.01800388903178174}