{"0": 31.530300347096258, "1": 31.530300347096258, "2": 17.56029347376417, "3": 17.044569451286343, "4": 9.680984877257865, "5": 9.680984877257865, "6": 9.680984877257865, "7": 3.8131039206870128, "8": 3.8131039206870128, "9": 3.8131039206870128, "10": 3.8131039206870128, "11": 3.8131039206870128, "12": 3.8131039206870128, "13": 3.8131039206870128, "14": 3.8131039206870128, "15": 3.64172276608047, "16": 2.7161627681605722, "17": 2.7161627681605722, "18": 2.7161627681605722, "19": 1.5142872905790412, "20": 1.5142872905790412, "21": 1.5142872905790412, "22": 1.2721539570911204, "23": 1.2721539570911204, "24": 1.2721539570911204, "25": 1.2721539570911204, "26": 1.2721539570911204, "27": 1.2721539570911204, "28": 1.2721539570911204, "29": 1.2721539570911204, "30": 1.2721539570911204, "31": 1.2721539570911204, "32": 1.2721539570911204, "33": 1.2721539570911204, "34": 1.2721539570911204, "35": 1.2721539570911204, "36": 1.2721539570911204, "37": 1.2721539570911204, "38": 1.2721539570911204, "39": 1.2721539570911204, "40": 1.2721539570911204, "41": 1.2721539570911204, "42": 1.2721539570911204, "43": 1.2721539570911204, "44": 0.7611969821372746, "45": 0.7611969821372746, "46": 0.7611969821372746, "47": 0.7611969821372746, "48": 0.7611969821372746, "49": 0.7611969821372746, "50": 0.7611969821372746, "51": 0.7611969821372746, "52": 0.7611969821372746, "53": 0.7611969821372746, "54": 0.7611969821372746, "55": 0.7611969821372746, "56": 0.7611969821372746, "57": 0.7611969821372746, "58": 0.7611969821372746, "59": 0.7611969821372746, "60": 0.7611969821372746, "61": 0.7611969821372746, "62": 0.44149456640369067, "63": 0.44149456640369067, "64": 0.44149456640369067, "65": 0.44149456640369067, "66": 0.44149456640369067, "67": 0.44149456640369067, "68": 0.44149456640369067, "69": 0.44149456640369067, "70": 0.44149456640369067, "71": 0.44149456640369067, "72": 0.44149456640369067, "73": 0.44149456640369067, "74": 0.44149456640369067, "75": 0.44149456640369067, "76": 0.44149456640369067, "77": 0.44149456640369067, "78": 0.44149456640369067, "79": 0.44149456640369067, "80": 0.44149456640369067, "81": 0.44149456640369067, "82": 0.44149456640369067, "83": 0.44149456640369067, "84": 0.44149456640369067, "85": 0.44149456640369067, "86": 0.16627481267608601, "87": 0.16627481267608601, "88": 0.16627481267608601, "89": 0.16627481267608601, "90": 0.16627481267608601, "91": 0.16627481267608601, "92": 0.16627481267608601, "93": 0.16627481267608601, "94": 0.16627481267608601, "95": 0.16627481267608601, "96": 0.16627481267608601, "97": 0.16627481267608601, "98": 0.16627481267608601, "99": 0.16627481267608601, "100": 0.16627481267608601}