{"0": 5.651728777007577, "1": 5.651728777007577, "2": 5.651728777007577, "3": 2.3891456631307193, "4": 2.3891456631307193, "5": 2.3891456631307193, "6": 2.3891456631307193, "7": 2.3891456631307193, "8": 2.3891456631307193, "9": 2.3891456631307193, "10": 2.198398190109053, "11": 2.1902594281449055, "12": 2.1902594281449055, "13": 2.1902594281449055, "14": 2.1902594281449055, "15": 2.1902594281449055, "16": 2.1780358409413267, "17": 2.070570958556999, "18": 2.070570958556999, "19": 2.070570958556999, "20": 2.070570958556999, "21": 2.070570958556999, "22": 2.042797494086802, "23": 2.042797494086802, "24": 2.042797494086802, "25": 2.042797494086802, "26": 2.042797494086802, "27": 2.042797494086802, "28": 2.042797494086802, "29": 1.3351086455439756, "30": 1.3351086455439756, "31": 1.3351086455439756, "32": 1.3351086455439756, "33": 1.3351086455439756, "34": 1.3351086455439756, "35": 1.3351086455439756, "36": 1.3351086455439756, "37": 1.3351086455439756, "38": 1.3351086455439756, "39": 1.3351086455439756, "40": 1.3351086455439756, "41": 1.3351086455439756, "42": 1.3351086455439756, "43": 1.3351086455439756, "44": 1.3351086455439756, "45": 1.3351086455439756, "46": 1.3351086455439756, "47": 1.3351086455439756, "48": 1.3351086455439756, "49": 1.3351086455439756, "50": 1.3351086455439756, "51": 1.3351086455439756, "52": 1.3351086455439756, "53": 1.3351086455439756, "54": 1.1238358088150875, "55": 1.1238358088150875, "56": 1.1238358088150875, "57": 1.1238358088150875, "58": 1.1238358088150875, "59": 1.1238358088150875, "60": 1.1238358088150875, "61": 1.1238358088150875, "62": 1.1238358088150875, "63": 1.1238358088150875, "64": 1.1238358088150875, "65": 1.1238358088150875, "66": 1.1238358088150875, "67": 1.1238358088150875, "68": 1.1238358088150875, "69": 1.1238358088150875, "70": 1.1238358088150875, "71": 1.1238358088150875, "72": 1.1238358088150875, "73": 1.1238358088150875, "74": 1.1238358088150875, "75": 1.1238358088150875, "76": 1.1238358088150875, "77": 1.1238358088150875, "78": 1.1238358088150875, "79": 1.1238358088150875, "80": 1.1238358088150875, "81": 1.1238358088150875, "82": 1.1238358088150875, "83": 1.1238358088150875, "84": 1.1238358088150875, "85": 1.1238358088150875, "86": 1.1238358088150875, "87": 1.1238358088150875, "88": 1.1238358088150875, "89": 1.1238358088150875, "90": 1.1238358088150875, "91": 1.1238358088150875, "92": 1.1238358088150875, "93": 1.1238358088150875, "94": 1.1238358088150875, "95": 1.1238358088150875, "96": 0.8513808030587278, "97": 0.8513808030587278, "98": 0.8513808030587278, "99": 0.8513808030587278, "100": 0.8513808030587278}