{"0": 6.386266992928128, "1": 6.386266992928128, "2": 6.386266992928128, "3": 6.386266992928128, "4": 6.386266992928128, "5": 6.386266992928128, "6": 6.386266992928128, "7": 6.386266992928128, "8": 6.386266992928128, "9": 6.386266992928128, "10": 6.386266992928128, "11": 6.386266992928128, "12": 6.277791002034469, "13": 6.277791002034469, "14": 6.277791002034469, "15": 3.9059840617634904, "16": 3.9059840617634904, "17": 3.2299594049440508, "18": 3.2299594049440508, "19": 3.2299594049440508, "20": 3.2299594049440508, "21": 3.2299594049440508, "22": 3.2299594049440508, "23": 2.534469563888244, "24": 2.534469563888244, "25": 2.534469563888244, "26": 2.495046605226378, "27": 2.495046605226378, "28": 2.495046605226378, "29": 2.495046605226378, "30": 2.495046605226378, "31": 2.495046605226378, "32": 2.495046605226378, "33": 2.495046605226378, "34": 2.495046605226378, "35": 2.495046605226378, "36": 2.495046605226378, "37": 2.495046605226378, "38": 2.495046605226378, "39": 2.495046605226378, "40": 2.495046605226378, "41": 2.495046605226378, "42": 2.495046605226378, "43": 2.495046605226378, "44": 1.031307281136744, "45": 1.031307281136744, "46": 1.031307281136744, "47": 1.031307281136744, "48": 1.031307281136744, "49": 1.031307281136744, "50": 1.031307281136744, "51": 1.031307281136744, "52": 1.031307281136744, "53": 1.031307281136744, "54": 1.031307281136744, "55": 1.031307281136744, "56": 1.031307281136744, "57": 1.031307281136744, "58": 1.031307281136744, "59": 1.031307281136744, "60": 1.031307281136744, "61": 1.031307281136744, "62": 1.031307281136744, "63": 1.031307281136744, "64": 1.031307281136744, "65": 1.031307281136744, "66": 1.031307281136744, "67": 1.031307281136744, "68": 0.3380658471973703, "69": 0.3380658471973703, "70": 0.3380658471973703, "71": 0.3380658471973703, "72": 0.3380658471973703, "73": 0.3380658471973703, "74": 0.3380658471973703, "75": 0.3380658471973703, "76": 0.3380658471973703, "77": 0.3380658471973703, "78": 0.3380658471973703, "79": 0.3380658471973703, "80": 0.3380658471973703, "81": 0.3380658471973703, "82": 0.3380658471973703, "83": 0.3380658471973703, "84": 0.3380658471973703, "85": 0.3380658471973703, "86": 0.3380658471973703, "87": 0.3380658471973703, "88": 0.3380658471973703, "89": 0.3380658471973703, "90": 0.3380658471973703, "91": 0.3380658471973703, "92": 0.3380658471973703, "93": 0.3380658471973703, "94": 0.3380658471973703, "95": 0.3380658471973703, "96": 0.3380658471973703, "97": 0.3380658471973703, "98": 0.3380658471973703, "99": 0.3380658471973703, "100": 0.3380658471973703}