{"0": 21.742555099271502, "1": 12.075278449651327, "2": 4.609612670279155, "3": 3.3609760913860605, "4": 3.3609760913860605, "5": 3.3609760913860605, "6": 3.104896972692572, "7": 3.104896972692572, "8": 3.104896972692572, "9": 3.104896972692572, "10": 3.104896972692572, "11": 3.104896972692572, "12": 2.6088750721198792, "13": 2.6088750721198792, "14": 2.6088750721198792, "15": 2.6088750721198792, "16": 2.6088750721198792, "17": 2.6088750721198792, "18": 2.6088750721198792, "19": 2.6088750721198792, "20": 2.6088750721198792, "21": 1.7496558169813348, "22": 1.7496558169813348, "23": 1.7496558169813348, "24": 1.7496558169813348, "25": 1.7496558169813348, "26": 1.7496558169813348, "27": 1.7496558169813348, "28": 1.7496558169813348, "29": 1.7496558169813348, "30": 1.7496558169813348, "31": 1.7496558169813348, "32": 1.7496558169813348, "33": 1.7496558169813348, "34": 1.7496558169813348, "35": 1.7496558169813348, "36": 1.7496558169813348, "37": 1.7496558169813348, "38": 1.7496558169813348, "39": 1.7496558169813348, "40": 1.7496558169813348, "41": 1.7496558169813348, "42": 1.7496558169813348, "43": 1.7496558169813348, "44": 1.7496558169813348, "45": 1.7496558169813348, "46": 1.7496558169813348, "47": 1.7496558169813348, "48": 1.7496558169813348, "49": 1.3381177377071332, "50": 1.3381177377071332, "51": 1.3381177377071332, "52": 1.3381177377071332, "53": 1.3381177377071332, "54": 1.3381177377071332, "55": 1.3381177377071332, "56": 1.3381177377071332, "57": 1.3381177377071332, "58": 1.3381177377071332, "59": 1.2593432746077156, "60": 1.2593432746077156, "61": 1.2593432746077156, "62": 1.2593432746077156, "63": 1.2593432746077156, "64": 1.2593432746077156, "65": 1.2593432746077156, "66": 1.2593432746077156, "67": 1.2593432746077156, "68": 1.2593432746077156, "69": 1.2593432746077156, "70": 1.2593432746077156, "71": 1.2593432746077156, "72": 1.2593432746077156, "73": 1.2593432746077156, "74": 1.2593432746077156, "75": 1.2593432746077156, "76": 1.2593432746077156, "77": 1.2593432746077156, "78": 1.2593432746077156, "79": 1.2593432746077156, "80": 1.2593432746077156, "81": 1.2593432746077156, "82": 1.2593432746077156, "83": 1.2593432746077156, "84": 1.2593432746077156, "85": 1.2593432746077156, "86": 1.2593432746077156, "87": 1.2593432746077156, "88": 1.2593432746077156, "89": 1.2593432746077156, "90": 1.2593432746077156, "91": 1.2593432746077156, "92": 1.2593432746077156, "93": 1.2593432746077156, "94": 1.2593432746077156, "95": 1.2593432746077156, "96": 1.2593432746077156, "97": 1.2593432746077156, "98": 1.2593432746077156, "99": 1.2593432746077156, "100": 1.2593432746077156}