{"0": 21.204385411448953, "1": 12.43421818181175, "2": 8.844845988179156, "3": 8.844845988179156, "4": 8.844845988179156, "5": 8.844845988179156, "6": 8.844845988179156, "7": 1.6203246837067624, "8": 1.6203246837067624, "9": 1.6203246837067624, "10": 1.6203246837067624, "11": 1.6203246837067624, "12": 1.0062789117637116, "13": 0.9964856263750406, "14": 0.9964856263750406, "15": 0.9964856263750406, "16": 0.9964856263750406, "17": 0.9964856263750406, "18": 0.9964856263750406, "19": 0.9964856263750406, "20": 0.9964856263750406, "21": 0.9964856263750406, "22": 0.9964856263750406, "23": 0.9964856263750406, "24": 0.9964856263750406, "25": 0.9964856263750406, "26": 0.9964856263750406, "27": 0.9964856263750406, "28": 0.9964856263750406, "29": 0.9964856263750406, "30": 0.9964856263750406, "31": 0.9964856263750406, "32": 0.9964856263750406, "33": 0.9964856263750406, "34": 0.9964856263750406, "35": 0.9964856263750406, "36": 0.9964856263750406, "37": 0.9964856263750406, "38": 0.9964856263750406, "39": 0.9964856263750406, "40": 0.9964856263750406, "41": 0.9964856263750406, "42": 0.9964856263750406, "43": 0.9964856263750406, "44": 0.9964856263750406, "45": 0.9964856263750406, "46": 0.9964856263750406, "47": 0.9964856263750406, "48": 0.9964856263750406, "49": 0.9964856263750406, "50": 0.9964856263750406, "51": 0.9964856263750406, "52": 0.9964856263750406, "53": 0.9964856263750406, "54": 0.9964856263750406, "55": 0.9964856263750406, "56": 0.9964856263750406, "57": 0.9964856263750406, "58": 0.9964856263750406, "59": 0.9964856263750406, "60": 0.9964856263750406, "61": 0.9964856263750406, "62": 0.9964856263750406, "63": 0.9964856263750406, "64": 0.9964856263750406, "65": 0.9964856263750406, "66": 0.9964856263750406, "67": 0.9964856263750406, "68": 0.9964856263750406, "69": 0.9964856263750406, "70": 0.9964856263750406, "71": 0.9964856263750406, "72": 0.9964856263750406, "73": 0.9964856263750406, "74": 0.9964856263750406, "75": 0.9964856263750406, "76": 0.9964856263750406, "77": 0.9964856263750406, "78": 0.9964856263750406, "79": 0.9964856263750406, "80": 0.9964856263750406, "81": 0.9964856263750406, "82": 0.9964856263750406, "83": 0.9964856263750406, "84": 0.9964856263750406, "85": 0.9964856263750406, "86": 0.9964856263750406, "87": 0.9964856263750406, "88": 0.9964856263750406, "89": 0.9964856263750406, "90": 0.9964856263750406, "91": 0.9964856263750406, "92": 0.9964856263750406, "93": 0.9964856263750406, "94": 0.9964856263750406, "95": 0.9964856263750406, "96": 0.9964856263750406, "97": 0.9964856263750406, "98": 0.9964856263750406, "99": 0.9964856263750406, "100": 0.9964856263750406}