{"0": 31.6067465659575, "1": 12.114937517492303, "2": 12.114937517492303, "3": 6.470375863265321, "4": 4.4421361845102645, "5": 4.4421361845102645, "6": 4.4421361845102645, "7": 3.5245314260163276, "8": 3.5245314260163276, "9": 3.5245314260163276, "10": 3.5245314260163276, "11": 3.5245314260163276, "12": 3.4541867301241034, "13": 3.1807444236617215, "14": 3.1807444236617215, "15": 3.1807444236617215, "16": 3.1807444236617215, "17": 3.1807444236617215, "18": 3.1807444236617215, "19": 2.707499716034171, "20": 2.707499716034171, "21": 2.6060406378559193, "22": 2.6060406378559193, "23": 2.6060406378559193, "24": 2.6060406378559193, "25": 2.6060406378559193, "26": 2.6060406378559193, "27": 1.6313016753715601, "28": 1.6313016753715601, "29": 1.092258639867815, "30": 1.092258639867815, "31": 1.092258639867815, "32": 1.092258639867815, "33": 1.092258639867815, "34": 1.092258639867815, "35": 1.092258639867815, "36": 1.092258639867815, "37": 1.092258639867815, "38": 1.092258639867815, "39": 1.092258639867815, "40": 1.092258639867815, "41": 1.092258639867815, "42": 1.092258639867815, "43": 1.092258639867815, "44": 1.092258639867815, "45": 1.092258639867815, "46": 1.092258639867815, "47": 1.092258639867815, "48": 1.092258639867815, "49": 1.092258639867815, "50": 1.092258639867815, "51": 1.092258639867815, "52": 1.092258639867815, "53": 1.092258639867815, "54": 1.092258639867815, "55": 1.092258639867815, "56": 1.092258639867815, "57": 1.092258639867815, "58": 1.092258639867815, "59": 1.092258639867815, "60": 1.092258639867815, "61": 1.092258639867815, "62": 1.092258639867815, "63": 1.092258639867815, "64": 1.092258639867815, "65": 1.092258639867815, "66": 1.092258639867815, "67": 1.092258639867815, "68": 1.092258639867815, "69": 1.092258639867815, "70": 1.092258639867815, "71": 1.092258639867815, "72": 1.092258639867815, "73": 1.092258639867815, "74": 1.092258639867815, "75": 1.092258639867815, "76": 1.092258639867815, "77": 1.092258639867815, "78": 1.092258639867815, "79": 1.092258639867815, "80": 1.092258639867815, "81": 1.092258639867815, "82": 1.092258639867815, "83": 1.092258639867815, "84": 1.092258639867815, "85": 1.092258639867815, "86": 1.092258639867815, "87": 1.092258639867815, "88": 1.092258639867815, "89": 1.092258639867815, "90": 1.092258639867815, "91": 1.092258639867815, "92": 1.092258639867815, "93": 1.092258639867815, "94": 1.092258639867815, "95": 1.092258639867815, "96": 1.092258639867815, "97": 1.092258639867815, "98": 1.092258639867815, "99": 1.092258639867815, "100": 1.092258639867815}