{"0": 37.057858997222006, "1": 5.907959370879702, "2": 5.907959370879702, "3": 5.907959370879702, "4": 5.907959370879702, "5": 5.907959370879702, "6": 3.2326905911547428, "7": 3.2326905911547428, "8": 2.8071607664471756, "9": 1.4580406071854242, "10": 1.4580406071854242, "11": 1.4580406071854242, "12": 1.4580406071854242, "13": 1.4580406071854242, "14": 1.4580406071854242, "15": 1.4580406071854242, "16": 1.4580406071854242, "17": 1.4580406071854242, "18": 0.6519170860159242, "19": 0.6519170860159242, "20": 0.6519170860159242, "21": 0.6519170860159242, "22": 0.6519170860159242, "23": 0.6519170860159242, "24": 0.6519170860159242, "25": 0.6519170860159242, "26": 0.6519170860159242, "27": 0.6519170860159242, "28": 0.6519170860159242, "29": 0.6519170860159242, "30": 0.6519170860159242, "31": 0.6519170860159242, "32": 0.6519170860159242, "33": 0.6519170860159242, "34": 0.6519170860159242, "35": 0.6519170860159242, "36": 0.6519170860159242, "37": 0.6519170860159242, "38": 0.6519170860159242, "39": 0.6519170860159242, "40": 0.6519170860159242, "41": 0.6519170860159242, "42": 0.6519170860159242, "43": 0.6519170860159242, "44": 0.6519170860159242, "45": 0.6519170860159242, "46": 0.6519170860159242, "47": 0.6519170860159242, "48": 0.6519170860159242, "49": 0.6519170860159242, "50": 0.6519170860159242, "51": 0.6519170860159242, "52": 0.6519170860159242, "53": 0.6519170860159242, "54": 0.6519170860159242, "55": 0.6519170860159242, "56": 0.6519170860159242, "57": 0.6519170860159242, "58": 0.6519170860159242, "59": 0.6519170860159242, "60": 0.6519170860159242, "61": 0.6519170860159242, "62": 0.6519170860159242, "63": 0.6519170860159242, "64": 0.6519170860159242, "65": 0.6519170860159242, "66": 0.6519170860159242, "67": 0.6519170860159242, "68": 0.6519170860159242, "69": 0.6519170860159242, "70": 0.6519170860159242, "71": 0.6519170860159242, "72": 0.6519170860159242, "73": 0.6519170860159242, "74": 0.6519170860159242, "75": 0.6519170860159242, "76": 0.6519170860159242, "77": 0.6519170860159242, "78": 0.6519170860159242, "79": 0.6519170860159242, "80": 0.6519170860159242, "81": 0.6519170860159242, "82": 0.6519170860159242, "83": 0.6519170860159242, "84": 0.6519170860159242, "85": 0.6519170860159242, "86": 0.6519170860159242, "87": 0.6519170860159242, "88": 0.6519170860159242, "89": 0.6519170860159242, "90": 0.6519170860159242, "91": 0.6519170860159242, "92": 0.6519170860159242, "93": 0.6519170860159242, "94": 0.6519170860159242, "95": 0.6519170860159242, "96": 0.6519170860159242, "97": 0.6519170860159242, "98": 0.6519170860159242, "99": 0.6519170860159242, "100": 0.6519170860159242}