{"0": 15.879999364321868, "1": 15.879999364321868, "2": 11.4345185800114, "3": 11.4345185800114, "4": 11.4345185800114, "5": 11.4345185800114, "6": 10.758493944159197, "7": 10.758493944159197, "8": 10.758493944159197, "9": 10.758493944159197, "10": 10.758493944159197, "11": 9.203419583930145, "12": 6.935899210127051, "13": 2.3702381058310955, "14": 1.7902494297828255, "15": 1.7902494297828255, "16": 1.7902494297828255, "17": 1.7902494297828255, "18": 1.7902494297828255, "19": 1.7902494297828255, "20": 1.7902494297828255, "21": 1.7902494297828255, "22": 1.7902494297828255, "23": 1.7902494297828255, "24": 1.741994921899284, "25": 1.741994921899284, "26": 1.741994921899284, "27": 1.741994921899284, "28": 1.741994921899284, "29": 1.741994921899284, "30": 1.741994921899284, "31": 1.741994921899284, "32": 1.5230869189773664, "33": 1.5230869189773664, "34": 1.5230869189773664, "35": 1.5230869189773664, "36": 1.5230869189773664, "37": 1.5230869189773664, "38": 1.5230869189773664, "39": 1.5230869189773664, "40": 1.5230869189773664, "41": 1.5230869189773664, "42": 1.5230869189773664, "43": 1.5230869189773664, "44": 1.5230869189773664, "45": 1.5230869189773664, "46": 1.5230869189773664, "47": 1.5230869189773664, "48": 1.5230869189773664, "49": 1.360452876210232, "50": 1.360452876210232, "51": 1.360452876210232, "52": 1.360452876210232, "53": 1.360452876210232, "54": 1.360452876210232, "55": 1.360452876210232, "56": 1.360452876210232, "57": 1.360452876210232, "58": 1.360452876210232, "59": 1.360452876210232, "60": 1.360452876210232, "61": 1.360452876210232, "62": 1.360452876210232, "63": 1.360452876210232, "64": 1.360452876210232, "65": 1.360452876210232, "66": 1.360452876210232, "67": 1.360452876210232, "68": 1.360452876210232, "69": 1.360452876210232, "70": 1.360452876210232, "71": 1.360452876210232, "72": 1.360452876210232, "73": 1.360452876210232, "74": 1.360452876210232, "75": 1.360452876210232, "76": 1.360452876210232, "77": 1.360452876210232, "78": 1.360452876210232, "79": 1.360452876210232, "80": 1.360452876210232, "81": 1.360452876210232, "82": 1.360452876210232, "83": 1.360452876210232, "84": 1.360452876210232, "85": 1.360452876210232, "86": 1.360452876210232, "87": 1.360452876210232, "88": 1.360452876210232, "89": 1.360452876210232, "90": 1.360452876210232, "91": 1.360452876210232, "92": 1.360452876210232, "93": 1.360452876210232, "94": 1.2463638349510688, "95": 1.2463638349510688, "96": 1.2463638349510688, "97": 1.2463638349510688, "98": 1.2463638349510688, "99": 1.2463638349510688, "100": 1.2463638349510688}