{"0": 26.0845766173545, "1": 25.835845925335533, "2": 16.938315721335282, "3": 16.938315721335282, "4": 16.938315721335282, "5": 13.088657502080906, "6": 13.088657502080906, "7": 13.088657502080906, "8": 13.088657502080906, "9": 13.088657502080906, "10": 12.859440788617981, "11": 12.859440788617981, "12": 11.670477772333816, "13": 10.198664767547005, "14": 10.198664767547005, "15": 9.992651979359119, "16": 9.992651979359119, "17": 9.992651979359119, "18": 9.992651979359119, "19": 9.992651979359119, "20": 9.992651979359119, "21": 9.992651979359119, "22": 9.992651979359119, "23": 9.992651979359119, "24": 9.992651979359119, "25": 7.481346529571866, "26": 7.481346529571866, "27": 7.481346529571866, "28": 7.481346529571866, "29": 4.125044720279593, "30": 4.125044720279593, "31": 4.125044720279593, "32": 4.125044720279593, "33": 4.125044720279593, "34": 4.125044720279593, "35": 4.125044720279593, "36": 3.564005241379256, "37": 3.564005241379256, "38": 3.564005241379256, "39": 3.564005241379256, "40": 3.564005241379256, "41": 3.564005241379256, "42": 3.564005241379256, "43": 3.564005241379256, "44": 3.564005241379256, "45": 3.564005241379256, "46": 3.564005241379256, "47": 3.564005241379256, "48": 3.564005241379256, "49": 3.564005241379256, "50": 3.564005241379256, "51": 3.564005241379256, "52": 3.564005241379256, "53": 3.564005241379256, "54": 3.564005241379256, "55": 3.564005241379256, "56": 3.564005241379256, "57": 3.564005241379256, "58": 3.564005241379256, "59": 3.564005241379256, "60": 3.564005241379256, "61": 3.564005241379256, "62": 3.564005241379256, "63": 3.564005241379256, "64": 2.056306638346584, "65": 2.056306638346584, "66": 2.056306638346584, "67": 2.056306638346584, "68": 2.056306638346584, "69": 2.056306638346584, "70": 2.056306638346584, "71": 2.056306638346584, "72": 2.056306638346584, "73": 2.056306638346584, "74": 2.056306638346584, "75": 2.056306638346584, "76": 2.056306638346584, "77": 2.056306638346584, "78": 2.056306638346584, "79": 2.056306638346584, "80": 2.056306638346584, "81": 2.056306638346584, "82": 2.056306638346584, "83": 2.056306638346584, "84": 2.056306638346584, "85": 2.056306638346584, "86": 2.056306638346584, "87": 2.056306638346584, "88": 2.056306638346584, "89": 2.056306638346584, "90": 2.056306638346584, "91": 2.056306638346584, "92": 2.056306638346584, "93": 2.056306638346584, "94": 2.056306638346584, "95": 2.056306638346584, "96": 2.056306638346584, "97": 2.056306638346584, "98": 2.056306638346584, "99": 2.056306638346584, "100": 2.056306638346584}