{"0": 16.014959121931764, "1": 13.703224737891638, "2": 13.703224737891638, "3": 3.790556886790487, "4": 3.790556886790487, "5": 3.790556886790487, "6": 3.790556886790487, "7": 3.790556886790487, "8": 3.790556886790487, "9": 3.790556886790487, "10": 3.790556886790487, "11": 3.790556886790487, "12": 3.790556886790487, "13": 3.790556886790487, "14": 3.790556886790487, "15": 3.550830144752126, "16": 3.3327433909575532, "17": 3.3327433909575532, "18": 2.1743544643756394, "19": 2.1743544643756394, "20": 2.1743544643756394, "21": 2.1743544643756394, "22": 2.1743544643756394, "23": 2.1743544643756394, "24": 2.1743544643756394, "25": 2.1743544643756394, "26": 2.1743544643756394, "27": 2.1743544643756394, "28": 2.1743544643756394, "29": 2.1743544643756394, "30": 2.1743544643756394, "31": 2.1743544643756394, "32": 2.1743544643756394, "33": 1.4341174682932092, "34": 1.4341174682932092, "35": 0.24542416095078323, "36": 0.24542416095078323, "37": 0.24542416095078323, "38": 0.24542416095078323, "39": 0.24542416095078323, "40": 0.24542416095078323, "41": 0.24542416095078323, "42": 0.24542416095078323, "43": 0.24542416095078323, "44": 0.24542416095078323, "45": 0.24542416095078323, "46": 0.24542416095078323, "47": 0.24542416095078323, "48": 0.24542416095078323, "49": 0.24542416095078323, "50": 0.24542416095078323, "51": 0.24542416095078323, "52": 0.24542416095078323, "53": 0.24542416095078323, "54": 0.24542416095078323, "55": 0.24542416095078323, "56": 0.24542416095078323, "57": 0.24542416095078323, "58": 0.24542416095078323, "59": 0.24542416095078323, "60": 0.24542416095078323, "61": 0.24542416095078323, "62": 0.24542416095078323, "63": 0.24542416095078323, "64": 0.24542416095078323, "65": 0.24542416095078323, "66": 0.24542416095078323, "67": 0.24542416095078323, "68": 0.24542416095078323, "69": 0.24542416095078323, "70": 0.24542416095078323, "71": 0.24542416095078323, "72": 0.24542416095078323, "73": 0.24542416095078323, "74": 0.24542416095078323, "75": 0.24542416095078323, "76": 0.24542416095078323, "77": 0.24542416095078323, "78": 0.24542416095078323, "79": 0.24542416095078323, "80": 0.24542416095078323, "81": 0.24542416095078323, "82": 0.24542416095078323, "83": 0.24542416095078323, "84": 0.24542416095078323, "85": 0.24542416095078323, "86": 0.24542416095078323, "87": 0.24542416095078323, "88": 0.24542416095078323, "89": 0.24542416095078323, "90": 0.24542416095078323, "91": 0.24542416095078323, "92": 0.24542416095078323, "93": 0.24542416095078323, "94": 0.24542416095078323, "95": 0.24542416095078323, "96": 0.24542416095078323, "97": 0.24542416095078323, "98": 0.24542416095078323, "99": 0.24542416095078323, "100": 0.24542416095078323}