{"0": 22.75902298822023, "1": 20.836915255986675, "2": 5.5277797352115385, "3": 5.5277797352115385, "4": 5.5277797352115385, "5": 5.23913219494529, "6": 5.23913219494529, "7": 5.23913219494529, "8": 3.7433762479534423, "9": 3.7433762479534423, "10": 3.7433762479534423, "11": 3.7433762479534423, "12": 3.7433762479534423, "13": 1.4630275268135549, "14": 1.4630275268135549, "15": 1.4630275268135549, "16": 1.4630275268135549, "17": 1.4630275268135549, "18": 0.06972533970139949, "19": 0.06972533970139949, "20": 0.06972533970139949, "21": 0.06972533970139949, "22": 0.06972533970139949, "23": 0.03344714978354446, "24": 0.03344714978354446, "25": 0.03344714978354446, "26": 0.03344714978354446, "27": 0.03344714978354446, "28": 0.03344714978354446, "29": 0.03344714978354446, "30": 0.03344714978354446, "31": 0.03344714978354446, "32": 0.03344714978354446, "33": 0.03344714978354446, "34": 0.03344714978354446, "35": 0.03344714978354446, "36": 0.03344714978354446, "37": 0.03344714978354446, "38": 0.03344714978354446, "39": 0.03344714978354446, "40": 0.03344714978354446, "41": 0.03344714978354446, "42": 0.03344714978354446, "43": 0.03344714978354446, "44": 0.03344714978354446, "45": 0.03344714978354446, "46": 0.03344714978354446, "47": 0.03344714978354446, "48": 0.03344714978354446, "49": 0.03344714978354446, "50": 0.03344714978354446, "51": 0.03344714978354446, "52": 0.03344714978354446, "53": 0.03344714978354446, "54": 0.03344714978354446, "55": 0.03344714978354446, "56": 0.03344714978354446, "57": 0.03344714978354446, "58": 0.03344714978354446, "59": 0.03344714978354446, "60": 0.03344714978354446, "61": 0.03344714978354446, "62": 0.03344714978354446, "63": 0.03344714978354446, "64": 0.03344714978354446, "65": 0.03344714978354446, "66": 0.03344714978354446, "67": 0.03344714978354446, "68": 0.03344714978354446, "69": 0.03344714978354446, "70": 0.03344714978354446, "71": 0.03344714978354446, "72": 0.03344714978354446, "73": 0.03344714978354446, "74": 0.03344714978354446, "75": 0.03344714978354446, "76": 0.03344714978354446, "77": 0.03344714978354446, "78": 0.03344714978354446, "79": 0.03344714978354446, "80": 0.03344714978354446, "81": 0.03344714978354446, "82": 0.03344714978354446, "83": 0.03344714978354446, "84": 0.03344714978354446, "85": 0.03344714978354446, "86": 0.03344714978354446, "87": 0.03344714978354446, "88": 0.03344714978354446, "89": 0.03344714978354446, "90": 0.03344714978354446, "91": 0.03344714978354446, "92": 0.03344714978354446, "93": 0.03344714978354446, "94": 0.03344714978354446, "95": 0.03344714978354446, "96": 0.03344714978354446, "97": 0.03344714978354446, "98": 0.03344714978354446, "99": 0.03344714978354446, "100": 0.03344714978354446}