{"0": 10.252812616858376, "1": 10.252812616858376, "2": 10.252812616858376, "3": 10.252812616858376, "4": 10.252812616858376, "5": 10.252812616858376, "6": 10.252812616858376, "7": 8.675719303568712, "8": 8.675719303568712, "9": 8.675719303568712, "10": 8.675719303568712, "11": 8.675719303568712, "12": 8.675719303568712, "13": 8.675719303568712, "14": 8.675719303568712, "15": 3.821374455191119, "16": 3.821374455191119, "17": 3.821374455191119, "18": 2.520735337998879, "19": 2.520735337998879, "20": 1.0438999576690762, "21": 1.0438999576690762, "22": 1.0438999576690762, "23": 1.0438999576690762, "24": 1.0126584827138814, "25": 1.0126584827138814, "26": 1.0126584827138814, "27": 1.0126584827138814, "28": 1.0126584827138814, "29": 1.0126584827138814, "30": 1.0126584827138814, "31": 1.0126584827138814, "32": 1.0126584827138814, "33": 1.0126584827138814, "34": 1.0126584827138814, "35": 1.0126584827138814, "36": 1.0126584827138814, "37": 1.0126584827138814, "38": 1.0126584827138814, "39": 1.0126584827138814, "40": 1.0126584827138814, "41": 1.0126584827138814, "42": 1.0126584827138814, "43": 1.0126584827138814, "44": 1.0126584827138814, "45": 1.0126584827138814, "46": 1.0126584827138814, "47": 1.0126584827138814, "48": 1.0126584827138814, "49": 1.0126584827138814, "50": 1.0126584827138814, "51": 1.0126584827138814, "52": 1.0126584827138814, "53": 1.0126584827138814, "54": 1.0126584827138814, "55": 1.0126584827138814, "56": 1.0126584827138814, "57": 1.0126584827138814, "58": 1.0126584827138814, "59": 1.0126584827138814, "60": 1.0126584827138814, "61": 1.0126584827138814, "62": 1.0126584827138814, "63": 1.0126584827138814, "64": 1.0126584827138814, "65": 1.0126584827138814, "66": 1.0126584827138814, "67": 1.0126584827138814, "68": 1.0126584827138814, "69": 1.0126584827138814, "70": 1.0126584827138814, "71": 1.0126584827138814, "72": 1.0126584827138814, "73": 1.0126584827138814, "74": 1.0126584827138814, "75": 1.0126584827138814, "76": 1.0126584827138814, "77": 1.0126584827138814, "78": 1.0126584827138814, "79": 1.0126584827138814, "80": 1.0126584827138814, "81": 1.0126584827138814, "82": 1.0126584827138814, "83": 1.0126584827138814, "84": 1.0126584827138814, "85": 1.0126584827138814, "86": 1.0126584827138814, "87": 1.0126584827138814, "88": 1.0126584827138814, "89": 1.0126584827138814, "90": 1.0126584827138814, "91": 1.0126584827138814, "92": 1.0126584827138814, "93": 1.0126584827138814, "94": 1.0126584827138814, "95": 1.0126584827138814, "96": 1.0126584827138814, "97": 1.0126584827138814, "98": 1.0126584827138814, "99": 1.0126584827138814, "100": 1.0126584827138814}