{"0": 28.313038874144084, "1": 9.128203492252268, "2": 9.128203492252268, "3": 0.504253758381747, "4": 0.504253758381747, "5": 0.504253758381747, "6": 0.504253758381747, "7": 0.504253758381747, "8": 0.504253758381747, "9": 0.504253758381747, "10": 0.504253758381747, "11": 0.504253758381747, "12": 0.504253758381747, "13": 0.504253758381747, "14": 0.504253758381747, "15": 0.504253758381747, "16": 0.504253758381747, "17": 0.504253758381747, "18": 0.504253758381747, "19": 0.504253758381747, "20": 0.504253758381747, "21": 0.504253758381747, "22": 0.504253758381747, "23": 0.504253758381747, "24": 0.504253758381747, "25": 0.504253758381747, "26": 0.504253758381747, "27": 0.504253758381747, "28": 0.504253758381747, "29": 0.504253758381747, "30": 0.504253758381747, "31": 0.504253758381747, "32": 0.504253758381747, "33": 0.504253758381747, "34": 0.504253758381747, "35": 0.504253758381747, "36": 0.504253758381747, "37": 0.504253758381747, "38": 0.504253758381747, "39": 0.504253758381747, "40": 0.504253758381747, "41": 0.504253758381747, "42": 0.504253758381747, "43": 0.504253758381747, "44": 0.504253758381747, "45": 0.504253758381747, "46": 0.504253758381747, "47": 0.504253758381747, "48": 0.504253758381747, "49": 0.29735924103317046, "50": 0.29735924103317046, "51": 0.29735924103317046, "52": 0.29735924103317046, "53": 0.29735924103317046, "54": 0.29735924103317046, "55": 0.29735924103317046, "56": 0.29735924103317046, "57": 0.29735924103317046, "58": 0.29735924103317046, "59": 0.29735924103317046, "60": 0.29735924103317046, "61": 0.29735924103317046, "62": 0.29735924103317046, "63": 0.29735924103317046, "64": 0.29735924103317046, "65": 0.29735924103317046, "66": 0.29735924103317046, "67": 0.29735924103317046, "68": 0.29735924103317046, "69": 0.29735924103317046, "70": 0.29735924103317046, "71": 0.29735924103317046, "72": 0.29735924103317046, "73": 0.29735924103317046, "74": 0.29735924103317046, "75": 0.29735924103317046, "76": 0.29735924103317046, "77": 0.29735924103317046, "78": 0.29735924103317046, "79": 0.29735924103317046, "80": 0.29735924103317046, "81": 0.29735924103317046, "82": 0.29735924103317046, "83": 0.29735924103317046, "84": 0.29735924103317046, "85": 0.29735924103317046, "86": 0.29735924103317046, "87": 0.29735924103317046, "88": 0.29735924103317046, "89": 0.29735924103317046, "90": 0.29735924103317046, "91": 0.29735924103317046, "92": 0.29735924103317046, "93": 0.29735924103317046, "94": 0.29735924103317046, "95": 0.29735924103317046, "96": 0.29735924103317046, "97": 0.29735924103317046, "98": 0.29735924103317046, "99": 0.29735924103317046, "100": 0.29735924103317046}