{"0": 36.055210749117194, "1": 16.320804622837354, "2": 16.320804622837354, "3": 16.320804622837354, "4": 10.30917286298984, "5": 10.30917286298984, "6": 9.571296044002603, "7": 9.571296044002603, "8": 9.571296044002603, "9": 9.571296044002603, "10": 9.011789235223198, "11": 9.011789235223198, "12": 9.011789235223198, "13": 9.011789235223198, "14": 7.603607472222759, "15": 7.603607472222759, "16": 7.603607472222759, "17": 7.603607472222759, "18": 7.603607472222759, "19": 7.603607472222759, "20": 7.603607472222759, "21": 3.2119906630933848, "22": 3.2119906630933848, "23": 3.2119906630933848, "24": 3.2119906630933848, "25": 3.2119906630933848, "26": 3.2119906630933848, "27": 3.2119906630933848, "28": 3.2119906630933848, "29": 3.2119906630933848, "30": 3.2119906630933848, "31": 3.2119906630933848, "32": 3.2119906630933848, "33": 3.2119906630933848, "34": 2.5268606753980194, "35": 2.5268606753980194, "36": 2.5268606753980194, "37": 2.5268606753980194, "38": 2.5268606753980194, "39": 2.5268606753980194, "40": 2.5268606753980194, "41": 2.5268606753980194, "42": 2.5268606753980194, "43": 2.5268606753980194, "44": 2.5268606753980194, "45": 2.5268606753980194, "46": 2.5268606753980194, "47": 2.5268606753980194, "48": 2.5268606753980194, "49": 2.5268606753980194, "50": 2.4238499691009245, "51": 2.4238499691009245, "52": 2.4238499691009245, "53": 2.4238499691009245, "54": 2.4238499691009245, "55": 2.4238499691009245, "56": 2.4238499691009245, "57": 2.4238499691009245, "58": 2.4238499691009245, "59": 2.4238499691009245, "60": 2.4238499691009245, "61": 2.4238499691009245, "62": 2.4238499691009245, "63": 2.4238499691009245, "64": 2.4238499691009245, "65": 2.4238499691009245, "66": 2.4238499691009245, "67": 2.4238499691009245, "68": 2.4238499691009245, "69": 2.4238499691009245, "70": 2.4238499691009245, "71": 2.4238499691009245, "72": 2.4238499691009245, "73": 2.4238499691009245, "74": 2.4238499691009245, "75": 2.4238499691009245, "76": 2.4238499691009245, "77": 2.4238499691009245, "78": 2.4238499691009245, "79": 2.4238499691009245, "80": 2.4238499691009245, "81": 2.4238499691009245, "82": 2.4238499691009245, "83": 2.4238499691009245, "84": 2.4238499691009245, "85": 2.4238499691009245, "86": 2.4238499691009245, "87": 2.4238499691009245, "88": 2.4238499691009245, "89": 2.4238499691009245, "90": 2.4238499691009245, "91": 2.4238499691009245, "92": 2.4238499691009245, "93": 2.4238499691009245, "94": 2.4238499691009245, "95": 2.4238499691009245, "96": 2.4238499691009245, "97": 2.4238499691009245, "98": 2.4238499691009245, "99": 2.4238499691009245, "100": 2.4238499691009245}