{"0": 19.892212328042454, "1": 14.318782648160543, "2": 3.3583875919913204, "3": 3.3583875919913204, "4": 0.10866078949786129, "5": 0.10866078949786129, "6": 0.10866078949786129, "7": 0.10866078949786129, "8": 0.10866078949786129, "9": 0.10866078949786129, "10": 0.10866078949786129, "11": 0.10866078949786129, "12": 0.0450517328796991, "13": 0.0450517328796991, "14": 0.0450517328796991, "15": 0.0450517328796991, "16": 0.0450517328796991, "17": 0.0450517328796991, "18": 0.0450517328796991, "19": 0.0450517328796991, "20": 0.0450517328796991, "21": 0.0450517328796991, "22": 0.0450517328796991, "23": 0.0450517328796991, "24": 0.0450517328796991, "25": 0.0450517328796991, "26": 0.0450517328796991, "27": 0.0450517328796991, "28": 0.0450517328796991, "29": 0.0450517328796991, "30": 0.0450517328796991, "31": 0.0450517328796991, "32": 0.0450517328796991, "33": 0.0450517328796991, "34": 0.0450517328796991, "35": 0.0450517328796991, "36": 0.0450517328796991, "37": 0.0450517328796991, "38": 0.0450517328796991, "39": 0.0450517328796991, "40": 0.0450517328796991, "41": 0.0450517328796991, "42": 0.0450517328796991, "43": 0.0450517328796991, "44": 0.0450517328796991, "45": 0.0450517328796991, "46": 0.0450517328796991, "47": 0.0450517328796991, "48": 0.0450517328796991, "49": 0.0450517328796991, "50": 0.0450517328796991, "51": 0.0450517328796991, "52": 0.0450517328796991, "53": 0.0450517328796991, "54": 0.0450517328796991, "55": 0.0450517328796991, "56": 0.0450517328796991, "57": 0.0450517328796991, "58": 0.0450517328796991, "59": 0.0450517328796991, "60": 0.0450517328796991, "61": 0.0450517328796991, "62": 0.0450517328796991, "63": 0.0450517328796991, "64": 0.0450517328796991, "65": 0.0450517328796991, "66": 0.0450517328796991, "67": 0.0450517328796991, "68": 0.0450517328796991, "69": 0.0450517328796991, "70": 0.0450517328796991, "71": 0.0450517328796991, "72": 0.0450517328796991, "73": 0.0450517328796991, "74": 0.0450517328796991, "75": 0.0450517328796991, "76": 0.0450517328796991, "77": 0.0450517328796991, "78": 0.0450517328796991, "79": 0.0450517328796991, "80": 0.0450517328796991, "81": 0.0450517328796991, "82": 0.0450517328796991, "83": 0.0450517328796991, "84": 0.0450517328796991, "85": 0.0450517328796991, "86": 0.0450517328796991, "87": 0.0450517328796991, "88": 0.0450517328796991, "89": 0.0450517328796991, "90": 0.0450517328796991, "91": 0.0450517328796991, "92": 0.0450517328796991, "93": 0.0450517328796991, "94": 0.0450517328796991, "95": 0.0450517328796991, "96": 0.0450517328796991, "97": 0.0450517328796991, "98": 0.0450517328796991, "99": 0.0450517328796991, "100": 0.0450517328796991}