{"0": 25.95883050055371, "1": 13.87300332148968, "2": 13.673341364127706, "3": 13.673341364127706, "4": 12.878030536916842, "5": 11.20149546021184, "6": 0.9994602426270305, "7": 0.9994602426270305, "8": 0.9994602426270305, "9": 0.9994602426270305, "10": 0.9994602426270305, "11": 0.9994602426270305, "12": 0.9994602426270305, "13": 0.9994602426270305, "14": 0.5855546195563619, "15": 0.5855546195563619, "16": 0.5855546195563619, "17": 0.5855546195563619, "18": 0.5855546195563619, "19": 0.5855546195563619, "20": 0.46150413340114227, "21": 0.46150413340114227, "22": 0.46150413340114227, "23": 0.46150413340114227, "24": 0.46150413340114227, "25": 0.46150413340114227, "26": 0.46150413340114227, "27": 0.46150413340114227, "28": 0.46150413340114227, "29": 0.46150413340114227, "30": 0.46150413340114227, "31": 0.46150413340114227, "32": 0.46150413340114227, "33": 0.46150413340114227, "34": 0.46150413340114227, "35": 0.46150413340114227, "36": 0.46150413340114227, "37": 0.3613651446923889, "38": 0.3613651446923889, "39": 0.3613651446923889, "40": 0.3613651446923889, "41": 0.3613651446923889, "42": 0.3613651446923889, "43": 0.3613651446923889, "44": 0.3613651446923889, "45": 0.3613651446923889, "46": 0.3613651446923889, "47": 0.3613651446923889, "48": 0.3613651446923889, "49": 0.3613651446923889, "50": 0.3613651446923889, "51": 0.3613651446923889, "52": 0.3613651446923889, "53": 0.3613651446923889, "54": 0.3613651446923889, "55": 0.3613651446923889, "56": 0.3613651446923889, "57": 0.3613651446923889, "58": 0.3613651446923889, "59": 0.3613651446923889, "60": 0.3613651446923889, "61": 0.3613651446923889, "62": 0.3613651446923889, "63": 0.3613651446923889, "64": 0.3613651446923889, "65": 0.3613651446923889, "66": 0.3204147681065521, "67": 0.3204147681065521, "68": 0.3204147681065521, "69": 0.3204147681065521, "70": 0.3204147681065521, "71": 0.3204147681065521, "72": 0.3204147681065521, "73": 0.3204147681065521, "74": 0.3204147681065521, "75": 0.3204147681065521, "76": 0.3204147681065521, "77": 0.3204147681065521, "78": 0.3204147681065521, "79": 0.3204147681065521, "80": 0.3204147681065521, "81": 0.3204147681065521, "82": 0.3204147681065521, "83": 0.3204147681065521, "84": 0.3204147681065521, "85": 0.3204147681065521, "86": 0.3204147681065521, "87": 0.3204147681065521, "88": 0.3204147681065521, "89": 0.3204147681065521, "90": 0.3204147681065521, "91": 0.3204147681065521, "92": 0.3204147681065521, "93": 0.3204147681065521, "94": 0.3204147681065521, "95": 0.3204147681065521, "96": 0.3204147681065521, "97": 0.3204147681065521, "98": 0.3204147681065521, "99": 0.3204147681065521, "100": 0.3204147681065521}