{"0": 17.016986234723007, "1": 14.790167133854176, "2": 14.790167133854176, "3": 14.790167133854176, "4": 14.790167133854176, "5": 11.132003586967226, "6": 10.616169771768556, "7": 7.4421520020698875, "8": 5.751949181518281, "9": 5.751949181518281, "10": 2.917518157261078, "11": 2.917518157261078, "12": 2.917518157261078, "13": 2.917518157261078, "14": 2.917518157261078, "15": 2.917518157261078, "16": 2.917518157261078, "17": 2.917518157261078, "18": 2.1422794365324265, "19": 2.1422794365324265, "20": 2.1422794365324265, "21": 2.1422794365324265, "22": 2.1422794365324265, "23": 2.1422794365324265, "24": 2.1422794365324265, "25": 2.1422794365324265, "26": 2.1422794365324265, "27": 2.1422794365324265, "28": 2.1422794365324265, "29": 2.1422794365324265, "30": 2.1422794365324265, "31": 2.1422794365324265, "32": 2.1422794365324265, "33": 2.1422794365324265, "34": 2.1422794365324265, "35": 1.6462057883221561, "36": 1.6462057883221561, "37": 1.6462057883221561, "38": 1.6462057883221561, "39": 1.6462057883221561, "40": 1.6462057883221561, "41": 1.6462057883221561, "42": 1.6462057883221561, "43": 1.6462057883221561, "44": 1.6462057883221561, "45": 1.6462057883221561, "46": 1.6462057883221561, "47": 1.6462057883221561, "48": 1.6462057883221561, "49": 1.6462057883221561, "50": 1.6462057883221561, "51": 1.6462057883221561, "52": 1.6462057883221561, "53": 1.6462057883221561, "54": 1.6462057883221561, "55": 1.6462057883221561, "56": 1.6462057883221561, "57": 1.6462057883221561, "58": 1.6462057883221561, "59": 1.6462057883221561, "60": 0.9688757037152982, "61": 0.9688757037152982, "62": 0.9688757037152982, "63": 0.9688757037152982, "64": 0.9688757037152982, "65": 0.9688757037152982, "66": 0.9688757037152982, "67": 0.9688757037152982, "68": 0.9688757037152982, "69": 0.9688757037152982, "70": 0.9688757037152982, "71": 0.9688757037152982, "72": 0.9688757037152982, "73": 0.9688757037152982, "74": 0.9688757037152982, "75": 0.9688757037152982, "76": 0.9688757037152982, "77": 0.9688757037152982, "78": 0.9688757037152982, "79": 0.9688757037152982, "80": 0.9688757037152982, "81": 0.9688757037152982, "82": 0.9688757037152982, "83": 0.9688757037152982, "84": 0.9688757037152982, "85": 0.9688757037152982, "86": 0.9688757037152982, "87": 0.9688757037152982, "88": 0.9688757037152982, "89": 0.9688757037152982, "90": 0.9688757037152982, "91": 0.9688757037152982, "92": 0.9688757037152982, "93": 0.9688757037152982, "94": 0.9688757037152982, "95": 0.9688757037152982, "96": 0.9688757037152982, "97": 0.9688757037152982, "98": 0.9688757037152982, "99": 0.5130857939076066, "100": 0.5130857939076066}