{"0": 21.24783120636448, "1": 5.716583144954871, "2": 5.716583144954871, "3": 5.716583144954871, "4": 5.716583144954871, "5": 5.282278956572952, "6": 5.282278956572952, "7": 5.282278956572952, "8": 5.264347108403182, "9": 5.264347108403182, "10": 5.264347108403182, "11": 5.264347108403182, "12": 3.866193502093001, "13": 3.866193502093001, "14": 3.866193502093001, "15": 3.866193502093001, "16": 3.776718077808482, "17": 1.4510454434182805, "18": 1.4510454434182805, "19": 1.4510454434182805, "20": 1.4510454434182805, "21": 1.4142898764431564, "22": 1.4142898764431564, "23": 1.4142898764431564, "24": 1.4142898764431564, "25": 1.4142898764431564, "26": 1.4142898764431564, "27": 1.4142898764431564, "28": 1.4142898764431564, "29": 1.4142898764431564, "30": 1.4142898764431564, "31": 1.4142898764431564, "32": 1.4142898764431564, "33": 1.4142898764431564, "34": 1.4142898764431564, "35": 1.4142898764431564, "36": 1.4142898764431564, "37": 0.5389555936989012, "38": 0.5389555936989012, "39": 0.5389555936989012, "40": 0.5389555936989012, "41": 0.5389555936989012, "42": 0.5389555936989012, "43": 0.5389555936989012, "44": 0.5389555936989012, "45": 0.5389555936989012, "46": 0.5389555936989012, "47": 0.5389555936989012, "48": 0.5389555936989012, "49": 0.5389555936989012, "50": 0.5389555936989012, "51": 0.5389555936989012, "52": 0.5389555936989012, "53": 0.5389555936989012, "54": 0.5389555936989012, "55": 0.5389555936989012, "56": 0.5389555936989012, "57": 0.5389555936989012, "58": 0.5389555936989012, "59": 0.5389555936989012, "60": 0.5389555936989012, "61": 0.5389555936989012, "62": 0.5389555936989012, "63": 0.5389555936989012, "64": 0.5389555936989012, "65": 0.5389555936989012, "66": 0.5389555936989012, "67": 0.5389555936989012, "68": 0.5389555936989012, "69": 0.5389555936989012, "70": 0.5389555936989012, "71": 0.5389555936989012, "72": 0.5389555936989012, "73": 0.5389555936989012, "74": 0.5389555936989012, "75": 0.5389555936989012, "76": 0.5389555936989012, "77": 0.5389555936989012, "78": 0.5389555936989012, "79": 0.5389555936989012, "80": 0.5389555936989012, "81": 0.5389555936989012, "82": 0.5389555936989012, "83": 0.5389555936989012, "84": 0.5389555936989012, "85": 0.5389555936989012, "86": 0.5389555936989012, "87": 0.5389555936989012, "88": 0.5389555936989012, "89": 0.5389555936989012, "90": 0.5389555936989012, "91": 0.5389555936989012, "92": 0.5389555936989012, "93": 0.5389555936989012, "94": 0.5389555936989012, "95": 0.5389555936989012, "96": 0.5389555936989012, "97": 0.5389555936989012, "98": 0.5389555936989012, "99": 0.5389555936989012, "100": 0.5389555936989012}