{"0": 30.76584704598126, "1": 27.123733488408313, "2": 7.982830070801688, "3": 7.982830070801688, "4": 7.982830070801688, "5": 5.787188802285701, "6": 5.787188802285701, "7": 5.787188802285701, "8": 5.787188802285701, "9": 5.787188802285701, "10": 5.787188802285701, "11": 5.787188802285701, "12": 5.787188802285701, "13": 5.787188802285701, "14": 5.332055941452927, "15": 5.332055941452927, "16": 5.122349410779025, "17": 5.122349410779025, "18": 5.122349410779025, "19": 5.122349410779025, "20": 5.079115956335842, "21": 2.1503924271554418, "22": 2.1503924271554418, "23": 2.1503924271554418, "24": 2.1503924271554418, "25": 2.1503924271554418, "26": 2.1503924271554418, "27": 2.1503924271554418, "28": 2.1503924271554418, "29": 2.1503924271554418, "30": 2.1503924271554418, "31": 2.1503924271554418, "32": 2.1503924271554418, "33": 2.1503924271554418, "34": 2.1503924271554418, "35": 2.1503924271554418, "36": 2.1503924271554418, "37": 2.1503924271554418, "38": 2.1503924271554418, "39": 2.1503924271554418, "40": 2.1503924271554418, "41": 2.1503924271554418, "42": 2.1503924271554418, "43": 2.1503924271554418, "44": 2.1503924271554418, "45": 2.1503924271554418, "46": 2.1503924271554418, "47": 2.1503924271554418, "48": 2.1503924271554418, "49": 2.1503924271554418, "50": 2.1503924271554418, "51": 2.1503924271554418, "52": 2.1503924271554418, "53": 2.1503924271554418, "54": 2.1503924271554418, "55": 2.1503924271554418, "56": 2.1503924271554418, "57": 2.1503924271554418, "58": 2.1503924271554418, "59": 2.1503924271554418, "60": 2.1503924271554418, "61": 2.1503924271554418, "62": 2.1503924271554418, "63": 2.1503924271554418, "64": 2.1503924271554418, "65": 2.1503924271554418, "66": 2.1503924271554418, "67": 2.1503924271554418, "68": 2.1503924271554418, "69": 2.1503924271554418, "70": 2.1503924271554418, "71": 2.1503924271554418, "72": 2.1503924271554418, "73": 2.1503924271554418, "74": 2.1503924271554418, "75": 2.1503924271554418, "76": 2.1503924271554418, "77": 2.1503924271554418, "78": 2.1503924271554418, "79": 2.1503924271554418, "80": 2.1503924271554418, "81": 2.1503924271554418, "82": 2.1503924271554418, "83": 2.1503924271554418, "84": 2.1503924271554418, "85": 2.1503924271554418, "86": 2.1503924271554418, "87": 2.1503924271554418, "88": 2.1503924271554418, "89": 2.1503924271554418, "90": 2.1503924271554418, "91": 2.1503924271554418, "92": 2.1503924271554418, "93": 2.1503924271554418, "94": 2.1503924271554418, "95": 2.1503924271554418, "96": 2.1503924271554418, "97": 2.1503924271554418, "98": 2.1503924271554418, "99": 2.1503924271554418, "100": 2.1503924271554418}