{"0": 8.645672569472417, "1": 8.645672569472417, "2": 4.823009602545346, "3": 4.823009602545346, "4": 4.823009602545346, "5": 4.823009602545346, "6": 4.823009602545346, "7": 3.325380103877734, "8": 3.325380103877734, "9": 2.805548836577117, "10": 2.4458477784372405, "11": 2.4458477784372405, "12": 2.4458477784372405, "13": 2.4458477784372405, "14": 2.349931519061478, "15": 2.0172254101019362, "16": 2.0172254101019362, "17": 2.0172254101019362, "18": 2.0172254101019362, "19": 2.0172254101019362, "20": 2.0172254101019362, "21": 2.0172254101019362, "22": 1.2416241463142192, "23": 1.2416241463142192, "24": 1.2416241463142192, "25": 1.2416241463142192, "26": 1.2416241463142192, "27": 1.2416241463142192, "28": 1.2416241463142192, "29": 1.2172500125318138, "30": 1.2172500125318138, "31": 1.2172500125318138, "32": 1.2172500125318138, "33": 0.08691629401004519, "34": 0.08691629401004519, "35": 0.08691629401004519, "36": 0.08691629401004519, "37": 0.08691629401004519, "38": 0.08691629401004519, "39": 0.08691629401004519, "40": 0.08691629401004519, "41": 0.08691629401004519, "42": 0.08691629401004519, "43": 0.08691629401004519, "44": 0.08691629401004519, "45": 0.08691629401004519, "46": 0.08691629401004519, "47": 0.08691629401004519, "48": 0.08691629401004519, "49": 0.08691629401004519, "50": 0.08691629401004519, "51": 0.08691629401004519, "52": 0.08691629401004519, "53": 0.08691629401004519, "54": 0.08691629401004519, "55": 0.08691629401004519, "56": 0.08691629401004519, "57": 0.08691629401004519, "58": 0.08691629401004519, "59": 0.08691629401004519, "60": 0.08691629401004519, "61": 0.08691629401004519, "62": 0.08691629401004519, "63": 0.08691629401004519, "64": 0.08691629401004519, "65": 0.08691629401004519, "66": 0.08691629401004519, "67": 0.08691629401004519, "68": 0.08691629401004519, "69": 0.08691629401004519, "70": 0.08691629401004519, "71": 0.08691629401004519, "72": 0.08691629401004519, "73": 0.08691629401004519, "74": 0.08691629401004519, "75": 0.08691629401004519, "76": 0.08691629401004519, "77": 0.08691629401004519, "78": 0.08691629401004519, "79": 0.08691629401004519, "80": 0.08691629401004519, "81": 0.08691629401004519, "82": 0.08691629401004519, "83": 0.08691629401004519, "84": 0.08691629401004519, "85": 0.08691629401004519, "86": 0.08691629401004519, "87": 0.08691629401004519, "88": 0.08691629401004519, "89": 0.08691629401004519, "90": 0.08691629401004519, "91": 0.08691629401004519, "92": 0.08691629401004519, "93": 0.08691629401004519, "94": 0.08691629401004519, "95": 0.08691629401004519, "96": 0.08691629401004519, "97": 0.08691629401004519, "98": 0.08691629401004519, "99": 0.08691629401004519, "100": 0.08691629401004519}