{"0": 36.32740889677585, "1": 12.370568296241467, "2": 12.370568296241467, "3": 10.750714623468117, "4": 10.750714623468117, "5": 10.750714623468117, "6": 4.258085517063595, "7": 4.258085517063595, "8": 4.258085517063595, "9": 4.258085517063595, "10": 4.258085517063595, "11": 4.258085517063595, "12": 4.258085517063595, "13": 4.258085517063595, "14": 4.093091797833289, "15": 4.093091797833289, "16": 4.093091797833289, "17": 4.093091797833289, "18": 4.093091797833289, "19": 1.325887925527887, "20": 1.325887925527887, "21": 1.325887925527887, "22": 1.325887925527887, "23": 1.325887925527887, "24": 1.325887925527887, "25": 1.325887925527887, "26": 0.21935834513514862, "27": 0.21935834513514862, "28": 0.21935834513514862, "29": 0.21935834513514862, "30": 0.21935834513514862, "31": 0.21935834513514862, "32": 0.21935834513514862, "33": 0.21935834513514862, "34": 0.21935834513514862, "35": 0.21935834513514862, "36": 0.21935834513514862, "37": 0.21935834513514862, "38": 0.21935834513514862, "39": 0.21935834513514862, "40": 0.21935834513514862, "41": 0.21935834513514862, "42": 0.21935834513514862, "43": 0.21935834513514862, "44": 0.21935834513514862, "45": 0.21935834513514862, "46": 0.21935834513514862, "47": 0.21935834513514862, "48": 0.21935834513514862, "49": 0.21935834513514862, "50": 0.21935834513514862, "51": 0.21935834513514862, "52": 0.21935834513514862, "53": 0.21935834513514862, "54": 0.21935834513514862, "55": 0.21935834513514862, "56": 0.21935834513514862, "57": 0.21935834513514862, "58": 0.21935834513514862, "59": 0.21935834513514862, "60": 0.21935834513514862, "61": 0.21935834513514862, "62": 0.21935834513514862, "63": 0.21935834513514862, "64": 0.21935834513514862, "65": 0.21935834513514862, "66": 0.21935834513514862, "67": 0.21935834513514862, "68": 0.21935834513514862, "69": 0.21935834513514862, "70": 0.21935834513514862, "71": 0.21935834513514862, "72": 0.21935834513514862, "73": 0.21935834513514862, "74": 0.21935834513514862, "75": 0.21935834513514862, "76": 0.21935834513514862, "77": 0.21935834513514862, "78": 0.21935834513514862, "79": 0.21935834513514862, "80": 0.21935834513514862, "81": 0.21935834513514862, "82": 0.21935834513514862, "83": 0.21935834513514862, "84": 0.21935834513514862, "85": 0.21935834513514862, "86": 0.21935834513514862, "87": 0.21935834513514862, "88": 0.21935834513514862, "89": 0.21935834513514862, "90": 0.21935834513514862, "91": 0.21935834513514862, "92": 0.21935834513514862, "93": 0.21935834513514862, "94": 0.21935834513514862, "95": 0.21935834513514862, "96": 0.21935834513514862, "97": 0.21935834513514862, "98": 0.21935834513514862, "99": 0.21935834513514862, "100": 0.21935834513514862}