{"0": 14.929166446775405, "1": 14.929166446775405, "2": 14.929166446775405, "3": 14.929166446775405, "4": 13.102681735758416, "5": 13.102681735758416, "6": 13.102681735758416, "7": 9.839840010309288, "8": 9.839840010309288, "9": 9.839840010309288, "10": 8.476164373224158, "11": 6.10945097089362, "12": 6.10945097089362, "13": 5.855533220285025, "14": 5.855533220285025, "15": 5.855533220285025, "16": 5.855533220285025, "17": 5.855533220285025, "18": 5.855533220285025, "19": 5.0342515196392625, "20": 5.0342515196392625, "21": 5.0342515196392625, "22": 5.0342515196392625, "23": 5.0342515196392625, "24": 5.0342515196392625, "25": 5.0342515196392625, "26": 5.0342515196392625, "27": 5.0342515196392625, "28": 5.0342515196392625, "29": 5.0342515196392625, "30": 5.0342515196392625, "31": 5.0342515196392625, "32": 4.970060328849419, "33": 4.970060328849419, "34": 4.970060328849419, "35": 4.970060328849419, "36": 4.970060328849419, "37": 4.970060328849419, "38": 4.970060328849419, "39": 4.970060328849419, "40": 4.970060328849419, "41": 4.970060328849419, "42": 4.970060328849419, "43": 4.970060328849419, "44": 4.970060328849419, "45": 4.309964163628392, "46": 4.309964163628392, "47": 4.309964163628392, "48": 4.065616773906521, "49": 4.065616773906521, "50": 4.065616773906521, "51": 4.065616773906521, "52": 4.065616773906521, "53": 4.065616773906521, "54": 4.065616773906521, "55": 4.065616773906521, "56": 4.065616773906521, "57": 4.065616773906521, "58": 4.065616773906521, "59": 3.845552679661406, "60": 3.845552679661406, "61": 3.845552679661406, "62": 3.845552679661406, "63": 3.845552679661406, "64": 3.845552679661406, "65": 3.845552679661406, "66": 3.845552679661406, "67": 1.2951279832837415, "68": 1.2951279832837415, "69": 1.2951279832837415, "70": 1.2951279832837415, "71": 1.2951279832837415, "72": 1.2951279832837415, "73": 1.2951279832837415, "74": 1.2951279832837415, "75": 1.2951279832837415, "76": 1.2951279832837415, "77": 1.2951279832837415, "78": 1.2951279832837415, "79": 1.2951279832837415, "80": 1.2951279832837415, "81": 1.2951279832837415, "82": 1.2951279832837415, "83": 1.2951279832837415, "84": 1.2951279832837415, "85": 1.2951279832837415, "86": 1.2951279832837415, "87": 1.2951279832837415, "88": 1.2951279832837415, "89": 1.2951279832837415, "90": 1.2951279832837415, "91": 1.2951279832837415, "92": 1.2951279832837415, "93": 1.2951279832837415, "94": 1.2951279832837415, "95": 1.2951279832837415, "96": 1.2951279832837415, "97": 1.2951279832837415, "98": 1.2951279832837415, "99": 1.2951279832837415, "100": 1.2951279832837415}