{"0": 15.868124624199385, "1": 15.868124624199385, "2": 3.0032219917780516, "3": 3.0032219917780516, "4": 3.0032219917780516, "5": 3.0032219917780516, "6": 3.0032219917780516, "7": 3.0032219917780516, "8": 3.0032219917780516, "9": 3.0032219917780516, "10": 3.0032219917780516, "11": 3.0032219917780516, "12": 2.5277078066270775, "13": 2.5277078066270775, "14": 2.5277078066270775, "15": 2.5277078066270775, "16": 2.5277078066270775, "17": 2.5277078066270775, "18": 2.5277078066270775, "19": 2.5277078066270775, "20": 2.5277078066270775, "21": 2.5277078066270775, "22": 2.5277078066270775, "23": 2.5277078066270775, "24": 2.008662927558305, "25": 2.008662927558305, "26": 2.008662927558305, "27": 2.008662927558305, "28": 2.008662927558305, "29": 2.008662927558305, "30": 2.008662927558305, "31": 2.008662927558305, "32": 2.008662927558305, "33": 2.008662927558305, "34": 2.008662927558305, "35": 2.008662927558305, "36": 2.008662927558305, "37": 2.008662927558305, "38": 2.008662927558305, "39": 2.008662927558305, "40": 2.008662927558305, "41": 2.008662927558305, "42": 2.008662927558305, "43": 2.008662927558305, "44": 2.008662927558305, "45": 2.008662927558305, "46": 2.008662927558305, "47": 2.008662927558305, "48": 2.008662927558305, "49": 2.008662927558305, "50": 2.008662927558305, "51": 2.008662927558305, "52": 2.008662927558305, "53": 2.008662927558305, "54": 2.008662927558305, "55": 2.008662927558305, "56": 2.008662927558305, "57": 2.008662927558305, "58": 2.008662927558305, "59": 2.008662927558305, "60": 2.008662927558305, "61": 2.008662927558305, "62": 2.008662927558305, "63": 2.008662927558305, "64": 2.008662927558305, "65": 2.008662927558305, "66": 2.008662927558305, "67": 2.008662927558305, "68": 2.008662927558305, "69": 2.008662927558305, "70": 2.008662927558305, "71": 2.008662927558305, "72": 2.008662927558305, "73": 2.008662927558305, "74": 2.008662927558305, "75": 2.008662927558305, "76": 2.008662927558305, "77": 2.008662927558305, "78": 2.008662927558305, "79": 2.008662927558305, "80": 2.008662927558305, "81": 2.008662927558305, "82": 2.008662927558305, "83": 2.008662927558305, "84": 2.008662927558305, "85": 2.008662927558305, "86": 2.008662927558305, "87": 2.008662927558305, "88": 2.008662927558305, "89": 2.008662927558305, "90": 2.008662927558305, "91": 2.008662927558305, "92": 2.008662927558305, "93": 2.008662927558305, "94": 2.008662927558305, "95": 2.008662927558305, "96": 2.008662927558305, "97": 2.008662927558305, "98": 2.008662927558305, "99": 2.008662927558305, "100": 2.008662927558305}