{"0": 21.169223539438637, "1": 20.967046325402258, "2": 20.56278829083162, "3": 1.8195669003201012, "4": 1.8195669003201012, "5": 1.8195669003201012, "6": 1.8195669003201012, "7": 1.8195669003201012, "8": 1.8195669003201012, "9": 1.8195669003201012, "10": 1.8195669003201012, "11": 1.8195669003201012, "12": 1.8195669003201012, "13": 1.8195669003201012, "14": 1.8195669003201012, "15": 1.8195669003201012, "16": 1.8195669003201012, "17": 1.8195669003201012, "18": 1.8195669003201012, "19": 1.8195669003201012, "20": 1.8195669003201012, "21": 1.8195669003201012, "22": 1.8195669003201012, "23": 1.8195669003201012, "24": 1.8195669003201012, "25": 1.8195669003201012, "26": 1.8195669003201012, "27": 1.8195669003201012, "28": 1.8195669003201012, "29": 1.8195669003201012, "30": 1.8195669003201012, "31": 1.8195669003201012, "32": 1.8195669003201012, "33": 1.8195669003201012, "34": 1.8195669003201012, "35": 1.8195669003201012, "36": 1.7111543962103113, "37": 1.7111543962103113, "38": 1.7111543962103113, "39": 0.189094349256834, "40": 0.189094349256834, "41": 0.189094349256834, "42": 0.189094349256834, "43": 0.189094349256834, "44": 0.189094349256834, "45": 0.189094349256834, "46": 0.189094349256834, "47": 0.189094349256834, "48": 0.189094349256834, "49": 0.189094349256834, "50": 0.189094349256834, "51": 0.189094349256834, "52": 0.189094349256834, "53": 0.189094349256834, "54": 0.189094349256834, "55": 0.189094349256834, "56": 0.189094349256834, "57": 0.189094349256834, "58": 0.189094349256834, "59": 0.189094349256834, "60": 0.189094349256834, "61": 0.189094349256834, "62": 0.189094349256834, "63": 0.189094349256834, "64": 0.189094349256834, "65": 0.189094349256834, "66": 0.189094349256834, "67": 0.189094349256834, "68": 0.189094349256834, "69": 0.189094349256834, "70": 0.189094349256834, "71": 0.189094349256834, "72": 0.189094349256834, "73": 0.189094349256834, "74": 0.189094349256834, "75": 0.189094349256834, "76": 0.189094349256834, "77": 0.189094349256834, "78": 0.189094349256834, "79": 0.12918243024660825, "80": 0.12918243024660825, "81": 0.12918243024660825, "82": 0.12918243024660825, "83": 0.12918243024660825, "84": 0.12918243024660825, "85": 0.12918243024660825, "86": 0.12918243024660825, "87": 0.12918243024660825, "88": 0.12918243024660825, "89": 0.12918243024660825, "90": 0.12918243024660825, "91": 0.12918243024660825, "92": 0.12918243024660825, "93": 0.12918243024660825, "94": 0.12918243024660825, "95": 0.12918243024660825, "96": 0.12918243024660825, "97": 0.12918243024660825, "98": 0.12918243024660825, "99": 0.12918243024660825, "100": 0.12918243024660825}