{"0": 12.951246806098979, "1": 10.457091689764693, "2": 10.457091689764693, "3": 10.457091689764693, "4": 7.430969917886447, "5": 7.430969917886447, "6": 7.430969917886447, "7": 7.430969917886447, "8": 7.2617617082484, "9": 7.2617617082484, "10": 7.2617617082484, "11": 6.2172593735335315, "12": 6.2172593735335315, "13": 4.582221152556638, "14": 4.582221152556638, "15": 4.582221152556638, "16": 3.259835027382387, "17": 3.259835027382387, "18": 3.259835027382387, "19": 3.259835027382387, "20": 3.259835027382387, "21": 3.259835027382387, "22": 3.259835027382387, "23": 3.259835027382387, "24": 3.259835027382387, "25": 3.259835027382387, "26": 3.259835027382387, "27": 3.259835027382387, "28": 3.259835027382387, "29": 3.259835027382387, "30": 2.8030523496568307, "31": 2.8030523496568307, "32": 2.8030523496568307, "33": 2.8030523496568307, "34": 2.8030523496568307, "35": 2.8030523496568307, "36": 2.8030523496568307, "37": 2.8030523496568307, "38": 2.8030523496568307, "39": 2.8030523496568307, "40": 2.7411491828191394, "41": 2.7411491828191394, "42": 2.7411491828191394, "43": 2.7411491828191394, "44": 2.7411491828191394, "45": 2.7411491828191394, "46": 2.7411491828191394, "47": 2.7411491828191394, "48": 2.7411491828191394, "49": 2.7411491828191394, "50": 2.7411491828191394, "51": 2.7411491828191394, "52": 2.7411491828191394, "53": 2.7411491828191394, "54": 2.7411491828191394, "55": 2.7411491828191394, "56": 2.7411491828191394, "57": 2.7411491828191394, "58": 2.7411491828191394, "59": 2.7411491828191394, "60": 2.7411491828191394, "61": 2.7411491828191394, "62": 2.7411491828191394, "63": 2.7411491828191394, "64": 2.7411491828191394, "65": 2.7411491828191394, "66": 2.7411491828191394, "67": 2.7411491828191394, "68": 2.7411491828191394, "69": 2.7411491828191394, "70": 2.7411491828191394, "71": 2.7411491828191394, "72": 2.7411491828191394, "73": 2.7411491828191394, "74": 2.7411491828191394, "75": 2.7411491828191394, "76": 2.1241327236940144, "77": 2.1241327236940144, "78": 2.1241327236940144, "79": 2.1241327236940144, "80": 2.1241327236940144, "81": 2.1241327236940144, "82": 2.1241327236940144, "83": 2.1241327236940144, "84": 1.8063714508997215, "85": 1.8063714508997215, "86": 1.8063714508997215, "87": 1.8063714508997215, "88": 1.8063714508997215, "89": 1.8063714508997215, "90": 1.8063714508997215, "91": 1.8063714508997215, "92": 1.8063714508997215, "93": 1.8063714508997215, "94": 1.8063714508997215, "95": 1.8063714508997215, "96": 1.8063714508997215, "97": 1.8063714508997215, "98": 1.8063714508997215, "99": 1.8063714508997215, "100": 1.8063714508997215}