{"0": 13.763233485617475, "1": 11.09162166718037, "2": 6.048380857441611, "3": 6.048380857441611, "4": 6.048380857441611, "5": 6.048380857441611, "6": 6.048380857441611, "7": 6.048380857441611, "8": 6.048380857441611, "9": 5.835502607708833, "10": 5.835502607708833, "11": 5.835502607708833, "12": 4.321241329406655, "13": 4.321241329406655, "14": 4.321241329406655, "15": 4.128520873800134, "16": 4.128520873800134, "17": 4.128520873800134, "18": 4.128520873800134, "19": 4.128520873800134, "20": 1.8576154374920222, "21": 1.8576154374920222, "22": 1.8576154374920222, "23": 1.8576154374920222, "24": 1.8576154374920222, "25": 1.8576154374920222, "26": 1.8576154374920222, "27": 1.8576154374920222, "28": 1.8576154374920222, "29": 1.4730582850535932, "30": 1.4730582850535932, "31": 1.4730582850535932, "32": 1.4730582850535932, "33": 1.4730582850535932, "34": 1.4730582850535932, "35": 1.4730582850535932, "36": 1.4730582850535932, "37": 1.4730582850535932, "38": 1.4730582850535932, "39": 1.4730582850535932, "40": 1.4730582850535932, "41": 1.4730582850535932, "42": 1.4730582850535932, "43": 1.4730582850535932, "44": 1.4730582850535932, "45": 1.4730582850535932, "46": 1.4730582850535932, "47": 1.4730582850535932, "48": 1.4730582850535932, "49": 1.4730582850535932, "50": 1.4730582850535932, "51": 1.4730582850535932, "52": 1.4730582850535932, "53": 1.4730582850535932, "54": 1.4730582850535932, "55": 1.4730582850535932, "56": 1.4730582850535932, "57": 1.4730582850535932, "58": 1.4730582850535932, "59": 1.4730582850535932, "60": 1.4730582850535932, "61": 1.4730582850535932, "62": 1.4730582850535932, "63": 1.4730582850535932, "64": 1.4730582850535932, "65": 1.4730582850535932, "66": 1.4730582850535932, "67": 1.4730582850535932, "68": 1.4730582850535932, "69": 1.4730582850535932, "70": 1.4730582850535932, "71": 1.4730582850535932, "72": 1.4730582850535932, "73": 1.4730582850535932, "74": 1.4730582850535932, "75": 1.4730582850535932, "76": 1.4730582850535932, "77": 1.4730582850535932, "78": 1.4730582850535932, "79": 1.4730582850535932, "80": 1.4730582850535932, "81": 1.4730582850535932, "82": 1.4730582850535932, "83": 1.4730582850535932, "84": 1.4730582850535932, "85": 1.4730582850535932, "86": 1.4730582850535932, "87": 1.4730582850535932, "88": 1.4730582850535932, "89": 1.4730582850535932, "90": 1.4730582850535932, "91": 1.4730582850535932, "92": 1.4730582850535932, "93": 1.4730582850535932, "94": 1.4730582850535932, "95": 1.4730582850535932, "96": 1.4730582850535932, "97": 1.4730582850535932, "98": 1.4730582850535932, "99": 1.4730582850535932, "100": 1.4730582850535932}