{"0": 14.617282271534211, "1": 14.617282271534211, "2": 14.617282271534211, "3": 14.617282271534211, "4": 13.695904254760027, "5": 6.968111338811536, "6": 4.692159901804608, "7": 4.692159901804608, "8": 4.692159901804608, "9": 4.692159901804608, "10": 4.244656702081635, "11": 4.244656702081635, "12": 1.056775717399809, "13": 1.056775717399809, "14": 1.056775717399809, "15": 1.056775717399809, "16": 1.056775717399809, "17": 1.056775717399809, "18": 1.056775717399809, "19": 1.056775717399809, "20": 1.056775717399809, "21": 1.056775717399809, "22": 1.056775717399809, "23": 1.056775717399809, "24": 1.056775717399809, "25": 1.056775717399809, "26": 1.056775717399809, "27": 1.056775717399809, "28": 1.056775717399809, "29": 1.056775717399809, "30": 1.056775717399809, "31": 1.056775717399809, "32": 1.056775717399809, "33": 1.056775717399809, "34": 1.056775717399809, "35": 1.056775717399809, "36": 1.056775717399809, "37": 1.056775717399809, "38": 1.056775717399809, "39": 1.056775717399809, "40": 1.056775717399809, "41": 1.056775717399809, "42": 1.056775717399809, "43": 1.056775717399809, "44": 1.056775717399809, "45": 1.056775717399809, "46": 1.056775717399809, "47": 1.056775717399809, "48": 1.056775717399809, "49": 1.056775717399809, "50": 1.056775717399809, "51": 1.056775717399809, "52": 1.056775717399809, "53": 1.056775717399809, "54": 1.056775717399809, "55": 1.056775717399809, "56": 1.056775717399809, "57": 1.056775717399809, "58": 1.056775717399809, "59": 1.056775717399809, "60": 1.056775717399809, "61": 1.056775717399809, "62": 1.056775717399809, "63": 1.056775717399809, "64": 1.056775717399809, "65": 1.056775717399809, "66": 1.056775717399809, "67": 1.056775717399809, "68": 1.056775717399809, "69": 1.056775717399809, "70": 1.056775717399809, "71": 1.056775717399809, "72": 1.056775717399809, "73": 1.056775717399809, "74": 1.056775717399809, "75": 1.056775717399809, "76": 1.056775717399809, "77": 1.056775717399809, "78": 1.056775717399809, "79": 1.056775717399809, "80": 1.056775717399809, "81": 1.056775717399809, "82": 1.056775717399809, "83": 1.056775717399809, "84": 1.056775717399809, "85": 1.056775717399809, "86": 1.056775717399809, "87": 1.056775717399809, "88": 1.056775717399809, "89": 1.056775717399809, "90": 1.056775717399809, "91": 1.056775717399809, "92": 1.056775717399809, "93": 1.056775717399809, "94": 1.056775717399809, "95": 1.056775717399809, "96": 1.056775717399809, "97": 1.056775717399809, "98": 1.056775717399809, "99": 1.056775717399809, "100": 1.056775717399809}