{"0": 10.677967899200404, "1": 3.587364545909818, "2": 3.587364545909818, "3": 3.587364545909818, "4": 3.587364545909818, "5": 3.587364545909818, "6": 3.587364545909818, "7": 3.587364545909818, "8": 3.587364545909818, "9": 2.1224321857990773, "10": 2.1224321857990773, "11": 2.0261021122228655, "12": 2.0261021122228655, "13": 2.0261021122228655, "14": 2.0261021122228655, "15": 2.0261021122228655, "16": 2.0261021122228655, "17": 2.0261021122228655, "18": 2.0261021122228655, "19": 2.0261021122228655, "20": 2.0261021122228655, "21": 2.0261021122228655, "22": 2.0261021122228655, "23": 1.5861282430434116, "24": 1.5861282430434116, "25": 1.4277476106539808, "26": 1.4277476106539808, "27": 1.4277476106539808, "28": 1.0055660311859071, "29": 1.0055660311859071, "30": 1.0055660311859071, "31": 1.0055660311859071, "32": 1.0055660311859071, "33": 1.0055660311859071, "34": 1.0055660311859071, "35": 1.0055660311859071, "36": 1.0055660311859071, "37": 1.0055660311859071, "38": 1.0055660311859071, "39": 1.0055660311859071, "40": 1.0055660311859071, "41": 1.0055660311859071, "42": 1.0055660311859071, "43": 1.0055660311859071, "44": 1.0055660311859071, "45": 1.0055660311859071, "46": 1.0055660311859071, "47": 1.0055660311859071, "48": 1.0055660311859071, "49": 1.0055660311859071, "50": 1.0055660311859071, "51": 1.0055660311859071, "52": 1.0055660311859071, "53": 1.0055660311859071, "54": 1.0055660311859071, "55": 1.0055660311859071, "56": 1.0055660311859071, "57": 1.0055660311859071, "58": 1.0055660311859071, "59": 1.0055660311859071, "60": 1.0055660311859071, "61": 1.0055660311859071, "62": 1.0055660311859071, "63": 1.0055660311859071, "64": 1.0055660311859071, "65": 1.0055660311859071, "66": 1.0055660311859071, "67": 1.0055660311859071, "68": 1.0055660311859071, "69": 1.0055660311859071, "70": 1.0055660311859071, "71": 1.0055660311859071, "72": 1.0055660311859071, "73": 1.0055660311859071, "74": 1.0055660311859071, "75": 1.0055660311859071, "76": 1.0055660311859071, "77": 1.0055660311859071, "78": 1.0055660311859071, "79": 1.0055660311859071, "80": 1.0055660311859071, "81": 1.0055660311859071, "82": 1.0055660311859071, "83": 1.0055660311859071, "84": 1.0055660311859071, "85": 1.0055660311859071, "86": 1.0055660311859071, "87": 1.0055660311859071, "88": 1.0055660311859071, "89": 1.0055660311859071, "90": 1.0055660311859071, "91": 1.0055660311859071, "92": 1.0055660311859071, "93": 1.0055660311859071, "94": 1.0055660311859071, "95": 1.0055660311859071, "96": 1.0055660311859071, "97": 1.0055660311859071, "98": 1.0055660311859071, "99": 1.0055660311859071, "100": 1.0055660311859071}