{"0": 21.82303072516672, "1": 10.505963231910087, "2": 10.505963231910087, "3": 10.505963231910087, "4": 10.445066533205953, "5": 6.976441548958171, "6": 6.976441548958171, "7": 6.976441548958171, "8": 6.976441548958171, "9": 6.976441548958171, "10": 6.976441548958171, "11": 6.009675665403542, "12": 4.153086337620751, "13": 4.153086337620751, "14": 4.153086337620751, "15": 4.153086337620751, "16": 4.153086337620751, "17": 4.153086337620751, "18": 4.153086337620751, "19": 4.153086337620751, "20": 4.153086337620751, "21": 4.153086337620751, "22": 3.246297174264363, "23": 3.246297174264363, "24": 3.246297174264363, "25": 3.246297174264363, "26": 3.125583662235467, "27": 3.125583662235467, "28": 3.125583662235467, "29": 3.125583662235467, "30": 3.125583662235467, "31": 3.125583662235467, "32": 2.8975695788913534, "33": 2.8975695788913534, "34": 2.8975695788913534, "35": 2.8975695788913534, "36": 2.8975695788913534, "37": 2.8975695788913534, "38": 2.8975695788913534, "39": 2.8975695788913534, "40": 2.8975695788913534, "41": 2.6508974566416796, "42": 2.6508974566416796, "43": 2.6508974566416796, "44": 2.6508974566416796, "45": 2.6508974566416796, "46": 2.6508974566416796, "47": 2.6508974566416796, "48": 2.6508974566416796, "49": 2.6508974566416796, "50": 2.6508974566416796, "51": 2.6508974566416796, "52": 2.6508974566416796, "53": 2.6508974566416796, "54": 2.2051054451281615, "55": 2.2051054451281615, "56": 2.2051054451281615, "57": 2.2051054451281615, "58": 2.2051054451281615, "59": 2.2051054451281615, "60": 2.2051054451281615, "61": 2.2051054451281615, "62": 2.2051054451281615, "63": 2.2051054451281615, "64": 2.2051054451281615, "65": 2.2051054451281615, "66": 2.2051054451281615, "67": 2.2051054451281615, "68": 2.2051054451281615, "69": 1.2818472088851465, "70": 1.2818472088851465, "71": 1.2818472088851465, "72": 1.2818472088851465, "73": 1.2818472088851465, "74": 1.2818472088851465, "75": 1.2818472088851465, "76": 1.2818472088851465, "77": 1.2818472088851465, "78": 1.2818472088851465, "79": 1.2818472088851465, "80": 1.2818472088851465, "81": 1.2818472088851465, "82": 1.2818472088851465, "83": 1.2818472088851465, "84": 1.2190397464926974, "85": 1.2190397464926974, "86": 1.2190397464926974, "87": 1.2190397464926974, "88": 1.2190397464926974, "89": 1.2190397464926974, "90": 1.2190397464926974, "91": 1.2190397464926974, "92": 1.2190397464926974, "93": 1.2190397464926974, "94": 1.2190397464926974, "95": 1.2190397464926974, "96": 1.2190397464926974, "97": 1.2190397464926974, "98": 1.2190397464926974, "99": 1.2190397464926974, "100": 1.2190397464926974}