{"0": 26.06570306464593, "1": 8.338173550430298, "2": 8.338173550430298, "3": 8.338173550430298, "4": 8.338173550430298, "5": 7.765204917165574, "6": 7.765204917165574, "7": 7.765204917165574, "8": 1.2351616099557674, "9": 1.2351616099557674, "10": 1.2351616099557674, "11": 1.2351616099557674, "12": 1.2351616099557674, "13": 1.2351616099557674, "14": 1.2351616099557674, "15": 1.2351616099557674, "16": 1.2351616099557674, "17": 1.2351616099557674, "18": 1.2351616099557674, "19": 1.2351616099557674, "20": 1.2351616099557674, "21": 1.2351616099557674, "22": 1.2351616099557674, "23": 1.2351616099557674, "24": 1.2298154179733416, "25": 1.2298154179733416, "26": 1.2298154179733416, "27": 1.2298154179733416, "28": 1.2298154179733416, "29": 1.2298154179733416, "30": 1.2298154179733416, "31": 1.2298154179733416, "32": 1.2298154179733416, "33": 1.2298154179733416, "34": 0.5820837009684041, "35": 0.5820837009684041, "36": 0.5820837009684041, "37": 0.5820837009684041, "38": 0.5820837009684041, "39": 0.5820837009684041, "40": 0.5820837009684041, "41": 0.5820837009684041, "42": 0.5820837009684041, "43": 0.5820837009684041, "44": 0.5820837009684041, "45": 0.5820837009684041, "46": 0.5820837009684041, "47": 0.5820837009684041, "48": 0.5820837009684041, "49": 0.5820837009684041, "50": 0.5820837009684041, "51": 0.5820837009684041, "52": 0.5820837009684041, "53": 0.5820837009684041, "54": 0.5820837009684041, "55": 0.5820837009684041, "56": 0.5820837009684041, "57": 0.5820837009684041, "58": 0.5820837009684041, "59": 0.5820837009684041, "60": 0.5820837009684041, "61": 0.5820837009684041, "62": 0.5820837009684041, "63": 0.5820837009684041, "64": 0.5820837009684041, "65": 0.5820837009684041, "66": 0.5820837009684041, "67": 0.5820837009684041, "68": 0.5820837009684041, "69": 0.5820837009684041, "70": 0.5820837009684041, "71": 0.5820837009684041, "72": 0.5820837009684041, "73": 0.5820837009684041, "74": 0.5820837009684041, "75": 0.5820837009684041, "76": 0.5820837009684041, "77": 0.5820837009684041, "78": 0.5820837009684041, "79": 0.5820837009684041, "80": 0.5820837009684041, "81": 0.5820837009684041, "82": 0.5820837009684041, "83": 0.5820837009684041, "84": 0.5820837009684041, "85": 0.5820837009684041, "86": 0.5820837009684041, "87": 0.5820837009684041, "88": 0.5820837009684041, "89": 0.5820837009684041, "90": 0.5820837009684041, "91": 0.5820837009684041, "92": 0.5820837009684041, "93": 0.5820837009684041, "94": 0.5820837009684041, "95": 0.5820837009684041, "96": 0.5820837009684041, "97": 0.5820837009684041, "98": 0.5820837009684041, "99": 0.5820837009684041, "100": 0.5820837009684041}