{"0": 16.418378676240376, "1": 15.239769231071264, "2": 15.239769231071264, "3": 12.497749740308313, "4": 12.497749740308313, "5": 12.497749740308313, "6": 12.497749740308313, "7": 4.044075730225503, "8": 4.044075730225503, "9": 4.044075730225503, "10": 4.044075730225503, "11": 4.044075730225503, "12": 2.938105350282399, "13": 2.938105350282399, "14": 2.938105350282399, "15": 2.938105350282399, "16": 2.938105350282399, "17": 2.938105350282399, "18": 2.914389868567376, "19": 1.8690362856132836, "20": 1.8690362856132836, "21": 1.8690362856132836, "22": 0.08332534142267178, "23": 0.08332534142267178, "24": 0.08332534142267178, "25": 0.08332534142267178, "26": 0.08332534142267178, "27": 0.08332534142267178, "28": 0.08332534142267178, "29": 0.08332534142267178, "30": 0.08332534142267178, "31": 0.08332534142267178, "32": 0.08332534142267178, "33": 0.08332534142267178, "34": 0.08332534142267178, "35": 0.08332534142267178, "36": 0.08332534142267178, "37": 0.08332534142267178, "38": 0.08332534142267178, "39": 0.08332534142267178, "40": 0.08332534142267178, "41": 0.08332534142267178, "42": 0.08332534142267178, "43": 0.08332534142267178, "44": 0.08332534142267178, "45": 0.08332534142267178, "46": 0.08332534142267178, "47": 0.08332534142267178, "48": 0.08332534142267178, "49": 0.08332534142267178, "50": 0.08332534142267178, "51": 0.08332534142267178, "52": 0.08332534142267178, "53": 0.08332534142267178, "54": 0.08332534142267178, "55": 0.08332534142267178, "56": 0.08332534142267178, "57": 0.08332534142267178, "58": 0.08332534142267178, "59": 0.08332534142267178, "60": 0.08332534142267178, "61": 0.08332534142267178, "62": 0.08332534142267178, "63": 0.08332534142267178, "64": 0.08332534142267178, "65": 0.08332534142267178, "66": 0.08332534142267178, "67": 0.08332534142267178, "68": 0.08332534142267178, "69": 0.08332534142267178, "70": 0.08332534142267178, "71": 0.08332534142267178, "72": 0.08332534142267178, "73": 0.08332534142267178, "74": 0.08332534142267178, "75": 0.08332534142267178, "76": 0.08332534142267178, "77": 0.08332534142267178, "78": 0.08332534142267178, "79": 0.08332534142267178, "80": 0.08332534142267178, "81": 0.08332534142267178, "82": 0.08332534142267178, "83": 0.08332534142267178, "84": 0.08332534142267178, "85": 0.08332534142267178, "86": 0.08332534142267178, "87": 0.08332534142267178, "88": 0.08332534142267178, "89": 0.08332534142267178, "90": 0.08332534142267178, "91": 0.08332534142267178, "92": 0.08332534142267178, "93": 0.08332534142267178, "94": 0.08332534142267178, "95": 0.08332534142267178, "96": 0.08332534142267178, "97": 0.08332534142267178, "98": 0.08332534142267178, "99": 0.08332534142267178, "100": 0.08332534142267178}