{"0": 11.222032686876084, "1": 11.222032686876084, "2": 11.222032686876084, "3": 11.222032686876084, "4": 10.48152362922167, "5": 10.48152362922167, "6": 10.48152362922167, "7": 10.48152362922167, "8": 10.48152362922167, "9": 1.1943549610560709, "10": 1.1943549610560709, "11": 1.1943549610560709, "12": 1.1943549610560709, "13": 1.1943549610560709, "14": 1.1943549610560709, "15": 1.1943549610560709, "16": 1.1943549610560709, "17": 1.1943549610560709, "18": 1.1943549610560709, "19": 1.1943549610560709, "20": 1.1943549610560709, "21": 1.1943549610560709, "22": 1.1943549610560709, "23": 1.1943549610560709, "24": 1.1943549610560709, "25": 1.1943549610560709, "26": 1.1418167664776178, "27": 1.1418167664776178, "28": 1.1418167664776178, "29": 1.1418167664776178, "30": 1.1418167664776178, "31": 1.1418167664776178, "32": 1.1418167664776178, "33": 1.1418167664776178, "34": 1.1418167664776178, "35": 1.1418167664776178, "36": 1.1418167664776178, "37": 1.1418167664776178, "38": 1.1418167664776178, "39": 1.1418167664776178, "40": 1.1418167664776178, "41": 1.1418167664776178, "42": 1.1418167664776178, "43": 1.1418167664776178, "44": 1.1418167664776178, "45": 1.1418167664776178, "46": 1.1418167664776178, "47": 1.1418167664776178, "48": 1.1418167664776178, "49": 1.1418167664776178, "50": 1.1418167664776178, "51": 1.1418167664776178, "52": 1.1418167664776178, "53": 1.1418167664776178, "54": 1.1418167664776178, "55": 1.1418167664776178, "56": 1.1418167664776178, "57": 1.1418167664776178, "58": 1.1418167664776178, "59": 1.1418167664776178, "60": 1.1418167664776178, "61": 1.1418167664776178, "62": 1.1418167664776178, "63": 1.1418167664776178, "64": 1.1418167664776178, "65": 1.1418167664776178, "66": 1.1418167664776178, "67": 1.1418167664776178, "68": 1.1418167664776178, "69": 1.1418167664776178, "70": 1.1418167664776178, "71": 1.1418167664776178, "72": 1.1418167664776178, "73": 1.1418167664776178, "74": 1.1418167664776178, "75": 1.1418167664776178, "76": 1.1418167664776178, "77": 1.1418167664776178, "78": 1.1418167664776178, "79": 1.1418167664776178, "80": 1.1418167664776178, "81": 1.1418167664776178, "82": 1.1418167664776178, "83": 1.1418167664776178, "84": 1.1418167664776178, "85": 1.1418167664776178, "86": 1.1418167664776178, "87": 1.1418167664776178, "88": 1.1418167664776178, "89": 1.1418167664776178, "90": 1.1418167664776178, "91": 1.1418167664776178, "92": 1.1418167664776178, "93": 1.1418167664776178, "94": 1.1418167664776178, "95": 1.1418167664776178, "96": 1.1418167664776178, "97": 1.1418167664776178, "98": 1.1418167664776178, "99": 1.1418167664776178, "100": 1.1418167664776178}