{"0": 10.996254218130462, "1": 10.996254218130462, "2": 10.996254218130462, "3": 10.996254218130462, "4": 10.996254218130462, "5": 3.5249547610702017, "6": 3.5249547610702017, "7": 3.5249547610702017, "8": 3.5249547610702017, "9": 1.6819969298620663, "10": 1.6819969298620663, "11": 1.6819969298620663, "12": 1.3616838844385768, "13": 1.3616838844385768, "14": 1.3616838844385768, "15": 1.3616838844385768, "16": 1.3616838844385768, "17": 1.3616838844385768, "18": 1.3616838844385768, "19": 1.3616838844385768, "20": 1.3616838844385768, "21": 1.3616838844385768, "22": 1.3616838844385768, "23": 1.3616838844385768, "24": 1.3616838844385768, "25": 1.3616838844385768, "26": 1.3616838844385768, "27": 1.3616838844385768, "28": 1.3616838844385768, "29": 1.3616838844385768, "30": 1.3616838844385768, "31": 1.3616838844385768, "32": 1.3616838844385768, "33": 1.3616838844385768, "34": 1.3616838844385768, "35": 1.3616838844385768, "36": 1.3616838844385768, "37": 1.3616838844385768, "38": 1.3616838844385768, "39": 1.3616838844385768, "40": 1.3616838844385768, "41": 1.3616838844385768, "42": 1.3616838844385768, "43": 1.3616838844385768, "44": 1.3616838844385768, "45": 1.3616838844385768, "46": 1.3616838844385768, "47": 1.3616838844385768, "48": 1.3616838844385768, "49": 1.3616838844385768, "50": 1.3616838844385768, "51": 1.3616838844385768, "52": 1.3616838844385768, "53": 1.3616838844385768, "54": 1.3616838844385768, "55": 1.3616838844385768, "56": 1.3616838844385768, "57": 1.3616838844385768, "58": 1.3616838844385768, "59": 1.3616838844385768, "60": 1.3616838844385768, "61": 1.3616838844385768, "62": 1.3616838844385768, "63": 1.3616838844385768, "64": 1.3616838844385768, "65": 1.3616838844385768, "66": 1.3616838844385768, "67": 1.3616838844385768, "68": 1.3616838844385768, "69": 1.3616838844385768, "70": 1.3616838844385768, "71": 1.3616838844385768, "72": 0.34109048801537867, "73": 0.34109048801537867, "74": 0.34109048801537867, "75": 0.34109048801537867, "76": 0.34109048801537867, "77": 0.34109048801537867, "78": 0.34109048801537867, "79": 0.34109048801537867, "80": 0.34109048801537867, "81": 0.34109048801537867, "82": 0.34109048801537867, "83": 0.34109048801537867, "84": 0.34109048801537867, "85": 0.34109048801537867, "86": 0.34109048801537867, "87": 0.34109048801537867, "88": 0.34109048801537867, "89": 0.34109048801537867, "90": 0.34109048801537867, "91": 0.34109048801537867, "92": 0.34109048801537867, "93": 0.34109048801537867, "94": 0.34109048801537867, "95": 0.34109048801537867, "96": 0.34109048801537867, "97": 0.34109048801537867, "98": 0.34109048801537867, "99": 0.34109048801537867, "100": 0.34109048801537867}