{"0": 2.930849734960983, "1": 2.930849734960983, "2": 2.930849734960983, "3": 2.930849734960983, "4": 2.930849734960983, "5": 2.930849734960983, "6": 2.930849734960983, "7": 0.8275848613770265, "8": 0.8275848613770265, "9": 0.15240839406122575, "10": 0.15240839406122575, "11": 0.15240839406122575, "12": 0.15240839406122575, "13": 0.15240839406122575, "14": 0.15240839406122575, "15": 0.15240839406122575, "16": 0.15240839406122575, "17": 0.15240839406122575, "18": 0.15240839406122575, "19": 0.15240839406122575, "20": 0.15240839406122575, "21": 0.15240839406122575, "22": 0.15240839406122575, "23": 0.15240839406122575, "24": 0.15240839406122575, "25": 0.11117654182691084, "26": 0.11117654182691084, "27": 0.11117654182691084, "28": 0.11117654182691084, "29": 0.11117654182691084, "30": 0.11117654182691084, "31": 0.11117654182691084, "32": 0.11117654182691084, "33": 0.11117654182691084, "34": 0.11117654182691084, "35": 0.11117654182691084, "36": 0.11117654182691084, "37": 0.11117654182691084, "38": 0.11117654182691084, "39": 0.11117654182691084, "40": 0.11117654182691084, "41": 0.11117654182691084, "42": 0.11117654182691084, "43": 0.11117654182691084, "44": 0.11117654182691084, "45": 0.11117654182691084, "46": 0.11117654182691084, "47": 0.11117654182691084, "48": 0.11117654182691084, "49": 0.11117654182691084, "50": 0.11117654182691084, "51": 0.11117654182691084, "52": 0.11117654182691084, "53": 0.11117654182691084, "54": 0.11117654182691084, "55": 0.11117654182691084, "56": 0.11117654182691084, "57": 0.11117654182691084, "58": 0.11117654182691084, "59": 0.11117654182691084, "60": 0.11117654182691084, "61": 0.11117654182691084, "62": 0.11117654182691084, "63": 0.11117654182691084, "64": 0.11117654182691084, "65": 0.11117654182691084, "66": 0.11117654182691084, "67": 0.11117654182691084, "68": 0.11117654182691084, "69": 0.11117654182691084, "70": 0.11117654182691084, "71": 0.11117654182691084, "72": 0.11117654182691084, "73": 0.11117654182691084, "74": 0.11117654182691084, "75": 0.11117654182691084, "76": 0.11117654182691084, "77": 0.11117654182691084, "78": 0.11117654182691084, "79": 0.11117654182691084, "80": 0.11117654182691084, "81": 0.11117654182691084, "82": 0.11117654182691084, "83": 0.11117654182691084, "84": 0.11117654182691084, "85": 0.11117654182691084, "86": 0.11117654182691084, "87": 0.11117654182691084, "88": 0.11117654182691084, "89": 0.11117654182691084, "90": 0.11117654182691084, "91": 0.11117654182691084, "92": 0.11117654182691084, "93": 0.11117654182691084, "94": 0.11117654182691084, "95": 0.11117654182691084, "96": 0.11117654182691084, "97": 0.11117654182691084, "98": 0.11117654182691084, "99": 0.11117654182691084, "100": 0.11117654182691084}