{"0": 5.094224357103613, "1": 5.094224357103613, "2": 5.094224357103613, "3": 4.450237067140359, "4": 4.450237067140359, "5": 4.450237067140359, "6": 4.450237067140359, "7": 4.450237067140359, "8": 2.361944374305523, "9": 2.361944374305523, "10": 2.361944374305523, "11": 2.361944374305523, "12": 2.361944374305523, "13": 2.361944374305523, "14": 2.339397747100911, "15": 2.339397747100911, "16": 2.339397747100911, "17": 2.339397747100911, "18": 2.339397747100911, "19": 2.339397747100911, "20": 2.339397747100911, "21": 2.339397747100911, "22": 2.339397747100911, "23": 2.339397747100911, "24": 2.339397747100911, "25": 2.339397747100911, "26": 2.339397747100911, "27": 2.339397747100911, "28": 2.339397747100911, "29": 2.339397747100911, "30": 2.339397747100911, "31": 2.339397747100911, "32": 2.339397747100911, "33": 2.339397747100911, "34": 2.339397747100911, "35": 2.339397747100911, "36": 2.339397747100911, "37": 2.339397747100911, "38": 2.339397747100911, "39": 2.339397747100911, "40": 2.339397747100911, "41": 2.339397747100911, "42": 2.339397747100911, "43": 2.339397747100911, "44": 2.339397747100911, "45": 2.339397747100911, "46": 2.339397747100911, "47": 2.339397747100911, "48": 2.339397747100911, "49": 2.339397747100911, "50": 2.339397747100911, "51": 2.339397747100911, "52": 2.339397747100911, "53": 2.339397747100911, "54": 2.339397747100911, "55": 2.339397747100911, "56": 2.339397747100911, "57": 2.339397747100911, "58": 2.339397747100911, "59": 2.339397747100911, "60": 2.339397747100911, "61": 2.339397747100911, "62": 2.339397747100911, "63": 2.339397747100911, "64": 2.339397747100911, "65": 2.339397747100911, "66": 2.339397747100911, "67": 2.339397747100911, "68": 2.339397747100911, "69": 2.339397747100911, "70": 2.339397747100911, "71": 2.339397747100911, "72": 2.339397747100911, "73": 2.339397747100911, "74": 2.224047212542974, "75": 2.224047212542974, "76": 2.224047212542974, "77": 2.224047212542974, "78": 2.224047212542974, "79": 0.11502706457600098, "80": 0.11502706457600098, "81": 0.11502706457600098, "82": 0.11502706457600098, "83": 0.11502706457600098, "84": 0.11502706457600098, "85": 0.11502706457600098, "86": 0.11502706457600098, "87": 0.11502706457600098, "88": 0.11502706457600098, "89": 0.11502706457600098, "90": 0.11502706457600098, "91": 0.11502706457600098, "92": 0.11502706457600098, "93": 0.11502706457600098, "94": 0.11502706457600098, "95": 0.11502706457600098, "96": 0.11502706457600098, "97": 0.11502706457600098, "98": 0.11502706457600098, "99": 0.11502706457600098, "100": 0.11502706457600098}