{"0": 15.212421661926125, "1": 15.212421661926125, "2": 15.212421661926125, "3": 4.034568434526562, "4": 4.034568434526562, "5": 4.034568434526562, "6": 4.034568434526562, "7": 3.5600788571940463, "8": 3.5600788571940463, "9": 3.5600788571940463, "10": 3.026355097185082, "11": 3.026355097185082, "12": 3.026355097185082, "13": 3.026355097185082, "14": 3.026355097185082, "15": 3.026355097185082, "16": 3.026355097185082, "17": 3.026355097185082, "18": 2.855416557492731, "19": 2.855416557492731, "20": 2.855416557492731, "21": 2.855416557492731, "22": 2.855416557492731, "23": 2.855416557492731, "24": 2.855416557492731, "25": 1.4078473870299604, "26": 1.4078473870299604, "27": 1.4078473870299604, "28": 1.4078473870299604, "29": 1.4078473870299604, "30": 1.4078473870299604, "31": 1.4078473870299604, "32": 1.4078473870299604, "33": 1.4078473870299604, "34": 1.4078473870299604, "35": 1.4078473870299604, "36": 1.4078473870299604, "37": 1.4078473870299604, "38": 1.4078473870299604, "39": 1.4078473870299604, "40": 1.4078473870299604, "41": 1.4078473870299604, "42": 1.4078473870299604, "43": 1.4078473870299604, "44": 1.4078473870299604, "45": 1.4078473870299604, "46": 1.4078473870299604, "47": 0.6870754858989798, "48": 0.6870754858989798, "49": 0.6870754858989798, "50": 0.6870754858989798, "51": 0.6870754858989798, "52": 0.6870754858989798, "53": 0.6870754858989798, "54": 0.6870754858989798, "55": 0.6870754858989798, "56": 0.6399837184214263, "57": 0.6399837184214263, "58": 0.6399837184214263, "59": 0.6399837184214263, "60": 0.6399837184214263, "61": 0.6399837184214263, "62": 0.6399837184214263, "63": 0.6399837184214263, "64": 0.6399837184214263, "65": 0.6399837184214263, "66": 0.6399837184214263, "67": 0.6399837184214263, "68": 0.6399837184214263, "69": 0.6399837184214263, "70": 0.6399837184214263, "71": 0.6399837184214263, "72": 0.6399837184214263, "73": 0.6399837184214263, "74": 0.6399837184214263, "75": 0.6399837184214263, "76": 0.6399837184214263, "77": 0.6399837184214263, "78": 0.6399837184214263, "79": 0.6399837184214263, "80": 0.6399837184214263, "81": 0.6399837184214263, "82": 0.6399837184214263, "83": 0.6399837184214263, "84": 0.6399837184214263, "85": 0.6399837184214263, "86": 0.6399837184214263, "87": 0.6399837184214263, "88": 0.6399837184214263, "89": 0.6399837184214263, "90": 0.6399837184214263, "91": 0.6399837184214263, "92": 0.6399837184214263, "93": 0.6399837184214263, "94": 0.6399837184214263, "95": 0.6399837184214263, "96": 0.6399837184214263, "97": 0.6399837184214263, "98": 0.6399837184214263, "99": 0.6399837184214263, "100": 0.6399837184214263}