{"0": 30.5841042511736, "1": 13.25317832411469, "2": 13.25317832411469, "3": 7.645702340556815, "4": 7.645702340556815, "5": 5.59785451894918, "6": 5.59785451894918, "7": 5.59785451894918, "8": 5.59785451894918, "9": 2.23589860959995, "10": 2.23589860959995, "11": 2.23589860959995, "12": 2.23589860959995, "13": 2.23589860959995, "14": 2.23589860959995, "15": 1.0694422454372052, "16": 1.0694422454372052, "17": 1.0694422454372052, "18": 1.0694422454372052, "19": 1.0694422454372052, "20": 1.0694422454372052, "21": 1.0694422454372052, "22": 1.0694422454372052, "23": 1.0694422454372052, "24": 1.0694422454372052, "25": 1.0694422454372052, "26": 1.0694422454372052, "27": 0.2991803862284286, "28": 0.2991803862284286, "29": 0.2991803862284286, "30": 0.2991803862284286, "31": 0.2991803862284286, "32": 0.2991803862284286, "33": 0.2991803862284286, "34": 0.2991803862284286, "35": 0.23490821124369887, "36": 0.23490821124369887, "37": 0.23490821124369887, "38": 0.23490821124369887, "39": 0.23490821124369887, "40": 0.23490821124369887, "41": 0.23490821124369887, "42": 0.23490821124369887, "43": 0.23490821124369887, "44": 0.23490821124369887, "45": 0.23490821124369887, "46": 0.23490821124369887, "47": 0.23490821124369887, "48": 0.23490821124369887, "49": 0.23490821124369887, "50": 0.23490821124369887, "51": 0.23490821124369887, "52": 0.23490821124369887, "53": 0.23490821124369887, "54": 0.23490821124369887, "55": 0.23490821124369887, "56": 0.23490821124369887, "57": 0.23490821124369887, "58": 0.23490821124369887, "59": 0.23490821124369887, "60": 0.23490821124369887, "61": 0.23490821124369887, "62": 0.23490821124369887, "63": 0.23490821124369887, "64": 0.23490821124369887, "65": 0.1877796954034956, "66": 0.1877796954034956, "67": 0.1877796954034956, "68": 0.1877796954034956, "69": 0.1877796954034956, "70": 0.1877796954034956, "71": 0.1877796954034956, "72": 0.1877796954034956, "73": 0.1877796954034956, "74": 0.1877796954034956, "75": 0.1877796954034956, "76": 0.1877796954034956, "77": 0.1877796954034956, "78": 0.1877796954034956, "79": 0.1877796954034956, "80": 0.1877796954034956, "81": 0.1877796954034956, "82": 0.1877796954034956, "83": 0.1877796954034956, "84": 0.1877796954034956, "85": 0.1877796954034956, "86": 0.1877796954034956, "87": 0.1877796954034956, "88": 0.1877796954034956, "89": 0.1877796954034956, "90": 0.1877796954034956, "91": 0.1877796954034956, "92": 0.1877796954034956, "93": 0.1877796954034956, "94": 0.1877796954034956, "95": 0.1877796954034956, "96": 0.1877796954034956, "97": 0.1877796954034956, "98": 0.1877796954034956, "99": 0.1877796954034956, "100": 0.1877796954034956}