{"0": 10.427510037822177, "1": 10.427510037822177, "2": 10.427510037822177, "3": 10.427510037822177, "4": 10.427510037822177, "5": 5.158704688434748, "6": 5.158704688434748, "7": 5.158704688434748, "8": 5.158704688434748, "9": 5.158704688434748, "10": 1.7152799252656372, "11": 1.7152799252656372, "12": 1.7152799252656372, "13": 1.7152799252656372, "14": 1.7152799252656372, "15": 1.7152799252656372, "16": 1.7152799252656372, "17": 1.7152799252656372, "18": 0.9541027185491515, "19": 0.49978932525908704, "20": 0.49978932525908704, "21": 0.49978932525908704, "22": 0.49978932525908704, "23": 0.49978932525908704, "24": 0.49978932525908704, "25": 0.49978932525908704, "26": 0.49978932525908704, "27": 0.49978932525908704, "28": 0.49978932525908704, "29": 0.49978932525908704, "30": 0.49978932525908704, "31": 0.49978932525908704, "32": 0.49978932525908704, "33": 0.49978932525908704, "34": 0.49978932525908704, "35": 0.49978932525908704, "36": 0.49978932525908704, "37": 0.49978932525908704, "38": 0.49978932525908704, "39": 0.49978932525908704, "40": 0.49978932525908704, "41": 0.49978932525908704, "42": 0.49978932525908704, "43": 0.49978932525908704, "44": 0.49978932525908704, "45": 0.49978932525908704, "46": 0.49978932525908704, "47": 0.49978932525908704, "48": 0.49978932525908704, "49": 0.49978932525908704, "50": 0.49978932525908704, "51": 0.49978932525908704, "52": 0.49978932525908704, "53": 0.49978932525908704, "54": 0.49978932525908704, "55": 0.49978932525908704, "56": 0.49978932525908704, "57": 0.49978932525908704, "58": 0.49978932525908704, "59": 0.49978932525908704, "60": 0.49978932525908704, "61": 0.49978932525908704, "62": 0.49978932525908704, "63": 0.49978932525908704, "64": 0.49978932525908704, "65": 0.49978932525908704, "66": 0.49978932525908704, "67": 0.49978932525908704, "68": 0.49978932525908704, "69": 0.49978932525908704, "70": 0.49978932525908704, "71": 0.49978932525908704, "72": 0.49978932525908704, "73": 0.49978932525908704, "74": 0.49978932525908704, "75": 0.49978932525908704, "76": 0.49978932525908704, "77": 0.49978932525908704, "78": 0.49978932525908704, "79": 0.49978932525908704, "80": 0.49978932525908704, "81": 0.49978932525908704, "82": 0.49978932525908704, "83": 0.49978932525908704, "84": 0.49978932525908704, "85": 0.49978932525908704, "86": 0.49978932525908704, "87": 0.49978932525908704, "88": 0.49978932525908704, "89": 0.49978932525908704, "90": 0.49978932525908704, "91": 0.49978932525908704, "92": 0.49978932525908704, "93": 0.49978932525908704, "94": 0.49978932525908704, "95": 0.49978932525908704, "96": 0.49978932525908704, "97": 0.49978932525908704, "98": 0.49978932525908704, "99": 0.49978932525908704, "100": 0.49978932525908704}