{"0": 1.5226269730555089, "1": 1.5226269730555089, "2": 1.5226269730555089, "3": 1.5226269730555089, "4": 1.5226269730555089, "5": 1.5226269730555089, "6": 1.5226269730555089, "7": 1.5226269730555089, "8": 1.490278640057106, "9": 1.490278640057106, "10": 1.490278640057106, "11": 1.490278640057106, "12": 1.490278640057106, "13": 1.490278640057106, "14": 1.11345278401636, "15": 1.11345278401636, "16": 1.11345278401636, "17": 1.11345278401636, "18": 1.11345278401636, "19": 1.11345278401636, "20": 1.11345278401636, "21": 1.11345278401636, "22": 1.11345278401636, "23": 1.020900128824561, "24": 1.020900128824561, "25": 1.020900128824561, "26": 1.020900128824561, "27": 1.020900128824561, "28": 1.020900128824561, "29": 1.020900128824561, "30": 1.020900128824561, "31": 1.020900128824561, "32": 1.020900128824561, "33": 1.020900128824561, "34": 0.301648092913819, "35": 0.301648092913819, "36": 0.301648092913819, "37": 0.301648092913819, "38": 0.301648092913819, "39": 0.301648092913819, "40": 0.301648092913819, "41": 0.301648092913819, "42": 0.301648092913819, "43": 0.06014635865854956, "44": 0.06014635865854956, "45": 0.06014635865854956, "46": 0.06014635865854956, "47": 0.06014635865854956, "48": 0.06014635865854956, "49": 0.06014635865854956, "50": 0.06014635865854956, "51": 0.06014635865854956, "52": 0.06014635865854956, "53": 0.06014635865854956, "54": 0.06014635865854956, "55": 0.06014635865854956, "56": 0.06014635865854956, "57": 0.06014635865854956, "58": 0.06014635865854956, "59": 0.06014635865854956, "60": 0.06014635865854956, "61": 0.06014635865854956, "62": 0.06014635865854956, "63": 0.06014635865854956, "64": 0.06014635865854956, "65": 0.06014635865854956, "66": 0.06014635865854956, "67": 0.06014635865854956, "68": 0.06014635865854956, "69": 0.06014635865854956, "70": 0.06014635865854956, "71": 0.06014635865854956, "72": 0.06014635865854956, "73": 0.06014635865854956, "74": 0.06014635865854956, "75": 0.06014635865854956, "76": 0.06014635865854956, "77": 0.06014635865854956, "78": 0.06014635865854956, "79": 0.06014635865854956, "80": 0.06014635865854956, "81": 0.06014635865854956, "82": 0.06014635865854956, "83": 0.06014635865854956, "84": 0.06014635865854956, "85": 0.06014635865854956, "86": 0.06014635865854956, "87": 0.06014635865854956, "88": 0.06014635865854956, "89": 0.06014635865854956, "90": 0.06014635865854956, "91": 0.06014635865854956, "92": 0.06014635865854956, "93": 0.06014635865854956, "94": 0.06014635865854956, "95": 0.06014635865854956, "96": 0.06014635865854956, "97": 0.06014635865854956, "98": 0.06014635865854956, "99": 0.06014635865854956, "100": 0.06014635865854956}