{"0": 14.503618844275852, "1": 14.503618844275852, "2": 14.503618844275852, "3": 9.050811730816855, "4": 9.050811730816855, "5": 9.050811730816855, "6": 9.050811730816855, "7": 9.050811730816855, "8": 9.050811730816855, "9": 2.3954609455478924, "10": 2.3954609455478924, "11": 2.3954609455478924, "12": 2.3954609455478924, "13": 2.3954609455478924, "14": 2.3954609455478924, "15": 2.3954609455478924, "16": 2.3954609455478924, "17": 2.3954609455478924, "18": 2.3954609455478924, "19": 2.3954609455478924, "20": 2.3954609455478924, "21": 2.3954609455478924, "22": 2.3954609455478924, "23": 2.3954609455478924, "24": 2.3954609455478924, "25": 2.3954609455478924, "26": 2.3954609455478924, "27": 2.3954609455478924, "28": 2.3954609455478924, "29": 2.3954609455478924, "30": 2.3954609455478924, "31": 2.3954609455478924, "32": 2.3954609455478924, "33": 2.3954609455478924, "34": 2.3954609455478924, "35": 2.3954609455478924, "36": 2.3954609455478924, "37": 2.3954609455478924, "38": 2.3954609455478924, "39": 2.3954609455478924, "40": 2.3954609455478924, "41": 2.3954609455478924, "42": 1.862798226087662, "43": 1.862798226087662, "44": 1.862798226087662, "45": 1.862798226087662, "46": 1.862798226087662, "47": 1.862798226087662, "48": 1.862798226087662, "49": 1.862798226087662, "50": 1.862798226087662, "51": 1.862798226087662, "52": 1.862798226087662, "53": 1.862798226087662, "54": 1.862798226087662, "55": 1.862798226087662, "56": 1.862798226087662, "57": 1.862798226087662, "58": 1.862798226087662, "59": 1.862798226087662, "60": 1.862798226087662, "61": 1.862798226087662, "62": 1.862798226087662, "63": 1.862798226087662, "64": 1.862798226087662, "65": 1.862798226087662, "66": 1.862798226087662, "67": 1.862798226087662, "68": 1.862798226087662, "69": 1.862798226087662, "70": 1.862798226087662, "71": 1.862798226087662, "72": 1.862798226087662, "73": 1.862798226087662, "74": 1.862798226087662, "75": 1.862798226087662, "76": 1.862798226087662, "77": 1.862798226087662, "78": 1.862798226087662, "79": 1.862798226087662, "80": 1.862798226087662, "81": 1.862798226087662, "82": 1.862798226087662, "83": 1.862798226087662, "84": 1.862798226087662, "85": 1.862798226087662, "86": 1.0404393377786363, "87": 1.0404393377786363, "88": 1.0404393377786363, "89": 1.0404393377786363, "90": 1.0404393377786363, "91": 1.0404393377786363, "92": 1.0404393377786363, "93": 1.0404393377786363, "94": 1.0404393377786363, "95": 1.0404393377786363, "96": 1.0404393377786363, "97": 1.0404393377786363, "98": 1.0404393377786363, "99": 1.0404393377786363, "100": 1.0404393377786363}