{"0": 13.575471387497267, "1": 13.575471387497267, "2": 13.575471387497267, "3": 13.575471387497267, "4": 13.575471387497267, "5": 13.575471387497267, "6": 10.791308867511724, "7": 6.921567450438074, "8": 6.921567450438074, "9": 6.921567450438074, "10": 6.921567450438074, "11": 6.921567450438074, "12": 5.466183969476177, "13": 5.005390749567166, "14": 1.7370127102293118, "15": 1.7370127102293118, "16": 1.7370127102293118, "17": 1.7370127102293118, "18": 1.7370127102293118, "19": 1.7370127102293118, "20": 1.5679812500645127, "21": 1.5679812500645127, "22": 1.5679812500645127, "23": 1.5679812500645127, "24": 1.5679812500645127, "25": 1.5679812500645127, "26": 1.5679812500645127, "27": 1.2869551020539376, "28": 1.2869551020539376, "29": 1.2869551020539376, "30": 1.2869551020539376, "31": 1.2057470831813184, "32": 1.2057470831813184, "33": 1.0469919171698514, "34": 1.0469919171698514, "35": 1.0469919171698514, "36": 1.0469919171698514, "37": 1.0469919171698514, "38": 1.0469919171698514, "39": 1.0469919171698514, "40": 1.0469919171698514, "41": 1.0469919171698514, "42": 1.0469919171698514, "43": 1.0469919171698514, "44": 1.0469919171698514, "45": 1.0469919171698514, "46": 1.0469919171698514, "47": 1.0469919171698514, "48": 1.0469919171698514, "49": 1.0469919171698514, "50": 1.0469919171698514, "51": 1.0469919171698514, "52": 1.0469919171698514, "53": 1.0469919171698514, "54": 1.0469919171698514, "55": 1.0469919171698514, "56": 1.0469919171698514, "57": 1.0469919171698514, "58": 1.0469919171698514, "59": 1.0469919171698514, "60": 1.0469919171698514, "61": 1.0469919171698514, "62": 1.0469919171698514, "63": 1.0469919171698514, "64": 1.0469919171698514, "65": 1.0469919171698514, "66": 1.0469919171698514, "67": 1.0469919171698514, "68": 1.0469919171698514, "69": 1.0469919171698514, "70": 1.0469919171698514, "71": 1.0469919171698514, "72": 1.0469919171698514, "73": 1.0469919171698514, "74": 1.0469919171698514, "75": 1.0469919171698514, "76": 1.0469919171698514, "77": 1.0469919171698514, "78": 1.0469919171698514, "79": 1.0469919171698514, "80": 1.0469919171698514, "81": 1.0469919171698514, "82": 1.0469919171698514, "83": 1.0469919171698514, "84": 1.0469919171698514, "85": 1.0469919171698514, "86": 1.0469919171698514, "87": 1.0469919171698514, "88": 1.0469919171698514, "89": 1.0469919171698514, "90": 1.0469919171698514, "91": 1.0469919171698514, "92": 1.0469919171698514, "93": 1.0469919171698514, "94": 1.0469919171698514, "95": 1.0469919171698514, "96": 1.0469919171698514, "97": 1.0469919171698514, "98": 1.0469919171698514, "99": 1.0469919171698514, "100": 1.0469919171698514}