{"0": 16.461160821673527, "1": 12.640951162594291, "2": 3.599120123247566, "3": 3.599120123247566, "4": 2.816994587967173, "5": 2.816994587967173, "6": 2.816994587967173, "7": 2.816994587967173, "8": 2.816994587967173, "9": 2.816994587967173, "10": 2.816994587967173, "11": 2.816994587967173, "12": 2.816994587967173, "13": 2.0973985877313908, "14": 2.0973985877313908, "15": 2.0973985877313908, "16": 2.0973985877313908, "17": 2.0973985877313908, "18": 2.0973985877313908, "19": 2.0973985877313908, "20": 1.4186489160220823, "21": 1.4186489160220823, "22": 1.4186489160220823, "23": 1.4186489160220823, "24": 1.4186489160220823, "25": 1.3843788213128043, "26": 1.3843788213128043, "27": 1.3843788213128043, "28": 1.3843788213128043, "29": 1.3843788213128043, "30": 1.3843788213128043, "31": 1.3843788213128043, "32": 1.3843788213128043, "33": 1.3843788213128043, "34": 1.3843788213128043, "35": 1.3843788213128043, "36": 1.3843788213128043, "37": 1.3843788213128043, "38": 1.3843788213128043, "39": 1.3843788213128043, "40": 1.3843788213128043, "41": 1.3843788213128043, "42": 1.3843788213128043, "43": 1.3843788213128043, "44": 1.3843788213128043, "45": 1.3843788213128043, "46": 1.3843788213128043, "47": 1.3843788213128043, "48": 1.3843788213128043, "49": 1.3843788213128043, "50": 1.3843788213128043, "51": 1.3843788213128043, "52": 1.3843788213128043, "53": 1.3843788213128043, "54": 1.3843788213128043, "55": 1.3843788213128043, "56": 1.3843788213128043, "57": 1.3843788213128043, "58": 1.3843788213128043, "59": 1.3843788213128043, "60": 1.3843788213128043, "61": 1.3843788213128043, "62": 1.3843788213128043, "63": 1.3843788213128043, "64": 1.3843788213128043, "65": 1.3843788213128043, "66": 1.3843788213128043, "67": 1.3843788213128043, "68": 1.3843788213128043, "69": 1.3843788213128043, "70": 1.3843788213128043, "71": 1.3843788213128043, "72": 1.3843788213128043, "73": 1.3843788213128043, "74": 1.3843788213128043, "75": 1.3843788213128043, "76": 1.3843788213128043, "77": 1.3843788213128043, "78": 1.3016544093966473, "79": 1.3016544093966473, "80": 1.3016544093966473, "81": 1.3016544093966473, "82": 1.3016544093966473, "83": 1.3016544093966473, "84": 1.3016544093966473, "85": 1.3016544093966473, "86": 1.3016544093966473, "87": 1.3016544093966473, "88": 1.3016544093966473, "89": 1.3016544093966473, "90": 1.3016544093966473, "91": 1.3016544093966473, "92": 1.3016544093966473, "93": 1.3016544093966473, "94": 1.3016544093966473, "95": 1.3016544093966473, "96": 1.3016544093966473, "97": 1.3016544093966473, "98": 1.3016544093966473, "99": 1.3016544093966473, "100": 1.3016544093966473}