{"0": 23.266738890146428, "1": 9.034640848154893, "2": 9.034640848154893, "3": 9.034640848154893, "4": 9.034640848154893, "5": 9.034640848154893, "6": 9.034640848154893, "7": 9.034640848154893, "8": 9.034640848154893, "9": 9.034640848154893, "10": 6.773231699518066, "11": 6.773231699518066, "12": 6.773231699518066, "13": 6.773231699518066, "14": 4.296576819390172, "15": 4.296576819390172, "16": 4.296576819390172, "17": 4.296576819390172, "18": 4.296576819390172, "19": 4.296576819390172, "20": 4.296576819390172, "21": 4.296576819390172, "22": 4.296576819390172, "23": 4.296576819390172, "24": 4.296576819390172, "25": 4.296576819390172, "26": 4.296576819390172, "27": 4.296576819390172, "28": 4.296576819390172, "29": 4.296576819390172, "30": 4.296576819390172, "31": 4.296576819390172, "32": 4.296576819390172, "33": 4.296576819390172, "34": 4.296576819390172, "35": 4.296576819390172, "36": 4.296576819390172, "37": 4.296576819390172, "38": 4.296576819390172, "39": 4.296576819390172, "40": 4.296576819390172, "41": 4.296576819390172, "42": 4.296576819390172, "43": 4.296576819390172, "44": 4.296576819390172, "45": 4.296576819390172, "46": 4.296576819390172, "47": 4.296576819390172, "48": 4.296576819390172, "49": 4.296576819390172, "50": 4.296576819390172, "51": 4.296576819390172, "52": 4.296576819390172, "53": 4.296576819390172, "54": 4.296576819390172, "55": 4.296576819390172, "56": 4.296576819390172, "57": 1.4145123324221451, "58": 1.4145123324221451, "59": 1.4145123324221451, "60": 1.4145123324221451, "61": 1.4145123324221451, "62": 1.4145123324221451, "63": 1.4145123324221451, "64": 1.4145123324221451, "65": 1.4145123324221451, "66": 1.4145123324221451, "67": 1.4145123324221451, "68": 1.4145123324221451, "69": 1.4145123324221451, "70": 1.4145123324221451, "71": 1.4145123324221451, "72": 1.4145123324221451, "73": 1.4145123324221451, "74": 1.4145123324221451, "75": 1.4145123324221451, "76": 1.4145123324221451, "77": 1.4145123324221451, "78": 1.4145123324221451, "79": 1.4145123324221451, "80": 1.4145123324221451, "81": 1.4145123324221451, "82": 1.4145123324221451, "83": 1.4145123324221451, "84": 1.4145123324221451, "85": 1.4145123324221451, "86": 1.4145123324221451, "87": 1.4145123324221451, "88": 1.4145123324221451, "89": 1.4145123324221451, "90": 1.4145123324221451, "91": 1.4145123324221451, "92": 1.4145123324221451, "93": 1.4145123324221451, "94": 1.4145123324221451, "95": 1.4145123324221451, "96": 1.4145123324221451, "97": 1.4145123324221451, "98": 1.4145123324221451, "99": 1.4145123324221451, "100": 1.4145123324221451}