{"0": 12.487254884822422, "1": 9.985239507735871, "2": 4.107674308128072, "3": 4.107674308128072, "4": 4.107674308128072, "5": 4.107674308128072, "6": 4.107674308128072, "7": 2.9012695850208274, "8": 2.9012695850208274, "9": 2.9012695850208274, "10": 2.9012695850208274, "11": 2.9012695850208274, "12": 2.9012695850208274, "13": 2.9012695850208274, "14": 2.9012695850208274, "15": 2.9012695850208274, "16": 2.9012695850208274, "17": 2.9012695850208274, "18": 2.9012695850208274, "19": 2.9012695850208274, "20": 2.9012695850208274, "21": 2.9012695850208274, "22": 2.9012695850208274, "23": 2.9012695850208274, "24": 2.9012695850208274, "25": 1.3203716546959825, "26": 1.3203716546959825, "27": 1.3203716546959825, "28": 1.3203716546959825, "29": 1.3203716546959825, "30": 1.3203716546959825, "31": 1.3203716546959825, "32": 1.3203716546959825, "33": 1.3203716546959825, "34": 1.3203716546959825, "35": 1.3203716546959825, "36": 1.3203716546959825, "37": 1.3203716546959825, "38": 1.3203716546959825, "39": 1.3203716546959825, "40": 1.3203716546959825, "41": 1.3203716546959825, "42": 1.3203716546959825, "43": 1.3203716546959825, "44": 1.3203716546959825, "45": 1.3203716546959825, "46": 1.3203716546959825, "47": 1.3203716546959825, "48": 1.3203716546959825, "49": 1.3203716546959825, "50": 1.3203716546959825, "51": 1.3203716546959825, "52": 1.3203716546959825, "53": 1.3203716546959825, "54": 1.3203716546959825, "55": 1.3203716546959825, "56": 1.1325331850645952, "57": 1.1325331850645952, "58": 1.1325331850645952, "59": 1.1325331850645952, "60": 1.1325331850645952, "61": 1.1325331850645952, "62": 1.1325331850645952, "63": 1.1325331850645952, "64": 1.1325331850645952, "65": 1.1325331850645952, "66": 1.1325331850645952, "67": 1.1325331850645952, "68": 1.1325331850645952, "69": 1.1325331850645952, "70": 1.1325331850645952, "71": 1.1325331850645952, "72": 1.1325331850645952, "73": 1.1325331850645952, "74": 1.1325331850645952, "75": 1.1325331850645952, "76": 1.1325331850645952, "77": 1.1325331850645952, "78": 1.1325331850645952, "79": 1.1325331850645952, "80": 1.1325331850645952, "81": 1.1325331850645952, "82": 1.1325331850645952, "83": 1.1325331850645952, "84": 1.1325331850645952, "85": 1.1325331850645952, "86": 1.1325331850645952, "87": 1.0558885872728219, "88": 1.0558885872728219, "89": 1.0558885872728219, "90": 1.0558885872728219, "91": 1.0558885872728219, "92": 1.0558885872728219, "93": 1.0558885872728219, "94": 1.0558885872728219, "95": 1.0558885872728219, "96": 1.0558885872728219, "97": 1.0558885872728219, "98": 1.0558885872728219, "99": 1.0558885872728219, "100": 1.0558885872728219}