{"0": 10.886474446994663, "1": 10.886474446994663, "2": 10.886474446994663, "3": 4.863391010508501, "4": 4.863391010508501, "5": 4.863391010508501, "6": 2.8424488126691614, "7": 2.8424488126691614, "8": 2.8424488126691614, "9": 2.8424488126691614, "10": 2.8424488126691614, "11": 2.8424488126691614, "12": 2.8424488126691614, "13": 1.7534890189181311, "14": 1.7534890189181311, "15": 1.7534890189181311, "16": 1.7534890189181311, "17": 1.7534890189181311, "18": 1.7534890189181311, "19": 1.7534890189181311, "20": 1.7534890189181311, "21": 1.7534890189181311, "22": 1.7534890189181311, "23": 1.7534890189181311, "24": 1.7534890189181311, "25": 1.7534890189181311, "26": 1.7534890189181311, "27": 1.7534890189181311, "28": 1.7534890189181311, "29": 1.7534890189181311, "30": 1.5316647824428458, "31": 1.5316647824428458, "32": 1.5316647824428458, "33": 1.5316647824428458, "34": 1.5316647824428458, "35": 1.5316647824428458, "36": 1.5316647824428458, "37": 1.5316647824428458, "38": 1.5316647824428458, "39": 1.5316647824428458, "40": 1.5316647824428458, "41": 1.5316647824428458, "42": 1.5316647824428458, "43": 1.5316647824428458, "44": 1.5316647824428458, "45": 1.5316647824428458, "46": 1.5316647824428458, "47": 1.5316647824428458, "48": 1.5316647824428458, "49": 1.5316647824428458, "50": 1.5316647824428458, "51": 1.5316647824428458, "52": 1.5316647824428458, "53": 1.5316647824428458, "54": 1.001943590877712, "55": 1.001943590877712, "56": 1.001943590877712, "57": 1.001943590877712, "58": 1.001943590877712, "59": 1.001943590877712, "60": 1.001943590877712, "61": 1.001943590877712, "62": 1.001943590877712, "63": 1.001943590877712, "64": 1.001943590877712, "65": 1.001943590877712, "66": 1.001943590877712, "67": 0.7825658954150114, "68": 0.7825658954150114, "69": 0.7825658954150114, "70": 0.7825658954150114, "71": 0.7825658954150114, "72": 0.7825658954150114, "73": 0.7825658954150114, "74": 0.7825658954150114, "75": 0.7825658954150114, "76": 0.7825658954150114, "77": 0.7825658954150114, "78": 0.7825658954150114, "79": 0.7825658954150114, "80": 0.7825658954150114, "81": 0.7825658954150114, "82": 0.7825658954150114, "83": 0.7825658954150114, "84": 0.7825658954150114, "85": 0.7825658954150114, "86": 0.7825658954150114, "87": 0.7825658954150114, "88": 0.7825658954150114, "89": 0.7825658954150114, "90": 0.7825658954150114, "91": 0.7825658954150114, "92": 0.7825658954150114, "93": 0.7825658954150114, "94": 0.7825658954150114, "95": 0.7825658954150114, "96": 0.7825658954150114, "97": 0.7825658954150114, "98": 0.7825658954150114, "99": 0.7825658954150114, "100": 0.7825658954150114}