{"0": 14.418906172155763, "1": 14.418906172155763, "2": 8.754768431858338, "3": 8.754768431858338, "4": 8.754768431858338, "5": 8.754768431858338, "6": 8.754768431858338, "7": 8.754768431858338, "8": 5.812081355000963, "9": 5.812081355000963, "10": 5.812081355000963, "11": 5.812081355000963, "12": 5.812081355000963, "13": 5.812081355000963, "14": 5.812081355000963, "15": 5.812081355000963, "16": 5.812081355000963, "17": 5.812081355000963, "18": 4.208316524627449, "19": 1.6648843191879195, "20": 1.6648843191879195, "21": 1.6648843191879195, "22": 1.6648843191879195, "23": 1.6648843191879195, "24": 1.4555444949862277, "25": 1.3603339374220162, "26": 1.3603339374220162, "27": 1.3603339374220162, "28": 1.3603339374220162, "29": 1.3603339374220162, "30": 1.3603339374220162, "31": 1.3603339374220162, "32": 1.3603339374220162, "33": 1.3603339374220162, "34": 1.3603339374220162, "35": 1.3603339374220162, "36": 1.3603339374220162, "37": 1.3603339374220162, "38": 1.3603339374220162, "39": 1.3603339374220162, "40": 1.3603339374220162, "41": 1.3603339374220162, "42": 1.3603339374220162, "43": 1.3603339374220162, "44": 1.3603339374220162, "45": 1.3603339374220162, "46": 1.3603339374220162, "47": 1.0461025659364083, "48": 1.0461025659364083, "49": 1.0461025659364083, "50": 1.0461025659364083, "51": 1.0461025659364083, "52": 1.0461025659364083, "53": 1.0461025659364083, "54": 1.0461025659364083, "55": 1.0461025659364083, "56": 1.0461025659364083, "57": 1.0461025659364083, "58": 1.0461025659364083, "59": 1.0461025659364083, "60": 1.0461025659364083, "61": 1.0461025659364083, "62": 1.0461025659364083, "63": 1.0461025659364083, "64": 1.0461025659364083, "65": 1.0461025659364083, "66": 1.0461025659364083, "67": 1.0461025659364083, "68": 1.0461025659364083, "69": 1.0461025659364083, "70": 1.0461025659364083, "71": 1.0461025659364083, "72": 1.0461025659364083, "73": 1.0461025659364083, "74": 1.0461025659364083, "75": 1.0461025659364083, "76": 1.0461025659364083, "77": 1.0461025659364083, "78": 1.0461025659364083, "79": 1.0461025659364083, "80": 1.0461025659364083, "81": 1.0461025659364083, "82": 1.0461025659364083, "83": 1.0461025659364083, "84": 1.0461025659364083, "85": 1.0461025659364083, "86": 1.0461025659364083, "87": 1.0461025659364083, "88": 1.0461025659364083, "89": 1.0461025659364083, "90": 1.0461025659364083, "91": 1.0461025659364083, "92": 1.0461025659364083, "93": 1.0461025659364083, "94": 1.0461025659364083, "95": 1.0461025659364083, "96": 1.0461025659364083, "97": 1.0461025659364083, "98": 1.0461025659364083, "99": 1.0461025659364083, "100": 1.0461025659364083}