{"0": 28.07094079963128, "1": 10.148166285620608, "2": 10.148166285620608, "3": 10.148166285620608, "4": 10.148166285620608, "5": 10.148166285620608, "6": 7.162102221416671, "7": 7.162102221416671, "8": 5.502998300836454, "9": 5.502998300836454, "10": 3.554205806084205, "11": 3.554205806084205, "12": 3.554205806084205, "13": 3.554205806084205, "14": 3.554205806084205, "15": 1.4661274525922252, "16": 1.4661274525922252, "17": 1.4661274525922252, "18": 1.4661274525922252, "19": 1.4661274525922252, "20": 0.36115979541325416, "21": 0.36115979541325416, "22": 0.36115979541325416, "23": 0.36115979541325416, "24": 0.36115979541325416, "25": 0.36115979541325416, "26": 0.36115979541325416, "27": 0.36115979541325416, "28": 0.36115979541325416, "29": 0.2947472161847102, "30": 0.2947472161847102, "31": 0.2947472161847102, "32": 0.2947472161847102, "33": 0.2947472161847102, "34": 0.23490821124369887, "35": 0.23490821124369887, "36": 0.23490821124369887, "37": 0.23490821124369887, "38": 0.23490821124369887, "39": 0.23490821124369887, "40": 0.23490821124369887, "41": 0.23490821124369887, "42": 0.23490821124369887, "43": 0.23490821124369887, "44": 0.23490821124369887, "45": 0.23490821124369887, "46": 0.23490821124369887, "47": 0.23490821124369887, "48": 0.23490821124369887, "49": 0.23490821124369887, "50": 0.23490821124369887, "51": 0.23490821124369887, "52": 0.23490821124369887, "53": 0.23490821124369887, "54": 0.23490821124369887, "55": 0.23490821124369887, "56": 0.23490821124369887, "57": 0.23490821124369887, "58": 0.23490821124369887, "59": 0.23490821124369887, "60": 0.23490821124369887, "61": 0.23490821124369887, "62": 0.23490821124369887, "63": 0.23490821124369887, "64": 0.23490821124369887, "65": 0.23490821124369887, "66": 0.23490821124369887, "67": 0.23490821124369887, "68": 0.23490821124369887, "69": 0.23490821124369887, "70": 0.23490821124369887, "71": 0.23490821124369887, "72": 0.23490821124369887, "73": 0.23490821124369887, "74": 0.23490821124369887, "75": 0.23490821124369887, "76": 0.23490821124369887, "77": 0.23490821124369887, "78": 0.23490821124369887, "79": 0.23490821124369887, "80": 0.23490821124369887, "81": 0.23490821124369887, "82": 0.23490821124369887, "83": 0.23490821124369887, "84": 0.23490821124369887, "85": 0.23490821124369887, "86": 0.23490821124369887, "87": 0.23490821124369887, "88": 0.23490821124369887, "89": 0.23490821124369887, "90": 0.23490821124369887, "91": 0.23490821124369887, "92": 0.23490821124369887, "93": 0.23490821124369887, "94": 0.23490821124369887, "95": 0.23490821124369887, "96": 0.23490821124369887, "97": 0.23490821124369887, "98": 0.23490821124369887, "99": 0.23490821124369887, "100": 0.23490821124369887}