{"0": 30.549309508603763, "1": 10.443581268749206, "2": 5.678270306489797, "3": 5.678270306489797, "4": 5.678270306489797, "5": 5.643037306654895, "6": 5.643037306654895, "7": 5.643037306654895, "8": 5.643037306654895, "9": 5.643037306654895, "10": 5.643037306654895, "11": 5.643037306654895, "12": 5.643037306654895, "13": 3.351220806568328, "14": 3.351220806568328, "15": 3.351220806568328, "16": 3.351220806568328, "17": 3.351220806568328, "18": 3.351220806568328, "19": 3.351220806568328, "20": 3.351220806568328, "21": 3.351220806568328, "22": 3.1913705873198666, "23": 3.1913705873198666, "24": 3.1913705873198666, "25": 3.1913705873198666, "26": 3.1913705873198666, "27": 3.1913705873198666, "28": 3.1913705873198666, "29": 3.1913705873198666, "30": 3.1913705873198666, "31": 3.1913705873198666, "32": 3.1913705873198666, "33": 3.1913705873198666, "34": 3.1913705873198666, "35": 3.1913705873198666, "36": 3.1913705873198666, "37": 3.1913705873198666, "38": 3.1913705873198666, "39": 3.1913705873198666, "40": 3.1913705873198666, "41": 3.1659136969301542, "42": 3.1659136969301542, "43": 3.1659136969301542, "44": 3.1659136969301542, "45": 3.1659136969301542, "46": 3.1659136969301542, "47": 2.8007562110257282, "48": 2.8007562110257282, "49": 2.8007562110257282, "50": 2.8007562110257282, "51": 1.7883091224296024, "52": 1.7883091224296024, "53": 1.7883091224296024, "54": 1.7883091224296024, "55": 1.7883091224296024, "56": 1.7883091224296024, "57": 1.7883091224296024, "58": 1.7883091224296024, "59": 1.7883091224296024, "60": 1.7883091224296024, "61": 1.7883091224296024, "62": 1.7883091224296024, "63": 1.7883091224296024, "64": 1.1122852237458645, "65": 1.1122852237458645, "66": 1.1122852237458645, "67": 1.1122852237458645, "68": 1.1122852237458645, "69": 1.1122852237458645, "70": 1.1122852237458645, "71": 1.1122852237458645, "72": 1.1122852237458645, "73": 1.1122852237458645, "74": 1.1122852237458645, "75": 1.1122852237458645, "76": 1.1122852237458645, "77": 1.1122852237458645, "78": 1.1122852237458645, "79": 1.1122852237458645, "80": 1.1122852237458645, "81": 1.1122852237458645, "82": 1.1122852237458645, "83": 1.1122852237458645, "84": 1.1122852237458645, "85": 1.1122852237458645, "86": 1.1122852237458645, "87": 1.1122852237458645, "88": 1.1122852237458645, "89": 1.1122852237458645, "90": 1.1122852237458645, "91": 1.1122852237458645, "92": 1.1122852237458645, "93": 1.1122852237458645, "94": 1.1122852237458645, "95": 1.1122852237458645, "96": 1.1122852237458645, "97": 1.1122852237458645, "98": 1.1122852237458645, "99": 1.1122852237458645, "100": 1.1122852237458645}