{"0": 15.676733883918228, "1": 15.676733883918228, "2": 15.676733883918228, "3": 11.670911785149606, "4": 11.670911785149606, "5": 8.163350662900797, "6": 8.163350662900797, "7": 8.163350662900797, "8": 8.163350662900797, "9": 8.163350662900797, "10": 8.163350662900797, "11": 8.163350662900797, "12": 8.163350662900797, "13": 3.8632502286797283, "14": 3.8632502286797283, "15": 3.8632502286797283, "16": 3.8632502286797283, "17": 3.8632502286797283, "18": 3.8632502286797283, "19": 3.6561769819235224, "20": 3.6561769819235224, "21": 3.6561769819235224, "22": 3.6561769819235224, "23": 2.7482355566003633, "24": 2.7482355566003633, "25": 2.7482355566003633, "26": 2.7482355566003633, "27": 2.7482355566003633, "28": 2.7482355566003633, "29": 2.7482355566003633, "30": 2.7482355566003633, "31": 2.7482355566003633, "32": 2.7482355566003633, "33": 2.00693241743852, "34": 2.00693241743852, "35": 2.00693241743852, "36": 2.00693241743852, "37": 2.00693241743852, "38": 2.00693241743852, "39": 2.00693241743852, "40": 2.00693241743852, "41": 2.00693241743852, "42": 2.00693241743852, "43": 2.00693241743852, "44": 2.00693241743852, "45": 2.00693241743852, "46": 2.00693241743852, "47": 2.00693241743852, "48": 2.00693241743852, "49": 2.00693241743852, "50": 2.00693241743852, "51": 2.00693241743852, "52": 2.00693241743852, "53": 2.00693241743852, "54": 2.00693241743852, "55": 2.00693241743852, "56": 2.00693241743852, "57": 2.00693241743852, "58": 2.00693241743852, "59": 2.00693241743852, "60": 2.00693241743852, "61": 2.00693241743852, "62": 2.00693241743852, "63": 2.00693241743852, "64": 2.00693241743852, "65": 2.00693241743852, "66": 2.00693241743852, "67": 2.00693241743852, "68": 2.00693241743852, "69": 2.00693241743852, "70": 2.00693241743852, "71": 2.00693241743852, "72": 2.00693241743852, "73": 2.00693241743852, "74": 2.00693241743852, "75": 2.00693241743852, "76": 2.00693241743852, "77": 2.00693241743852, "78": 2.00693241743852, "79": 2.00693241743852, "80": 2.00693241743852, "81": 2.00693241743852, "82": 2.00693241743852, "83": 2.00693241743852, "84": 2.00693241743852, "85": 2.00693241743852, "86": 2.00693241743852, "87": 2.00693241743852, "88": 2.00693241743852, "89": 2.00693241743852, "90": 2.00693241743852, "91": 2.00693241743852, "92": 2.00693241743852, "93": 2.00693241743852, "94": 2.00693241743852, "95": 2.00693241743852, "96": 2.00693241743852, "97": 2.00693241743852, "98": 2.00693241743852, "99": 2.00693241743852, "100": 2.00693241743852}