{"0": 9.903980053450333, "1": 9.903980053450333, "2": 8.35901177738131, "3": 8.35901177738131, "4": 3.826945940554751, "5": 3.826945940554751, "6": 2.5890589442628453, "7": 2.5890589442628453, "8": 2.5890589442628453, "9": 2.5890589442628453, "10": 2.5890589442628453, "11": 2.5890589442628453, "12": 2.5890589442628453, "13": 2.5890589442628453, "14": 2.5890589442628453, "15": 2.5890589442628453, "16": 2.5890589442628453, "17": 2.5890589442628453, "18": 2.5890589442628453, "19": 2.1091997563919094, "20": 2.1091997563919094, "21": 2.1091997563919094, "22": 2.1091997563919094, "23": 1.4336126916627663, "24": 1.4336126916627663, "25": 1.4336126916627663, "26": 1.4336126916627663, "27": 1.4336126916627663, "28": 1.4336126916627663, "29": 1.4336126916627663, "30": 1.4336126916627663, "31": 1.4336126916627663, "32": 1.4336126916627663, "33": 1.4336126916627663, "34": 1.4336126916627663, "35": 1.4336126916627663, "36": 1.4336126916627663, "37": 1.4336126916627663, "38": 1.4336126916627663, "39": 1.4336126916627663, "40": 1.4336126916627663, "41": 1.4336126916627663, "42": 1.3030131914069045, "43": 1.3030131914069045, "44": 1.3030131914069045, "45": 1.3030131914069045, "46": 1.3030131914069045, "47": 1.3030131914069045, "48": 1.3030131914069045, "49": 1.3030131914069045, "50": 1.3030131914069045, "51": 1.3030131914069045, "52": 1.3030131914069045, "53": 1.3030131914069045, "54": 1.3030131914069045, "55": 1.3030131914069045, "56": 1.3030131914069045, "57": 1.3030131914069045, "58": 1.3030131914069045, "59": 1.3030131914069045, "60": 1.3030131914069045, "61": 1.3030131914069045, "62": 1.3030131914069045, "63": 1.3030131914069045, "64": 1.3030131914069045, "65": 1.3030131914069045, "66": 1.3030131914069045, "67": 1.3030131914069045, "68": 1.3030131914069045, "69": 1.3030131914069045, "70": 1.3030131914069045, "71": 1.3030131914069045, "72": 1.3030131914069045, "73": 1.3030131914069045, "74": 1.3030131914069045, "75": 1.3030131914069045, "76": 1.3030131914069045, "77": 1.3030131914069045, "78": 1.3030131914069045, "79": 1.3030131914069045, "80": 1.3030131914069045, "81": 1.3030131914069045, "82": 1.3030131914069045, "83": 1.3030131914069045, "84": 1.3030131914069045, "85": 1.3030131914069045, "86": 1.3030131914069045, "87": 1.3030131914069045, "88": 1.1167727760843995, "89": 1.1167727760843995, "90": 1.1167727760843995, "91": 1.1167727760843995, "92": 1.1167727760843995, "93": 1.1167727760843995, "94": 1.1167727760843995, "95": 1.1167727760843995, "96": 1.1167727760843995, "97": 1.1167727760843995, "98": 1.1167727760843995, "99": 1.1167727760843995, "100": 1.1167727760843995}