{"0": 22.05422438159438, "1": 7.793859604353116, "2": 7.793859604353116, "3": 6.200919638149777, "4": 3.868571864230077, "5": 1.7996864230374214, "6": 1.7996864230374214, "7": 1.7996864230374214, "8": 1.5531147918701294, "9": 1.5531147918701294, "10": 1.5531147918701294, "11": 1.5531147918701294, "12": 1.5531147918701294, "13": 1.5531147918701294, "14": 1.5531147918701294, "15": 1.5531147918701294, "16": 1.5531147918701294, "17": 1.5531147918701294, "18": 1.2868061250082192, "19": 1.2868061250082192, "20": 1.2868061250082192, "21": 1.2868061250082192, "22": 1.2868061250082192, "23": 1.2868061250082192, "24": 1.2868061250082192, "25": 1.2868061250082192, "26": 1.2868061250082192, "27": 1.2868061250082192, "28": 1.2868061250082192, "29": 1.2868061250082192, "30": 1.2868061250082192, "31": 1.2868061250082192, "32": 1.2868061250082192, "33": 1.2868061250082192, "34": 1.2868061250082192, "35": 1.0114814519042596, "36": 1.0114814519042596, "37": 1.0114814519042596, "38": 1.0114814519042596, "39": 1.0114814519042596, "40": 1.0114814519042596, "41": 1.0114814519042596, "42": 1.0114814519042596, "43": 1.0114814519042596, "44": 1.0114814519042596, "45": 1.0114814519042596, "46": 1.0114814519042596, "47": 1.0114814519042596, "48": 1.0114814519042596, "49": 1.0114814519042596, "50": 1.0114814519042596, "51": 1.0114814519042596, "52": 1.0114814519042596, "53": 1.0114814519042596, "54": 1.0114814519042596, "55": 1.0114814519042596, "56": 1.0114814519042596, "57": 1.0114814519042596, "58": 1.0114814519042596, "59": 1.0114814519042596, "60": 1.0114814519042596, "61": 1.0114814519042596, "62": 1.0114814519042596, "63": 1.0114814519042596, "64": 1.0114814519042596, "65": 1.0114814519042596, "66": 1.0114814519042596, "67": 1.0114814519042596, "68": 1.0114814519042596, "69": 1.0114814519042596, "70": 1.0114814519042596, "71": 1.0114814519042596, "72": 0.9978984775292261, "73": 0.9978984775292261, "74": 0.9978984775292261, "75": 0.9978984775292261, "76": 0.9978984775292261, "77": 0.9978984775292261, "78": 0.9978984775292261, "79": 0.9978984775292261, "80": 0.9978984775292261, "81": 0.9978984775292261, "82": 0.9978984775292261, "83": 0.9978984775292261, "84": 0.9978984775292261, "85": 0.9978984775292261, "86": 0.9978984775292261, "87": 0.9978984775292261, "88": 0.9978984775292261, "89": 0.9978984775292261, "90": 0.9978984775292261, "91": 0.9978984775292261, "92": 0.9978984775292261, "93": 0.9978984775292261, "94": 0.9978984775292261, "95": 0.9978984775292261, "96": 0.9978984775292261, "97": 0.9978984775292261, "98": 0.9978984775292261, "99": 0.9978984775292261, "100": 0.9978984775292261}