{"0": 22.28276204114679, "1": 13.688957114859909, "2": 13.688957114859909, "3": 6.607164706797802, "4": 6.607164706797802, "5": 6.607164706797802, "6": 6.607164706797802, "7": 6.607164706797802, "8": 6.607164706797802, "9": 6.607164706797802, "10": 5.932536934374166, "11": 1.7935631669219099, "12": 1.7935631669219099, "13": 1.7935631669219099, "14": 1.7935631669219099, "15": 1.7935631669219099, "16": 1.7935631669219099, "17": 1.7935631669219099, "18": 1.7935631669219099, "19": 1.7935631669219099, "20": 1.7935631669219099, "21": 1.7935631669219099, "22": 1.7935631669219099, "23": 1.7935631669219099, "24": 1.7935631669219099, "25": 1.7935631669219099, "26": 1.7935631669219099, "27": 1.7935631669219099, "28": 1.7935631669219099, "29": 1.7935631669219099, "30": 1.7935631669219099, "31": 1.7935631669219099, "32": 1.7935631669219099, "33": 1.7935631669219099, "34": 1.7935631669219099, "35": 1.7935631669219099, "36": 1.7935631669219099, "37": 1.7935631669219099, "38": 1.7935631669219099, "39": 1.7935631669219099, "40": 1.7935631669219099, "41": 1.7935631669219099, "42": 1.7935631669219099, "43": 1.7935631669219099, "44": 1.7935631669219099, "45": 1.7935631669219099, "46": 1.7935631669219099, "47": 1.7935631669219099, "48": 1.7935631669219099, "49": 1.7935631669219099, "50": 1.7935631669219099, "51": 1.7935631669219099, "52": 1.7935631669219099, "53": 1.7935631669219099, "54": 1.7935631669219099, "55": 1.7935631669219099, "56": 1.7935631669219099, "57": 1.7935631669219099, "58": 1.7935631669219099, "59": 1.7935631669219099, "60": 1.7935631669219099, "61": 1.7935631669219099, "62": 1.7935631669219099, "63": 1.7935631669219099, "64": 1.7935631669219099, "65": 1.7935631669219099, "66": 1.7935631669219099, "67": 1.7935631669219099, "68": 1.7935631669219099, "69": 1.7935631669219099, "70": 1.7935631669219099, "71": 1.7935631669219099, "72": 1.7935631669219099, "73": 1.7935631669219099, "74": 1.7935631669219099, "75": 1.7935631669219099, "76": 1.7935631669219099, "77": 1.7935631669219099, "78": 1.7935631669219099, "79": 1.7935631669219099, "80": 1.7935631669219099, "81": 1.7935631669219099, "82": 1.7935631669219099, "83": 1.7935631669219099, "84": 1.7935631669219099, "85": 1.7935631669219099, "86": 1.7935631669219099, "87": 1.7935631669219099, "88": 1.7935631669219099, "89": 1.7935631669219099, "90": 1.7935631669219099, "91": 1.7935631669219099, "92": 1.7935631669219099, "93": 1.7935631669219099, "94": 1.7935631669219099, "95": 1.7935631669219099, "96": 1.7935631669219099, "97": 1.7935631669219099, "98": 1.7935631669219099, "99": 1.7935631669219099, "100": 1.7935631669219099}