{"0": 15.037463539311862, "1": 15.037463539311862, "2": 10.155396574929878, "3": 10.155396574929878, "4": 10.155396574929878, "5": 7.648093179362068, "6": 7.648093179362068, "7": 7.648093179362068, "8": 7.648093179362068, "9": 7.648093179362068, "10": 7.648093179362068, "11": 7.648093179362068, "12": 4.9930937916314875, "13": 4.9930937916314875, "14": 4.9930937916314875, "15": 3.1092765422553157, "16": 3.1092765422553157, "17": 3.1092765422553157, "18": 3.1092765422553157, "19": 3.1092765422553157, "20": 3.1092765422553157, "21": 3.1092765422553157, "22": 3.1092765422553157, "23": 3.1092765422553157, "24": 3.1092765422553157, "25": 3.1092765422553157, "26": 2.492911296129712, "27": 2.492911296129712, "28": 2.492911296129712, "29": 2.492911296129712, "30": 2.492911296129712, "31": 2.492911296129712, "32": 2.492911296129712, "33": 2.492911296129712, "34": 2.492911296129712, "35": 2.492911296129712, "36": 2.492911296129712, "37": 2.492911296129712, "38": 2.492911296129712, "39": 2.492911296129712, "40": 2.492911296129712, "41": 2.492911296129712, "42": 2.492911296129712, "43": 2.492911296129712, "44": 2.492911296129712, "45": 2.492911296129712, "46": 2.492911296129712, "47": 2.492911296129712, "48": 2.492911296129712, "49": 2.492911296129712, "50": 2.492911296129712, "51": 2.492911296129712, "52": 2.492911296129712, "53": 2.492911296129712, "54": 2.492911296129712, "55": 2.492911296129712, "56": 2.0484155346184423, "57": 2.0484155346184423, "58": 2.0484155346184423, "59": 2.0484155346184423, "60": 2.0484155346184423, "61": 2.0484155346184423, "62": 2.0484155346184423, "63": 2.0484155346184423, "64": 2.0484155346184423, "65": 2.0484155346184423, "66": 2.0484155346184423, "67": 2.0484155346184423, "68": 2.0484155346184423, "69": 1.1303674400502963, "70": 1.1303674400502963, "71": 1.1303674400502963, "72": 1.1303674400502963, "73": 1.1303674400502963, "74": 1.1303674400502963, "75": 1.1303674400502963, "76": 1.1303674400502963, "77": 1.1303674400502963, "78": 1.1303674400502963, "79": 1.1303674400502963, "80": 1.1303674400502963, "81": 1.1303674400502963, "82": 1.1303674400502963, "83": 1.1303674400502963, "84": 1.1303674400502963, "85": 1.1303674400502963, "86": 1.1303674400502963, "87": 1.1303674400502963, "88": 1.1303674400502963, "89": 1.1303674400502963, "90": 1.1303674400502963, "91": 1.1303674400502963, "92": 1.1303674400502963, "93": 1.1303674400502963, "94": 1.1303674400502963, "95": 1.1303674400502963, "96": 1.1303674400502963, "97": 1.1303674400502963, "98": 1.1303674400502963, "99": 1.1303674400502963, "100": 1.1303674400502963}