{"0": 17.501255732798843, "1": 6.250276096964878, "2": 6.250276096964878, "3": 3.173943483991657, "4": 1.1122220241374094, "5": 1.1122220241374094, "6": 1.1122220241374094, "7": 1.1122220241374094, "8": 1.1122220241374094, "9": 1.1122220241374094, "10": 1.1122220241374094, "11": 1.1122220241374094, "12": 1.1122220241374094, "13": 1.1122220241374094, "14": 1.1122220241374094, "15": 1.1122220241374094, "16": 1.1122220241374094, "17": 1.1122220241374094, "18": 1.1122220241374094, "19": 1.0216325713298744, "20": 1.0216325713298744, "21": 1.0216325713298744, "22": 1.0216325713298744, "23": 1.0216325713298744, "24": 1.0216325713298744, "25": 0.4858114260797848, "26": 0.4858114260797848, "27": 0.4858114260797848, "28": 0.4858114260797848, "29": 0.4858114260797848, "30": 0.4858114260797848, "31": 0.4858114260797848, "32": 0.4858114260797848, "33": 0.4858114260797848, "34": 0.4858114260797848, "35": 0.4858114260797848, "36": 0.4858114260797848, "37": 0.4858114260797848, "38": 0.4858114260797848, "39": 0.4858114260797848, "40": 0.4858114260797848, "41": 0.4858114260797848, "42": 0.4858114260797848, "43": 0.4858114260797848, "44": 0.4858114260797848, "45": 0.4858114260797848, "46": 0.4858114260797848, "47": 0.4858114260797848, "48": 0.4858114260797848, "49": 0.4858114260797848, "50": 0.4858114260797848, "51": 0.4858114260797848, "52": 0.4858114260797848, "53": 0.4858114260797848, "54": 0.4858114260797848, "55": 0.4858114260797848, "56": 0.4858114260797848, "57": 0.4858114260797848, "58": 0.4858114260797848, "59": 0.4858114260797848, "60": 0.4858114260797848, "61": 0.4858114260797848, "62": 0.4858114260797848, "63": 0.4858114260797848, "64": 0.4858114260797848, "65": 0.4858114260797848, "66": 0.4858114260797848, "67": 0.4858114260797848, "68": 0.4858114260797848, "69": 0.4858114260797848, "70": 0.4858114260797848, "71": 0.4858114260797848, "72": 0.4858114260797848, "73": 0.4858114260797848, "74": 0.4858114260797848, "75": 0.4858114260797848, "76": 0.4858114260797848, "77": 0.4858114260797848, "78": 0.4858114260797848, "79": 0.4858114260797848, "80": 0.4858114260797848, "81": 0.4858114260797848, "82": 0.4858114260797848, "83": 0.4858114260797848, "84": 0.4858114260797848, "85": 0.4858114260797848, "86": 0.4858114260797848, "87": 0.4858114260797848, "88": 0.4858114260797848, "89": 0.4858114260797848, "90": 0.4858114260797848, "91": 0.4858114260797848, "92": 0.4858114260797848, "93": 0.4858114260797848, "94": 0.4858114260797848, "95": 0.4858114260797848, "96": 0.4858114260797848, "97": 0.4858114260797848, "98": 0.4858114260797848, "99": 0.4858114260797848, "100": 0.4858114260797848}