{"0": 11.203161374623779, "1": 4.572410179441775, "2": 4.572410179441775, "3": 4.118609777186739, "4": 4.118609777186739, "5": 4.118609777186739, "6": 4.118609777186739, "7": 4.118609777186739, "8": 4.118609777186739, "9": 4.098934000996538, "10": 4.098934000996538, "11": 4.098934000996538, "12": 4.098934000996538, "13": 1.0950910723751193, "14": 1.0950910723751193, "15": 1.0950910723751193, "16": 1.0950910723751193, "17": 1.0950910723751193, "18": 1.0950910723751193, "19": 0.481161720149867, "20": 0.481161720149867, "21": 0.481161720149867, "22": 0.481161720149867, "23": 0.481161720149867, "24": 0.481161720149867, "25": 0.481161720149867, "26": 0.481161720149867, "27": 0.481161720149867, "28": 0.481161720149867, "29": 0.481161720149867, "30": 0.481161720149867, "31": 0.481161720149867, "32": 0.481161720149867, "33": 0.481161720149867, "34": 0.481161720149867, "35": 0.481161720149867, "36": 0.481161720149867, "37": 0.481161720149867, "38": 0.481161720149867, "39": 0.481161720149867, "40": 0.481161720149867, "41": 0.481161720149867, "42": 0.481161720149867, "43": 0.481161720149867, "44": 0.481161720149867, "45": 0.481161720149867, "46": 0.481161720149867, "47": 0.481161720149867, "48": 0.481161720149867, "49": 0.481161720149867, "50": 0.481161720149867, "51": 0.481161720149867, "52": 0.481161720149867, "53": 0.481161720149867, "54": 0.481161720149867, "55": 0.481161720149867, "56": 0.481161720149867, "57": 0.481161720149867, "58": 0.481161720149867, "59": 0.481161720149867, "60": 0.481161720149867, "61": 0.481161720149867, "62": 0.481161720149867, "63": 0.481161720149867, "64": 0.481161720149867, "65": 0.481161720149867, "66": 0.481161720149867, "67": 0.481161720149867, "68": 0.481161720149867, "69": 0.481161720149867, "70": 0.481161720149867, "71": 0.481161720149867, "72": 0.481161720149867, "73": 0.481161720149867, "74": 0.481161720149867, "75": 0.481161720149867, "76": 0.481161720149867, "77": 0.481161720149867, "78": 0.481161720149867, "79": 0.481161720149867, "80": 0.481161720149867, "81": 0.481161720149867, "82": 0.481161720149867, "83": 0.481161720149867, "84": 0.481161720149867, "85": 0.481161720149867, "86": 0.481161720149867, "87": 0.481161720149867, "88": 0.481161720149867, "89": 0.481161720149867, "90": 0.481161720149867, "91": 0.481161720149867, "92": 0.481161720149867, "93": 0.481161720149867, "94": 0.481161720149867, "95": 0.481161720149867, "96": 0.481161720149867, "97": 0.481161720149867, "98": 0.481161720149867, "99": 0.481161720149867, "100": 0.481161720149867}