{"0": 20.868071514333028, "1": 18.21845088083086, "2": 10.754419159094422, "3": 10.754419159094422, "4": 10.754419159094422, "5": 10.754419159094422, "6": 10.754419159094422, "7": 10.754419159094422, "8": 10.754419159094422, "9": 10.754419159094422, "10": 7.529420851000321, "11": 7.529420851000321, "12": 7.529420851000321, "13": 7.529420851000321, "14": 7.484879816076434, "15": 5.12103655675379, "16": 5.12103655675379, "17": 5.12103655675379, "18": 5.12103655675379, "19": 4.409737622097964, "20": 4.409737622097964, "21": 4.409737622097964, "22": 4.409737622097964, "23": 4.409737622097964, "24": 1.99092674978602, "25": 1.99092674978602, "26": 1.99092674978602, "27": 1.99092674978602, "28": 1.99092674978602, "29": 1.99092674978602, "30": 1.99092674978602, "31": 1.99092674978602, "32": 1.99092674978602, "33": 1.99092674978602, "34": 1.99092674978602, "35": 1.99092674978602, "36": 1.99092674978602, "37": 1.99092674978602, "38": 1.99092674978602, "39": 1.99092674978602, "40": 1.99092674978602, "41": 1.99092674978602, "42": 1.99092674978602, "43": 1.99092674978602, "44": 1.99092674978602, "45": 1.99092674978602, "46": 1.99092674978602, "47": 1.99092674978602, "48": 1.99092674978602, "49": 1.99092674978602, "50": 1.99092674978602, "51": 1.99092674978602, "52": 1.99092674978602, "53": 1.99092674978602, "54": 1.99092674978602, "55": 1.99092674978602, "56": 1.99092674978602, "57": 1.99092674978602, "58": 1.99092674978602, "59": 1.99092674978602, "60": 1.99092674978602, "61": 1.99092674978602, "62": 1.99092674978602, "63": 1.99092674978602, "64": 1.99092674978602, "65": 1.99092674978602, "66": 1.99092674978602, "67": 1.99092674978602, "68": 1.99092674978602, "69": 1.99092674978602, "70": 1.99092674978602, "71": 1.99092674978602, "72": 1.99092674978602, "73": 1.99092674978602, "74": 1.99092674978602, "75": 1.99092674978602, "76": 1.99092674978602, "77": 1.99092674978602, "78": 1.99092674978602, "79": 1.99092674978602, "80": 1.99092674978602, "81": 1.99092674978602, "82": 1.99092674978602, "83": 1.99092674978602, "84": 1.99092674978602, "85": 1.99092674978602, "86": 1.99092674978602, "87": 1.99092674978602, "88": 1.99092674978602, "89": 1.99092674978602, "90": 1.99092674978602, "91": 1.99092674978602, "92": 1.99092674978602, "93": 1.99092674978602, "94": 1.99092674978602, "95": 1.99092674978602, "96": 1.99092674978602, "97": 1.99092674978602, "98": 1.99092674978602, "99": 1.99092674978602, "100": 1.99092674978602}