{"0": 19.391074421391245, "1": 9.521768464819694, "2": 9.521768464819694, "3": 9.521768464819694, "4": 9.521768464819694, "5": 6.678678581679499, "6": 6.678678581679499, "7": 6.678678581679499, "8": 6.678678581679499, "9": 4.715086706879378, "10": 4.715086706879378, "11": 4.715086706879378, "12": 4.715086706879378, "13": 4.715086706879378, "14": 3.7646494717291326, "15": 3.7646494717291326, "16": 3.7646494717291326, "17": 2.849039574751348, "18": 2.849039574751348, "19": 1.8341600282206976, "20": 1.0488690565006529, "21": 1.0488690565006529, "22": 1.0488690565006529, "23": 1.0488690565006529, "24": 1.0488690565006529, "25": 1.0488690565006529, "26": 1.0488690565006529, "27": 1.0488690565006529, "28": 1.0488690565006529, "29": 1.0488690565006529, "30": 1.0488690565006529, "31": 1.0488690565006529, "32": 1.0488690565006529, "33": 1.0488690565006529, "34": 1.0488690565006529, "35": 1.0488690565006529, "36": 1.0488690565006529, "37": 1.0488690565006529, "38": 1.0488690565006529, "39": 1.0488690565006529, "40": 1.0488690565006529, "41": 1.025640679984157, "42": 1.025640679984157, "43": 1.025640679984157, "44": 1.025640679984157, "45": 1.025640679984157, "46": 1.025640679984157, "47": 1.025640679984157, "48": 1.025640679984157, "49": 1.025640679984157, "50": 1.025640679984157, "51": 1.025640679984157, "52": 1.025640679984157, "53": 1.025640679984157, "54": 1.025640679984157, "55": 1.025640679984157, "56": 1.025640679984157, "57": 1.025640679984157, "58": 1.025640679984157, "59": 1.025640679984157, "60": 1.025640679984157, "61": 1.025640679984157, "62": 1.025640679984157, "63": 1.025640679984157, "64": 1.025640679984157, "65": 0.15177842482922443, "66": 0.15177842482922443, "67": 0.15177842482922443, "68": 0.15177842482922443, "69": 0.15177842482922443, "70": 0.15177842482922443, "71": 0.15177842482922443, "72": 0.15177842482922443, "73": 0.15177842482922443, "74": 0.15177842482922443, "75": 0.15177842482922443, "76": 0.15177842482922443, "77": 0.15177842482922443, "78": 0.15177842482922443, "79": 0.15177842482922443, "80": 0.15177842482922443, "81": 0.15177842482922443, "82": 0.15177842482922443, "83": 0.15177842482922443, "84": 0.15177842482922443, "85": 0.15177842482922443, "86": 0.15177842482922443, "87": 0.15177842482922443, "88": 0.15177842482922443, "89": 0.15177842482922443, "90": 0.15177842482922443, "91": 0.15177842482922443, "92": 0.15177842482922443, "93": 0.15177842482922443, "94": 0.15177842482922443, "95": 0.15177842482922443, "96": 0.15177842482922443, "97": 0.15177842482922443, "98": 0.15177842482922443, "99": 0.15177842482922443, "100": 0.15177842482922443}