{"0": 17.721464899108593, "1": 17.721464899108593, "2": 13.936936865795301, "3": 13.936936865795301, "4": 13.300105203991802, "5": 3.1011962864522573, "6": 3.1011962864522573, "7": 3.1011962864522573, "8": 3.1011962864522573, "9": 3.1011962864522573, "10": 3.1011962864522573, "11": 3.1011962864522573, "12": 3.1011962864522573, "13": 3.1011962864522573, "14": 3.1011962864522573, "15": 2.4420645955640765, "16": 2.1228863430026337, "17": 2.1228863430026337, "18": 2.1228863430026337, "19": 2.1228863430026337, "20": 2.0384132523125977, "21": 2.0384132523125977, "22": 2.0384132523125977, "23": 2.0384132523125977, "24": 2.0384132523125977, "25": 2.0384132523125977, "26": 2.0384132523125977, "27": 2.0384132523125977, "28": 2.0384132523125977, "29": 1.1218465769166386, "30": 1.1218465769166386, "31": 1.1218465769166386, "32": 1.1218465769166386, "33": 1.1218465769166386, "34": 1.1218465769166386, "35": 1.1218465769166386, "36": 1.1218465769166386, "37": 1.1218465769166386, "38": 1.1218465769166386, "39": 1.1218465769166386, "40": 1.1218465769166386, "41": 1.1218465769166386, "42": 1.1218465769166386, "43": 1.1218465769166386, "44": 1.1218465769166386, "45": 1.1218465769166386, "46": 1.1218465769166386, "47": 1.1218465769166386, "48": 1.1218465769166386, "49": 1.1218465769166386, "50": 1.1218465769166386, "51": 1.1218465769166386, "52": 1.1218465769166386, "53": 1.1218465769166386, "54": 1.1218465769166386, "55": 1.1218465769166386, "56": 1.1218465769166386, "57": 1.1218465769166386, "58": 1.1218465769166386, "59": 1.1218465769166386, "60": 1.1218465769166386, "61": 1.1218465769166386, "62": 1.1218465769166386, "63": 1.1218465769166386, "64": 1.1218465769166386, "65": 1.1218465769166386, "66": 1.1218465769166386, "67": 1.1218465769166386, "68": 1.1218465769166386, "69": 1.1218465769166386, "70": 1.1218465769166386, "71": 1.1218465769166386, "72": 1.1218465769166386, "73": 1.1218465769166386, "74": 1.1218465769166386, "75": 1.1218465769166386, "76": 1.1218465769166386, "77": 1.1218465769166386, "78": 1.1218465769166386, "79": 1.1218465769166386, "80": 1.1218465769166386, "81": 1.1218465769166386, "82": 1.1218465769166386, "83": 1.1218465769166386, "84": 1.1218465769166386, "85": 1.1218465769166386, "86": 1.1218465769166386, "87": 1.1218465769166386, "88": 1.1218465769166386, "89": 1.1218465769166386, "90": 1.1218465769166386, "91": 1.1218465769166386, "92": 1.1218465769166386, "93": 1.1218465769166386, "94": 1.1218465769166386, "95": 1.1218465769166386, "96": 1.1218465769166386, "97": 1.1218465769166386, "98": 1.1218465769166386, "99": 1.1218465769166386, "100": 1.1218465769166386}