{"0": 9.54737932760725, "1": 9.54737932760725, "2": 9.54737932760725, "3": 6.119892854827931, "4": 6.119892854827931, "5": 6.119892854827931, "6": 6.119892854827931, "7": 6.119892854827931, "8": 4.204718186126282, "9": 4.204718186126282, "10": 2.8663341891947027, "11": 2.8663341891947027, "12": 2.8663341891947027, "13": 2.8663341891947027, "14": 2.8663341891947027, "15": 2.8663341891947027, "16": 2.8663341891947027, "17": 2.6619738729946114, "18": 2.6619738729946114, "19": 2.6619738729946114, "20": 2.6619738729946114, "21": 2.6619738729946114, "22": 2.6619738729946114, "23": 2.6619738729946114, "24": 2.6619738729946114, "25": 2.6619738729946114, "26": 2.574447377619908, "27": 2.574447377619908, "28": 2.574447377619908, "29": 2.1639826344740207, "30": 1.808507770395778, "31": 1.808507770395778, "32": 1.808507770395778, "33": 1.808507770395778, "34": 1.808507770395778, "35": 1.808507770395778, "36": 1.808507770395778, "37": 1.808507770395778, "38": 1.808507770395778, "39": 1.808507770395778, "40": 1.808507770395778, "41": 1.808507770395778, "42": 1.808507770395778, "43": 1.808507770395778, "44": 1.808507770395778, "45": 1.808507770395778, "46": 1.808507770395778, "47": 1.808507770395778, "48": 1.808507770395778, "49": 1.808507770395778, "50": 1.808507770395778, "51": 1.800877682127659, "52": 1.800877682127659, "53": 1.800877682127659, "54": 1.800877682127659, "55": 1.800877682127659, "56": 1.800877682127659, "57": 1.800877682127659, "58": 1.4660210251000905, "59": 1.4660210251000905, "60": 1.4660210251000905, "61": 1.4660210251000905, "62": 1.4660210251000905, "63": 1.4660210251000905, "64": 1.4660210251000905, "65": 1.4660210251000905, "66": 1.4660210251000905, "67": 1.4660210251000905, "68": 1.4660210251000905, "69": 1.4660210251000905, "70": 1.4660210251000905, "71": 1.4660210251000905, "72": 1.4660210251000905, "73": 1.4660210251000905, "74": 1.4660210251000905, "75": 1.4660210251000905, "76": 1.4660210251000905, "77": 1.4660210251000905, "78": 1.4660210251000905, "79": 1.4660210251000905, "80": 1.4660210251000905, "81": 1.4660210251000905, "82": 1.4660210251000905, "83": 1.4660210251000905, "84": 1.4660210251000905, "85": 1.4660210251000905, "86": 1.4660210251000905, "87": 1.4660210251000905, "88": 1.4660210251000905, "89": 1.4660210251000905, "90": 1.4660210251000905, "91": 1.4660210251000905, "92": 1.4660210251000905, "93": 1.4660210251000905, "94": 1.4660210251000905, "95": 1.2787953762209767, "96": 1.2787953762209767, "97": 1.2787953762209767, "98": 1.2787953762209767, "99": 1.2787953762209767, "100": 1.2787953762209767}