{"0": 7.219612486680246, "1": 7.219612486680246, "2": 7.219612486680246, "3": 7.219612486680246, "4": 7.219612486680246, "5": 3.394358815068916, "6": 3.394358815068916, "7": 3.394358815068916, "8": 3.394358815068916, "9": 3.394358815068916, "10": 3.394358815068916, "11": 3.394358815068916, "12": 3.394358815068916, "13": 3.394358815068916, "14": 3.394358815068916, "15": 3.394358815068916, "16": 3.089450770125609, "17": 3.089450770125609, "18": 3.089450770125609, "19": 3.089450770125609, "20": 1.2222578125583468, "21": 1.2222578125583468, "22": 1.2222578125583468, "23": 1.2222578125583468, "24": 1.2222578125583468, "25": 1.2222578125583468, "26": 1.2222578125583468, "27": 1.2222578125583468, "28": 1.2222578125583468, "29": 1.2222578125583468, "30": 1.2222578125583468, "31": 1.2222578125583468, "32": 1.2222578125583468, "33": 1.2222578125583468, "34": 1.2222578125583468, "35": 1.2222578125583468, "36": 1.2222578125583468, "37": 1.2222578125583468, "38": 1.2222578125583468, "39": 1.2222578125583468, "40": 1.2222578125583468, "41": 1.2222578125583468, "42": 1.2222578125583468, "43": 1.2222578125583468, "44": 1.2222578125583468, "45": 1.2222578125583468, "46": 1.2222578125583468, "47": 1.2222578125583468, "48": 1.2222578125583468, "49": 1.2222578125583468, "50": 1.2222578125583468, "51": 1.2222578125583468, "52": 1.2222578125583468, "53": 1.2222578125583468, "54": 1.2222578125583468, "55": 1.2222578125583468, "56": 1.2222578125583468, "57": 1.2222578125583468, "58": 1.2222578125583468, "59": 1.2222578125583468, "60": 1.2222578125583468, "61": 1.2222578125583468, "62": 1.2222578125583468, "63": 1.2222578125583468, "64": 1.2222578125583468, "65": 1.0532729105945968, "66": 1.0532729105945968, "67": 1.0532729105945968, "68": 1.0532729105945968, "69": 1.0532729105945968, "70": 1.0532729105945968, "71": 1.0532729105945968, "72": 1.0532729105945968, "73": 1.0532729105945968, "74": 1.0532729105945968, "75": 1.0532729105945968, "76": 1.0532729105945968, "77": 1.0532729105945968, "78": 1.0532729105945968, "79": 1.0532729105945968, "80": 1.0532729105945968, "81": 1.0532729105945968, "82": 1.0532729105945968, "83": 1.0532729105945968, "84": 1.0532729105945968, "85": 1.0532729105945968, "86": 1.0532729105945968, "87": 1.0532729105945968, "88": 1.0532729105945968, "89": 1.0532729105945968, "90": 1.0532729105945968, "91": 1.0532729105945968, "92": 1.0532729105945968, "93": 1.0532729105945968, "94": 1.0532729105945968, "95": 1.0532729105945968, "96": 1.0532729105945968, "97": 1.0532729105945968, "98": 1.0532729105945968, "99": 1.0532729105945968, "100": 1.0532729105945968}