{"0": 28.9860819386819, "1": 17.692597849583148, "2": 11.640321508553406, "3": 11.640321508553406, "4": 4.502379619187062, "5": 4.502379619187062, "6": 4.502379619187062, "7": 4.502379619187062, "8": 4.502379619187062, "9": 3.489147771987934, "10": 3.489147771987934, "11": 3.489147771987934, "12": 3.489147771987934, "13": 3.489147771987934, "14": 3.489147771987934, "15": 3.489147771987934, "16": 2.307224382980351, "17": 2.307224382980351, "18": 2.307224382980351, "19": 2.307224382980351, "20": 2.307224382980351, "21": 2.307224382980351, "22": 2.307224382980351, "23": 2.307224382980351, "24": 2.307224382980351, "25": 2.307224382980351, "26": 2.307224382980351, "27": 2.307224382980351, "28": 2.307224382980351, "29": 2.307224382980351, "30": 2.307224382980351, "31": 2.307224382980351, "32": 2.307224382980351, "33": 2.1568294142860864, "34": 2.1568294142860864, "35": 2.1568294142860864, "36": 2.1568294142860864, "37": 2.1568294142860864, "38": 2.1568294142860864, "39": 2.1568294142860864, "40": 2.1568294142860864, "41": 2.1568294142860864, "42": 2.1568294142860864, "43": 2.1568294142860864, "44": 2.1568294142860864, "45": 2.1568294142860864, "46": 2.1568294142860864, "47": 2.1568294142860864, "48": 2.1568294142860864, "49": 2.1568294142860864, "50": 1.5434974822880108, "51": 1.5434974822880108, "52": 1.5434974822880108, "53": 1.5434974822880108, "54": 1.5434974822880108, "55": 1.5434974822880108, "56": 1.5434974822880108, "57": 1.5434974822880108, "58": 1.5434974822880108, "59": 1.5434974822880108, "60": 1.5434974822880108, "61": 1.5434974822880108, "62": 1.5434974822880108, "63": 1.5434974822880108, "64": 1.5434974822880108, "65": 1.5434974822880108, "66": 1.5434974822880108, "67": 1.5434974822880108, "68": 1.5434974822880108, "69": 1.5434974822880108, "70": 1.5434974822880108, "71": 1.5434974822880108, "72": 1.5434974822880108, "73": 1.5434974822880108, "74": 1.5434974822880108, "75": 1.5434974822880108, "76": 1.5434974822880108, "77": 1.5434974822880108, "78": 1.5434974822880108, "79": 1.5434974822880108, "80": 1.5434974822880108, "81": 1.5434974822880108, "82": 1.5434974822880108, "83": 1.5434974822880108, "84": 1.5434974822880108, "85": 1.5434974822880108, "86": 1.5434974822880108, "87": 1.5434974822880108, "88": 1.5434974822880108, "89": 1.5434974822880108, "90": 1.5434974822880108, "91": 1.5434974822880108, "92": 1.5434974822880108, "93": 1.5434974822880108, "94": 1.5434974822880108, "95": 1.5434974822880108, "96": 1.5434974822880108, "97": 1.5434974822880108, "98": 1.5434974822880108, "99": 1.5434974822880108, "100": 1.5434974822880108}