{"0": 13.665917999963222, "1": 11.10312825888419, "2": 7.319099876714306, "3": 7.319099876714306, "4": 7.319099876714306, "5": 7.319099876714306, "6": 7.319099876714306, "7": 6.639916318815201, "8": 6.639916318815201, "9": 6.639916318815201, "10": 6.639916318815201, "11": 3.197842643128581, "12": 3.197842643128581, "13": 3.197842643128581, "14": 1.996323009442719, "15": 1.996323009442719, "16": 1.996323009442719, "17": 1.996323009442719, "18": 1.996323009442719, "19": 1.996323009442719, "20": 1.996323009442719, "21": 1.996323009442719, "22": 1.996323009442719, "23": 1.996323009442719, "24": 1.996323009442719, "25": 1.996323009442719, "26": 1.996323009442719, "27": 1.996323009442719, "28": 1.996323009442719, "29": 1.996323009442719, "30": 1.996323009442719, "31": 1.996323009442719, "32": 1.996323009442719, "33": 1.9946921671703066, "34": 1.9946921671703066, "35": 1.1579900754543075, "36": 1.1579900754543075, "37": 1.1579900754543075, "38": 1.1579900754543075, "39": 1.1579900754543075, "40": 1.1579900754543075, "41": 1.1579900754543075, "42": 1.1579900754543075, "43": 1.1579900754543075, "44": 1.1579900754543075, "45": 1.1579900754543075, "46": 1.1579900754543075, "47": 1.1579900754543075, "48": 1.1579900754543075, "49": 1.1579900754543075, "50": 1.1579900754543075, "51": 1.1579900754543075, "52": 1.1579900754543075, "53": 1.1579900754543075, "54": 1.1579900754543075, "55": 1.1579900754543075, "56": 1.1579900754543075, "57": 1.1579900754543075, "58": 1.1579900754543075, "59": 1.1579900754543075, "60": 1.1579900754543075, "61": 1.1579900754543075, "62": 1.1579900754543075, "63": 1.1579900754543075, "64": 1.1579900754543075, "65": 1.1579900754543075, "66": 1.1579900754543075, "67": 1.1579900754543075, "68": 1.1579900754543075, "69": 1.1579900754543075, "70": 1.1579900754543075, "71": 1.1579900754543075, "72": 1.1579900754543075, "73": 1.1579900754543075, "74": 1.1579900754543075, "75": 1.1579900754543075, "76": 1.1579900754543075, "77": 1.1579900754543075, "78": 1.1579900754543075, "79": 1.1579900754543075, "80": 1.1579900754543075, "81": 1.1579900754543075, "82": 1.1579900754543075, "83": 1.1579900754543075, "84": 1.1579900754543075, "85": 1.1579900754543075, "86": 1.1579900754543075, "87": 1.1579900754543075, "88": 1.1579900754543075, "89": 1.1579900754543075, "90": 1.1579900754543075, "91": 1.1579900754543075, "92": 1.1579900754543075, "93": 1.1579900754543075, "94": 1.1579900754543075, "95": 1.1579900754543075, "96": 1.1579900754543075, "97": 1.1579900754543075, "98": 1.1579900754543075, "99": 1.1579900754543075, "100": 1.1579900754543075}