{"0": 25.703638982511873, "1": 13.401719038670853, "2": 13.401719038670853, "3": 13.401719038670853, "4": 11.935928807656026, "5": 4.002661259232303, "6": 4.002661259232303, "7": 4.002661259232303, "8": 4.002661259232303, "9": 0.3646300723825675, "10": 0.3646300723825675, "11": 0.3646300723825675, "12": 0.3646300723825675, "13": 0.3646300723825675, "14": 0.3646300723825675, "15": 0.3646300723825675, "16": 0.3646300723825675, "17": 0.3646300723825675, "18": 0.3646300723825675, "19": 0.3646300723825675, "20": 0.3646300723825675, "21": 0.037231195384535454, "22": 0.037231195384535454, "23": 0.037231195384535454, "24": 0.037231195384535454, "25": 0.037231195384535454, "26": 0.037231195384535454, "27": 0.037231195384535454, "28": 0.037231195384535454, "29": 0.037231195384535454, "30": 0.037231195384535454, "31": 0.037231195384535454, "32": 0.037231195384535454, "33": 0.037231195384535454, "34": 0.037231195384535454, "35": 0.037231195384535454, "36": 0.037231195384535454, "37": 0.037231195384535454, "38": 0.037231195384535454, "39": 0.037231195384535454, "40": 0.037231195384535454, "41": 0.037231195384535454, "42": 0.037231195384535454, "43": 0.037231195384535454, "44": 0.037231195384535454, "45": 0.037231195384535454, "46": 0.037231195384535454, "47": 0.025339954584353563, "48": 0.025339954584353563, "49": 0.025339954584353563, "50": 0.025339954584353563, "51": 0.025339954584353563, "52": 0.025339954584353563, "53": 0.025339954584353563, "54": 0.025339954584353563, "55": 0.025339954584353563, "56": 0.025339954584353563, "57": 0.025339954584353563, "58": 0.025339954584353563, "59": 0.025339954584353563, "60": 0.025339954584353563, "61": 0.025339954584353563, "62": 0.025339954584353563, "63": 0.025339954584353563, "64": 0.025339954584353563, "65": 0.025339954584353563, "66": 0.025339954584353563, "67": 0.025339954584353563, "68": 0.025339954584353563, "69": 0.025339954584353563, "70": 0.025339954584353563, "71": 0.025339954584353563, "72": 0.025339954584353563, "73": 0.025339954584353563, "74": 0.025339954584353563, "75": 0.025339954584353563, "76": 0.025339954584353563, "77": 0.025339954584353563, "78": 0.025339954584353563, "79": 0.025339954584353563, "80": 0.025339954584353563, "81": 0.025339954584353563, "82": 0.025339954584353563, "83": 0.025339954584353563, "84": 0.025339954584353563, "85": 0.025339954584353563, "86": 0.025339954584353563, "87": 0.025339954584353563, "88": 0.025339954584353563, "89": 0.025339954584353563, "90": 0.025339954584353563, "91": 0.025339954584353563, "92": 0.025339954584353563, "93": 0.025339954584353563, "94": 0.025339954584353563, "95": 0.025339954584353563, "96": 0.025339954584353563, "97": 0.025339954584353563, "98": 0.025339954584353563, "99": 0.025339954584353563, "100": 0.025339954584353563}