{"0": 6.287849853676063, "1": 6.287849853676063, "2": 6.287849853676063, "3": 6.287849853676063, "4": 6.287849853676063, "5": 6.287849853676063, "6": 3.2413500559371293, "7": 3.2413500559371293, "8": 3.2413500559371293, "9": 3.2413500559371293, "10": 3.2413500559371293, "11": 2.4199574735445495, "12": 2.4199574735445495, "13": 2.4199574735445495, "14": 2.4199574735445495, "15": 2.4199574735445495, "16": 2.4199574735445495, "17": 2.4199574735445495, "18": 2.4199574735445495, "19": 2.4199574735445495, "20": 2.4199574735445495, "21": 2.4199574735445495, "22": 2.4199574735445495, "23": 2.4199574735445495, "24": 2.4199574735445495, "25": 2.4199574735445495, "26": 1.3209900413703473, "27": 1.3209900413703473, "28": 1.3209900413703473, "29": 1.3209900413703473, "30": 1.3209900413703473, "31": 1.3209900413703473, "32": 1.3209900413703473, "33": 0.16087271964170924, "34": 0.16087271964170924, "35": 0.16087271964170924, "36": 0.16087271964170924, "37": 0.16087271964170924, "38": 0.16087271964170924, "39": 0.16087271964170924, "40": 0.16087271964170924, "41": 0.16087271964170924, "42": 0.16087271964170924, "43": 0.16087271964170924, "44": 0.16087271964170924, "45": 0.16087271964170924, "46": 0.16087271964170924, "47": 0.16087271964170924, "48": 0.16087271964170924, "49": 0.16087271964170924, "50": 0.16087271964170924, "51": 0.16087271964170924, "52": 0.16087271964170924, "53": 0.16087271964170924, "54": 0.16087271964170924, "55": 0.16087271964170924, "56": 0.16087271964170924, "57": 0.16087271964170924, "58": 0.16087271964170924, "59": 0.16087271964170924, "60": 0.16087271964170924, "61": 0.16087271964170924, "62": 0.16087271964170924, "63": 0.16087271964170924, "64": 0.16087271964170924, "65": 0.16087271964170924, "66": 0.16087271964170924, "67": 0.16087271964170924, "68": 0.16087271964170924, "69": 0.16087271964170924, "70": 0.16087271964170924, "71": 0.16087271964170924, "72": 0.16087271964170924, "73": 0.16087271964170924, "74": 0.16087271964170924, "75": 0.16087271964170924, "76": 0.16087271964170924, "77": 0.16087271964170924, "78": 0.16087271964170924, "79": 0.16087271964170924, "80": 0.16087271964170924, "81": 0.16087271964170924, "82": 0.16087271964170924, "83": 0.16087271964170924, "84": 0.16087271964170924, "85": 0.16087271964170924, "86": 0.16087271964170924, "87": 0.16087271964170924, "88": 0.16087271964170924, "89": 0.16087271964170924, "90": 0.16087271964170924, "91": 0.16087271964170924, "92": 0.16087271964170924, "93": 0.16087271964170924, "94": 0.16087271964170924, "95": 0.16087271964170924, "96": 0.16087271964170924, "97": 0.16087271964170924, "98": 0.16087271964170924, "99": 0.16087271964170924, "100": 0.16087271964170924}