{"0": 30.333766243824712, "1": 18.11082142489268, "2": 9.66837741895494, "3": 9.66837741895494, "4": 9.66837741895494, "5": 5.783036502264064, "6": 5.783036502264064, "7": 5.783036502264064, "8": 4.128304564018254, "9": 1.8534946007063233, "10": 1.8534946007063233, "11": 1.8534946007063233, "12": 1.8534946007063233, "13": 1.8534946007063233, "14": 1.8534946007063233, "15": 1.8534946007063233, "16": 1.8534946007063233, "17": 0.26614235052408475, "18": 0.26614235052408475, "19": 0.26614235052408475, "20": 0.26614235052408475, "21": 0.26614235052408475, "22": 0.26614235052408475, "23": 0.26614235052408475, "24": 0.26614235052408475, "25": 0.26614235052408475, "26": 0.26614235052408475, "27": 0.26614235052408475, "28": 0.26614235052408475, "29": 0.26614235052408475, "30": 0.26614235052408475, "31": 0.26614235052408475, "32": 0.26614235052408475, "33": 0.26614235052408475, "34": 0.26614235052408475, "35": 0.26614235052408475, "36": 0.26614235052408475, "37": 0.26614235052408475, "38": 0.26614235052408475, "39": 0.26614235052408475, "40": 0.26614235052408475, "41": 0.26614235052408475, "42": 0.26614235052408475, "43": 0.26614235052408475, "44": 0.26614235052408475, "45": 0.26614235052408475, "46": 0.26614235052408475, "47": 0.26614235052408475, "48": 0.26614235052408475, "49": 0.26614235052408475, "50": 0.26614235052408475, "51": 0.26614235052408475, "52": 0.26614235052408475, "53": 0.26614235052408475, "54": 0.26614235052408475, "55": 0.26614235052408475, "56": 0.26614235052408475, "57": 0.26614235052408475, "58": 0.26614235052408475, "59": 0.26614235052408475, "60": 0.26614235052408475, "61": 0.26614235052408475, "62": 0.26614235052408475, "63": 0.26614235052408475, "64": 0.26614235052408475, "65": 0.26614235052408475, "66": 0.26614235052408475, "67": 0.26614235052408475, "68": 0.26614235052408475, "69": 0.26614235052408475, "70": 0.26614235052408475, "71": 0.26614235052408475, "72": 0.26614235052408475, "73": 0.26614235052408475, "74": 0.26614235052408475, "75": 0.26614235052408475, "76": 0.26614235052408475, "77": 0.26614235052408475, "78": 0.26614235052408475, "79": 0.26614235052408475, "80": 0.26614235052408475, "81": 0.26614235052408475, "82": 0.26614235052408475, "83": 0.26614235052408475, "84": 0.26614235052408475, "85": 0.26614235052408475, "86": 0.26614235052408475, "87": 0.26614235052408475, "88": 0.26614235052408475, "89": 0.26614235052408475, "90": 0.26614235052408475, "91": 0.26614235052408475, "92": 0.26614235052408475, "93": 0.26614235052408475, "94": 0.26614235052408475, "95": 0.26614235052408475, "96": 0.26614235052408475, "97": 0.26614235052408475, "98": 0.26614235052408475, "99": 0.26614235052408475, "100": 0.26614235052408475}