{"0": 21.23040124774415, "1": 19.391169585656474, "2": 7.163247715352409, "3": 7.163247715352409, "4": 7.163247715352409, "5": 7.163247715352409, "6": 7.163247715352409, "7": 7.163247715352409, "8": 5.223001114816803, "9": 5.223001114816803, "10": 5.223001114816803, "11": 5.223001114816803, "12": 5.223001114816803, "13": 5.223001114816803, "14": 2.0890696469690795, "15": 2.0890696469690795, "16": 2.0890696469690795, "17": 2.0890696469690795, "18": 2.0890696469690795, "19": 2.0890696469690795, "20": 2.0890696469690795, "21": 2.0890696469690795, "22": 2.0890696469690795, "23": 2.0890696469690795, "24": 2.0890696469690795, "25": 2.0890696469690795, "26": 2.0890696469690795, "27": 2.0890696469690795, "28": 2.0890696469690795, "29": 2.0890696469690795, "30": 2.0890696469690795, "31": 2.0890696469690795, "32": 2.0890696469690795, "33": 2.0890696469690795, "34": 2.0890696469690795, "35": 2.0890696469690795, "36": 2.0890696469690795, "37": 2.0890696469690795, "38": 2.0890696469690795, "39": 2.0890696469690795, "40": 2.0890696469690795, "41": 2.0890696469690795, "42": 2.0890696469690795, "43": 2.0890696469690795, "44": 2.0890696469690795, "45": 2.0890696469690795, "46": 2.0890696469690795, "47": 2.0890696469690795, "48": 1.0591211624870347, "49": 1.0591211624870347, "50": 1.0591211624870347, "51": 1.0591211624870347, "52": 1.0591211624870347, "53": 1.0591211624870347, "54": 1.0591211624870347, "55": 1.0591211624870347, "56": 1.0591211624870347, "57": 1.0591211624870347, "58": 1.0591211624870347, "59": 1.0591211624870347, "60": 1.0591211624870347, "61": 1.0591211624870347, "62": 1.0591211624870347, "63": 1.0591211624870347, "64": 1.0591211624870347, "65": 1.0591211624870347, "66": 1.0591211624870347, "67": 1.0591211624870347, "68": 1.0591211624870347, "69": 1.0591211624870347, "70": 1.0591211624870347, "71": 1.0591211624870347, "72": 1.0591211624870347, "73": 1.0591211624870347, "74": 1.0591211624870347, "75": 1.0591211624870347, "76": 1.0591211624870347, "77": 1.0591211624870347, "78": 1.0591211624870347, "79": 1.0591211624870347, "80": 1.0591211624870347, "81": 1.0591211624870347, "82": 1.0591211624870347, "83": 1.0591211624870347, "84": 1.0591211624870347, "85": 1.0591211624870347, "86": 1.0591211624870347, "87": 1.0591211624870347, "88": 1.0591211624870347, "89": 1.0591211624870347, "90": 1.0591211624870347, "91": 1.0591211624870347, "92": 1.0591211624870347, "93": 1.0591211624870347, "94": 1.0591211624870347, "95": 1.0591211624870347, "96": 1.0591211624870347, "97": 1.0591211624870347, "98": 1.0591211624870347, "99": 1.0591211624870347, "100": 1.0591211624870347}