{"0": 24.010970194293254, "1": 24.010970194293254, "2": 20.904024980183248, "3": 13.533828762461939, "4": 13.533828762461939, "5": 13.533828762461939, "6": 13.533828762461939, "7": 11.329692717900347, "8": 11.000935915573633, "9": 5.1527528517042125, "10": 5.1527528517042125, "11": 5.1527528517042125, "12": 5.1527528517042125, "13": 5.1527528517042125, "14": 5.1527528517042125, "15": 4.62637677339236, "16": 4.62637677339236, "17": 4.599337295746659, "18": 4.2658326317935185, "19": 4.2658326317935185, "20": 4.2658326317935185, "21": 4.2658326317935185, "22": 4.2658326317935185, "23": 4.2658326317935185, "24": 4.2658326317935185, "25": 4.2658326317935185, "26": 4.2658326317935185, "27": 4.2658326317935185, "28": 4.2658326317935185, "29": 4.2658326317935185, "30": 4.2658326317935185, "31": 3.7308628689869856, "32": 3.7308628689869856, "33": 3.7308628689869856, "34": 1.9478530838743247, "35": 1.9478530838743247, "36": 1.9478530838743247, "37": 1.9478530838743247, "38": 1.9478530838743247, "39": 1.9478530838743247, "40": 1.9478530838743247, "41": 1.9478530838743247, "42": 1.9478530838743247, "43": 1.9478530838743247, "44": 1.9478530838743247, "45": 1.9478530838743247, "46": 1.9478530838743247, "47": 1.9478530838743247, "48": 1.9478530838743247, "49": 1.9478530838743247, "50": 1.9478530838743247, "51": 1.9478530838743247, "52": 1.9478530838743247, "53": 1.9478530838743247, "54": 1.9478530838743247, "55": 1.9478530838743247, "56": 1.9478530838743247, "57": 1.9478530838743247, "58": 1.9478530838743247, "59": 1.9478530838743247, "60": 1.9478530838743247, "61": 1.9478530838743247, "62": 1.9478530838743247, "63": 1.9478530838743247, "64": 1.9478530838743247, "65": 1.9478530838743247, "66": 1.9478530838743247, "67": 1.9478530838743247, "68": 1.9478530838743247, "69": 1.9478530838743247, "70": 1.9478530838743247, "71": 1.9478530838743247, "72": 1.9478530838743247, "73": 1.9478530838743247, "74": 1.9478530838743247, "75": 1.9478530838743247, "76": 1.9478530838743247, "77": 1.9478530838743247, "78": 1.9478530838743247, "79": 1.9478530838743247, "80": 1.9478530838743247, "81": 1.9478530838743247, "82": 1.9478530838743247, "83": 1.9478530838743247, "84": 1.9478530838743247, "85": 1.9478530838743247, "86": 1.9478530838743247, "87": 1.9478530838743247, "88": 1.9478530838743247, "89": 1.9478530838743247, "90": 1.9478530838743247, "91": 1.9478530838743247, "92": 1.9478530838743247, "93": 1.9478530838743247, "94": 1.9478530838743247, "95": 1.9478530838743247, "96": 1.9478530838743247, "97": 1.9478530838743247, "98": 1.9478530838743247, "99": 1.9478530838743247, "100": 1.9478530838743247}