{"0": 20.989983957434397, "1": 7.0790215953123585, "2": 7.0790215953123585, "3": 7.0790215953123585, "4": 7.0790215953123585, "5": 6.193420634115919, "6": 6.193420634115919, "7": 6.193420634115919, "8": 6.027603976822961, "9": 6.027603976822961, "10": 0.9882895610171758, "11": 0.9882895610171758, "12": 0.9882895610171758, "13": 0.9882895610171758, "14": 0.9882895610171758, "15": 0.9882895610171758, "16": 0.9882895610171758, "17": 0.9882895610171758, "18": 0.9882895610171758, "19": 0.9882895610171758, "20": 0.9882895610171758, "21": 0.9882895610171758, "22": 0.9882895610171758, "23": 0.9882895610171758, "24": 0.42681591262269336, "25": 0.42681591262269336, "26": 0.42681591262269336, "27": 0.42681591262269336, "28": 0.42681591262269336, "29": 0.2199998936708738, "30": 0.2199998936708738, "31": 0.2199998936708738, "32": 0.2199998936708738, "33": 0.2199998936708738, "34": 0.2199998936708738, "35": 0.2199998936708738, "36": 0.2199998936708738, "37": 0.2199998936708738, "38": 0.2199998936708738, "39": 0.2199998936708738, "40": 0.2199998936708738, "41": 0.2199998936708738, "42": 0.2199998936708738, "43": 0.2199998936708738, "44": 0.2199998936708738, "45": 0.2199998936708738, "46": 0.2199998936708738, "47": 0.2199998936708738, "48": 0.2199998936708738, "49": 0.2199998936708738, "50": 0.2199998936708738, "51": 0.2199998936708738, "52": 0.2199998936708738, "53": 0.2199998936708738, "54": 0.2199998936708738, "55": 0.2199998936708738, "56": 0.2199998936708738, "57": 0.2199998936708738, "58": 0.2199998936708738, "59": 0.2199998936708738, "60": 0.2199998936708738, "61": 0.2199998936708738, "62": 0.2199998936708738, "63": 0.2199998936708738, "64": 0.2199998936708738, "65": 0.2199998936708738, "66": 0.2199998936708738, "67": 0.2199998936708738, "68": 0.2199998936708738, "69": 0.2199998936708738, "70": 0.2199998936708738, "71": 0.2199998936708738, "72": 0.2199998936708738, "73": 0.2199998936708738, "74": 0.2199998936708738, "75": 0.2199998936708738, "76": 0.2199998936708738, "77": 0.2199998936708738, "78": 0.2199998936708738, "79": 0.2199998936708738, "80": 0.2199998936708738, "81": 0.2199998936708738, "82": 0.2199998936708738, "83": 0.2199998936708738, "84": 0.2199998936708738, "85": 0.2199998936708738, "86": 0.2199998936708738, "87": 0.2199998936708738, "88": 0.2199998936708738, "89": 0.2199998936708738, "90": 0.2199998936708738, "91": 0.2199998936708738, "92": 0.2199998936708738, "93": 0.2199998936708738, "94": 0.2199998936708738, "95": 0.2199998936708738, "96": 0.2199998936708738, "97": 0.2199998936708738, "98": 0.2199998936708738, "99": 0.2199998936708738, "100": 0.2199998936708738}