{"0": 24.82940751279395, "1": 18.51509103483375, "2": 17.785159636656175, "3": 17.785159636656175, "4": 17.785159636656175, "5": 17.785159636656175, "6": 2.3313822413965646, "7": 2.3313822413965646, "8": 2.3313822413965646, "9": 2.3313822413965646, "10": 2.3313822413965646, "11": 2.3313822413965646, "12": 1.8760293511585076, "13": 1.8760293511585076, "14": 1.8760293511585076, "15": 1.8760293511585076, "16": 1.8760293511585076, "17": 1.1068798858529512, "18": 1.1068798858529512, "19": 1.1068798858529512, "20": 1.1068798858529512, "21": 1.1068798858529512, "22": 1.1068798858529512, "23": 0.19447023350668502, "24": 0.19447023350668502, "25": 0.19447023350668502, "26": 0.19447023350668502, "27": 0.19447023350668502, "28": 0.19447023350668502, "29": 0.19447023350668502, "30": 0.19447023350668502, "31": 0.19447023350668502, "32": 0.19447023350668502, "33": 0.19447023350668502, "34": 0.19447023350668502, "35": 0.19447023350668502, "36": 0.19447023350668502, "37": 0.19447023350668502, "38": 0.19447023350668502, "39": 0.19447023350668502, "40": 0.19447023350668502, "41": 0.19447023350668502, "42": 0.19447023350668502, "43": 0.19447023350668502, "44": 0.19447023350668502, "45": 0.19447023350668502, "46": 0.19447023350668502, "47": 0.19447023350668502, "48": 0.19447023350668502, "49": 0.19447023350668502, "50": 0.19447023350668502, "51": 0.19447023350668502, "52": 0.19447023350668502, "53": 0.19447023350668502, "54": 0.19447023350668502, "55": 0.19447023350668502, "56": 0.19447023350668502, "57": 0.19447023350668502, "58": 0.19447023350668502, "59": 0.19447023350668502, "60": 0.19447023350668502, "61": 0.19447023350668502, "62": 0.19447023350668502, "63": 0.19447023350668502, "64": 0.19447023350668502, "65": 0.19447023350668502, "66": 0.19447023350668502, "67": 0.19447023350668502, "68": 0.19447023350668502, "69": 0.19447023350668502, "70": 0.19447023350668502, "71": 0.19447023350668502, "72": 0.19447023350668502, "73": 0.19447023350668502, "74": 0.19447023350668502, "75": 0.19447023350668502, "76": 0.19447023350668502, "77": 0.19447023350668502, "78": 0.19447023350668502, "79": 0.19447023350668502, "80": 0.19447023350668502, "81": 0.19447023350668502, "82": 0.19447023350668502, "83": 0.19447023350668502, "84": 0.19447023350668502, "85": 0.19447023350668502, "86": 0.19447023350668502, "87": 0.19447023350668502, "88": 0.19447023350668502, "89": 0.19447023350668502, "90": 0.19447023350668502, "91": 0.19447023350668502, "92": 0.19447023350668502, "93": 0.19447023350668502, "94": 0.19447023350668502, "95": 0.19447023350668502, "96": 0.19447023350668502, "97": 0.19447023350668502, "98": 0.19447023350668502, "99": 0.19447023350668502, "100": 0.19447023350668502}