{"0": 13.152721474782526, "1": 10.838667682943463, "2": 10.838667682943463, "3": 10.838667682943463, "4": 10.838667682943463, "5": 10.838667682943463, "6": 10.838667682943463, "7": 4.404851249899398, "8": 4.404851249899398, "9": 4.404851249899398, "10": 2.3637008553119223, "11": 2.3637008553119223, "12": 2.3637008553119223, "13": 2.3637008553119223, "14": 2.3637008553119223, "15": 2.3637008553119223, "16": 2.3637008553119223, "17": 2.3637008553119223, "18": 2.3637008553119223, "19": 2.3637008553119223, "20": 2.3637008553119223, "21": 2.3637008553119223, "22": 2.3637008553119223, "23": 2.3637008553119223, "24": 2.3637008553119223, "25": 1.2945691186077326, "26": 1.2945691186077326, "27": 1.2945691186077326, "28": 1.2945691186077326, "29": 1.2945691186077326, "30": 1.2945691186077326, "31": 1.2945691186077326, "32": 1.2945691186077326, "33": 1.2945691186077326, "34": 1.2945691186077326, "35": 1.2945691186077326, "36": 1.2945691186077326, "37": 1.2945691186077326, "38": 1.2945691186077326, "39": 1.2945691186077326, "40": 1.2945691186077326, "41": 1.2945691186077326, "42": 1.2945691186077326, "43": 1.2945691186077326, "44": 1.2945691186077326, "45": 1.2945691186077326, "46": 1.2945691186077326, "47": 1.2945691186077326, "48": 1.2945691186077326, "49": 1.2945691186077326, "50": 1.2945691186077326, "51": 1.2945691186077326, "52": 1.2945691186077326, "53": 1.2945691186077326, "54": 1.2945691186077326, "55": 1.2945691186077326, "56": 1.2945691186077326, "57": 1.2945691186077326, "58": 1.2945691186077326, "59": 1.2945691186077326, "60": 1.2945691186077326, "61": 1.2945691186077326, "62": 1.2945691186077326, "63": 1.2945691186077326, "64": 1.2945691186077326, "65": 1.2945691186077326, "66": 1.2945691186077326, "67": 1.2945691186077326, "68": 1.2945691186077326, "69": 1.2945691186077326, "70": 1.2945691186077326, "71": 1.2945691186077326, "72": 1.2945691186077326, "73": 1.2945691186077326, "74": 1.2945691186077326, "75": 1.2945691186077326, "76": 1.2945691186077326, "77": 1.2945691186077326, "78": 1.2945691186077326, "79": 1.2945691186077326, "80": 1.2945691186077326, "81": 1.2945691186077326, "82": 1.2945691186077326, "83": 1.2945691186077326, "84": 1.2945691186077326, "85": 1.2945691186077326, "86": 1.2945691186077326, "87": 1.2945691186077326, "88": 1.2945691186077326, "89": 1.2945691186077326, "90": 1.2945691186077326, "91": 1.2945691186077326, "92": 1.2945691186077326, "93": 1.2945691186077326, "94": 1.2945691186077326, "95": 1.2945691186077326, "96": 1.2945691186077326, "97": 1.2945691186077326, "98": 1.2945691186077326, "99": 1.2945691186077326, "100": 1.2945691186077326}