{"0": 13.599102556968251, "1": 5.664617792975276, "2": 5.664617792975276, "3": 5.664617792975276, "4": 5.664617792975276, "5": 3.7880067088454012, "6": 3.7880067088454012, "7": 3.7880067088454012, "8": 3.7880067088454012, "9": 3.2384017960243625, "10": 3.2384017960243625, "11": 3.2384017960243625, "12": 3.2384017960243625, "13": 2.0503691072001686, "14": 2.0503691072001686, "15": 2.003755117537544, "16": 2.003755117537544, "17": 2.003755117537544, "18": 2.003755117537544, "19": 2.003755117537544, "20": 2.003755117537544, "21": 2.003755117537544, "22": 2.003755117537544, "23": 2.003755117537544, "24": 2.003755117537544, "25": 2.003755117537544, "26": 2.003755117537544, "27": 2.003755117537544, "28": 2.003755117537544, "29": 2.003755117537544, "30": 2.003755117537544, "31": 2.003755117537544, "32": 2.003755117537544, "33": 1.581060834887289, "34": 1.581060834887289, "35": 1.581060834887289, "36": 1.581060834887289, "37": 1.581060834887289, "38": 1.581060834887289, "39": 1.581060834887289, "40": 1.581060834887289, "41": 1.581060834887289, "42": 1.581060834887289, "43": 1.581060834887289, "44": 1.581060834887289, "45": 1.581060834887289, "46": 1.581060834887289, "47": 1.581060834887289, "48": 1.581060834887289, "49": 1.581060834887289, "50": 1.581060834887289, "51": 1.581060834887289, "52": 1.581060834887289, "53": 1.581060834887289, "54": 1.581060834887289, "55": 1.581060834887289, "56": 1.581060834887289, "57": 1.581060834887289, "58": 1.581060834887289, "59": 1.581060834887289, "60": 1.581060834887289, "61": 1.581060834887289, "62": 1.581060834887289, "63": 1.581060834887289, "64": 1.581060834887289, "65": 1.581060834887289, "66": 1.581060834887289, "67": 1.581060834887289, "68": 1.581060834887289, "69": 1.581060834887289, "70": 1.581060834887289, "71": 1.581060834887289, "72": 1.581060834887289, "73": 1.581060834887289, "74": 1.581060834887289, "75": 1.581060834887289, "76": 1.581060834887289, "77": 1.581060834887289, "78": 1.581060834887289, "79": 1.581060834887289, "80": 1.581060834887289, "81": 1.581060834887289, "82": 1.581060834887289, "83": 1.581060834887289, "84": 1.581060834887289, "85": 1.581060834887289, "86": 1.581060834887289, "87": 1.581060834887289, "88": 1.581060834887289, "89": 1.581060834887289, "90": 1.581060834887289, "91": 1.581060834887289, "92": 1.581060834887289, "93": 1.581060834887289, "94": 1.581060834887289, "95": 1.581060834887289, "96": 1.581060834887289, "97": 1.581060834887289, "98": 1.581060834887289, "99": 1.581060834887289, "100": 1.581060834887289}