{"0": 14.240718095397346, "1": 11.396976086399377, "2": 3.006717975792508, "3": 3.006717975792508, "4": 3.006717975792508, "5": 3.006717975792508, "6": 3.006717975792508, "7": 3.006717975792508, "8": 3.006717975792508, "9": 3.006717975792508, "10": 2.0400381831361827, "11": 2.0400381831361827, "12": 2.0400381831361827, "13": 2.0400381831361827, "14": 1.5088128978076547, "15": 1.5088128978076547, "16": 1.5088128978076547, "17": 1.5088128978076547, "18": 1.5088128978076547, "19": 1.5088128978076547, "20": 1.5088128978076547, "21": 1.5088128978076547, "22": 1.5088128978076547, "23": 1.5088128978076547, "24": 1.5088128978076547, "25": 1.5088128978076547, "26": 1.5088128978076547, "27": 1.5088128978076547, "28": 1.5088128978076547, "29": 1.5088128978076547, "30": 1.5088128978076547, "31": 1.5088128978076547, "32": 1.0675061386274365, "33": 1.0675061386274365, "34": 1.0675061386274365, "35": 1.0675061386274365, "36": 1.0675061386274365, "37": 1.0675061386274365, "38": 1.0675061386274365, "39": 1.0675061386274365, "40": 1.0675061386274365, "41": 1.0675061386274365, "42": 1.0675061386274365, "43": 0.5373652161879008, "44": 0.5373652161879008, "45": 0.5373652161879008, "46": 0.5373652161879008, "47": 0.5373652161879008, "48": 0.5373652161879008, "49": 0.5373652161879008, "50": 0.5373652161879008, "51": 0.3699827431388911, "52": 0.3699827431388911, "53": 0.3699827431388911, "54": 0.3699827431388911, "55": 0.3699827431388911, "56": 0.3699827431388911, "57": 0.3699827431388911, "58": 0.3699827431388911, "59": 0.3699827431388911, "60": 0.3699827431388911, "61": 0.3699827431388911, "62": 0.3699827431388911, "63": 0.3699827431388911, "64": 0.3699827431388911, "65": 0.3699827431388911, "66": 0.3699827431388911, "67": 0.3699827431388911, "68": 0.3699827431388911, "69": 0.3699827431388911, "70": 0.3699827431388911, "71": 0.3699827431388911, "72": 0.3699827431388911, "73": 0.3699827431388911, "74": 0.3699827431388911, "75": 0.3699827431388911, "76": 0.3699827431388911, "77": 0.3699827431388911, "78": 0.3699827431388911, "79": 0.3699827431388911, "80": 0.3699827431388911, "81": 0.3699827431388911, "82": 0.3699827431388911, "83": 0.3699827431388911, "84": 0.3699827431388911, "85": 0.3699827431388911, "86": 0.3699827431388911, "87": 0.3699827431388911, "88": 0.3699827431388911, "89": 0.3699827431388911, "90": 0.3699827431388911, "91": 0.3699827431388911, "92": 0.3699827431388911, "93": 0.3699827431388911, "94": 0.3699827431388911, "95": 0.3699827431388911, "96": 0.3699827431388911, "97": 0.3699827431388911, "98": 0.3699827431388911, "99": 0.3699827431388911, "100": 0.3699827431388911}