{"0": 20.16898018519937, "1": 20.16898018519937, "2": 20.16898018519937, "3": 5.66638015193147, "4": 5.66638015193147, "5": 5.66638015193147, "6": 5.66638015193147, "7": 5.66638015193147, "8": 5.66638015193147, "9": 5.66638015193147, "10": 5.66638015193147, "11": 5.66638015193147, "12": 2.196309318915084, "13": 2.196309318915084, "14": 2.196309318915084, "15": 2.196309318915084, "16": 2.196309318915084, "17": 2.196309318915084, "18": 2.196309318915084, "19": 2.196309318915084, "20": 2.196309318915084, "21": 2.196309318915084, "22": 2.0203157672748873, "23": 2.0203157672748873, "24": 2.0203157672748873, "25": 2.0203157672748873, "26": 2.0203157672748873, "27": 2.0203157672748873, "28": 2.0203157672748873, "29": 2.0203157672748873, "30": 2.0203157672748873, "31": 2.0203157672748873, "32": 2.0203157672748873, "33": 2.0203157672748873, "34": 2.0203157672748873, "35": 2.0203157672748873, "36": 2.0203157672748873, "37": 2.0203157672748873, "38": 2.0203157672748873, "39": 2.0203157672748873, "40": 0.5563626889350921, "41": 0.5563626889350921, "42": 0.5563626889350921, "43": 0.5563626889350921, "44": 0.5563626889350921, "45": 0.5563626889350921, "46": 0.5563626889350921, "47": 0.5563626889350921, "48": 0.5563626889350921, "49": 0.5563626889350921, "50": 0.5563626889350921, "51": 0.5563626889350921, "52": 0.5563626889350921, "53": 0.5563626889350921, "54": 0.5563626889350921, "55": 0.5563626889350921, "56": 0.5563626889350921, "57": 0.5563626889350921, "58": 0.5563626889350921, "59": 0.5563626889350921, "60": 0.5563626889350921, "61": 0.5563626889350921, "62": 0.5563626889350921, "63": 0.5563626889350921, "64": 0.5563626889350921, "65": 0.5563626889350921, "66": 0.5563626889350921, "67": 0.5563626889350921, "68": 0.5563626889350921, "69": 0.5563626889350921, "70": 0.5563626889350921, "71": 0.5563626889350921, "72": 0.5563626889350921, "73": 0.5563626889350921, "74": 0.5563626889350921, "75": 0.5563626889350921, "76": 0.5563626889350921, "77": 0.5563626889350921, "78": 0.5563626889350921, "79": 0.5563626889350921, "80": 0.5563626889350921, "81": 0.5563626889350921, "82": 0.5563626889350921, "83": 0.5563626889350921, "84": 0.5563626889350921, "85": 0.5563626889350921, "86": 0.5563626889350921, "87": 0.5563626889350921, "88": 0.5563626889350921, "89": 0.5563626889350921, "90": 0.5563626889350921, "91": 0.5563626889350921, "92": 0.5563626889350921, "93": 0.5563626889350921, "94": 0.5563626889350921, "95": 0.5563626889350921, "96": 0.5563626889350921, "97": 0.5563626889350921, "98": 0.5563626889350921, "99": 0.5563626889350921, "100": 0.5563626889350921}