{"0": 18.784585957075667, "1": 16.157455915409415, "2": 16.157455915409415, "3": 16.157455915409415, "4": 14.033762521367962, "5": 14.033762521367962, "6": 14.033762521367962, "7": 8.800372311315162, "8": 8.800372311315162, "9": 8.800372311315162, "10": 8.800372311315162, "11": 8.800372311315162, "12": 8.800372311315162, "13": 8.800372311315162, "14": 8.800372311315162, "15": 6.932274808985758, "16": 6.932274808985758, "17": 2.7185302503686515, "18": 2.7185302503686515, "19": 2.7185302503686515, "20": 2.7185302503686515, "21": 2.7185302503686515, "22": 1.8138785103480757, "23": 1.8138785103480757, "24": 1.8138785103480757, "25": 1.8138785103480757, "26": 1.8138785103480757, "27": 1.8138785103480757, "28": 1.8138785103480757, "29": 1.8138785103480757, "30": 1.8138785103480757, "31": 1.8138785103480757, "32": 1.8138785103480757, "33": 1.8138785103480757, "34": 1.8138785103480757, "35": 1.8138785103480757, "36": 1.8138785103480757, "37": 1.8138785103480757, "38": 1.8138785103480757, "39": 1.8138785103480757, "40": 1.8138785103480757, "41": 1.8138785103480757, "42": 1.8138785103480757, "43": 1.8138785103480757, "44": 1.8138785103480757, "45": 1.8138785103480757, "46": 1.8138785103480757, "47": 1.8138785103480757, "48": 1.8138785103480757, "49": 1.8138785103480757, "50": 1.8138785103480757, "51": 1.8138785103480757, "52": 1.8138785103480757, "53": 1.8138785103480757, "54": 1.8138785103480757, "55": 1.8138785103480757, "56": 1.8138785103480757, "57": 1.8138785103480757, "58": 1.8138785103480757, "59": 1.8138785103480757, "60": 1.8138785103480757, "61": 1.8138785103480757, "62": 1.8138785103480757, "63": 1.8138785103480757, "64": 1.8138785103480757, "65": 1.8138785103480757, "66": 1.8138785103480757, "67": 1.8138785103480757, "68": 1.8138785103480757, "69": 1.8138785103480757, "70": 1.8138785103480757, "71": 1.8138785103480757, "72": 1.8138785103480757, "73": 1.8138785103480757, "74": 1.8138785103480757, "75": 1.8138785103480757, "76": 1.8138785103480757, "77": 1.8138785103480757, "78": 1.8138785103480757, "79": 1.8138785103480757, "80": 1.8138785103480757, "81": 1.5863202739337936, "82": 1.5863202739337936, "83": 1.5863202739337936, "84": 1.5863202739337936, "85": 1.5863202739337936, "86": 1.5863202739337936, "87": 1.5863202739337936, "88": 1.5863202739337936, "89": 1.5863202739337936, "90": 1.5863202739337936, "91": 1.5863202739337936, "92": 1.5863202739337936, "93": 1.5863202739337936, "94": 1.5863202739337936, "95": 1.5863202739337936, "96": 1.5863202739337936, "97": 1.5863202739337936, "98": 1.5863202739337936, "99": 1.5863202739337936, "100": 1.5863202739337936}