{"0": 16.53908300848235, "1": 13.815589814643062, "2": 12.896857888336006, "3": 5.834045739339601, "4": 2.833587150390315, "5": 2.833587150390315, "6": 2.833587150390315, "7": 2.833587150390315, "8": 2.833587150390315, "9": 2.833587150390315, "10": 1.7312727824468759, "11": 1.7312727824468759, "12": 1.7312727824468759, "13": 1.7312727824468759, "14": 1.7312727824468759, "15": 1.7312727824468759, "16": 1.178865082635003, "17": 1.178865082635003, "18": 1.178865082635003, "19": 1.178865082635003, "20": 1.178865082635003, "21": 1.178865082635003, "22": 1.0941183062227964, "23": 1.0941183062227964, "24": 1.0941183062227964, "25": 1.0941183062227964, "26": 1.0941183062227964, "27": 1.0941183062227964, "28": 1.0941183062227964, "29": 1.0941183062227964, "30": 1.0941183062227964, "31": 1.0941183062227964, "32": 1.0941183062227964, "33": 1.0941183062227964, "34": 1.0941183062227964, "35": 1.0941183062227964, "36": 1.0941183062227964, "37": 1.0941183062227964, "38": 1.0941183062227964, "39": 1.0941183062227964, "40": 1.0941183062227964, "41": 1.0941183062227964, "42": 1.0941183062227964, "43": 1.0941183062227964, "44": 1.077616945174892, "45": 1.077616945174892, "46": 1.077616945174892, "47": 1.077616945174892, "48": 1.077616945174892, "49": 1.077616945174892, "50": 1.077616945174892, "51": 1.077616945174892, "52": 1.077616945174892, "53": 1.077616945174892, "54": 1.077616945174892, "55": 1.077616945174892, "56": 1.077616945174892, "57": 1.077616945174892, "58": 1.077616945174892, "59": 1.077616945174892, "60": 1.077616945174892, "61": 1.077616945174892, "62": 1.077616945174892, "63": 1.077616945174892, "64": 1.077616945174892, "65": 1.077616945174892, "66": 1.077616945174892, "67": 1.077616945174892, "68": 1.077616945174892, "69": 1.077616945174892, "70": 1.077616945174892, "71": 1.077616945174892, "72": 1.077616945174892, "73": 1.077616945174892, "74": 1.077616945174892, "75": 1.077616945174892, "76": 1.077616945174892, "77": 1.077616945174892, "78": 1.077616945174892, "79": 1.077616945174892, "80": 1.077616945174892, "81": 1.077616945174892, "82": 1.077616945174892, "83": 1.077616945174892, "84": 1.077616945174892, "85": 1.077616945174892, "86": 1.077616945174892, "87": 1.077616945174892, "88": 1.077616945174892, "89": 1.077616945174892, "90": 1.077616945174892, "91": 1.077616945174892, "92": 1.077616945174892, "93": 1.077616945174892, "94": 1.077616945174892, "95": 1.077616945174892, "96": 1.077616945174892, "97": 1.077616945174892, "98": 1.077616945174892, "99": 1.077616945174892, "100": 1.077616945174892}