{"0": 6.761564967124304, "1": 6.761564967124304, "2": 6.761564967124304, "3": 6.761564967124304, "4": 6.761564967124304, "5": 6.228147260046061, "6": 6.228147260046061, "7": 5.221109160856738, "8": 0.906343995183235, "9": 0.906343995183235, "10": 0.906343995183235, "11": 0.906343995183235, "12": 0.906343995183235, "13": 0.906343995183235, "14": 0.906343995183235, "15": 0.906343995183235, "16": 0.906343995183235, "17": 0.906343995183235, "18": 0.906343995183235, "19": 0.906343995183235, "20": 0.906343995183235, "21": 0.906343995183235, "22": 0.906343995183235, "23": 0.906343995183235, "24": 0.5619124832836455, "25": 0.5619124832836455, "26": 0.5619124832836455, "27": 0.11170482272654425, "28": 0.11170482272654425, "29": 0.11170482272654425, "30": 0.11170482272654425, "31": 0.11170482272654425, "32": 0.07534037820462913, "33": 0.07534037820462913, "34": 0.07534037820462913, "35": 0.07534037820462913, "36": 0.07534037820462913, "37": 0.07534037820462913, "38": 0.07534037820462913, "39": 0.07534037820462913, "40": 0.07534037820462913, "41": 0.07534037820462913, "42": 0.07534037820462913, "43": 0.07534037820462913, "44": 0.07534037820462913, "45": 0.07534037820462913, "46": 0.07534037820462913, "47": 0.07534037820462913, "48": 0.07534037820462913, "49": 0.07534037820462913, "50": 0.07534037820462913, "51": 0.07534037820462913, "52": 0.07534037820462913, "53": 0.07534037820462913, "54": 0.07534037820462913, "55": 0.07534037820462913, "56": 0.07534037820462913, "57": 0.07534037820462913, "58": 0.07534037820462913, "59": 0.07534037820462913, "60": 0.07534037820462913, "61": 0.07534037820462913, "62": 0.07534037820462913, "63": 0.07534037820462913, "64": 0.07534037820462913, "65": 0.07534037820462913, "66": 0.07534037820462913, "67": 0.07534037820462913, "68": 0.07534037820462913, "69": 0.07534037820462913, "70": 0.07534037820462913, "71": 0.07534037820462913, "72": 0.07534037820462913, "73": 0.07534037820462913, "74": 0.07534037820462913, "75": 0.07534037820462913, "76": 0.07534037820462913, "77": 0.07534037820462913, "78": 0.07534037820462913, "79": 0.07534037820462913, "80": 0.07534037820462913, "81": 0.07534037820462913, "82": 0.07534037820462913, "83": 0.07534037820462913, "84": 0.07534037820462913, "85": 0.07534037820462913, "86": 0.07534037820462913, "87": 0.07534037820462913, "88": 0.07534037820462913, "89": 0.07534037820462913, "90": 0.07534037820462913, "91": 0.07534037820462913, "92": 0.07534037820462913, "93": 0.07534037820462913, "94": 0.07534037820462913, "95": 0.07534037820462913, "96": 0.07534037820462913, "97": 0.07534037820462913, "98": 0.07534037820462913, "99": 0.07534037820462913, "100": 0.07534037820462913}