{"0": 18.457984377881967, "1": 15.390942281985561, "2": 9.800106215230723, "3": 9.800106215230723, "4": 9.800106215230723, "5": 2.2453044271208498, "6": 0.7564042321417617, "7": 0.7564042321417617, "8": 0.7564042321417617, "9": 0.7564042321417617, "10": 0.7564042321417617, "11": 0.7564042321417617, "12": 0.7564042321417617, "13": 0.21935834513514862, "14": 0.21935834513514862, "15": 0.21935834513514862, "16": 0.21935834513514862, "17": 0.21935834513514862, "18": 0.0993728095911095, "19": 0.0993728095911095, "20": 0.0993728095911095, "21": 0.0993728095911095, "22": 0.0993728095911095, "23": 0.0993728095911095, "24": 0.0993728095911095, "25": 0.0993728095911095, "26": 0.0993728095911095, "27": 0.0993728095911095, "28": 0.0993728095911095, "29": 0.0993728095911095, "30": 0.0993728095911095, "31": 0.0993728095911095, "32": 0.0993728095911095, "33": 0.0993728095911095, "34": 0.0993728095911095, "35": 0.0993728095911095, "36": 0.0993728095911095, "37": 0.0993728095911095, "38": 0.0993728095911095, "39": 0.0993728095911095, "40": 0.0993728095911095, "41": 0.0993728095911095, "42": 0.0993728095911095, "43": 0.0993728095911095, "44": 0.0993728095911095, "45": 0.0993728095911095, "46": 0.0993728095911095, "47": 0.0993728095911095, "48": 0.0993728095911095, "49": 0.0993728095911095, "50": 0.0993728095911095, "51": 0.0993728095911095, "52": 0.0993728095911095, "53": 0.0993728095911095, "54": 0.0993728095911095, "55": 0.0993728095911095, "56": 0.0993728095911095, "57": 0.0993728095911095, "58": 0.0993728095911095, "59": 0.0993728095911095, "60": 0.0993728095911095, "61": 0.0993728095911095, "62": 0.0993728095911095, "63": 0.0993728095911095, "64": 0.0993728095911095, "65": 0.0993728095911095, "66": 0.0993728095911095, "67": 0.0993728095911095, "68": 0.0993728095911095, "69": 0.0993728095911095, "70": 0.0993728095911095, "71": 0.0993728095911095, "72": 0.0993728095911095, "73": 0.0993728095911095, "74": 0.0993728095911095, "75": 0.0993728095911095, "76": 0.0993728095911095, "77": 0.0993728095911095, "78": 0.0993728095911095, "79": 0.0993728095911095, "80": 0.0993728095911095, "81": 0.0993728095911095, "82": 0.0993728095911095, "83": 0.0993728095911095, "84": 0.0993728095911095, "85": 0.0993728095911095, "86": 0.0993728095911095, "87": 0.0993728095911095, "88": 0.0993728095911095, "89": 0.0993728095911095, "90": 0.0993728095911095, "91": 0.0993728095911095, "92": 0.0993728095911095, "93": 0.0993728095911095, "94": 0.0993728095911095, "95": 0.0993728095911095, "96": 0.0993728095911095, "97": 0.0993728095911095, "98": 0.0993728095911095, "99": 0.0993728095911095, "100": 0.0993728095911095}