{"0": 15.396571766311125, "1": 15.396571766311125, "2": 11.48554201993846, "3": 11.48554201993846, "4": 8.672401336836911, "5": 8.672401336836911, "6": 8.672401336836911, "7": 8.672401336836911, "8": 6.17164318765243, "9": 4.363003537219885, "10": 2.3540488803614217, "11": 2.3540488803614217, "12": 2.3540488803614217, "13": 2.3540488803614217, "14": 2.3455384022048023, "15": 2.3455384022048023, "16": 2.2287229670467497, "17": 2.2287229670467497, "18": 2.2287229670467497, "19": 2.2287229670467497, "20": 2.2287229670467497, "21": 2.145027417760243, "22": 2.145027417760243, "23": 2.145027417760243, "24": 2.145027417760243, "25": 2.145027417760243, "26": 2.145027417760243, "27": 2.145027417760243, "28": 2.145027417760243, "29": 2.145027417760243, "30": 2.145027417760243, "31": 2.145027417760243, "32": 2.145027417760243, "33": 2.145027417760243, "34": 2.145027417760243, "35": 2.145027417760243, "36": 2.044011209274778, "37": 2.044011209274778, "38": 2.044011209274778, "39": 2.044011209274778, "40": 2.044011209274778, "41": 2.044011209274778, "42": 2.044011209274778, "43": 2.044011209274778, "44": 2.044011209274778, "45": 2.044011209274778, "46": 2.044011209274778, "47": 1.6267159405171867, "48": 1.6267159405171867, "49": 1.6267159405171867, "50": 1.6267159405171867, "51": 1.6267159405171867, "52": 1.6267159405171867, "53": 1.6267159405171867, "54": 1.6267159405171867, "55": 1.6267159405171867, "56": 1.6267159405171867, "57": 1.6267159405171867, "58": 1.6267159405171867, "59": 1.6267159405171867, "60": 1.6267159405171867, "61": 1.6267159405171867, "62": 1.6267159405171867, "63": 1.6267159405171867, "64": 1.6239975633149584, "65": 1.6239975633149584, "66": 1.6239975633149584, "67": 1.6239975633149584, "68": 1.6239975633149584, "69": 1.6239975633149584, "70": 1.6239975633149584, "71": 1.6239975633149584, "72": 1.6239975633149584, "73": 1.6239975633149584, "74": 1.6239975633149584, "75": 1.6239975633149584, "76": 1.6239975633149584, "77": 1.6239975633149584, "78": 1.6239975633149584, "79": 1.6239975633149584, "80": 1.6239975633149584, "81": 1.6239975633149584, "82": 1.3295442624222993, "83": 1.3295442624222993, "84": 1.3295442624222993, "85": 1.3295442624222993, "86": 1.3295442624222993, "87": 1.3295442624222993, "88": 1.3295442624222993, "89": 1.3295442624222993, "90": 1.3295442624222993, "91": 1.3295442624222993, "92": 1.3295442624222993, "93": 1.3295442624222993, "94": 1.3295442624222993, "95": 1.3295442624222993, "96": 1.3295442624222993, "97": 1.3295442624222993, "98": 1.3295442624222993, "99": 1.3295442624222993, "100": 1.3295442624222993}