{"0": 18.30955215957554, "1": 1.3527778838623021, "2": 1.3527778838623021, "3": 1.3527778838623021, "4": 1.3527778838623021, "5": 1.3527778838623021, "6": 1.3527778838623021, "7": 1.3527778838623021, "8": 1.3527778838623021, "9": 1.3527778838623021, "10": 1.3527778838623021, "11": 1.3527778838623021, "12": 1.3527778838623021, "13": 1.3527778838623021, "14": 1.3527778838623021, "15": 1.3527778838623021, "16": 1.3527778838623021, "17": 1.3527778838623021, "18": 1.3527778838623021, "19": 1.3527778838623021, "20": 1.3311702429558565, "21": 1.3311702429558565, "22": 1.3311702429558565, "23": 1.1986096660780703, "24": 1.1986096660780703, "25": 1.1986096660780703, "26": 1.077435006068498, "27": 1.077435006068498, "28": 1.077435006068498, "29": 1.077435006068498, "30": 1.077435006068498, "31": 1.077435006068498, "32": 1.077435006068498, "33": 1.077435006068498, "34": 1.077435006068498, "35": 0.7259485055403871, "36": 0.7259485055403871, "37": 0.7259485055403871, "38": 0.7259485055403871, "39": 0.0622990122406506, "40": 0.0622990122406506, "41": 0.0622990122406506, "42": 0.0622990122406506, "43": 0.0622990122406506, "44": 0.0622990122406506, "45": 0.0622990122406506, "46": 0.0622990122406506, "47": 0.0622990122406506, "48": 0.0622990122406506, "49": 0.0622990122406506, "50": 0.0622990122406506, "51": 0.0622990122406506, "52": 0.0622990122406506, "53": 0.0622990122406506, "54": 0.0622990122406506, "55": 0.0622990122406506, "56": 0.0622990122406506, "57": 0.0622990122406506, "58": 0.0622990122406506, "59": 0.0622990122406506, "60": 0.0622990122406506, "61": 0.0622990122406506, "62": 0.0622990122406506, "63": 0.0622990122406506, "64": 0.0622990122406506, "65": 0.0622990122406506, "66": 0.0622990122406506, "67": 0.0622990122406506, "68": 0.0622990122406506, "69": 0.0622990122406506, "70": 0.0622990122406506, "71": 0.0622990122406506, "72": 0.0622990122406506, "73": 0.0622990122406506, "74": 0.0622990122406506, "75": 0.0622990122406506, "76": 0.0622990122406506, "77": 0.0622990122406506, "78": 0.0622990122406506, "79": 0.0622990122406506, "80": 0.0622990122406506, "81": 0.0622990122406506, "82": 0.0622990122406506, "83": 0.0622990122406506, "84": 0.0622990122406506, "85": 0.0622990122406506, "86": 0.0622990122406506, "87": 0.0622990122406506, "88": 0.0622990122406506, "89": 0.0622990122406506, "90": 0.0622990122406506, "91": 0.0622990122406506, "92": 0.0622990122406506, "93": 0.0622990122406506, "94": 0.0622990122406506, "95": 0.0622990122406506, "96": 0.0622990122406506, "97": 0.0622990122406506, "98": 0.0622990122406506, "99": 0.0622990122406506, "100": 0.0622990122406506}