{"0": 19.540699583058007, "1": 19.540699583058007, "2": 12.86175792437267, "3": 12.86175792437267, "4": 12.86175792437267, "5": 7.337302367025636, "6": 7.337302367025636, "7": 4.61064967300096, "8": 4.61064967300096, "9": 4.61064967300096, "10": 4.61064967300096, "11": 4.61064967300096, "12": 4.61064967300096, "13": 3.0293081756933695, "14": 3.0293081756933695, "15": 3.0293081756933695, "16": 3.0293081756933695, "17": 3.0293081756933695, "18": 3.0293081756933695, "19": 3.0293081756933695, "20": 2.322567505326937, "21": 2.322567505326937, "22": 2.322567505326937, "23": 2.322567505326937, "24": 2.322567505326937, "25": 2.322567505326937, "26": 2.322567505326937, "27": 2.322567505326937, "28": 2.322567505326937, "29": 2.322567505326937, "30": 2.322567505326937, "31": 2.322567505326937, "32": 2.322567505326937, "33": 2.322567505326937, "34": 2.322567505326937, "35": 2.322567505326937, "36": 2.322567505326937, "37": 2.322567505326937, "38": 2.322567505326937, "39": 2.322567505326937, "40": 2.322567505326937, "41": 2.322567505326937, "42": 2.0179712196882207, "43": 2.0179712196882207, "44": 2.0179712196882207, "45": 1.7582662404300038, "46": 1.7582662404300038, "47": 1.7582662404300038, "48": 1.7582662404300038, "49": 1.7582662404300038, "50": 1.7582662404300038, "51": 1.3462606586950514, "52": 1.3462606586950514, "53": 1.3462606586950514, "54": 1.3462606586950514, "55": 1.3462606586950514, "56": 1.3462606586950514, "57": 1.3462606586950514, "58": 1.3462606586950514, "59": 0.7143597430637207, "60": 0.7143597430637207, "61": 0.7143597430637207, "62": 0.7143597430637207, "63": 0.7143597430637207, "64": 0.7143597430637207, "65": 0.7143597430637207, "66": 0.7143597430637207, "67": 0.7143597430637207, "68": 0.7143597430637207, "69": 0.7143597430637207, "70": 0.7143597430637207, "71": 0.7143597430637207, "72": 0.7143597430637207, "73": 0.7143597430637207, "74": 0.7143597430637207, "75": 0.7143597430637207, "76": 0.7143597430637207, "77": 0.7143597430637207, "78": 0.7143597430637207, "79": 0.7143597430637207, "80": 0.7143597430637207, "81": 0.7143597430637207, "82": 0.7143597430637207, "83": 0.7143597430637207, "84": 0.7143597430637207, "85": 0.7143597430637207, "86": 0.7143597430637207, "87": 0.7143597430637207, "88": 0.7143597430637207, "89": 0.7143597430637207, "90": 0.7143597430637207, "91": 0.7143597430637207, "92": 0.7143597430637207, "93": 0.7143597430637207, "94": 0.7143597430637207, "95": 0.7143597430637207, "96": 0.7143597430637207, "97": 0.7143597430637207, "98": 0.7143597430637207, "99": 0.7143597430637207, "100": 0.7143597430637207}