{"0": 18.096612042218673, "1": 10.38209155665926, "2": 10.38209155665926, "3": 10.38209155665926, "4": 10.38209155665926, "5": 10.38209155665926, "6": 3.7587764162917736, "7": 3.7587764162917736, "8": 3.7587764162917736, "9": 3.7587764162917736, "10": 3.7587764162917736, "11": 3.7587764162917736, "12": 3.7587764162917736, "13": 3.7587764162917736, "14": 3.437643468042623, "15": 3.437643468042623, "16": 3.437643468042623, "17": 3.437643468042623, "18": 3.437643468042623, "19": 3.437643468042623, "20": 3.437643468042623, "21": 3.437643468042623, "22": 3.437643468042623, "23": 3.437643468042623, "24": 2.8168117084532085, "25": 2.8168117084532085, "26": 2.5369803740335755, "27": 1.647394188320014, "28": 1.647394188320014, "29": 1.647394188320014, "30": 1.647394188320014, "31": 1.647394188320014, "32": 1.647394188320014, "33": 1.647394188320014, "34": 1.647394188320014, "35": 1.647394188320014, "36": 1.647394188320014, "37": 1.647394188320014, "38": 1.647394188320014, "39": 1.647394188320014, "40": 1.647394188320014, "41": 1.647394188320014, "42": 1.647394188320014, "43": 1.647394188320014, "44": 1.647394188320014, "45": 1.4580406071854242, "46": 1.4580406071854242, "47": 1.4580406071854242, "48": 1.4580406071854242, "49": 1.4580406071854242, "50": 1.4580406071854242, "51": 1.4580406071854242, "52": 1.4580406071854242, "53": 1.4580406071854242, "54": 1.4580406071854242, "55": 1.4580406071854242, "56": 1.4580406071854242, "57": 1.4580406071854242, "58": 1.4580406071854242, "59": 1.4580406071854242, "60": 1.4580406071854242, "61": 1.4580406071854242, "62": 1.4580406071854242, "63": 1.4580406071854242, "64": 1.4580406071854242, "65": 1.4580406071854242, "66": 1.4580406071854242, "67": 1.4580406071854242, "68": 1.4580406071854242, "69": 1.4580406071854242, "70": 1.4580406071854242, "71": 1.4580406071854242, "72": 1.4580406071854242, "73": 1.4580406071854242, "74": 1.4580406071854242, "75": 1.4580406071854242, "76": 1.4580406071854242, "77": 1.4580406071854242, "78": 1.4580406071854242, "79": 1.4580406071854242, "80": 1.4580406071854242, "81": 1.4580406071854242, "82": 1.4580406071854242, "83": 1.4580406071854242, "84": 1.4580406071854242, "85": 1.4580406071854242, "86": 1.4580406071854242, "87": 1.4580406071854242, "88": 1.4580406071854242, "89": 1.4580406071854242, "90": 1.4580406071854242, "91": 1.4580406071854242, "92": 1.4580406071854242, "93": 1.4580406071854242, "94": 1.4580406071854242, "95": 1.4580406071854242, "96": 1.4580406071854242, "97": 1.4580406071854242, "98": 1.4580406071854242, "99": 1.4580406071854242, "100": 1.4580406071854242}