{"0": 22.541093677654025, "1": 22.541093677654025, "2": 7.436150846382814, "3": 7.436150846382814, "4": 7.436150846382814, "5": 7.050650659144656, "6": 7.050650659144656, "7": 5.142991467980266, "8": 5.142991467980266, "9": 5.142991467980266, "10": 5.142991467980266, "11": 5.142991467980266, "12": 5.142991467980266, "13": 5.142991467980266, "14": 5.142991467980266, "15": 5.142991467980266, "16": 5.142991467980266, "17": 5.142991467980266, "18": 5.142991467980266, "19": 5.142991467980266, "20": 5.142991467980266, "21": 5.142991467980266, "22": 5.142991467980266, "23": 5.142991467980266, "24": 4.984989965107225, "25": 4.448818742468518, "26": 4.109439337778634, "27": 4.109439337778634, "28": 4.109439337778634, "29": 4.109439337778634, "30": 4.109439337778634, "31": 4.109439337778634, "32": 4.109439337778634, "33": 4.109439337778634, "34": 4.109439337778634, "35": 4.109439337778634, "36": 4.05075129049078, "37": 4.05075129049078, "38": 4.05075129049078, "39": 4.05075129049078, "40": 4.05075129049078, "41": 4.05075129049078, "42": 4.05075129049078, "43": 4.05075129049078, "44": 4.05075129049078, "45": 0.8768938515938842, "46": 0.8768938515938842, "47": 0.8768938515938842, "48": 0.8768938515938842, "49": 0.8768938515938842, "50": 0.8768938515938842, "51": 0.8768938515938842, "52": 0.8768938515938842, "53": 0.8768938515938842, "54": 0.8768938515938842, "55": 0.8768938515938842, "56": 0.8768938515938842, "57": 0.8768938515938842, "58": 0.8768938515938842, "59": 0.8768938515938842, "60": 0.8768938515938842, "61": 0.8768938515938842, "62": 0.8768938515938842, "63": 0.8768938515938842, "64": 0.8768938515938842, "65": 0.8768938515938842, "66": 0.8768938515938842, "67": 0.8768938515938842, "68": 0.8768938515938842, "69": 0.8768938515938842, "70": 0.8768938515938842, "71": 0.8768938515938842, "72": 0.8768938515938842, "73": 0.8768938515938842, "74": 0.8768938515938842, "75": 0.8768938515938842, "76": 0.8768938515938842, "77": 0.8768938515938842, "78": 0.8768938515938842, "79": 0.8768938515938842, "80": 0.8768938515938842, "81": 0.8768938515938842, "82": 0.8768938515938842, "83": 0.8768938515938842, "84": 0.8768938515938842, "85": 0.8768938515938842, "86": 0.8768938515938842, "87": 0.8768938515938842, "88": 0.8768938515938842, "89": 0.8768938515938842, "90": 0.8768938515938842, "91": 0.8768938515938842, "92": 0.8768938515938842, "93": 0.8768938515938842, "94": 0.8768938515938842, "95": 0.8768938515938842, "96": 0.8768938515938842, "97": 0.8768938515938842, "98": 0.8768938515938842, "99": 0.8768938515938842, "100": 0.8768938515938842}