{"0": 12.959245407444932, "1": 12.959245407444932, "2": 12.959245407444932, "3": 12.959245407444932, "4": 5.367028640486879, "5": 5.367028640486879, "6": 5.367028640486879, "7": 5.367028640486879, "8": 5.367028640486879, "9": 5.367028640486879, "10": 5.367028640486879, "11": 5.367028640486879, "12": 2.814402724690922, "13": 2.814402724690922, "14": 2.814402724690922, "15": 2.814402724690922, "16": 2.814402724690922, "17": 2.814402724690922, "18": 2.814402724690922, "19": 2.814402724690922, "20": 2.814402724690922, "21": 2.814402724690922, "22": 2.814402724690922, "23": 2.814402724690922, "24": 2.814402724690922, "25": 2.814402724690922, "26": 2.814402724690922, "27": 2.6576235338472998, "28": 2.4979264292340844, "29": 2.4979264292340844, "30": 2.4979264292340844, "31": 2.4979264292340844, "32": 2.4979264292340844, "33": 2.4979264292340844, "34": 2.4979264292340844, "35": 2.36509833530895, "36": 2.36509833530895, "37": 2.36509833530895, "38": 2.36509833530895, "39": 2.36509833530895, "40": 2.36509833530895, "41": 2.36509833530895, "42": 2.36509833530895, "43": 2.36509833530895, "44": 2.36509833530895, "45": 2.36509833530895, "46": 2.36509833530895, "47": 2.36509833530895, "48": 2.36509833530895, "49": 2.36509833530895, "50": 2.36509833530895, "51": 2.36509833530895, "52": 2.36509833530895, "53": 2.36509833530895, "54": 2.36509833530895, "55": 2.36509833530895, "56": 2.36509833530895, "57": 2.36509833530895, "58": 2.36509833530895, "59": 2.36509833530895, "60": 2.36509833530895, "61": 1.3127673321455937, "62": 1.3127673321455937, "63": 1.3127673321455937, "64": 1.3127673321455937, "65": 1.3127673321455937, "66": 1.3127673321455937, "67": 1.3127673321455937, "68": 1.3127673321455937, "69": 1.3127673321455937, "70": 1.3127673321455937, "71": 1.3127673321455937, "72": 1.3127673321455937, "73": 1.3127673321455937, "74": 1.3127673321455937, "75": 1.3127673321455937, "76": 1.3127673321455937, "77": 1.3127673321455937, "78": 1.3127673321455937, "79": 1.3127673321455937, "80": 1.3127673321455937, "81": 1.3127673321455937, "82": 1.3127673321455937, "83": 1.3127673321455937, "84": 1.3127673321455937, "85": 1.3127673321455937, "86": 1.3127673321455937, "87": 1.3127673321455937, "88": 1.3127673321455937, "89": 1.3127673321455937, "90": 1.3127673321455937, "91": 1.3127673321455937, "92": 1.3127673321455937, "93": 1.3127673321455937, "94": 1.3127673321455937, "95": 1.3127673321455937, "96": 1.3127673321455937, "97": 1.3127673321455937, "98": 1.3127673321455937, "99": 1.3127673321455937, "100": 1.3127673321455937}