{"0": 11.9122015244731, "1": 4.381310044204508, "2": 4.381310044204508, "3": 4.381310044204508, "4": 4.381310044204508, "5": 3.047774396123259, "6": 3.047774396123259, "7": 3.047774396123259, "8": 3.047774396123259, "9": 3.047774396123259, "10": 3.047774396123259, "11": 2.407445421633753, "12": 2.407445421633753, "13": 2.407445421633753, "14": 2.407445421633753, "15": 2.407445421633753, "16": 2.407445421633753, "17": 2.407445421633753, "18": 2.2488423466164917, "19": 2.2488423466164917, "20": 2.2488423466164917, "21": 2.2488423466164917, "22": 2.2488423466164917, "23": 2.2488423466164917, "24": 2.2488423466164917, "25": 2.0864138276098814, "26": 2.0864138276098814, "27": 2.0864138276098814, "28": 2.0864138276098814, "29": 2.0864138276098814, "30": 2.0864138276098814, "31": 2.0864138276098814, "32": 2.0864138276098814, "33": 2.0864138276098814, "34": 1.5794125243086796, "35": 1.5794125243086796, "36": 1.5794125243086796, "37": 1.5794125243086796, "38": 1.5794125243086796, "39": 1.5794125243086796, "40": 1.3158457299410067, "41": 1.3008668614116026, "42": 1.3008668614116026, "43": 1.3008668614116026, "44": 1.3008668614116026, "45": 1.3008668614116026, "46": 1.3008668614116026, "47": 1.3008668614116026, "48": 1.3008668614116026, "49": 1.3008668614116026, "50": 1.126474668714053, "51": 1.126474668714053, "52": 1.126474668714053, "53": 1.126474668714053, "54": 1.126474668714053, "55": 1.126474668714053, "56": 1.126474668714053, "57": 1.126474668714053, "58": 1.126474668714053, "59": 1.126474668714053, "60": 1.126474668714053, "61": 1.126474668714053, "62": 1.126474668714053, "63": 1.126474668714053, "64": 1.126474668714053, "65": 1.126474668714053, "66": 1.126474668714053, "67": 1.126474668714053, "68": 1.126474668714053, "69": 1.126474668714053, "70": 1.126474668714053, "71": 1.126474668714053, "72": 1.126474668714053, "73": 1.126474668714053, "74": 1.126474668714053, "75": 1.126474668714053, "76": 1.126474668714053, "77": 1.126474668714053, "78": 1.126474668714053, "79": 1.126474668714053, "80": 1.126474668714053, "81": 1.126474668714053, "82": 1.126474668714053, "83": 1.126474668714053, "84": 1.126474668714053, "85": 1.126474668714053, "86": 1.126474668714053, "87": 1.126474668714053, "88": 1.126474668714053, "89": 1.126474668714053, "90": 1.126474668714053, "91": 1.126474668714053, "92": 1.126474668714053, "93": 1.126474668714053, "94": 1.126474668714053, "95": 1.126474668714053, "96": 1.126474668714053, "97": 1.126474668714053, "98": 1.126474668714053, "99": 1.126474668714053, "100": 1.126474668714053}