{"0": 13.650653007559926, "1": 13.650653007559926, "2": 13.650653007559926, "3": 13.650653007559926, "4": 13.650653007559926, "5": 13.38710152385071, "6": 6.769437494305659, "7": 6.769437494305659, "8": 6.769437494305659, "9": 6.769437494305659, "10": 6.769437494305659, "11": 6.769437494305659, "12": 6.181223901087289, "13": 6.181223901087289, "14": 6.181223901087289, "15": 6.181223901087289, "16": 6.181223901087289, "17": 6.069587818919672, "18": 6.069587818919672, "19": 6.069587818919672, "20": 5.649769260087968, "21": 2.342698697205119, "22": 2.342698697205119, "23": 2.342698697205119, "24": 2.342698697205119, "25": 2.342698697205119, "26": 2.342698697205119, "27": 2.342698697205119, "28": 2.342698697205119, "29": 2.342698697205119, "30": 2.342698697205119, "31": 2.342698697205119, "32": 2.342698697205119, "33": 2.342698697205119, "34": 2.342698697205119, "35": 2.342698697205119, "36": 2.342698697205119, "37": 2.342698697205119, "38": 2.342698697205119, "39": 2.342698697205119, "40": 2.342698697205119, "41": 2.342698697205119, "42": 2.342698697205119, "43": 2.342698697205119, "44": 2.342698697205119, "45": 2.342698697205119, "46": 2.342698697205119, "47": 2.342698697205119, "48": 2.342698697205119, "49": 2.342698697205119, "50": 2.342698697205119, "51": 2.342698697205119, "52": 2.342698697205119, "53": 2.342698697205119, "54": 2.342698697205119, "55": 2.342698697205119, "56": 2.342698697205119, "57": 2.342698697205119, "58": 2.342698697205119, "59": 2.342698697205119, "60": 2.342698697205119, "61": 2.342698697205119, "62": 2.342698697205119, "63": 2.342698697205119, "64": 1.2096216111313076, "65": 1.2096216111313076, "66": 1.2096216111313076, "67": 1.2096216111313076, "68": 1.2096216111313076, "69": 1.2096216111313076, "70": 1.2096216111313076, "71": 1.2096216111313076, "72": 1.2096216111313076, "73": 1.2096216111313076, "74": 1.2096216111313076, "75": 1.2096216111313076, "76": 1.2096216111313076, "77": 1.2096216111313076, "78": 1.2096216111313076, "79": 1.2096216111313076, "80": 1.2096216111313076, "81": 1.2096216111313076, "82": 1.2096216111313076, "83": 1.2096216111313076, "84": 1.2096216111313076, "85": 1.2096216111313076, "86": 1.2096216111313076, "87": 1.2096216111313076, "88": 1.2096216111313076, "89": 1.2096216111313076, "90": 1.2096216111313076, "91": 1.2096216111313076, "92": 1.2096216111313076, "93": 1.2096216111313076, "94": 1.2096216111313076, "95": 1.2096216111313076, "96": 1.2096216111313076, "97": 1.2096216111313076, "98": 1.2096216111313076, "99": 1.2096216111313076, "100": 1.2096216111313076}