{"0": 12.82980452058771, "1": 12.82980452058771, "2": 12.82980452058771, "3": 12.82980452058771, "4": 12.82980452058771, "5": 12.429514497673624, "6": 12.429514497673624, "7": 6.29518139187423, "8": 2.384744060951334, "9": 2.384744060951334, "10": 2.384744060951334, "11": 2.384744060951334, "12": 2.384744060951334, "13": 2.384744060951334, "14": 0.5954094357166682, "15": 0.5954094357166682, "16": 0.5954094357166682, "17": 0.5954094357166682, "18": 0.5954094357166682, "19": 0.5954094357166682, "20": 0.5954094357166682, "21": 0.5954094357166682, "22": 0.5827302942901085, "23": 0.5827302942901085, "24": 0.5827302942901085, "25": 0.5827302942901085, "26": 0.5827302942901085, "27": 0.5827302942901085, "28": 0.5827302942901085, "29": 0.5827302942901085, "30": 0.5827302942901085, "31": 0.5827302942901085, "32": 0.5827302942901085, "33": 0.5827302942901085, "34": 0.5827302942901085, "35": 0.5827302942901085, "36": 0.5827302942901085, "37": 0.5827302942901085, "38": 0.5827302942901085, "39": 0.5827302942901085, "40": 0.5827302942901085, "41": 0.5827302942901085, "42": 0.5827302942901085, "43": 0.5827302942901085, "44": 0.5827302942901085, "45": 0.5827302942901085, "46": 0.5827302942901085, "47": 0.5827302942901085, "48": 0.5827302942901085, "49": 0.5827302942901085, "50": 0.5827302942901085, "51": 0.5827302942901085, "52": 0.5827302942901085, "53": 0.5827302942901085, "54": 0.5827302942901085, "55": 0.5827302942901085, "56": 0.5827302942901085, "57": 0.5827302942901085, "58": 0.5827302942901085, "59": 0.5827302942901085, "60": 0.5827302942901085, "61": 0.5827302942901085, "62": 0.5827302942901085, "63": 0.5827302942901085, "64": 0.5827302942901085, "65": 0.5827302942901085, "66": 0.5827302942901085, "67": 0.5827302942901085, "68": 0.5827302942901085, "69": 0.5827302942901085, "70": 0.5827302942901085, "71": 0.5827302942901085, "72": 0.5827302942901085, "73": 0.5827302942901085, "74": 0.5827302942901085, "75": 0.5827302942901085, "76": 0.5827302942901085, "77": 0.5827302942901085, "78": 0.5827302942901085, "79": 0.5827302942901085, "80": 0.5827302942901085, "81": 0.5827302942901085, "82": 0.5827302942901085, "83": 0.5827302942901085, "84": 0.5827302942901085, "85": 0.5827302942901085, "86": 0.31592908587892055, "87": 0.31592908587892055, "88": 0.31592908587892055, "89": 0.31592908587892055, "90": 0.31592908587892055, "91": 0.31592908587892055, "92": 0.31592908587892055, "93": 0.31592908587892055, "94": 0.31592908587892055, "95": 0.31592908587892055, "96": 0.31592908587892055, "97": 0.31592908587892055, "98": 0.31592908587892055, "99": 0.31592908587892055, "100": 0.31592908587892055}