{"0": 17.55627347581406, "1": 7.7124707565575825, "2": 7.7124707565575825, "3": 5.4369963291547645, "4": 5.4369963291547645, "5": 5.4369963291547645, "6": 4.867322495527416, "7": 4.867322495527416, "8": 4.867322495527416, "9": 4.867322495527416, "10": 4.867322495527416, "11": 4.867322495527416, "12": 1.8526036251007163, "13": 1.8526036251007163, "14": 1.8526036251007163, "15": 1.8526036251007163, "16": 1.8526036251007163, "17": 1.8526036251007163, "18": 1.8526036251007163, "19": 1.8526036251007163, "20": 1.8526036251007163, "21": 1.8526036251007163, "22": 1.8526036251007163, "23": 1.8526036251007163, "24": 1.8526036251007163, "25": 1.8526036251007163, "26": 1.8526036251007163, "27": 1.8526036251007163, "28": 1.8526036251007163, "29": 1.8526036251007163, "30": 1.8526036251007163, "31": 1.8526036251007163, "32": 1.8526036251007163, "33": 1.8526036251007163, "34": 1.8526036251007163, "35": 1.8526036251007163, "36": 1.8526036251007163, "37": 1.8526036251007163, "38": 1.8526036251007163, "39": 1.8526036251007163, "40": 1.8526036251007163, "41": 1.8526036251007163, "42": 1.8526036251007163, "43": 1.3479514991556876, "44": 1.3479514991556876, "45": 1.3479514991556876, "46": 1.3479514991556876, "47": 1.3479514991556876, "48": 1.3479514991556876, "49": 1.3479514991556876, "50": 1.3479514991556876, "51": 1.3479514991556876, "52": 1.3479514991556876, "53": 1.3479514991556876, "54": 1.3479514991556876, "55": 1.3479514991556876, "56": 0.9609732243285194, "57": 0.9609732243285194, "58": 0.9609732243285194, "59": 0.9609732243285194, "60": 0.9609732243285194, "61": 0.9609732243285194, "62": 0.9609732243285194, "63": 0.9609732243285194, "64": 0.9609732243285194, "65": 0.9609732243285194, "66": 0.9609732243285194, "67": 0.9609732243285194, "68": 0.9609732243285194, "69": 0.9609732243285194, "70": 0.9609732243285194, "71": 0.9609732243285194, "72": 0.9609732243285194, "73": 0.9609732243285194, "74": 0.9609732243285194, "75": 0.9609732243285194, "76": 0.9609732243285194, "77": 0.9609732243285194, "78": 0.9609732243285194, "79": 0.9609732243285194, "80": 0.9609732243285194, "81": 0.9609732243285194, "82": 0.9609732243285194, "83": 0.9609732243285194, "84": 0.9609732243285194, "85": 0.9609732243285194, "86": 0.9609732243285194, "87": 0.9609732243285194, "88": 0.9609732243285194, "89": 0.9609732243285194, "90": 0.9609732243285194, "91": 0.9609732243285194, "92": 0.9609732243285194, "93": 0.9609732243285194, "94": 0.9609732243285194, "95": 0.9609732243285194, "96": 0.9609732243285194, "97": 0.9609732243285194, "98": 0.9609732243285194, "99": 0.9609732243285194, "100": 0.9609732243285194}