{"0": 17.033202489735523, "1": 12.241184900794686, "2": 12.241184900794686, "3": 5.66081841752565, "4": 5.66081841752565, "5": 5.66081841752565, "6": 5.66081841752565, "7": 5.66081841752565, "8": 5.66081841752565, "9": 5.139943621801194, "10": 5.139943621801194, "11": 5.139943621801194, "12": 2.117777553338442, "13": 2.117777553338442, "14": 2.117777553338442, "15": 2.117777553338442, "16": 1.9971328510748876, "17": 1.9971328510748876, "18": 1.9971328510748876, "19": 1.9971328510748876, "20": 1.9971328510748876, "21": 1.9971328510748876, "22": 1.9971328510748876, "23": 1.9971328510748876, "24": 1.9971328510748876, "25": 1.9971328510748876, "26": 1.9971328510748876, "27": 1.9971328510748876, "28": 1.9971328510748876, "29": 1.9971328510748876, "30": 1.9971328510748876, "31": 1.9971328510748876, "32": 1.9971328510748876, "33": 1.9971328510748876, "34": 1.9971328510748876, "35": 1.9971328510748876, "36": 1.9971328510748876, "37": 1.9971328510748876, "38": 1.9971328510748876, "39": 1.9971328510748876, "40": 1.9971328510748876, "41": 1.9971328510748876, "42": 1.9971328510748876, "43": 1.9971328510748876, "44": 1.9971328510748876, "45": 1.9971328510748876, "46": 1.9971328510748876, "47": 1.9971328510748876, "48": 1.9971328510748876, "49": 1.9971328510748876, "50": 1.9971328510748876, "51": 1.9971328510748876, "52": 1.9971328510748876, "53": 1.9971328510748876, "54": 1.9971328510748876, "55": 1.9971328510748876, "56": 1.9971328510748876, "57": 1.9971328510748876, "58": 1.9971328510748876, "59": 1.9971328510748876, "60": 1.9971328510748876, "61": 1.9971328510748876, "62": 1.9971328510748876, "63": 1.9971328510748876, "64": 1.9971328510748876, "65": 1.9971328510748876, "66": 1.9971328510748876, "67": 1.9971328510748876, "68": 1.9971328510748876, "69": 1.9971328510748876, "70": 1.9971328510748876, "71": 1.9971328510748876, "72": 1.9971328510748876, "73": 1.9971328510748876, "74": 1.9971328510748876, "75": 1.9971328510748876, "76": 1.9971328510748876, "77": 1.9971328510748876, "78": 1.9971328510748876, "79": 1.9971328510748876, "80": 1.9971328510748876, "81": 1.9971328510748876, "82": 1.9971328510748876, "83": 1.9971328510748876, "84": 1.9971328510748876, "85": 1.9971328510748876, "86": 1.9971328510748876, "87": 1.9971328510748876, "88": 1.9971328510748876, "89": 1.9971328510748876, "90": 1.9971328510748876, "91": 1.9971328510748876, "92": 1.9971328510748876, "93": 1.9971328510748876, "94": 1.9971328510748876, "95": 1.9971328510748876, "96": 1.9971328510748876, "97": 1.9971328510748876, "98": 1.9971328510748876, "99": 1.9971328510748876, "100": 1.9971328510748876}