{"0": 22.05316415809898, "1": 14.448598200945407, "2": 10.387067714296446, "3": 10.387067714296446, "4": 10.387067714296446, "5": 4.202797860623482, "6": 4.202797860623482, "7": 4.202797860623482, "8": 4.202797860623482, "9": 3.9003108393957184, "10": 3.9003108393957184, "11": 3.9003108393957184, "12": 3.9003108393957184, "13": 1.1689882861675187, "14": 1.1689882861675187, "15": 1.1689882861675187, "16": 1.1689882861675187, "17": 1.1689882861675187, "18": 1.1689882861675187, "19": 1.1689882861675187, "20": 1.1689882861675187, "21": 1.1689882861675187, "22": 1.1689882861675187, "23": 1.0178673161710101, "24": 1.0178673161710101, "25": 1.0178673161710101, "26": 1.0178673161710101, "27": 1.0178673161710101, "28": 1.0178673161710101, "29": 1.0178673161710101, "30": 1.0178673161710101, "31": 1.0178673161710101, "32": 1.0178673161710101, "33": 1.0178673161710101, "34": 0.23727099137369123, "35": 0.23727099137369123, "36": 0.23727099137369123, "37": 0.23727099137369123, "38": 0.23727099137369123, "39": 0.23727099137369123, "40": 0.23727099137369123, "41": 0.23727099137369123, "42": 0.23727099137369123, "43": 0.23727099137369123, "44": 0.23727099137369123, "45": 0.23727099137369123, "46": 0.23727099137369123, "47": 0.23727099137369123, "48": 0.23727099137369123, "49": 0.23727099137369123, "50": 0.23727099137369123, "51": 0.23727099137369123, "52": 0.23727099137369123, "53": 0.23727099137369123, "54": 0.23727099137369123, "55": 0.23727099137369123, "56": 0.23727099137369123, "57": 0.23727099137369123, "58": 0.23727099137369123, "59": 0.23727099137369123, "60": 0.23727099137369123, "61": 0.23727099137369123, "62": 0.23727099137369123, "63": 0.23727099137369123, "64": 0.23727099137369123, "65": 0.23727099137369123, "66": 0.23727099137369123, "67": 0.23727099137369123, "68": 0.23727099137369123, "69": 0.23727099137369123, "70": 0.23727099137369123, "71": 0.23727099137369123, "72": 0.23727099137369123, "73": 0.23727099137369123, "74": 0.23727099137369123, "75": 0.23727099137369123, "76": 0.23727099137369123, "77": 0.23727099137369123, "78": 0.23727099137369123, "79": 0.23727099137369123, "80": 0.23727099137369123, "81": 0.23727099137369123, "82": 0.23727099137369123, "83": 0.23727099137369123, "84": 0.23727099137369123, "85": 0.23727099137369123, "86": 0.23727099137369123, "87": 0.23727099137369123, "88": 0.23727099137369123, "89": 0.23727099137369123, "90": 0.23727099137369123, "91": 0.23727099137369123, "92": 0.23727099137369123, "93": 0.23727099137369123, "94": 0.23727099137369123, "95": 0.23727099137369123, "96": 0.23727099137369123, "97": 0.23727099137369123, "98": 0.23727099137369123, "99": 0.23727099137369123, "100": 0.23727099137369123}