{"0": 31.36057214129179, "1": 14.610652780206175, "2": 11.982878582991514, "3": 11.982878582991514, "4": 8.63604470347816, "5": 8.63604470347816, "6": 8.63604470347816, "7": 8.26252146137377, "8": 8.26252146137377, "9": 8.26252146137377, "10": 5.533316103352176, "11": 5.533316103352176, "12": 5.533316103352176, "13": 5.533316103352176, "14": 5.533316103352176, "15": 5.533316103352176, "16": 5.533316103352176, "17": 5.533316103352176, "18": 5.533316103352176, "19": 5.533316103352176, "20": 5.533316103352176, "21": 5.533316103352176, "22": 5.533316103352176, "23": 5.533316103352176, "24": 4.017382012569067, "25": 4.017382012569067, "26": 4.017382012569067, "27": 4.017382012569067, "28": 4.017382012569067, "29": 4.017382012569067, "30": 4.017382012569067, "31": 4.017382012569067, "32": 4.017382012569067, "33": 4.017382012569067, "34": 4.017382012569067, "35": 4.017382012569067, "36": 4.017382012569067, "37": 2.1329116853442827, "38": 2.1329116853442827, "39": 2.1329116853442827, "40": 2.1329116853442827, "41": 2.1329116853442827, "42": 2.1329116853442827, "43": 2.1329116853442827, "44": 2.1329116853442827, "45": 2.1329116853442827, "46": 2.1329116853442827, "47": 2.1329116853442827, "48": 2.1329116853442827, "49": 2.1329116853442827, "50": 2.1329116853442827, "51": 2.1329116853442827, "52": 2.1329116853442827, "53": 2.1329116853442827, "54": 2.1329116853442827, "55": 2.1329116853442827, "56": 2.1329116853442827, "57": 2.1329116853442827, "58": 2.1329116853442827, "59": 2.1329116853442827, "60": 2.1329116853442827, "61": 2.1329116853442827, "62": 2.1329116853442827, "63": 2.1329116853442827, "64": 2.1329116853442827, "65": 2.1329116853442827, "66": 2.1329116853442827, "67": 2.1329116853442827, "68": 2.1329116853442827, "69": 2.1329116853442827, "70": 2.1329116853442827, "71": 2.1329116853442827, "72": 2.1329116853442827, "73": 2.1329116853442827, "74": 2.1329116853442827, "75": 2.1329116853442827, "76": 2.1329116853442827, "77": 2.1329116853442827, "78": 2.1329116853442827, "79": 2.1329116853442827, "80": 2.1329116853442827, "81": 2.1329116853442827, "82": 2.1329116853442827, "83": 2.1329116853442827, "84": 2.1329116853442827, "85": 2.1329116853442827, "86": 2.1329116853442827, "87": 2.1329116853442827, "88": 2.1329116853442827, "89": 2.1329116853442827, "90": 1.3902817728737276, "91": 1.3796662520386676, "92": 1.3796662520386676, "93": 1.3796662520386676, "94": 1.3796662520386676, "95": 1.3796662520386676, "96": 1.3796662520386676, "97": 1.3796662520386676, "98": 1.3796662520386676, "99": 1.3796662520386676, "100": 1.3796662520386676}