{"0": 4.325274353545677, "1": 4.325274353545677, "2": 4.325274353545677, "3": 4.325274353545677, "4": 4.325274353545677, "5": 4.325274353545677, "6": 4.325274353545677, "7": 4.325274353545677, "8": 4.325274353545677, "9": 4.01119548981927, "10": 4.01119548981927, "11": 4.01119548981927, "12": 4.01119548981927, "13": 4.01119548981927, "14": 4.01119548981927, "15": 4.01119548981927, "16": 4.01119548981927, "17": 4.01119548981927, "18": 4.01119548981927, "19": 1.6164947598314328, "20": 1.6164947598314328, "21": 1.6164947598314328, "22": 1.6164947598314328, "23": 1.6164947598314328, "24": 1.6164947598314328, "25": 1.6164947598314328, "26": 1.6164947598314328, "27": 1.6164947598314328, "28": 1.6164947598314328, "29": 1.6164947598314328, "30": 1.6164947598314328, "31": 1.6164947598314328, "32": 1.6164947598314328, "33": 1.205914373003523, "34": 1.205914373003523, "35": 1.205914373003523, "36": 1.205914373003523, "37": 1.205914373003523, "38": 1.205914373003523, "39": 1.205914373003523, "40": 1.205914373003523, "41": 1.205914373003523, "42": 1.205914373003523, "43": 1.205914373003523, "44": 1.205914373003523, "45": 1.205914373003523, "46": 1.205914373003523, "47": 1.205914373003523, "48": 1.205914373003523, "49": 1.205914373003523, "50": 1.205914373003523, "51": 1.205914373003523, "52": 1.205914373003523, "53": 1.205914373003523, "54": 1.205914373003523, "55": 1.205914373003523, "56": 1.205914373003523, "57": 1.205914373003523, "58": 1.205914373003523, "59": 1.205914373003523, "60": 1.205914373003523, "61": 1.205914373003523, "62": 1.205914373003523, "63": 1.205914373003523, "64": 1.205914373003523, "65": 1.205914373003523, "66": 1.205914373003523, "67": 1.205914373003523, "68": 1.205914373003523, "69": 1.205914373003523, "70": 1.205914373003523, "71": 1.205914373003523, "72": 1.205914373003523, "73": 1.205914373003523, "74": 1.205914373003523, "75": 1.205914373003523, "76": 1.205914373003523, "77": 1.205914373003523, "78": 1.205914373003523, "79": 1.205914373003523, "80": 1.205914373003523, "81": 1.205914373003523, "82": 1.205914373003523, "83": 1.205914373003523, "84": 1.205914373003523, "85": 1.205914373003523, "86": 1.205914373003523, "87": 1.205914373003523, "88": 1.205914373003523, "89": 1.205914373003523, "90": 1.205914373003523, "91": 1.205914373003523, "92": 1.205914373003523, "93": 1.205914373003523, "94": 1.205914373003523, "95": 1.205914373003523, "96": 1.205914373003523, "97": 1.205914373003523, "98": 1.205914373003523, "99": 1.205914373003523, "100": 1.205914373003523}