{"0": 13.0115711241362, "1": 13.0115711241362, "2": 13.0115711241362, "3": 11.913552454642204, "4": 10.528710404958556, "5": 9.640254630750132, "6": 9.640254630750132, "7": 9.640254630750132, "8": 9.640254630750132, "9": 8.01826417179802, "10": 7.498019979678576, "11": 4.936778310853926, "12": 4.936778310853926, "13": 4.936778310853926, "14": 4.936778310853926, "15": 4.936778310853926, "16": 4.936778310853926, "17": 4.936778310853926, "18": 4.936778310853926, "19": 4.936778310853926, "20": 4.936778310853926, "21": 4.936778310853926, "22": 3.0487077653287287, "23": 1.7620469192828878, "24": 1.7620469192828878, "25": 1.7620469192828878, "26": 1.7620469192828878, "27": 1.7620469192828878, "28": 1.7620469192828878, "29": 1.7620469192828878, "30": 1.7620469192828878, "31": 1.7620469192828878, "32": 1.7620469192828878, "33": 1.7620469192828878, "34": 1.7620469192828878, "35": 1.7620469192828878, "36": 1.7620469192828878, "37": 1.7620469192828878, "38": 1.7620469192828878, "39": 1.602031114475583, "40": 1.602031114475583, "41": 1.602031114475583, "42": 1.602031114475583, "43": 1.602031114475583, "44": 1.602031114475583, "45": 1.602031114475583, "46": 1.602031114475583, "47": 1.602031114475583, "48": 1.602031114475583, "49": 1.602031114475583, "50": 1.602031114475583, "51": 1.602031114475583, "52": 1.602031114475583, "53": 1.602031114475583, "54": 1.602031114475583, "55": 1.602031114475583, "56": 1.602031114475583, "57": 1.602031114475583, "58": 1.602031114475583, "59": 1.602031114475583, "60": 1.602031114475583, "61": 1.602031114475583, "62": 1.602031114475583, "63": 1.602031114475583, "64": 1.602031114475583, "65": 1.602031114475583, "66": 1.602031114475583, "67": 1.602031114475583, "68": 1.602031114475583, "69": 1.602031114475583, "70": 1.602031114475583, "71": 1.602031114475583, "72": 1.602031114475583, "73": 1.602031114475583, "74": 1.602031114475583, "75": 1.602031114475583, "76": 1.602031114475583, "77": 1.602031114475583, "78": 1.602031114475583, "79": 1.602031114475583, "80": 1.602031114475583, "81": 1.602031114475583, "82": 1.602031114475583, "83": 1.602031114475583, "84": 1.602031114475583, "85": 1.602031114475583, "86": 1.602031114475583, "87": 1.602031114475583, "88": 1.602031114475583, "89": 1.602031114475583, "90": 1.602031114475583, "91": 1.602031114475583, "92": 1.602031114475583, "93": 1.602031114475583, "94": 1.602031114475583, "95": 1.602031114475583, "96": 1.602031114475583, "97": 1.602031114475583, "98": 1.602031114475583, "99": 1.602031114475583, "100": 1.602031114475583}