{"0": 16.152283048082047, "1": 5.4094277364159, "2": 5.4094277364159, "3": 5.4094277364159, "4": 5.4094277364159, "5": 5.4094277364159, "6": 5.4094277364159, "7": 5.4094277364159, "8": 5.4094277364159, "9": 3.1337146212986227, "10": 3.1337146212986227, "11": 3.1337146212986227, "12": 3.1337146212986227, "13": 1.2530222864118272, "14": 1.2530222864118272, "15": 1.2530222864118272, "16": 1.1387739853259262, "17": 1.1387739853259262, "18": 1.1387739853259262, "19": 1.1387739853259262, "20": 1.1387739853259262, "21": 1.0588292794273286, "22": 1.0588292794273286, "23": 1.0588292794273286, "24": 1.0588292794273286, "25": 0.33505243719559985, "26": 0.33505243719559985, "27": 0.33505243719559985, "28": 0.33505243719559985, "29": 0.33505243719559985, "30": 0.33505243719559985, "31": 0.33505243719559985, "32": 0.33505243719559985, "33": 0.33505243719559985, "34": 0.33505243719559985, "35": 0.33505243719559985, "36": 0.33505243719559985, "37": 0.33505243719559985, "38": 0.33505243719559985, "39": 0.33505243719559985, "40": 0.33505243719559985, "41": 0.33505243719559985, "42": 0.33505243719559985, "43": 0.33505243719559985, "44": 0.33505243719559985, "45": 0.33505243719559985, "46": 0.33505243719559985, "47": 0.33505243719559985, "48": 0.33505243719559985, "49": 0.33505243719559985, "50": 0.33505243719559985, "51": 0.33505243719559985, "52": 0.33505243719559985, "53": 0.33505243719559985, "54": 0.33505243719559985, "55": 0.33505243719559985, "56": 0.33505243719559985, "57": 0.33505243719559985, "58": 0.33505243719559985, "59": 0.33505243719559985, "60": 0.33505243719559985, "61": 0.33505243719559985, "62": 0.33505243719559985, "63": 0.33505243719559985, "64": 0.33505243719559985, "65": 0.33505243719559985, "66": 0.33505243719559985, "67": 0.33505243719559985, "68": 0.33505243719559985, "69": 0.33505243719559985, "70": 0.33505243719559985, "71": 0.33505243719559985, "72": 0.33505243719559985, "73": 0.33505243719559985, "74": 0.33505243719559985, "75": 0.33505243719559985, "76": 0.33505243719559985, "77": 0.33505243719559985, "78": 0.33505243719559985, "79": 0.33505243719559985, "80": 0.33505243719559985, "81": 0.33505243719559985, "82": 0.33505243719559985, "83": 0.33505243719559985, "84": 0.33505243719559985, "85": 0.33505243719559985, "86": 0.33505243719559985, "87": 0.33505243719559985, "88": 0.33505243719559985, "89": 0.33505243719559985, "90": 0.33505243719559985, "91": 0.33505243719559985, "92": 0.33505243719559985, "93": 0.33505243719559985, "94": 0.33505243719559985, "95": 0.33505243719559985, "96": 0.33505243719559985, "97": 0.33505243719559985, "98": 0.33505243719559985, "99": 0.33505243719559985, "100": 0.33505243719559985}