{"0": 13.15253471893273, "1": 7.389757278967204, "2": 7.389757278967204, "3": 7.389757278967204, "4": 7.389757278967204, "5": 7.389757278967204, "6": 7.389757278967204, "7": 7.389757278967204, "8": 5.230412259592548, "9": 5.230412259592548, "10": 5.230412259592548, "11": 4.989417309310575, "12": 4.989417309310575, "13": 4.989417309310575, "14": 4.989417309310575, "15": 4.989417309310575, "16": 4.989417309310575, "17": 4.989417309310575, "18": 4.989417309310575, "19": 4.989417309310575, "20": 4.989417309310575, "21": 4.989417309310575, "22": 4.4896469171134825, "23": 4.4896469171134825, "24": 4.4896469171134825, "25": 3.3454837500181753, "26": 3.3454837500181753, "27": 3.3454837500181753, "28": 3.3454837500181753, "29": 3.3454837500181753, "30": 3.3454837500181753, "31": 1.3435302021520812, "32": 1.3435302021520812, "33": 1.3435302021520812, "34": 1.3435302021520812, "35": 1.3435302021520812, "36": 1.3435302021520812, "37": 1.3435302021520812, "38": 1.3435302021520812, "39": 1.3435302021520812, "40": 1.3435302021520812, "41": 1.3435302021520812, "42": 1.3435302021520812, "43": 1.3435302021520812, "44": 1.3435302021520812, "45": 1.3435302021520812, "46": 1.3435302021520812, "47": 1.3435302021520812, "48": 1.3435302021520812, "49": 1.3435302021520812, "50": 1.3435302021520812, "51": 1.3435302021520812, "52": 1.3435302021520812, "53": 1.3435302021520812, "54": 1.3435302021520812, "55": 1.3435302021520812, "56": 1.3435302021520812, "57": 1.3435302021520812, "58": 1.3435302021520812, "59": 1.3435302021520812, "60": 1.3435302021520812, "61": 1.3435302021520812, "62": 1.3435302021520812, "63": 1.3435302021520812, "64": 1.3435302021520812, "65": 1.3435302021520812, "66": 1.3435302021520812, "67": 1.3435302021520812, "68": 1.3435302021520812, "69": 1.3435302021520812, "70": 1.3435302021520812, "71": 1.3435302021520812, "72": 1.3435302021520812, "73": 1.3435302021520812, "74": 1.3435302021520812, "75": 1.3435302021520812, "76": 1.3435302021520812, "77": 1.3435302021520812, "78": 1.3435302021520812, "79": 1.3435302021520812, "80": 1.3435302021520812, "81": 1.3435302021520812, "82": 1.3435302021520812, "83": 1.3435302021520812, "84": 1.3435302021520812, "85": 1.3435302021520812, "86": 1.3435302021520812, "87": 1.3435302021520812, "88": 1.3435302021520812, "89": 1.3435302021520812, "90": 1.3435302021520812, "91": 1.3435302021520812, "92": 1.3435302021520812, "93": 1.3435302021520812, "94": 1.3435302021520812, "95": 1.3435302021520812, "96": 1.3435302021520812, "97": 1.3435302021520812, "98": 1.3435302021520812, "99": 1.3435302021520812, "100": 1.3435302021520812}