{"0": 4.3171331642265685, "1": 4.3171331642265685, "2": 4.3171331642265685, "3": 4.3171331642265685, "4": 4.3171331642265685, "5": 3.5694637550889183, "6": 3.5694637550889183, "7": 3.5694637550889183, "8": 3.5694637550889183, "9": 3.5694637550889183, "10": 3.5694637550889183, "11": 3.5694637550889183, "12": 3.5694637550889183, "13": 3.5694637550889183, "14": 3.5694637550889183, "15": 3.5694637550889183, "16": 3.00766786909999, "17": 3.00766786909999, "18": 3.00766786909999, "19": 2.9312967826885874, "20": 2.9312967826885874, "21": 2.9312967826885874, "22": 2.9312967826885874, "23": 2.9312967826885874, "24": 2.9312967826885874, "25": 2.9312967826885874, "26": 2.9312967826885874, "27": 2.9312967826885874, "28": 2.9312967826885874, "29": 2.9312967826885874, "30": 2.9312967826885874, "31": 2.9312967826885874, "32": 2.5059495811293893, "33": 2.5059495811293893, "34": 2.5059495811293893, "35": 2.5059495811293893, "36": 2.5059495811293893, "37": 2.5059495811293893, "38": 2.5059495811293893, "39": 1.1506335238287342, "40": 1.1506335238287342, "41": 1.1506335238287342, "42": 1.1506335238287342, "43": 1.1506335238287342, "44": 1.1506335238287342, "45": 1.1506335238287342, "46": 1.1506335238287342, "47": 1.1506335238287342, "48": 1.1506335238287342, "49": 1.1506335238287342, "50": 1.1506335238287342, "51": 1.1506335238287342, "52": 1.1506335238287342, "53": 1.1506335238287342, "54": 1.1506335238287342, "55": 1.1506335238287342, "56": 1.1506335238287342, "57": 1.1506335238287342, "58": 1.1506335238287342, "59": 1.1506335238287342, "60": 1.1506335238287342, "61": 1.1506335238287342, "62": 1.1506335238287342, "63": 1.1506335238287342, "64": 1.1506335238287342, "65": 1.1506335238287342, "66": 1.1506335238287342, "67": 1.1506335238287342, "68": 1.1506335238287342, "69": 1.1128651314649787, "70": 1.1128651314649787, "71": 1.1128651314649787, "72": 1.1128651314649787, "73": 1.1128651314649787, "74": 1.1128651314649787, "75": 1.1128651314649787, "76": 1.1128651314649787, "77": 1.1128651314649787, "78": 1.1128651314649787, "79": 1.1128651314649787, "80": 1.1128651314649787, "81": 1.1128651314649787, "82": 1.1128651314649787, "83": 1.1128651314649787, "84": 1.1128651314649787, "85": 1.1128651314649787, "86": 1.1128651314649787, "87": 1.1128651314649787, "88": 1.1128651314649787, "89": 1.1128651314649787, "90": 1.1128651314649787, "91": 1.1128651314649787, "92": 1.1128651314649787, "93": 1.1128651314649787, "94": 1.1128651314649787, "95": 1.1128651314649787, "96": 1.1128651314649787, "97": 1.1128651314649787, "98": 1.1128651314649787, "99": 1.1128651314649787, "100": 1.1128651314649787}