{"0": 17.248588565907635, "1": 9.406500682054098, "2": 9.406500682054098, "3": 9.406500682054098, "4": 9.406500682054098, "5": 9.406500682054098, "6": 1.6889207274989317, "7": 1.6889207274989317, "8": 1.6889207274989317, "9": 1.6889207274989317, "10": 1.6889207274989317, "11": 1.6889207274989317, "12": 1.6625054000671078, "13": 1.6625054000671078, "14": 1.6625054000671078, "15": 1.1928233632109055, "16": 1.1928233632109055, "17": 1.1928233632109055, "18": 1.1928233632109055, "19": 1.1928233632109055, "20": 1.1928233632109055, "21": 1.1928233632109055, "22": 1.1928233632109055, "23": 1.1928233632109055, "24": 1.1928233632109055, "25": 1.1928233632109055, "26": 1.1928233632109055, "27": 1.1928233632109055, "28": 1.1928233632109055, "29": 1.1928233632109055, "30": 1.1928233632109055, "31": 1.1928233632109055, "32": 1.1928233632109055, "33": 1.1928233632109055, "34": 1.1928233632109055, "35": 1.1928233632109055, "36": 1.1928233632109055, "37": 1.1928233632109055, "38": 1.1928233632109055, "39": 1.1928233632109055, "40": 1.1928233632109055, "41": 1.1928233632109055, "42": 1.1928233632109055, "43": 1.1928233632109055, "44": 1.1928233632109055, "45": 1.1928233632109055, "46": 1.1928233632109055, "47": 1.1928233632109055, "48": 1.1928233632109055, "49": 1.1928233632109055, "50": 1.1928233632109055, "51": 1.1928233632109055, "52": 1.1928233632109055, "53": 1.1928233632109055, "54": 1.1928233632109055, "55": 1.1928233632109055, "56": 1.1928233632109055, "57": 1.1928233632109055, "58": 1.1928233632109055, "59": 1.1928233632109055, "60": 0.838589389340882, "61": 0.838589389340882, "62": 0.838589389340882, "63": 0.838589389340882, "64": 0.838589389340882, "65": 0.838589389340882, "66": 0.838589389340882, "67": 0.838589389340882, "68": 0.838589389340882, "69": 0.838589389340882, "70": 0.838589389340882, "71": 0.838589389340882, "72": 0.838589389340882, "73": 0.838589389340882, "74": 0.838589389340882, "75": 0.838589389340882, "76": 0.838589389340882, "77": 0.838589389340882, "78": 0.838589389340882, "79": 0.838589389340882, "80": 0.838589389340882, "81": 0.838589389340882, "82": 0.838589389340882, "83": 0.838589389340882, "84": 0.838589389340882, "85": 0.838589389340882, "86": 0.838589389340882, "87": 0.838589389340882, "88": 0.838589389340882, "89": 0.838589389340882, "90": 0.838589389340882, "91": 0.838589389340882, "92": 0.838589389340882, "93": 0.838589389340882, "94": 0.838589389340882, "95": 0.838589389340882, "96": 0.838589389340882, "97": 0.838589389340882, "98": 0.838589389340882, "99": 0.838589389340882, "100": 0.838589389340882}