{"0": 15.62155671935209, "1": 7.112851164992218, "2": 7.112851164992218, "3": 7.112851164992218, "4": 6.250047891816346, "5": 2.4525490260169924, "6": 2.4525490260169924, "7": 2.4525490260169924, "8": 2.4525490260169924, "9": 2.4525490260169924, "10": 2.4525490260169924, "11": 2.4525490260169924, "12": 2.4525490260169924, "13": 2.4525490260169924, "14": 2.4525490260169924, "15": 2.4525490260169924, "16": 2.4525490260169924, "17": 2.4525490260169924, "18": 2.4525490260169924, "19": 2.4525490260169924, "20": 2.4525490260169924, "21": 2.4525490260169924, "22": 2.4525490260169924, "23": 2.4525490260169924, "24": 2.4525490260169924, "25": 2.008081354648226, "26": 2.008081354648226, "27": 2.008081354648226, "28": 2.008081354648226, "29": 2.008081354648226, "30": 2.008081354648226, "31": 2.008081354648226, "32": 1.168165799899839, "33": 1.168165799899839, "34": 1.168165799899839, "35": 1.168165799899839, "36": 1.168165799899839, "37": 1.168165799899839, "38": 1.168165799899839, "39": 1.168165799899839, "40": 1.168165799899839, "41": 1.168165799899839, "42": 1.168165799899839, "43": 1.168165799899839, "44": 1.168165799899839, "45": 1.168165799899839, "46": 1.168165799899839, "47": 1.168165799899839, "48": 1.168165799899839, "49": 1.168165799899839, "50": 1.168165799899839, "51": 1.168165799899839, "52": 1.168165799899839, "53": 1.168165799899839, "54": 1.168165799899839, "55": 1.168165799899839, "56": 1.168165799899839, "57": 1.168165799899839, "58": 1.168165799899839, "59": 1.168165799899839, "60": 1.168165799899839, "61": 1.168165799899839, "62": 1.168165799899839, "63": 1.168165799899839, "64": 1.168165799899839, "65": 1.168165799899839, "66": 1.168165799899839, "67": 1.168165799899839, "68": 1.168165799899839, "69": 1.168165799899839, "70": 1.168165799899839, "71": 1.168165799899839, "72": 1.168165799899839, "73": 1.168165799899839, "74": 1.168165799899839, "75": 1.168165799899839, "76": 1.168165799899839, "77": 1.168165799899839, "78": 1.168165799899839, "79": 1.168165799899839, "80": 1.168165799899839, "81": 1.168165799899839, "82": 1.168165799899839, "83": 1.168165799899839, "84": 1.168165799899839, "85": 1.168165799899839, "86": 1.168165799899839, "87": 1.168165799899839, "88": 1.168165799899839, "89": 1.168165799899839, "90": 1.168165799899839, "91": 1.168165799899839, "92": 1.168165799899839, "93": 1.168165799899839, "94": 1.168165799899839, "95": 1.168165799899839, "96": 1.168165799899839, "97": 1.168165799899839, "98": 1.168165799899839, "99": 1.168165799899839, "100": 1.168165799899839}