{"0": 16.93369566623807, "1": 11.202378747036544, "2": 11.202378747036544, "3": 2.919826939484743, "4": 2.919826939484743, "5": 2.919826939484743, "6": 2.919826939484743, "7": 2.919826939484743, "8": 2.919826939484743, "9": 2.919826939484743, "10": 2.919826939484743, "11": 2.919826939484743, "12": 2.919826939484743, "13": 2.919826939484743, "14": 2.919826939484743, "15": 2.919826939484743, "16": 2.919826939484743, "17": 2.919826939484743, "18": 2.919826939484743, "19": 2.900493068190883, "20": 2.900493068190883, "21": 2.900493068190883, "22": 2.900493068190883, "23": 2.900493068190883, "24": 2.900493068190883, "25": 1.7675738485156813, "26": 1.7675738485156813, "27": 1.7675738485156813, "28": 1.7675738485156813, "29": 1.7675738485156813, "30": 1.7675738485156813, "31": 1.7675738485156813, "32": 1.7675738485156813, "33": 1.7675738485156813, "34": 1.7675738485156813, "35": 1.7675738485156813, "36": 1.7675738485156813, "37": 1.7675738485156813, "38": 1.7675738485156813, "39": 1.7675738485156813, "40": 1.7675738485156813, "41": 1.7675738485156813, "42": 1.7675738485156813, "43": 1.7675738485156813, "44": 1.7675738485156813, "45": 1.7675738485156813, "46": 1.7675738485156813, "47": 1.7675738485156813, "48": 1.7675738485156813, "49": 1.7675738485156813, "50": 1.7675738485156813, "51": 1.7675738485156813, "52": 1.7675738485156813, "53": 1.7675738485156813, "54": 1.7675738485156813, "55": 1.7675738485156813, "56": 1.7675738485156813, "57": 1.7675738485156813, "58": 1.0328589935605663, "59": 1.0328589935605663, "60": 1.0328589935605663, "61": 1.0328589935605663, "62": 1.0328589935605663, "63": 1.0328589935605663, "64": 1.0328589935605663, "65": 1.0328589935605663, "66": 1.0328589935605663, "67": 1.0328589935605663, "68": 1.0328589935605663, "69": 1.0328589935605663, "70": 1.0328589935605663, "71": 1.0328589935605663, "72": 1.0328589935605663, "73": 1.0328589935605663, "74": 1.0328589935605663, "75": 1.0328589935605663, "76": 1.0328589935605663, "77": 1.0328589935605663, "78": 1.0328589935605663, "79": 1.0328589935605663, "80": 1.0328589935605663, "81": 1.0328589935605663, "82": 1.0328589935605663, "83": 1.0328589935605663, "84": 1.0328589935605663, "85": 1.0328589935605663, "86": 1.0328589935605663, "87": 1.0328589935605663, "88": 1.0328589935605663, "89": 1.0328589935605663, "90": 1.0328589935605663, "91": 1.0328589935605663, "92": 1.0328589935605663, "93": 1.0328589935605663, "94": 1.0328589935605663, "95": 1.0328589935605663, "96": 1.0328589935605663, "97": 1.0328589935605663, "98": 1.0328589935605663, "99": 1.0328589935605663, "100": 1.0328589935605663}