{"0": 14.94466436655069, "1": 8.898532823440691, "2": 8.5922851464376, "3": 8.5922851464376, "4": 7.8122613807854755, "5": 6.614552932948424, "6": 6.614552932948424, "7": 6.614552932948424, "8": 6.614552932948424, "9": 5.082352885171355, "10": 5.082352885171355, "11": 5.082352885171355, "12": 5.082352885171355, "13": 5.082352885171355, "14": 5.082352885171355, "15": 3.5780729038008587, "16": 3.5780729038008587, "17": 3.5780729038008587, "18": 3.5780729038008587, "19": 3.5780729038008587, "20": 2.516346348913018, "21": 2.516346348913018, "22": 2.516346348913018, "23": 2.516346348913018, "24": 2.516346348913018, "25": 2.516346348913018, "26": 2.516346348913018, "27": 2.516346348913018, "28": 2.516346348913018, "29": 2.516346348913018, "30": 2.516346348913018, "31": 2.516346348913018, "32": 2.516346348913018, "33": 2.516346348913018, "34": 2.516346348913018, "35": 2.516346348913018, "36": 2.516346348913018, "37": 2.516346348913018, "38": 2.516346348913018, "39": 2.516346348913018, "40": 2.516346348913018, "41": 2.516346348913018, "42": 2.516346348913018, "43": 2.516346348913018, "44": 2.516346348913018, "45": 2.516346348913018, "46": 2.516346348913018, "47": 2.516346348913018, "48": 2.516346348913018, "49": 2.516346348913018, "50": 2.516346348913018, "51": 2.516346348913018, "52": 2.516346348913018, "53": 2.516346348913018, "54": 1.7990745993151194, "55": 1.7990745993151194, "56": 1.7990745993151194, "57": 1.7990745993151194, "58": 1.7990745993151194, "59": 1.7990745993151194, "60": 1.7990745993151194, "61": 1.7990745993151194, "62": 1.7990745993151194, "63": 1.7990745993151194, "64": 1.7990745993151194, "65": 1.7990745993151194, "66": 1.7990745993151194, "67": 1.7990745993151194, "68": 1.7990745993151194, "69": 1.7990745993151194, "70": 1.7990745993151194, "71": 1.7990745993151194, "72": 1.7990745993151194, "73": 1.7990745993151194, "74": 1.7990745993151194, "75": 1.7990745993151194, "76": 1.7990745993151194, "77": 1.7990745993151194, "78": 1.7990745993151194, "79": 1.7990745993151194, "80": 1.7990745993151194, "81": 1.7990745993151194, "82": 1.7990745993151194, "83": 1.7990745993151194, "84": 1.7990745993151194, "85": 1.7990745993151194, "86": 1.7990745993151194, "87": 1.7990745993151194, "88": 1.7990745993151194, "89": 1.7990745993151194, "90": 1.7990745993151194, "91": 1.7990745993151194, "92": 1.7990745993151194, "93": 1.7990745993151194, "94": 1.7990745993151194, "95": 1.7990745993151194, "96": 1.7990745993151194, "97": 1.7990745993151194, "98": 1.7990745993151194, "99": 1.7990745993151194, "100": 1.7990745993151194}