{"0": 9.953676916036134, "1": 9.953676916036134, "2": 9.822038468038997, "3": 9.822038468038997, "4": 9.822038468038997, "5": 7.719855411424703, "6": 7.719855411424703, "7": 7.719855411424703, "8": 6.051181594865788, "9": 6.051181594865788, "10": 6.051181594865788, "11": 0.056732345107530335, "12": 0.056732345107530335, "13": 0.056732345107530335, "14": 0.056732345107530335, "15": 0.056732345107530335, "16": 0.056732345107530335, "17": 0.056732345107530335, "18": 0.056732345107530335, "19": 0.056732345107530335, "20": 0.056732345107530335, "21": 0.056732345107530335, "22": 0.056732345107530335, "23": 0.056732345107530335, "24": 0.056732345107530335, "25": 0.056732345107530335, "26": 0.056732345107530335, "27": 0.056732345107530335, "28": 0.056732345107530335, "29": 0.056732345107530335, "30": 0.056732345107530335, "31": 0.056732345107530335, "32": 0.056732345107530335, "33": 0.056732345107530335, "34": 0.056732345107530335, "35": 0.056732345107530335, "36": 0.056732345107530335, "37": 0.056732345107530335, "38": 0.056732345107530335, "39": 0.056732345107530335, "40": 0.056732345107530335, "41": 0.056732345107530335, "42": 0.056732345107530335, "43": 0.056732345107530335, "44": 0.056732345107530335, "45": 0.056732345107530335, "46": 0.056732345107530335, "47": 0.056732345107530335, "48": 0.056732345107530335, "49": 0.056732345107530335, "50": 0.056732345107530335, "51": 0.056732345107530335, "52": 0.056732345107530335, "53": 0.056732345107530335, "54": 0.056732345107530335, "55": 0.056732345107530335, "56": 0.056732345107530335, "57": 0.056732345107530335, "58": 0.056732345107530335, "59": 0.056732345107530335, "60": 0.056732345107530335, "61": 0.056732345107530335, "62": 0.056732345107530335, "63": 0.056732345107530335, "64": 0.056732345107530335, "65": 0.056732345107530335, "66": 0.056732345107530335, "67": 0.056732345107530335, "68": 0.056732345107530335, "69": 0.056732345107530335, "70": 0.056732345107530335, "71": 0.056732345107530335, "72": 0.056732345107530335, "73": 0.056732345107530335, "74": 0.056732345107530335, "75": 0.056732345107530335, "76": 0.056732345107530335, "77": 0.056732345107530335, "78": 0.056732345107530335, "79": 0.056732345107530335, "80": 0.056732345107530335, "81": 0.056732345107530335, "82": 0.056732345107530335, "83": 0.056732345107530335, "84": 0.056732345107530335, "85": 0.056732345107530335, "86": 0.056732345107530335, "87": 0.056732345107530335, "88": 0.056732345107530335, "89": 0.056732345107530335, "90": 0.056732345107530335, "91": 0.056732345107530335, "92": 0.056732345107530335, "93": 0.056732345107530335, "94": 0.056732345107530335, "95": 0.056732345107530335, "96": 0.056732345107530335, "97": 0.056732345107530335, "98": 0.056732345107530335, "99": 0.056732345107530335, "100": 0.056732345107530335}