{"0": 18.63416227791066, "1": 9.877446655997241, "2": 9.877446655997241, "3": 3.644205191580987, "4": 3.644205191580987, "5": 3.644205191580987, "6": 3.644205191580987, "7": 3.644205191580987, "8": 3.644205191580987, "9": 3.505660371717539, "10": 2.89868232851585, "11": 2.89868232851585, "12": 2.0069565755191334, "13": 2.0069565755191334, "14": 2.0069565755191334, "15": 2.0069565755191334, "16": 2.0069565755191334, "17": 2.0069565755191334, "18": 2.0069565755191334, "19": 2.0069565755191334, "20": 2.0069565755191334, "21": 2.0069565755191334, "22": 1.2054087569315577, "23": 1.2054087569315577, "24": 1.2054087569315577, "25": 1.2054087569315577, "26": 1.2054087569315577, "27": 1.2054087569315577, "28": 1.2054087569315577, "29": 1.2054087569315577, "30": 1.2054087569315577, "31": 1.2054087569315577, "32": 1.2054087569315577, "33": 1.2054087569315577, "34": 1.2054087569315577, "35": 1.2054087569315577, "36": 1.2054087569315577, "37": 1.2054087569315577, "38": 1.2054087569315577, "39": 0.824569093026696, "40": 0.824569093026696, "41": 0.824569093026696, "42": 0.7676904264787296, "43": 0.7676904264787296, "44": 0.7676904264787296, "45": 0.7676904264787296, "46": 0.7676904264787296, "47": 0.7676904264787296, "48": 0.7676904264787296, "49": 0.7676904264787296, "50": 0.7676904264787296, "51": 0.7676904264787296, "52": 0.7676904264787296, "53": 0.7676904264787296, "54": 0.7676904264787296, "55": 0.7676904264787296, "56": 0.7676904264787296, "57": 0.7676904264787296, "58": 0.7676904264787296, "59": 0.7676904264787296, "60": 0.7676904264787296, "61": 0.7676904264787296, "62": 0.7676904264787296, "63": 0.7676904264787296, "64": 0.7676904264787296, "65": 0.7676904264787296, "66": 0.7676904264787296, "67": 0.7676904264787296, "68": 0.7676904264787296, "69": 0.7676904264787296, "70": 0.7676904264787296, "71": 0.7676904264787296, "72": 0.7676904264787296, "73": 0.7676904264787296, "74": 0.7676904264787296, "75": 0.7676904264787296, "76": 0.7676904264787296, "77": 0.7676904264787296, "78": 0.7676904264787296, "79": 0.7676904264787296, "80": 0.7676904264787296, "81": 0.7676904264787296, "82": 0.7676904264787296, "83": 0.7676904264787296, "84": 0.7676904264787296, "85": 0.7676904264787296, "86": 0.7676904264787296, "87": 0.7676904264787296, "88": 0.7676904264787296, "89": 0.7676904264787296, "90": 0.7676904264787296, "91": 0.7676904264787296, "92": 0.7676904264787296, "93": 0.7676904264787296, "94": 0.7676904264787296, "95": 0.7676904264787296, "96": 0.7676904264787296, "97": 0.7676904264787296, "98": 0.7676904264787296, "99": 0.7676904264787296, "100": 0.7676904264787296}