{"0": 17.660744738744896, "1": 13.924184789549296, "2": 13.924184789549296, "3": 3.4975528710963175, "4": 3.4975528710963175, "5": 3.4975528710963175, "6": 3.4975528710963175, "7": 3.4975528710963175, "8": 3.4975528710963175, "9": 3.4975528710963175, "10": 3.4975528710963175, "11": 3.4975528710963175, "12": 3.4975528710963175, "13": 3.4975528710963175, "14": 2.1204791574711024, "15": 2.1204791574711024, "16": 2.1204791574711024, "17": 2.1204791574711024, "18": 2.1204791574711024, "19": 2.1204791574711024, "20": 2.1204791574711024, "21": 2.1204791574711024, "22": 0.18041984624957053, "23": 0.18041984624957053, "24": 0.18041984624957053, "25": 0.18041984624957053, "26": 0.18041984624957053, "27": 0.18041984624957053, "28": 0.18041984624957053, "29": 0.18041984624957053, "30": 0.18041984624957053, "31": 0.18041984624957053, "32": 0.18041984624957053, "33": 0.18041984624957053, "34": 0.18041984624957053, "35": 0.18041984624957053, "36": 0.18041984624957053, "37": 0.18041984624957053, "38": 0.18041984624957053, "39": 0.18041984624957053, "40": 0.18041984624957053, "41": 0.18041984624957053, "42": 0.18041984624957053, "43": 0.18041984624957053, "44": 0.18041984624957053, "45": 0.18041984624957053, "46": 0.18041984624957053, "47": 0.18041984624957053, "48": 0.18041984624957053, "49": 0.18041984624957053, "50": 0.18041984624957053, "51": 0.18041984624957053, "52": 0.18041984624957053, "53": 0.18041984624957053, "54": 0.18041984624957053, "55": 0.18041984624957053, "56": 0.18041984624957053, "57": 0.18041984624957053, "58": 0.18041984624957053, "59": 0.18041984624957053, "60": 0.18041984624957053, "61": 0.18041984624957053, "62": 0.18041984624957053, "63": 0.18041984624957053, "64": 0.18041984624957053, "65": 0.18041984624957053, "66": 0.18041984624957053, "67": 0.18041984624957053, "68": 0.18041984624957053, "69": 0.18041984624957053, "70": 0.18041984624957053, "71": 0.18041984624957053, "72": 0.18041984624957053, "73": 0.18041984624957053, "74": 0.18041984624957053, "75": 0.18041984624957053, "76": 0.18041984624957053, "77": 0.18041984624957053, "78": 0.18041984624957053, "79": 0.18041984624957053, "80": 0.18041984624957053, "81": 0.18041984624957053, "82": 0.18041984624957053, "83": 0.18041984624957053, "84": 0.18041984624957053, "85": 0.18041984624957053, "86": 0.18041984624957053, "87": 0.18041984624957053, "88": 0.18041984624957053, "89": 0.18041984624957053, "90": 0.18041984624957053, "91": 0.18041984624957053, "92": 0.18041984624957053, "93": 0.18041984624957053, "94": 0.18041984624957053, "95": 0.18041984624957053, "96": 0.18041984624957053, "97": 0.18041984624957053, "98": 0.18041984624957053, "99": 0.18041984624957053, "100": 0.18041984624957053}