{"0": 13.120496859927385, "1": 13.120496859927385, "2": 13.120496859927385, "3": 6.930526118238298, "4": 6.930526118238298, "5": 6.930526118238298, "6": 6.930526118238298, "7": 6.930526118238298, "8": 6.930526118238298, "9": 6.930526118238298, "10": 6.930526118238298, "11": 6.930526118238298, "12": 6.930526118238298, "13": 6.930526118238298, "14": 4.722625845845355, "15": 4.722625845845355, "16": 4.722625845845355, "17": 4.722625845845355, "18": 4.722625845845355, "19": 4.722625845845355, "20": 4.722625845845355, "21": 2.480835994248473, "22": 2.480835994248473, "23": 2.480835994248473, "24": 2.480835994248473, "25": 2.1490483579926014, "26": 2.1490483579926014, "27": 2.1490483579926014, "28": 2.1490483579926014, "29": 2.1490483579926014, "30": 2.1490483579926014, "31": 2.1490483579926014, "32": 2.1490483579926014, "33": 2.1490483579926014, "34": 2.1490483579926014, "35": 2.1490483579926014, "36": 2.1490483579926014, "37": 2.1490483579926014, "38": 2.1490483579926014, "39": 2.1490483579926014, "40": 2.1490483579926014, "41": 2.1490483579926014, "42": 2.1490483579926014, "43": 1.991071049241242, "44": 1.991071049241242, "45": 1.991071049241242, "46": 1.991071049241242, "47": 1.991071049241242, "48": 1.991071049241242, "49": 1.991071049241242, "50": 1.991071049241242, "51": 1.991071049241242, "52": 1.991071049241242, "53": 1.991071049241242, "54": 1.991071049241242, "55": 1.991071049241242, "56": 1.991071049241242, "57": 1.991071049241242, "58": 1.991071049241242, "59": 1.991071049241242, "60": 1.991071049241242, "61": 1.991071049241242, "62": 1.991071049241242, "63": 1.991071049241242, "64": 1.991071049241242, "65": 1.991071049241242, "66": 1.991071049241242, "67": 1.991071049241242, "68": 1.991071049241242, "69": 1.991071049241242, "70": 1.991071049241242, "71": 1.991071049241242, "72": 1.991071049241242, "73": 1.991071049241242, "74": 1.991071049241242, "75": 1.991071049241242, "76": 1.991071049241242, "77": 1.991071049241242, "78": 1.991071049241242, "79": 1.991071049241242, "80": 1.991071049241242, "81": 1.991071049241242, "82": 1.991071049241242, "83": 1.201473347606182, "84": 1.201473347606182, "85": 1.201473347606182, "86": 1.201473347606182, "87": 1.201473347606182, "88": 1.201473347606182, "89": 1.201473347606182, "90": 1.201473347606182, "91": 1.201473347606182, "92": 1.201473347606182, "93": 1.201473347606182, "94": 1.201473347606182, "95": 1.201473347606182, "96": 1.201473347606182, "97": 1.201473347606182, "98": 1.201473347606182, "99": 1.201473347606182, "100": 1.201473347606182}