{"0": 23.45935541617969, "1": 10.667500125363887, "2": 10.667500125363887, "3": 10.667500125363887, "4": 10.667500125363887, "5": 10.667500125363887, "6": 10.667500125363887, "7": 10.667500125363887, "8": 10.667500125363887, "9": 10.667500125363887, "10": 6.2414128419053565, "11": 6.2414128419053565, "12": 6.2414128419053565, "13": 4.603800713317206, "14": 4.603800713317206, "15": 4.603800713317206, "16": 4.603800713317206, "17": 2.8514418229210676, "18": 2.313707680352678, "19": 2.313707680352678, "20": 2.313707680352678, "21": 2.313707680352678, "22": 2.1523382178424164, "23": 2.1523382178424164, "24": 2.1523382178424164, "25": 2.1523382178424164, "26": 2.1523382178424164, "27": 2.1523382178424164, "28": 2.1523382178424164, "29": 2.1523382178424164, "30": 2.1523382178424164, "31": 2.1523382178424164, "32": 2.1523382178424164, "33": 2.1523382178424164, "34": 2.1523382178424164, "35": 2.1523382178424164, "36": 2.1523382178424164, "37": 2.1523382178424164, "38": 2.1523382178424164, "39": 2.1523382178424164, "40": 2.1523382178424164, "41": 2.1523382178424164, "42": 2.1523382178424164, "43": 2.1523382178424164, "44": 2.1523382178424164, "45": 2.1523382178424164, "46": 2.1523382178424164, "47": 2.1523382178424164, "48": 2.1523382178424164, "49": 2.1523382178424164, "50": 2.1523382178424164, "51": 2.1523382178424164, "52": 2.1523382178424164, "53": 2.1523382178424164, "54": 2.1523382178424164, "55": 2.1523382178424164, "56": 2.1523382178424164, "57": 2.1523382178424164, "58": 2.1523382178424164, "59": 2.1523382178424164, "60": 2.1523382178424164, "61": 2.1523382178424164, "62": 2.1523382178424164, "63": 2.1523382178424164, "64": 2.1523382178424164, "65": 2.1523382178424164, "66": 2.1523382178424164, "67": 2.1523382178424164, "68": 2.1523382178424164, "69": 2.1523382178424164, "70": 2.1523382178424164, "71": 2.1523382178424164, "72": 2.1523382178424164, "73": 2.1523382178424164, "74": 2.1523382178424164, "75": 2.1523382178424164, "76": 2.1523382178424164, "77": 2.1523382178424164, "78": 1.2708783583049552, "79": 1.2708783583049552, "80": 1.2708783583049552, "81": 1.2708783583049552, "82": 1.0794396755146494, "83": 1.0794396755146494, "84": 1.0794396755146494, "85": 1.0794396755146494, "86": 1.0794396755146494, "87": 1.0794396755146494, "88": 1.0794396755146494, "89": 1.0794396755146494, "90": 1.0794396755146494, "91": 1.0794396755146494, "92": 1.0794396755146494, "93": 1.0794396755146494, "94": 1.0794396755146494, "95": 1.0794396755146494, "96": 1.0794396755146494, "97": 1.0794396755146494, "98": 1.0794396755146494, "99": 1.0794396755146494, "100": 1.0794396755146494}