{"0": 15.88190255261809, "1": 15.88190255261809, "2": 13.513576329990318, "3": 8.224150540169145, "4": 8.224150540169145, "5": 8.224150540169145, "6": 7.465413265260045, "7": 4.377515500002735, "8": 4.377515500002735, "9": 4.377515500002735, "10": 4.377515500002735, "11": 2.3558581377661127, "12": 2.3558581377661127, "13": 2.3558581377661127, "14": 2.3558581377661127, "15": 2.3558581377661127, "16": 2.3558581377661127, "17": 2.3558581377661127, "18": 2.3558581377661127, "19": 1.0038101772527988, "20": 1.0038101772527988, "21": 1.0038101772527988, "22": 1.0038101772527988, "23": 0.9953889076720408, "24": 0.9953889076720408, "25": 0.8320427904252803, "26": 0.8320427904252803, "27": 0.8320427904252803, "28": 0.021106116665567498, "29": 0.021106116665567498, "30": 0.021106116665567498, "31": 0.021106116665567498, "32": 0.021106116665567498, "33": 0.021106116665567498, "34": 0.021106116665567498, "35": 0.021106116665567498, "36": 0.021106116665567498, "37": 0.021106116665567498, "38": 0.021106116665567498, "39": 0.021106116665567498, "40": 0.021106116665567498, "41": 0.021106116665567498, "42": 0.021106116665567498, "43": 0.021106116665567498, "44": 0.021106116665567498, "45": 0.021106116665567498, "46": 0.021106116665567498, "47": 0.021106116665567498, "48": 0.021106116665567498, "49": 0.021106116665567498, "50": 0.021106116665567498, "51": 0.021106116665567498, "52": 0.021106116665567498, "53": 0.021106116665567498, "54": 0.021106116665567498, "55": 0.021106116665567498, "56": 0.021106116665567498, "57": 0.021106116665567498, "58": 0.021106116665567498, "59": 0.021106116665567498, "60": 0.021106116665567498, "61": 0.021106116665567498, "62": 0.021106116665567498, "63": 0.021106116665567498, "64": 0.021106116665567498, "65": 0.021106116665567498, "66": 0.021106116665567498, "67": 0.021106116665567498, "68": 0.021106116665567498, "69": 0.021106116665567498, "70": 0.021106116665567498, "71": 0.021106116665567498, "72": 0.021106116665567498, "73": 0.021106116665567498, "74": 0.021106116665567498, "75": 0.021106116665567498, "76": 0.021106116665567498, "77": 0.021106116665567498, "78": 0.021106116665567498, "79": 0.021106116665567498, "80": 0.021106116665567498, "81": 0.021106116665567498, "82": 0.021106116665567498, "83": 0.021106116665567498, "84": 0.021106116665567498, "85": 0.021106116665567498, "86": 0.021106116665567498, "87": 0.021106116665567498, "88": 0.021106116665567498, "89": 0.021106116665567498, "90": 0.021106116665567498, "91": 0.021106116665567498, "92": 0.021106116665567498, "93": 0.021106116665567498, "94": 0.021106116665567498, "95": 0.021106116665567498, "96": 0.021106116665567498, "97": 0.021106116665567498, "98": 0.021106116665567498, "99": 0.021106116665567498, "100": 0.021106116665567498}