{"0": 21.88884346832683, "1": 21.88884346832683, "2": 17.18263151113756, "3": 0.9409763751931877, "4": 0.9409763751931877, "5": 0.9409763751931877, "6": 0.9409763751931877, "7": 0.9409763751931877, "8": 0.9409763751931877, "9": 0.9409763751931877, "10": 0.9409763751931877, "11": 0.9409763751931877, "12": 0.9409763751931877, "13": 0.9409763751931877, "14": 0.9409763751931877, "15": 0.9409763751931877, "16": 0.9409763751931877, "17": 0.9409763751931877, "18": 0.9409763751931877, "19": 0.9409763751931877, "20": 0.9409763751931877, "21": 0.9409763751931877, "22": 0.9409763751931877, "23": 0.9409763751931877, "24": 0.9409763751931877, "25": 0.9409763751931877, "26": 0.21498133120480034, "27": 0.21498133120480034, "28": 0.21498133120480034, "29": 0.21498133120480034, "30": 0.21498133120480034, "31": 0.21498133120480034, "32": 0.21498133120480034, "33": 0.21498133120480034, "34": 0.21498133120480034, "35": 0.21498133120480034, "36": 0.21498133120480034, "37": 0.21498133120480034, "38": 0.21498133120480034, "39": 0.21498133120480034, "40": 0.21498133120480034, "41": 0.21498133120480034, "42": 0.21498133120480034, "43": 0.21498133120480034, "44": 0.21498133120480034, "45": 0.21498133120480034, "46": 0.21498133120480034, "47": 0.21498133120480034, "48": 0.21498133120480034, "49": 0.21498133120480034, "50": 0.21498133120480034, "51": 0.21498133120480034, "52": 0.21498133120480034, "53": 0.21498133120480034, "54": 0.21498133120480034, "55": 0.21498133120480034, "56": 0.21498133120480034, "57": 0.21498133120480034, "58": 0.21498133120480034, "59": 0.21498133120480034, "60": 0.21498133120480034, "61": 0.21498133120480034, "62": 0.21498133120480034, "63": 0.21498133120480034, "64": 0.21498133120480034, "65": 0.21498133120480034, "66": 0.21498133120480034, "67": 0.21498133120480034, "68": 0.21498133120480034, "69": 0.21498133120480034, "70": 0.21498133120480034, "71": 0.21498133120480034, "72": 0.21498133120480034, "73": 0.21498133120480034, "74": 0.21498133120480034, "75": 0.21498133120480034, "76": 0.21498133120480034, "77": 0.21498133120480034, "78": 0.21498133120480034, "79": 0.21498133120480034, "80": 0.21498133120480034, "81": 0.21498133120480034, "82": 0.21498133120480034, "83": 0.21498133120480034, "84": 0.21498133120480034, "85": 0.21498133120480034, "86": 0.21498133120480034, "87": 0.21498133120480034, "88": 0.21498133120480034, "89": 0.21498133120480034, "90": 0.21498133120480034, "91": 0.21498133120480034, "92": 0.21498133120480034, "93": 0.21498133120480034, "94": 0.21498133120480034, "95": 0.21498133120480034, "96": 0.21498133120480034, "97": 0.21498133120480034, "98": 0.21498133120480034, "99": 0.21498133120480034, "100": 0.21498133120480034}