{"0": 28.984661631061865, "1": 7.122506471083458, "2": 7.122506471083458, "3": 7.122506471083458, "4": 6.277483139017599, "5": 0.05064419860337921, "6": 0.05064419860337921, "7": 0.05064419860337921, "8": 0.05064419860337921, "9": 0.05064419860337921, "10": 0.05064419860337921, "11": 0.05064419860337921, "12": 0.05064419860337921, "13": 0.05064419860337921, "14": 0.05064419860337921, "15": 0.05064419860337921, "16": 0.05064419860337921, "17": 0.05064419860337921, "18": 0.05064419860337921, "19": 0.05064419860337921, "20": 0.05064419860337921, "21": 0.05064419860337921, "22": 0.05064419860337921, "23": 0.05064419860337921, "24": 0.05064419860337921, "25": 0.05064419860337921, "26": 0.05064419860337921, "27": 0.05064419860337921, "28": 0.05064419860337921, "29": 0.05064419860337921, "30": 0.05064419860337921, "31": 0.05064419860337921, "32": 0.05064419860337921, "33": 0.05064419860337921, "34": 0.05064419860337921, "35": 0.05064419860337921, "36": 0.05064419860337921, "37": 0.05064419860337921, "38": 0.05064419860337921, "39": 0.05064419860337921, "40": 0.05064419860337921, "41": 0.05064419860337921, "42": 0.05064419860337921, "43": 0.05064419860337921, "44": 0.05064419860337921, "45": 0.05064419860337921, "46": 0.05064419860337921, "47": 0.05064419860337921, "48": 0.05064419860337921, "49": 0.05064419860337921, "50": 0.05064419860337921, "51": 0.05064419860337921, "52": 0.05064419860337921, "53": 0.05064419860337921, "54": 0.05064419860337921, "55": 0.05064419860337921, "56": 0.05064419860337921, "57": 0.05064419860337921, "58": 0.05064419860337921, "59": 0.05064419860337921, "60": 0.05064419860337921, "61": 0.05064419860337921, "62": 0.05064419860337921, "63": 0.05064419860337921, "64": 0.05064419860337921, "65": 0.05064419860337921, "66": 0.05064419860337921, "67": 0.05064419860337921, "68": 0.05064419860337921, "69": 0.05064419860337921, "70": 0.05064419860337921, "71": 0.05064419860337921, "72": 0.05064419860337921, "73": 0.05064419860337921, "74": 0.05064419860337921, "75": 0.05064419860337921, "76": 0.05064419860337921, "77": 0.05064419860337921, "78": 0.05064419860337921, "79": 0.05064419860337921, "80": 0.05064419860337921, "81": 0.05064419860337921, "82": 0.05064419860337921, "83": 0.05064419860337921, "84": 0.05064419860337921, "85": 0.05064419860337921, "86": 0.05064419860337921, "87": 0.05064419860337921, "88": 0.05064419860337921, "89": 0.05064419860337921, "90": 0.05064419860337921, "91": 0.05064419860337921, "92": 0.05064419860337921, "93": 0.05064419860337921, "94": 0.05064419860337921, "95": 0.05064419860337921, "96": 0.05064419860337921, "97": 0.05064419860337921, "98": 0.05064419860337921, "99": 0.05064419860337921, "100": 0.05064419860337921}