{"0": 9.68753869064577, "1": 9.68753869064577, "2": 9.68753869064577, "3": 9.68753869064577, "4": 6.9715883799759375, "5": 4.89207494745159, "6": 4.89207494745159, "7": 4.89207494745159, "8": 4.89207494745159, "9": 4.89207494745159, "10": 4.89207494745159, "11": 2.87266351971056, "12": 2.87266351971056, "13": 2.87266351971056, "14": 2.87266351971056, "15": 2.87266351971056, "16": 2.87266351971056, "17": 2.87266351971056, "18": 2.87266351971056, "19": 1.1548908071708688, "20": 1.1548908071708688, "21": 1.1548908071708688, "22": 1.1548908071708688, "23": 1.1548908071708688, "24": 1.1548908071708688, "25": 1.1548908071708688, "26": 1.1548908071708688, "27": 1.1548908071708688, "28": 1.1548908071708688, "29": 1.1548908071708688, "30": 1.1548908071708688, "31": 1.1548908071708688, "32": 1.1548908071708688, "33": 1.1548908071708688, "34": 1.1548908071708688, "35": 1.1548908071708688, "36": 1.1548908071708688, "37": 1.1548908071708688, "38": 1.1548908071708688, "39": 1.1548908071708688, "40": 1.1548908071708688, "41": 1.1548908071708688, "42": 1.1548908071708688, "43": 1.1548908071708688, "44": 1.1548908071708688, "45": 1.1548908071708688, "46": 1.1548908071708688, "47": 1.1548908071708688, "48": 1.1548908071708688, "49": 1.1548908071708688, "50": 1.1548908071708688, "51": 1.1548908071708688, "52": 1.1548908071708688, "53": 1.1548908071708688, "54": 1.1548908071708688, "55": 1.1548908071708688, "56": 1.1548908071708688, "57": 1.1548908071708688, "58": 1.1548908071708688, "59": 1.1548908071708688, "60": 1.1548908071708688, "61": 1.1548908071708688, "62": 1.1548908071708688, "63": 1.1548908071708688, "64": 1.1548908071708688, "65": 1.1548908071708688, "66": 1.1548908071708688, "67": 1.1548908071708688, "68": 1.1548908071708688, "69": 1.1548908071708688, "70": 1.1548908071708688, "71": 1.1548908071708688, "72": 1.1548908071708688, "73": 1.1548908071708688, "74": 1.1548908071708688, "75": 1.1548908071708688, "76": 1.1548908071708688, "77": 1.1548908071708688, "78": 1.1548908071708688, "79": 1.1548908071708688, "80": 1.1548908071708688, "81": 1.1548908071708688, "82": 1.1548908071708688, "83": 1.1548908071708688, "84": 1.1548908071708688, "85": 1.1548908071708688, "86": 1.1548908071708688, "87": 1.1548908071708688, "88": 1.1548908071708688, "89": 1.1548908071708688, "90": 1.1548908071708688, "91": 1.1548908071708688, "92": 1.1548908071708688, "93": 1.1548908071708688, "94": 1.1257725470432618, "95": 1.1257725470432618, "96": 1.1257725470432618, "97": 0.7213146225312101, "98": 0.7213146225312101, "99": 0.7213146225312101, "100": 0.7213146225312101}