{"0": 15.844018640938252, "1": 15.844018640938252, "2": 7.979436791019134, "3": 7.979436791019134, "4": 7.979436791019134, "5": 4.0029179763606795, "6": 4.0029179763606795, "7": 4.0029179763606795, "8": 4.0029179763606795, "9": 4.0029179763606795, "10": 4.0029179763606795, "11": 2.9061240990617243, "12": 2.9061240990617243, "13": 2.9061240990617243, "14": 2.9061240990617243, "15": 2.9061240990617243, "16": 2.9061240990617243, "17": 1.6288725031038673, "18": 1.6288725031038673, "19": 1.6288725031038673, "20": 1.6288725031038673, "21": 1.3072670736463934, "22": 1.3072670736463934, "23": 1.3072670736463934, "24": 1.3072670736463934, "25": 1.3072670736463934, "26": 1.3072670736463934, "27": 1.3072670736463934, "28": 1.3072670736463934, "29": 1.3072670736463934, "30": 1.3072670736463934, "31": 1.3072670736463934, "32": 1.3072670736463934, "33": 1.3072670736463934, "34": 1.3072670736463934, "35": 1.3072670736463934, "36": 1.3072670736463934, "37": 1.3072670736463934, "38": 1.3072670736463934, "39": 1.3072670736463934, "40": 1.3072670736463934, "41": 1.3072670736463934, "42": 1.3072670736463934, "43": 1.3072670736463934, "44": 1.3072670736463934, "45": 1.1322459180274365, "46": 1.1322459180274365, "47": 1.1322459180274365, "48": 1.1322459180274365, "49": 1.1322459180274365, "50": 1.1322459180274365, "51": 1.1322459180274365, "52": 1.1322459180274365, "53": 1.1322459180274365, "54": 1.1322459180274365, "55": 1.1322459180274365, "56": 1.1322459180274365, "57": 1.1322459180274365, "58": 1.1322459180274365, "59": 1.1322459180274365, "60": 1.1322459180274365, "61": 1.1322459180274365, "62": 1.1322459180274365, "63": 1.1322459180274365, "64": 1.1322459180274365, "65": 1.1322459180274365, "66": 1.1322459180274365, "67": 1.1322459180274365, "68": 1.1322459180274365, "69": 1.1322459180274365, "70": 1.099243857781886, "71": 1.099243857781886, "72": 1.099243857781886, "73": 1.099243857781886, "74": 1.099243857781886, "75": 1.099243857781886, "76": 1.099243857781886, "77": 1.099243857781886, "78": 1.099243857781886, "79": 1.099243857781886, "80": 1.099243857781886, "81": 1.099243857781886, "82": 1.099243857781886, "83": 1.099243857781886, "84": 1.099243857781886, "85": 1.099243857781886, "86": 1.099243857781886, "87": 1.099243857781886, "88": 1.099243857781886, "89": 1.099243857781886, "90": 1.099243857781886, "91": 1.099243857781886, "92": 1.099243857781886, "93": 1.099243857781886, "94": 1.099243857781886, "95": 1.099243857781886, "96": 1.099243857781886, "97": 1.099243857781886, "98": 1.099243857781886, "99": 1.099243857781886, "100": 1.099243857781886}