{"0": 20.75545859605976, "1": 14.942503461628736, "2": 12.623781076386665, "3": 4.7335167084845295, "4": 4.7335167084845295, "5": 4.7335167084845295, "6": 4.7335167084845295, "7": 4.7335167084845295, "8": 4.7335167084845295, "9": 3.0250449540456117, "10": 3.0250449540456117, "11": 3.0250449540456117, "12": 3.0250449540456117, "13": 3.0250449540456117, "14": 3.0250449540456117, "15": 3.0250449540456117, "16": 3.0250449540456117, "17": 2.226766363174754, "18": 2.226766363174754, "19": 2.226766363174754, "20": 2.226766363174754, "21": 2.226766363174754, "22": 2.226766363174754, "23": 2.226766363174754, "24": 2.226766363174754, "25": 2.226766363174754, "26": 2.226766363174754, "27": 2.226766363174754, "28": 1.1483477907632782, "29": 1.1483477907632782, "30": 1.1483477907632782, "31": 1.1483477907632782, "32": 1.1483477907632782, "33": 1.1483477907632782, "34": 1.1483477907632782, "35": 1.1483477907632782, "36": 1.1483477907632782, "37": 1.1483477907632782, "38": 1.1483477907632782, "39": 1.1483477907632782, "40": 1.1483477907632782, "41": 1.1483477907632782, "42": 1.1483477907632782, "43": 1.1483477907632782, "44": 1.1483477907632782, "45": 1.1483477907632782, "46": 1.1483477907632782, "47": 1.1483477907632782, "48": 1.1483477907632782, "49": 1.1483477907632782, "50": 1.1483477907632782, "51": 1.1483477907632782, "52": 1.1483477907632782, "53": 1.1483477907632782, "54": 1.1483477907632782, "55": 1.1483477907632782, "56": 1.1483477907632782, "57": 1.1483477907632782, "58": 1.1483477907632782, "59": 1.1483477907632782, "60": 1.1483477907632782, "61": 1.1483477907632782, "62": 1.1483477907632782, "63": 1.1483477907632782, "64": 1.1483477907632782, "65": 0.48215733876039124, "66": 0.48215733876039124, "67": 0.48215733876039124, "68": 0.48215733876039124, "69": 0.48215733876039124, "70": 0.48215733876039124, "71": 0.48215733876039124, "72": 0.48215733876039124, "73": 0.48215733876039124, "74": 0.48215733876039124, "75": 0.48215733876039124, "76": 0.48215733876039124, "77": 0.48215733876039124, "78": 0.48215733876039124, "79": 0.48215733876039124, "80": 0.48215733876039124, "81": 0.48215733876039124, "82": 0.48215733876039124, "83": 0.48215733876039124, "84": 0.48215733876039124, "85": 0.48215733876039124, "86": 0.48215733876039124, "87": 0.48215733876039124, "88": 0.48215733876039124, "89": 0.48215733876039124, "90": 0.48215733876039124, "91": 0.48215733876039124, "92": 0.48215733876039124, "93": 0.48215733876039124, "94": 0.48215733876039124, "95": 0.48215733876039124, "96": 0.48215733876039124, "97": 0.48215733876039124, "98": 0.48215733876039124, "99": 0.48215733876039124, "100": 0.48215733876039124}