{"0": 14.523486623421489, "1": 14.523486623421489, "2": 14.523486623421489, "3": 9.984101408151925, "4": 9.984101408151925, "5": 9.984101408151925, "6": 9.984101408151925, "7": 9.984101408151925, "8": 2.058276667148185, "9": 2.058276667148185, "10": 2.058276667148185, "11": 2.058276667148185, "12": 2.058276667148185, "13": 2.058276667148185, "14": 2.058276667148185, "15": 2.058276667148185, "16": 1.997905889767182, "17": 1.997905889767182, "18": 1.997905889767182, "19": 1.997905889767182, "20": 1.997905889767182, "21": 1.997905889767182, "22": 1.997905889767182, "23": 1.997905889767182, "24": 1.997905889767182, "25": 1.997905889767182, "26": 1.997905889767182, "27": 1.997905889767182, "28": 1.997905889767182, "29": 1.997905889767182, "30": 1.997905889767182, "31": 1.997905889767182, "32": 1.997905889767182, "33": 1.997905889767182, "34": 1.997905889767182, "35": 1.997905889767182, "36": 1.997905889767182, "37": 1.997905889767182, "38": 1.997905889767182, "39": 1.997905889767182, "40": 1.997905889767182, "41": 1.997905889767182, "42": 1.997905889767182, "43": 1.997905889767182, "44": 1.997905889767182, "45": 1.997905889767182, "46": 1.997905889767182, "47": 1.997905889767182, "48": 1.997905889767182, "49": 1.997905889767182, "50": 1.997905889767182, "51": 1.997905889767182, "52": 1.997905889767182, "53": 1.1409597252815118, "54": 1.1409597252815118, "55": 1.1409597252815118, "56": 1.1409597252815118, "57": 1.1409597252815118, "58": 1.1409597252815118, "59": 1.1409597252815118, "60": 1.1409597252815118, "61": 1.1409597252815118, "62": 1.1409597252815118, "63": 1.1409597252815118, "64": 1.1409597252815118, "65": 1.1409597252815118, "66": 1.1409597252815118, "67": 1.1409597252815118, "68": 1.1409597252815118, "69": 1.1409597252815118, "70": 1.1409597252815118, "71": 1.1409597252815118, "72": 1.1409597252815118, "73": 1.1409597252815118, "74": 1.1409597252815118, "75": 1.1409597252815118, "76": 1.1409597252815118, "77": 1.1409597252815118, "78": 1.1409597252815118, "79": 1.1409597252815118, "80": 1.1409597252815118, "81": 1.1409597252815118, "82": 1.1409597252815118, "83": 1.1409597252815118, "84": 1.1409597252815118, "85": 1.1409597252815118, "86": 1.1409597252815118, "87": 1.1409597252815118, "88": 1.1409597252815118, "89": 1.1409597252815118, "90": 1.1409597252815118, "91": 1.1409597252815118, "92": 1.1409597252815118, "93": 1.1409597252815118, "94": 1.1409597252815118, "95": 1.1409597252815118, "96": 1.1409597252815118, "97": 1.1409597252815118, "98": 1.1409597252815118, "99": 1.1409597252815118, "100": 1.1409597252815118}