{"0": 16.017739867639975, "1": 16.017739867639975, "2": 16.017739867639975, "3": 6.87539628822959, "4": 6.87539628822959, "5": 6.87539628822959, "6": 6.87539628822959, "7": 6.87539628822959, "8": 6.87539628822959, "9": 6.87539628822959, "10": 6.87539628822959, "11": 6.87539628822959, "12": 6.87539628822959, "13": 6.838753788024242, "14": 6.838753788024242, "15": 6.838753788024242, "16": 6.838753788024242, "17": 5.404427177164271, "18": 5.404427177164271, "19": 5.404427177164271, "20": 5.404427177164271, "21": 5.404427177164271, "22": 5.404427177164271, "23": 5.404427177164271, "24": 5.404427177164271, "25": 3.3449823236279137, "26": 3.3449823236279137, "27": 3.3449823236279137, "28": 3.3449823236279137, "29": 3.3449823236279137, "30": 3.3449823236279137, "31": 3.3449823236279137, "32": 3.3449823236279137, "33": 3.3449823236279137, "34": 3.3449823236279137, "35": 3.3449823236279137, "36": 3.3449823236279137, "37": 3.3449823236279137, "38": 2.307096781970305, "39": 2.307096781970305, "40": 2.307096781970305, "41": 2.307096781970305, "42": 2.307096781970305, "43": 2.307096781970305, "44": 2.307096781970305, "45": 2.307096781970305, "46": 2.307096781970305, "47": 2.307096781970305, "48": 2.307096781970305, "49": 2.307096781970305, "50": 2.307096781970305, "51": 1.995539543018289, "52": 1.995539543018289, "53": 1.995539543018289, "54": 1.995539543018289, "55": 1.995539543018289, "56": 1.995539543018289, "57": 1.995539543018289, "58": 1.995539543018289, "59": 1.995539543018289, "60": 1.995539543018289, "61": 1.995539543018289, "62": 1.995539543018289, "63": 1.995539543018289, "64": 1.995539543018289, "65": 1.995539543018289, "66": 1.995539543018289, "67": 1.995539543018289, "68": 1.995539543018289, "69": 1.995539543018289, "70": 1.995539543018289, "71": 1.995539543018289, "72": 1.995539543018289, "73": 1.995539543018289, "74": 1.995539543018289, "75": 1.995539543018289, "76": 1.995539543018289, "77": 1.995539543018289, "78": 1.995539543018289, "79": 1.995539543018289, "80": 1.995539543018289, "81": 1.995539543018289, "82": 1.995539543018289, "83": 1.995539543018289, "84": 1.995539543018289, "85": 1.995539543018289, "86": 1.995539543018289, "87": 1.995539543018289, "88": 1.995539543018289, "89": 1.995539543018289, "90": 1.995539543018289, "91": 1.995539543018289, "92": 1.995539543018289, "93": 1.995539543018289, "94": 1.995539543018289, "95": 1.995539543018289, "96": 1.995539543018289, "97": 1.995539543018289, "98": 1.995539543018289, "99": 1.995539543018289, "100": 1.995539543018289}