{"0": 11.999125178945146, "1": 11.999125178945146, "2": 11.999125178945146, "3": 9.99415074873221, "4": 9.99415074873221, "5": 9.938276592664366, "6": 4.625414908799822, "7": 4.625414908799822, "8": 4.625414908799822, "9": 4.625414908799822, "10": 4.4037060826884336, "11": 4.4037060826884336, "12": 4.4037060826884336, "13": 4.4037060826884336, "14": 4.4037060826884336, "15": 4.4037060826884336, "16": 4.4037060826884336, "17": 4.4037060826884336, "18": 4.4037060826884336, "19": 4.4037060826884336, "20": 4.4037060826884336, "21": 4.4037060826884336, "22": 4.4037060826884336, "23": 4.4037060826884336, "24": 4.4037060826884336, "25": 3.7306785033219256, "26": 3.7306785033219256, "27": 3.7306785033219256, "28": 3.7306785033219256, "29": 3.5096961309353105, "30": 3.5096961309353105, "31": 3.5096961309353105, "32": 3.5096961309353105, "33": 0.6401265603039903, "34": 0.6401265603039903, "35": 0.6401265603039903, "36": 0.6401265603039903, "37": 0.6401265603039903, "38": 0.6401265603039903, "39": 0.6401265603039903, "40": 0.6401265603039903, "41": 0.6401265603039903, "42": 0.6401265603039903, "43": 0.6401265603039903, "44": 0.6401265603039903, "45": 0.6401265603039903, "46": 0.6401265603039903, "47": 0.6401265603039903, "48": 0.6401265603039903, "49": 0.6401265603039903, "50": 0.6401265603039903, "51": 0.6401265603039903, "52": 0.6401265603039903, "53": 0.6401265603039903, "54": 0.6401265603039903, "55": 0.6401265603039903, "56": 0.6401265603039903, "57": 0.6401265603039903, "58": 0.6401265603039903, "59": 0.6401265603039903, "60": 0.6401265603039903, "61": 0.6401265603039903, "62": 0.6401265603039903, "63": 0.6401265603039903, "64": 0.6401265603039903, "65": 0.6401265603039903, "66": 0.6401265603039903, "67": 0.6401265603039903, "68": 0.6401265603039903, "69": 0.6401265603039903, "70": 0.6401265603039903, "71": 0.6401265603039903, "72": 0.6401265603039903, "73": 0.6401265603039903, "74": 0.6401265603039903, "75": 0.6401265603039903, "76": 0.6401265603039903, "77": 0.6401265603039903, "78": 0.6401265603039903, "79": 0.6401265603039903, "80": 0.6401265603039903, "81": 0.6401265603039903, "82": 0.6401265603039903, "83": 0.6401265603039903, "84": 0.6401265603039903, "85": 0.6401265603039903, "86": 0.6401265603039903, "87": 0.6401265603039903, "88": 0.6401265603039903, "89": 0.6401265603039903, "90": 0.6401265603039903, "91": 0.6401265603039903, "92": 0.6401265603039903, "93": 0.6401265603039903, "94": 0.6401265603039903, "95": 0.6401265603039903, "96": 0.6401265603039903, "97": 0.6401265603039903, "98": 0.6401265603039903, "99": 0.6401265603039903, "100": 0.6401265603039903}