{"0": 27.06833546287315, "1": 12.691929418536905, "2": 3.396007489005491, "3": 3.396007489005491, "4": 3.396007489005491, "5": 3.396007489005491, "6": 3.396007489005491, "7": 3.396007489005491, "8": 3.396007489005491, "9": 3.396007489005491, "10": 3.396007489005491, "11": 3.396007489005491, "12": 3.396007489005491, "13": 3.396007489005491, "14": 3.396007489005491, "15": 3.396007489005491, "16": 1.3391108524379582, "17": 1.3391108524379582, "18": 1.3391108524379582, "19": 1.3391108524379582, "20": 1.3391108524379582, "21": 1.3391108524379582, "22": 1.3391108524379582, "23": 1.3391108524379582, "24": 1.3391108524379582, "25": 1.3391108524379582, "26": 1.3391108524379582, "27": 1.3391108524379582, "28": 1.3391108524379582, "29": 1.3391108524379582, "30": 1.3391108524379582, "31": 1.3391108524379582, "32": 1.3391108524379582, "33": 1.3391108524379582, "34": 1.3391108524379582, "35": 1.3391108524379582, "36": 1.3391108524379582, "37": 1.3391108524379582, "38": 1.3391108524379582, "39": 1.3391108524379582, "40": 1.3391108524379582, "41": 1.3391108524379582, "42": 1.3391108524379582, "43": 1.3391108524379582, "44": 1.3391108524379582, "45": 1.3391108524379582, "46": 1.3391108524379582, "47": 1.3391108524379582, "48": 1.3391108524379582, "49": 1.3391108524379582, "50": 1.315290438129587, "51": 1.315290438129587, "52": 1.315290438129587, "53": 1.315290438129587, "54": 1.315290438129587, "55": 1.315290438129587, "56": 1.315290438129587, "57": 1.315290438129587, "58": 1.315290438129587, "59": 1.315290438129587, "60": 1.315290438129587, "61": 1.315290438129587, "62": 1.315290438129587, "63": 1.315290438129587, "64": 1.315290438129587, "65": 1.315290438129587, "66": 1.315290438129587, "67": 1.315290438129587, "68": 1.315290438129587, "69": 1.315290438129587, "70": 1.315290438129587, "71": 1.315290438129587, "72": 1.315290438129587, "73": 1.315290438129587, "74": 1.315290438129587, "75": 1.315290438129587, "76": 1.315290438129587, "77": 1.315290438129587, "78": 1.315290438129587, "79": 1.315290438129587, "80": 1.315290438129587, "81": 1.315290438129587, "82": 1.315290438129587, "83": 1.315290438129587, "84": 1.315290438129587, "85": 1.315290438129587, "86": 1.315290438129587, "87": 1.315290438129587, "88": 1.315290438129587, "89": 1.315290438129587, "90": 1.315290438129587, "91": 1.315290438129587, "92": 1.315290438129587, "93": 1.315290438129587, "94": 1.315290438129587, "95": 1.315290438129587, "96": 1.315290438129587, "97": 1.315290438129587, "98": 1.315290438129587, "99": 1.315290438129587, "100": 1.315290438129587}