{"0": 12.110499640828055, "1": 12.110499640828055, "2": 12.110499640828055, "3": 12.110499640828055, "4": 9.087080541979093, "5": 9.087080541979093, "6": 9.087080541979093, "7": 9.087080541979093, "8": 2.3605219249988636, "9": 2.3605219249988636, "10": 2.3605219249988636, "11": 2.3605219249988636, "12": 2.3605219249988636, "13": 2.3605219249988636, "14": 2.3605219249988636, "15": 2.3137939013533213, "16": 2.3137939013533213, "17": 2.3137939013533213, "18": 2.3137939013533213, "19": 2.3137939013533213, "20": 2.148888791624305, "21": 2.148888791624305, "22": 2.148888791624305, "23": 2.148888791624305, "24": 2.148888791624305, "25": 2.148888791624305, "26": 2.148888791624305, "27": 2.0517663491850158, "28": 2.0517663491850158, "29": 2.0517663491850158, "30": 2.0517663491850158, "31": 2.0517663491850158, "32": 2.0517663491850158, "33": 2.0517663491850158, "34": 2.0517663491850158, "35": 2.0517663491850158, "36": 2.0517663491850158, "37": 2.0517663491850158, "38": 2.0517663491850158, "39": 2.0517663491850158, "40": 2.0517663491850158, "41": 2.0517663491850158, "42": 2.0517663491850158, "43": 2.0517663491850158, "44": 2.0517663491850158, "45": 2.0517663491850158, "46": 2.0517663491850158, "47": 2.0517663491850158, "48": 2.0517663491850158, "49": 2.0517663491850158, "50": 1.0545395216944407, "51": 1.0545395216944407, "52": 1.0545395216944407, "53": 1.0545395216944407, "54": 1.0545395216944407, "55": 1.0545395216944407, "56": 1.0545395216944407, "57": 1.0545395216944407, "58": 1.0545395216944407, "59": 1.0545395216944407, "60": 1.0545395216944407, "61": 1.0545395216944407, "62": 1.0545395216944407, "63": 1.0545395216944407, "64": 1.0545395216944407, "65": 1.0545395216944407, "66": 1.0545395216944407, "67": 1.0545395216944407, "68": 1.0545395216944407, "69": 1.0545395216944407, "70": 1.0545395216944407, "71": 1.0545395216944407, "72": 1.0545395216944407, "73": 1.0545395216944407, "74": 1.0545395216944407, "75": 1.0545395216944407, "76": 1.0545395216944407, "77": 1.0545395216944407, "78": 1.0545395216944407, "79": 1.0545395216944407, "80": 1.0545395216944407, "81": 1.0545395216944407, "82": 1.0545395216944407, "83": 1.0545395216944407, "84": 1.0545395216944407, "85": 1.0545395216944407, "86": 1.0545395216944407, "87": 1.0545395216944407, "88": 1.0545395216944407, "89": 1.0545395216944407, "90": 1.0545395216944407, "91": 1.0545395216944407, "92": 1.0545395216944407, "93": 1.0545395216944407, "94": 1.0545395216944407, "95": 1.0545395216944407, "96": 1.0545395216944407, "97": 1.0545395216944407, "98": 1.0545395216944407, "99": 1.0545395216944407, "100": 1.0545395216944407}