{"0": 20.40205006940124, "1": 20.40205006940124, "2": 4.7815885911554545, "3": 4.7815885911554545, "4": 4.7815885911554545, "5": 4.7815885911554545, "6": 2.7288195424353603, "7": 2.3208292260880867, "8": 2.3208292260880867, "9": 2.3208292260880867, "10": 2.3208292260880867, "11": 2.3208292260880867, "12": 2.3208292260880867, "13": 2.3208292260880867, "14": 2.3208292260880867, "15": 2.3208292260880867, "16": 2.3208292260880867, "17": 2.3208292260880867, "18": 2.3208292260880867, "19": 2.3208292260880867, "20": 2.3208292260880867, "21": 2.2808520180247385, "22": 2.2808520180247385, "23": 2.2808520180247385, "24": 2.105256062194826, "25": 2.105256062194826, "26": 1.5118387545357734, "27": 1.5118387545357734, "28": 1.5118387545357734, "29": 1.1127090614688626, "30": 1.1127090614688626, "31": 1.1127090614688626, "32": 1.1127090614688626, "33": 1.1127090614688626, "34": 1.1127090614688626, "35": 1.1127090614688626, "36": 1.1127090614688626, "37": 1.1127090614688626, "38": 1.1127090614688626, "39": 1.1127090614688626, "40": 1.1127090614688626, "41": 1.1127090614688626, "42": 1.1127090614688626, "43": 1.1127090614688626, "44": 1.1127090614688626, "45": 1.1127090614688626, "46": 1.1127090614688626, "47": 1.1127090614688626, "48": 1.1127090614688626, "49": 1.1127090614688626, "50": 1.1127090614688626, "51": 1.1127090614688626, "52": 1.1127090614688626, "53": 1.1127090614688626, "54": 1.1127090614688626, "55": 1.1127090614688626, "56": 1.1127090614688626, "57": 1.1127090614688626, "58": 1.1127090614688626, "59": 1.1127090614688626, "60": 1.1127090614688626, "61": 1.1127090614688626, "62": 1.1127090614688626, "63": 1.1127090614688626, "64": 1.1127090614688626, "65": 1.1127090614688626, "66": 1.1127090614688626, "67": 1.1127090614688626, "68": 1.1127090614688626, "69": 1.1127090614688626, "70": 1.1127090614688626, "71": 1.1127090614688626, "72": 1.1127090614688626, "73": 1.1127090614688626, "74": 1.1127090614688626, "75": 1.1127090614688626, "76": 1.1127090614688626, "77": 1.1127090614688626, "78": 1.1127090614688626, "79": 1.1127090614688626, "80": 1.1127090614688626, "81": 1.1127090614688626, "82": 1.1127090614688626, "83": 1.1127090614688626, "84": 1.1127090614688626, "85": 1.1127090614688626, "86": 1.1127090614688626, "87": 1.1127090614688626, "88": 1.1127090614688626, "89": 1.1127090614688626, "90": 1.1127090614688626, "91": 1.1127090614688626, "92": 1.1127090614688626, "93": 1.1127090614688626, "94": 1.1127090614688626, "95": 1.1127090614688626, "96": 1.1127090614688626, "97": 1.1127090614688626, "98": 1.1127090614688626, "99": 1.1127090614688626, "100": 1.1127090614688626}