{"0": 20.03679735179555, "1": 12.979258550511751, "2": 8.722370027122878, "3": 8.722370027122878, "4": 8.722370027122878, "5": 8.722370027122878, "6": 8.722370027122878, "7": 8.722370027122878, "8": 6.519591466079163, "9": 6.519591466079163, "10": 6.519591466079163, "11": 6.519591466079163, "12": 6.519591466079163, "13": 6.519591466079163, "14": 6.017490176124522, "15": 4.3716141455693105, "16": 2.6571823137623483, "17": 2.6571823137623483, "18": 2.6571823137623483, "19": 2.6571823137623483, "20": 2.6571823137623483, "21": 2.6571823137623483, "22": 2.629554128779226, "23": 1.9379191203323387, "24": 1.9379191203323387, "25": 1.9379191203323387, "26": 1.9379191203323387, "27": 1.9379191203323387, "28": 1.9379191203323387, "29": 1.9379191203323387, "30": 1.9379191203323387, "31": 1.9379191203323387, "32": 1.9379191203323387, "33": 1.9379191203323387, "34": 1.9379191203323387, "35": 1.8131499387781354, "36": 1.8131499387781354, "37": 1.8131499387781354, "38": 1.8131499387781354, "39": 1.8131499387781354, "40": 1.8131499387781354, "41": 1.8131499387781354, "42": 1.8131499387781354, "43": 1.8131499387781354, "44": 1.8131499387781354, "45": 1.8131499387781354, "46": 1.8131499387781354, "47": 1.8131499387781354, "48": 1.8131499387781354, "49": 1.8131499387781354, "50": 1.8131499387781354, "51": 1.8131499387781354, "52": 1.8131499387781354, "53": 1.8131499387781354, "54": 1.8131499387781354, "55": 1.8131499387781354, "56": 1.8131499387781354, "57": 1.8131499387781354, "58": 1.8131499387781354, "59": 1.8131499387781354, "60": 1.8131499387781354, "61": 1.8131499387781354, "62": 1.8131499387781354, "63": 1.8131499387781354, "64": 1.8131499387781354, "65": 1.8131499387781354, "66": 1.8131499387781354, "67": 1.8131499387781354, "68": 1.8131499387781354, "69": 1.8131499387781354, "70": 1.8131499387781354, "71": 1.8131499387781354, "72": 1.8131499387781354, "73": 1.8131499387781354, "74": 1.8131499387781354, "75": 1.8131499387781354, "76": 1.8131499387781354, "77": 1.8131499387781354, "78": 1.8131499387781354, "79": 1.8131499387781354, "80": 1.8131499387781354, "81": 1.8131499387781354, "82": 1.8131499387781354, "83": 1.8131499387781354, "84": 1.8131499387781354, "85": 1.8131499387781354, "86": 1.8131499387781354, "87": 1.8131499387781354, "88": 1.8131499387781354, "89": 1.8131499387781354, "90": 1.8131499387781354, "91": 1.8131499387781354, "92": 1.8131499387781354, "93": 1.8131499387781354, "94": 1.8131499387781354, "95": 1.8131499387781354, "96": 1.8131499387781354, "97": 1.8131499387781354, "98": 1.8131499387781354, "99": 1.8131499387781354, "100": 1.8131499387781354}