{"0": 23.923956933075324, "1": 23.923956933075324, "2": 23.923956933075324, "3": 14.023402922140974, "4": 11.787167078031983, "5": 2.2814449676438144, "6": 2.2814449676438144, "7": 2.2814449676438144, "8": 2.2814449676438144, "9": 2.1382723088037494, "10": 2.1382723088037494, "11": 2.1382723088037494, "12": 2.1382723088037494, "13": 2.1382723088037494, "14": 2.1382723088037494, "15": 2.1382723088037494, "16": 2.1382723088037494, "17": 2.1382723088037494, "18": 2.1382723088037494, "19": 2.1382723088037494, "20": 2.1382723088037494, "21": 2.1382723088037494, "22": 2.1382723088037494, "23": 2.1382723088037494, "24": 2.1382723088037494, "25": 2.1382723088037494, "26": 2.1382723088037494, "27": 2.1382723088037494, "28": 2.1382723088037494, "29": 2.1382723088037494, "30": 1.616223161345765, "31": 1.616223161345765, "32": 1.616223161345765, "33": 1.616223161345765, "34": 1.616223161345765, "35": 1.616223161345765, "36": 1.616223161345765, "37": 1.616223161345765, "38": 1.616223161345765, "39": 1.616223161345765, "40": 1.616223161345765, "41": 1.616223161345765, "42": 1.616223161345765, "43": 1.2886551883410462, "44": 1.2886551883410462, "45": 1.2886551883410462, "46": 1.2886551883410462, "47": 1.2886551883410462, "48": 1.2886551883410462, "49": 1.2886551883410462, "50": 1.2886551883410462, "51": 1.2886551883410462, "52": 1.2886551883410462, "53": 1.2886551883410462, "54": 1.2886551883410462, "55": 1.2886551883410462, "56": 1.2886551883410462, "57": 1.2886551883410462, "58": 1.2886551883410462, "59": 1.2886551883410462, "60": 1.2886551883410462, "61": 0.1836366340286233, "62": 0.1836366340286233, "63": 0.1836366340286233, "64": 0.1836366340286233, "65": 0.1836366340286233, "66": 0.1836366340286233, "67": 0.1836366340286233, "68": 0.1836366340286233, "69": 0.1836366340286233, "70": 0.1836366340286233, "71": 0.1836366340286233, "72": 0.1836366340286233, "73": 0.1836366340286233, "74": 0.1836366340286233, "75": 0.1836366340286233, "76": 0.1836366340286233, "77": 0.1836366340286233, "78": 0.1836366340286233, "79": 0.1836366340286233, "80": 0.1836366340286233, "81": 0.1836366340286233, "82": 0.1836366340286233, "83": 0.1836366340286233, "84": 0.1836366340286233, "85": 0.1836366340286233, "86": 0.1836366340286233, "87": 0.1836366340286233, "88": 0.1836366340286233, "89": 0.1836366340286233, "90": 0.1836366340286233, "91": 0.1836366340286233, "92": 0.1836366340286233, "93": 0.1836366340286233, "94": 0.1836366340286233, "95": 0.1836366340286233, "96": 0.1836366340286233, "97": 0.1836366340286233, "98": 0.1836366340286233, "99": 0.1836366340286233, "100": 0.1836366340286233}