{"0": 13.15568789462445, "1": 12.155434571129145, "2": 12.155434571129145, "3": 11.633917657331883, "4": 5.398023309427671, "5": 5.398023309427671, "6": 5.398023309427671, "7": 5.398023309427671, "8": 5.398023309427671, "9": 5.398023309427671, "10": 3.1930654354635664, "11": 3.1930654354635664, "12": 3.1930654354635664, "13": 3.1930654354635664, "14": 3.1930654354635664, "15": 2.0665466863426047, "16": 2.0665466863426047, "17": 2.0665466863426047, "18": 2.0665466863426047, "19": 2.0665466863426047, "20": 2.0665466863426047, "21": 2.0665466863426047, "22": 2.0665466863426047, "23": 2.0665466863426047, "24": 2.005272776605704, "25": 2.005272776605704, "26": 2.005272776605704, "27": 2.005272776605704, "28": 2.005272776605704, "29": 2.005272776605704, "30": 2.005272776605704, "31": 2.005272776605704, "32": 2.005272776605704, "33": 2.005272776605704, "34": 2.005272776605704, "35": 2.005272776605704, "36": 2.005272776605704, "37": 2.005272776605704, "38": 2.005272776605704, "39": 2.005272776605704, "40": 2.005272776605704, "41": 2.005272776605704, "42": 2.005272776605704, "43": 2.005272776605704, "44": 2.005272776605704, "45": 2.005272776605704, "46": 2.005272776605704, "47": 2.005272776605704, "48": 2.005272776605704, "49": 2.005272776605704, "50": 2.005272776605704, "51": 2.005272776605704, "52": 2.005272776605704, "53": 2.005272776605704, "54": 2.005272776605704, "55": 2.005272776605704, "56": 2.005272776605704, "57": 2.005272776605704, "58": 2.005272776605704, "59": 2.005272776605704, "60": 2.005272776605704, "61": 2.005272776605704, "62": 2.005272776605704, "63": 2.005272776605704, "64": 2.005272776605704, "65": 2.005272776605704, "66": 2.005272776605704, "67": 2.005272776605704, "68": 2.005272776605704, "69": 2.005272776605704, "70": 2.005272776605704, "71": 2.005272776605704, "72": 2.005272776605704, "73": 2.005272776605704, "74": 2.005272776605704, "75": 2.005272776605704, "76": 2.005272776605704, "77": 2.005272776605704, "78": 2.005272776605704, "79": 2.005272776605704, "80": 2.005272776605704, "81": 2.005272776605704, "82": 2.005272776605704, "83": 2.005272776605704, "84": 2.005272776605704, "85": 2.005272776605704, "86": 2.005272776605704, "87": 2.005272776605704, "88": 2.005272776605704, "89": 2.005272776605704, "90": 2.005272776605704, "91": 2.005272776605704, "92": 2.005272776605704, "93": 2.005272776605704, "94": 2.005272776605704, "95": 2.005272776605704, "96": 2.005272776605704, "97": 2.005272776605704, "98": 2.005272776605704, "99": 2.005272776605704, "100": 2.005272776605704}