{"0": 12.829238679417044, "1": 12.829238679417044, "2": 6.07793940300472, "3": 6.07793940300472, "4": 6.07793940300472, "5": 6.07793940300472, "6": 6.07793940300472, "7": 6.07793940300472, "8": 5.177197664841621, "9": 5.177197664841621, "10": 0.0033348043322298793, "11": 0.0033348043322298793, "12": 0.0033348043322298793, "13": 0.0033348043322298793, "14": 0.0033348043322298793, "15": 0.0033348043322298793, "16": 0.0033348043322298793, "17": 0.0033348043322298793, "18": 0.0033348043322298793, "19": 0.0033348043322298793, "20": 0.0033348043322298793, "21": 0.0033348043322298793, "22": 0.0033348043322298793, "23": 0.0033348043322298793, "24": 0.0033348043322298793, "25": 0.0033348043322298793, "26": 0.0033348043322298793, "27": 0.0033348043322298793, "28": 0.0033348043322298793, "29": 0.0033348043322298793, "30": 0.0033348043322298793, "31": 0.0033348043322298793, "32": 0.0033348043322298793, "33": 0.0033348043322298793, "34": 0.0033348043322298793, "35": 0.0033348043322298793, "36": 0.0033348043322298793, "37": 0.0033348043322298793, "38": 0.0033348043322298793, "39": 0.0033348043322298793, "40": 0.0033348043322298793, "41": 0.0033348043322298793, "42": 0.0033348043322298793, "43": 0.0033348043322298793, "44": 0.0033348043322298793, "45": 0.0033348043322298793, "46": 0.0033348043322298793, "47": 0.0033348043322298793, "48": 0.0033348043322298793, "49": 0.0033348043322298793, "50": 0.0033348043322298793, "51": 0.0033348043322298793, "52": 0.0033348043322298793, "53": 0.0033348043322298793, "54": 0.0033348043322298793, "55": 0.0033348043322298793, "56": 0.0033348043322298793, "57": 0.0033348043322298793, "58": 0.0033348043322298793, "59": 0.0033348043322298793, "60": 0.0033348043322298793, "61": 0.0033348043322298793, "62": 0.0033348043322298793, "63": 0.0033348043322298793, "64": 0.0033348043322298793, "65": 0.0033348043322298793, "66": 0.0033348043322298793, "67": 0.0033348043322298793, "68": 0.0033348043322298793, "69": 0.0033348043322298793, "70": 0.0033348043322298793, "71": 0.0033348043322298793, "72": 0.0033348043322298793, "73": 0.0033348043322298793, "74": 0.0033348043322298793, "75": 0.0033348043322298793, "76": 0.0033348043322298793, "77": 0.0033348043322298793, "78": 0.0033348043322298793, "79": 0.0033348043322298793, "80": 0.0033348043322298793, "81": 0.0033348043322298793, "82": 0.0033348043322298793, "83": 0.0033348043322298793, "84": 0.0033348043322298793, "85": 0.0033348043322298793, "86": 0.0033348043322298793, "87": 0.0033348043322298793, "88": 0.0033348043322298793, "89": 0.0033348043322298793, "90": 0.0033348043322298793, "91": 0.0033348043322298793, "92": 0.0033348043322298793, "93": 0.0033348043322298793, "94": 0.0033348043322298793, "95": 0.0033348043322298793, "96": 0.0033348043322298793, "97": 0.0033348043322298793, "98": 0.0033348043322298793, "99": 0.0033348043322298793, "100": 0.0033348043322298793}