{"0": 17.325557895706677, "1": 15.463744944679329, "2": 10.483331386749914, "3": 8.58408217378936, "4": 6.6502110292040655, "5": 6.6502110292040655, "6": 6.6502110292040655, "7": 6.6502110292040655, "8": 6.6502110292040655, "9": 5.774225878567661, "10": 4.77944526708227, "11": 4.77944526708227, "12": 4.77944526708227, "13": 2.8830699372755504, "14": 2.8830699372755504, "15": 2.8830699372755504, "16": 2.8830699372755504, "17": 2.8830699372755504, "18": 2.8830699372755504, "19": 2.8830699372755504, "20": 2.8830699372755504, "21": 2.8830699372755504, "22": 2.8830699372755504, "23": 2.3029185791366586, "24": 2.3029185791366586, "25": 2.3029185791366586, "26": 2.3029185791366586, "27": 1.195868907572411, "28": 1.195868907572411, "29": 1.195868907572411, "30": 1.195868907572411, "31": 1.195868907572411, "32": 1.195868907572411, "33": 1.195868907572411, "34": 1.195868907572411, "35": 1.195868907572411, "36": 1.195868907572411, "37": 1.068478948078969, "38": 1.068478948078969, "39": 1.068478948078969, "40": 1.068478948078969, "41": 1.068478948078969, "42": 1.068478948078969, "43": 1.068478948078969, "44": 1.068478948078969, "45": 1.068478948078969, "46": 1.0447100221830468, "47": 1.0447100221830468, "48": 1.0447100221830468, "49": 1.0447100221830468, "50": 1.0447100221830468, "51": 1.0447100221830468, "52": 1.0447100221830468, "53": 1.0447100221830468, "54": 1.0447100221830468, "55": 1.0447100221830468, "56": 1.0447100221830468, "57": 1.0447100221830468, "58": 1.0447100221830468, "59": 1.0447100221830468, "60": 1.0447100221830468, "61": 1.0447100221830468, "62": 1.0447100221830468, "63": 1.0447100221830468, "64": 1.0447100221830468, "65": 1.0447100221830468, "66": 1.0447100221830468, "67": 1.0447100221830468, "68": 1.0447100221830468, "69": 1.0447100221830468, "70": 1.0447100221830468, "71": 1.0447100221830468, "72": 1.0447100221830468, "73": 1.0447100221830468, "74": 1.0447100221830468, "75": 1.0447100221830468, "76": 1.0447100221830468, "77": 1.0447100221830468, "78": 1.0447100221830468, "79": 1.0447100221830468, "80": 1.0447100221830468, "81": 1.0447100221830468, "82": 1.0447100221830468, "83": 1.0447100221830468, "84": 1.0447100221830468, "85": 1.0447100221830468, "86": 1.0447100221830468, "87": 1.0447100221830468, "88": 1.0447100221830468, "89": 1.0447100221830468, "90": 1.0447100221830468, "91": 1.0447100221830468, "92": 1.0447100221830468, "93": 1.0447100221830468, "94": 1.0447100221830468, "95": 1.0447100221830468, "96": 1.0447100221830468, "97": 1.0447100221830468, "98": 1.0447100221830468, "99": 1.0447100221830468, "100": 1.0447100221830468}