{"0": 17.189230769042034, "1": 15.08662741146276, "2": 6.715587117705471, "3": 6.715587117705471, "4": 6.715587117705471, "5": 6.715587117705471, "6": 6.715587117705471, "7": 6.715587117705471, "8": 6.51983263828839, "9": 6.51983263828839, "10": 6.51983263828839, "11": 6.51983263828839, "12": 2.9545903234235844, "13": 2.9545903234235844, "14": 2.9545903234235844, "15": 2.9545903234235844, "16": 2.9545903234235844, "17": 2.9545903234235844, "18": 2.9545903234235844, "19": 2.9545903234235844, "20": 2.9545903234235844, "21": 2.9545903234235844, "22": 2.9545903234235844, "23": 2.9545903234235844, "24": 2.9545903234235844, "25": 2.9545903234235844, "26": 2.812348958958953, "27": 2.812348958958953, "28": 2.812348958958953, "29": 2.812348958958953, "30": 2.812348958958953, "31": 2.071715974028862, "32": 2.071715974028862, "33": 2.071715974028862, "34": 2.071715974028862, "35": 2.071715974028862, "36": 2.071715974028862, "37": 2.071715974028862, "38": 2.071715974028862, "39": 2.071715974028862, "40": 2.071715974028862, "41": 2.071715974028862, "42": 1.347865341579098, "43": 1.347865341579098, "44": 1.347865341579098, "45": 1.347865341579098, "46": 0.11053350593211064, "47": 0.11053350593211064, "48": 0.11053350593211064, "49": 0.11053350593211064, "50": 0.11053350593211064, "51": 0.11053350593211064, "52": 0.11053350593211064, "53": 0.11053350593211064, "54": 0.11053350593211064, "55": 0.11053350593211064, "56": 0.11053350593211064, "57": 0.11053350593211064, "58": 0.11053350593211064, "59": 0.11053350593211064, "60": 0.11053350593211064, "61": 0.11053350593211064, "62": 0.11053350593211064, "63": 0.11053350593211064, "64": 0.11053350593211064, "65": 0.11053350593211064, "66": 0.11053350593211064, "67": 0.11053350593211064, "68": 0.11053350593211064, "69": 0.11053350593211064, "70": 0.11053350593211064, "71": 0.11053350593211064, "72": 0.11053350593211064, "73": 0.11053350593211064, "74": 0.11053350593211064, "75": 0.11053350593211064, "76": 0.11053350593211064, "77": 0.11053350593211064, "78": 0.11053350593211064, "79": 0.11053350593211064, "80": 0.11053350593211064, "81": 0.11053350593211064, "82": 0.11053350593211064, "83": 0.11053350593211064, "84": 0.11053350593211064, "85": 0.11053350593211064, "86": 0.11053350593211064, "87": 0.11053350593211064, "88": 0.11053350593211064, "89": 0.11053350593211064, "90": 0.11053350593211064, "91": 0.11053350593211064, "92": 0.11053350593211064, "93": 0.11053350593211064, "94": 0.11053350593211064, "95": 0.11053350593211064, "96": 0.11053350593211064, "97": 0.11053350593211064, "98": 0.11053350593211064, "99": 0.11053350593211064, "100": 0.11053350593211064}