{"0": 21.214933369323884, "1": 21.18729579484068, "2": 11.781879780396286, "3": 9.392280237890532, "4": 9.392280237890532, "5": 8.117707954478025, "6": 8.117707954478025, "7": 8.117707954478025, "8": 8.117707954478025, "9": 8.117707954478025, "10": 7.377901371469411, "11": 3.6595847039343035, "12": 3.6595847039343035, "13": 3.6595847039343035, "14": 3.6595847039343035, "15": 3.6595847039343035, "16": 3.6595847039343035, "17": 3.6595847039343035, "18": 3.6595847039343035, "19": 3.6595847039343035, "20": 3.6595847039343035, "21": 3.1164376204943167, "22": 3.1164376204943167, "23": 3.1164376204943167, "24": 2.4273459344669845, "25": 2.4273459344669845, "26": 2.4273459344669845, "27": 2.4273459344669845, "28": 2.4273459344669845, "29": 2.4273459344669845, "30": 2.4273459344669845, "31": 2.4273459344669845, "32": 2.4273459344669845, "33": 2.4273459344669845, "34": 2.4273459344669845, "35": 2.4273459344669845, "36": 2.4273459344669845, "37": 2.4273459344669845, "38": 2.4273459344669845, "39": 2.4273459344669845, "40": 2.4273459344669845, "41": 2.4273459344669845, "42": 2.4273459344669845, "43": 2.4273459344669845, "44": 2.4273459344669845, "45": 2.4273459344669845, "46": 2.4273459344669845, "47": 2.4273459344669845, "48": 2.4273459344669845, "49": 2.4273459344669845, "50": 2.4273459344669845, "51": 2.4273459344669845, "52": 2.4273459344669845, "53": 2.4273459344669845, "54": 2.4273459344669845, "55": 2.4273459344669845, "56": 2.4273459344669845, "57": 2.3601606997247835, "58": 2.3601606997247835, "59": 2.3601606997247835, "60": 2.3601606997247835, "61": 2.3601606997247835, "62": 2.3601606997247835, "63": 1.0548862274930357, "64": 1.0548862274930357, "65": 1.0548862274930357, "66": 1.0548862274930357, "67": 1.0548862274930357, "68": 1.0548862274930357, "69": 1.0548862274930357, "70": 1.0548862274930357, "71": 1.0548862274930357, "72": 1.0548862274930357, "73": 1.0548862274930357, "74": 1.0548862274930357, "75": 1.0548862274930357, "76": 1.0548862274930357, "77": 1.0548862274930357, "78": 1.0548862274930357, "79": 1.0548862274930357, "80": 1.0548862274930357, "81": 1.0548862274930357, "82": 1.0548862274930357, "83": 1.0548862274930357, "84": 1.0548862274930357, "85": 1.0548862274930357, "86": 1.0548862274930357, "87": 1.0548862274930357, "88": 1.0548862274930357, "89": 1.0548862274930357, "90": 1.0548862274930357, "91": 1.0548862274930357, "92": 0.8576616558289096, "93": 0.8576616558289096, "94": 0.8576616558289096, "95": 0.8576616558289096, "96": 0.8576616558289096, "97": 0.8576616558289096, "98": 0.8576616558289096, "99": 0.8576616558289096, "100": 0.8576616558289096}