{"0": 7.667310020959523, "1": 7.667310020959523, "2": 7.667310020959523, "3": 7.667310020959523, "4": 7.667310020959523, "5": 7.667310020959523, "6": 7.667310020959523, "7": 5.579884666310759, "8": 5.579884666310759, "9": 5.579884666310759, "10": 5.001117823267812, "11": 5.001117823267812, "12": 3.207172731803709, "13": 3.207172731803709, "14": 2.030594809882558, "15": 2.030594809882558, "16": 2.030594809882558, "17": 1.3298333058795109, "18": 1.3298333058795109, "19": 1.3298333058795109, "20": 1.3298333058795109, "21": 1.3298333058795109, "22": 1.3298333058795109, "23": 1.3298333058795109, "24": 1.3298333058795109, "25": 1.3298333058795109, "26": 1.3298333058795109, "27": 1.3298333058795109, "28": 1.3298333058795109, "29": 1.3298333058795109, "30": 1.3298333058795109, "31": 1.3298333058795109, "32": 1.3298333058795109, "33": 1.3298333058795109, "34": 1.3298333058795109, "35": 1.3298333058795109, "36": 1.2505560592749383, "37": 1.2505560592749383, "38": 1.2505560592749383, "39": 1.2505560592749383, "40": 1.2505560592749383, "41": 1.2505560592749383, "42": 1.2505560592749383, "43": 1.2505560592749383, "44": 1.2505560592749383, "45": 1.2505560592749383, "46": 1.2505560592749383, "47": 1.2505560592749383, "48": 1.2505560592749383, "49": 1.2505560592749383, "50": 1.2505560592749383, "51": 1.2505560592749383, "52": 1.2505560592749383, "53": 1.2505560592749383, "54": 1.2505560592749383, "55": 1.2505560592749383, "56": 1.2505560592749383, "57": 1.2505560592749383, "58": 1.2505560592749383, "59": 1.2505560592749383, "60": 1.2505560592749383, "61": 1.2505560592749383, "62": 0.040988429135452975, "63": 0.040988429135452975, "64": 0.040988429135452975, "65": 0.040988429135452975, "66": 0.040988429135452975, "67": 0.040988429135452975, "68": 0.040988429135452975, "69": 0.040988429135452975, "70": 0.040988429135452975, "71": 0.040988429135452975, "72": 0.040988429135452975, "73": 0.040988429135452975, "74": 0.040988429135452975, "75": 0.040988429135452975, "76": 0.040988429135452975, "77": 0.040988429135452975, "78": 0.040988429135452975, "79": 0.040988429135452975, "80": 0.040988429135452975, "81": 0.040988429135452975, "82": 0.040988429135452975, "83": 0.040988429135452975, "84": 0.040988429135452975, "85": 0.040988429135452975, "86": 0.040988429135452975, "87": 0.040988429135452975, "88": 0.040988429135452975, "89": 0.040988429135452975, "90": 0.040988429135452975, "91": 0.040988429135452975, "92": 0.040988429135452975, "93": 0.040988429135452975, "94": 0.040988429135452975, "95": 0.040988429135452975, "96": 0.040988429135452975, "97": 0.040988429135452975, "98": 0.040988429135452975, "99": 0.040988429135452975, "100": 0.040988429135452975}