{"0": 22.343051669799056, "1": 21.034615620114607, "2": 10.915267366858894, "3": 10.915267366858894, "4": 10.915267366858894, "5": 10.141227760489045, "6": 10.141227760489045, "7": 2.498370216846048, "8": 2.498370216846048, "9": 2.498370216846048, "10": 2.498370216846048, "11": 2.498370216846048, "12": 2.498370216846048, "13": 2.498370216846048, "14": 2.498370216846048, "15": 2.2421106562394613, "16": 2.2421106562394613, "17": 2.2421106562394613, "18": 2.2421106562394613, "19": 2.2421106562394613, "20": 2.2421106562394613, "21": 1.4288532804953142, "22": 1.4288532804953142, "23": 1.4288532804953142, "24": 1.4288532804953142, "25": 1.4288532804953142, "26": 1.4288532804953142, "27": 1.4288532804953142, "28": 1.4288532804953142, "29": 1.4288532804953142, "30": 1.335135799167677, "31": 1.335135799167677, "32": 1.335135799167677, "33": 1.335135799167677, "34": 1.1369438989630467, "35": 1.1369438989630467, "36": 1.1369438989630467, "37": 1.1369438989630467, "38": 0.43105594955222415, "39": 0.1710324077038976, "40": 0.1710324077038976, "41": 0.1710324077038976, "42": 0.1710324077038976, "43": 0.1710324077038976, "44": 0.1710324077038976, "45": 0.1710324077038976, "46": 0.1710324077038976, "47": 0.1710324077038976, "48": 0.1710324077038976, "49": 0.1710324077038976, "50": 0.1710324077038976, "51": 0.1710324077038976, "52": 0.1710324077038976, "53": 0.1710324077038976, "54": 0.1710324077038976, "55": 0.1710324077038976, "56": 0.1710324077038976, "57": 0.1710324077038976, "58": 0.1710324077038976, "59": 0.1710324077038976, "60": 0.1710324077038976, "61": 0.1710324077038976, "62": 0.1710324077038976, "63": 0.1710324077038976, "64": 0.1710324077038976, "65": 0.1710324077038976, "66": 0.1710324077038976, "67": 0.1710324077038976, "68": 0.1710324077038976, "69": 0.1710324077038976, "70": 0.1710324077038976, "71": 0.1710324077038976, "72": 0.1710324077038976, "73": 0.1710324077038976, "74": 0.1710324077038976, "75": 0.1710324077038976, "76": 0.1710324077038976, "77": 0.1710324077038976, "78": 0.1710324077038976, "79": 0.1710324077038976, "80": 0.1710324077038976, "81": 0.1710324077038976, "82": 0.1710324077038976, "83": 0.1710324077038976, "84": 0.1710324077038976, "85": 0.1710324077038976, "86": 0.1710324077038976, "87": 0.1710324077038976, "88": 0.1710324077038976, "89": 0.1710324077038976, "90": 0.1710324077038976, "91": 0.1710324077038976, "92": 0.1710324077038976, "93": 0.1710324077038976, "94": 0.1710324077038976, "95": 0.1710324077038976, "96": 0.1710324077038976, "97": 0.1710324077038976, "98": 0.1710324077038976, "99": 0.1710324077038976, "100": 0.1710324077038976}