{"0": 17.876912078917023, "1": 17.876912078917023, "2": 17.876912078917023, "3": 6.7450537823007295, "4": 6.7450537823007295, "5": 6.7450537823007295, "6": 6.7450537823007295, "7": 6.7450537823007295, "8": 6.7450537823007295, "9": 4.969078626045986, "10": 4.816334285976584, "11": 4.816334285976584, "12": 4.816334285976584, "13": 4.816334285976584, "14": 4.816334285976584, "15": 4.439449126528526, "16": 4.439449126528526, "17": 4.439449126528526, "18": 4.439449126528526, "19": 4.439449126528526, "20": 4.439449126528526, "21": 4.439449126528526, "22": 4.439449126528526, "23": 4.439449126528526, "24": 4.439449126528526, "25": 4.439449126528526, "26": 4.439449126528526, "27": 4.439449126528526, "28": 4.439449126528526, "29": 4.439449126528526, "30": 4.439449126528526, "31": 4.439449126528526, "32": 0.044766051134430995, "33": 0.044766051134430995, "34": 0.044766051134430995, "35": 0.044766051134430995, "36": 0.044766051134430995, "37": 0.044766051134430995, "38": 0.044766051134430995, "39": 0.044766051134430995, "40": 0.044766051134430995, "41": 0.044766051134430995, "42": 0.044766051134430995, "43": 0.044766051134430995, "44": 0.044766051134430995, "45": 0.044766051134430995, "46": 0.044766051134430995, "47": 0.044766051134430995, "48": 0.044766051134430995, "49": 0.044766051134430995, "50": 0.044766051134430995, "51": 0.044766051134430995, "52": 0.044766051134430995, "53": 0.044766051134430995, "54": 0.044766051134430995, "55": 0.044766051134430995, "56": 0.044766051134430995, "57": 0.044766051134430995, "58": 0.044766051134430995, "59": 0.044766051134430995, "60": 0.044766051134430995, "61": 0.044766051134430995, "62": 0.044766051134430995, "63": 0.044766051134430995, "64": 0.044766051134430995, "65": 0.044766051134430995, "66": 0.044766051134430995, "67": 0.044766051134430995, "68": 0.044766051134430995, "69": 0.044766051134430995, "70": 0.044766051134430995, "71": 0.044766051134430995, "72": 0.044766051134430995, "73": 0.044766051134430995, "74": 0.044766051134430995, "75": 0.044766051134430995, "76": 0.044766051134430995, "77": 0.044766051134430995, "78": 0.044766051134430995, "79": 0.044766051134430995, "80": 0.044766051134430995, "81": 0.044766051134430995, "82": 0.044766051134430995, "83": 0.044766051134430995, "84": 0.044766051134430995, "85": 0.044766051134430995, "86": 0.044766051134430995, "87": 0.044766051134430995, "88": 0.044766051134430995, "89": 0.044766051134430995, "90": 0.044766051134430995, "91": 0.044766051134430995, "92": 0.044766051134430995, "93": 0.044766051134430995, "94": 0.044766051134430995, "95": 0.044766051134430995, "96": 0.044766051134430995, "97": 0.044766051134430995, "98": 0.044766051134430995, "99": 0.044766051134430995, "100": 0.044766051134430995}