{"0": 20.14686213060272, "1": 12.225705486565719, "2": 8.80781540468714, "3": 8.80781540468714, "4": 8.80781540468714, "5": 8.80781540468714, "6": 8.80781540468714, "7": 7.837183256616562, "8": 4.013661205248733, "9": 4.013661205248733, "10": 4.013661205248733, "11": 4.013661205248733, "12": 3.817809622458828, "13": 3.817809622458828, "14": 3.817809622458828, "15": 3.817809622458828, "16": 3.817809622458828, "17": 3.817809622458828, "18": 3.080194488463306, "19": 3.080194488463306, "20": 3.080194488463306, "21": 3.080194488463306, "22": 2.985204728682362, "23": 2.985204728682362, "24": 2.985204728682362, "25": 2.985204728682362, "26": 2.985204728682362, "27": 2.020194411059318, "28": 2.020194411059318, "29": 2.020194411059318, "30": 1.8723590749618673, "31": 1.8723590749618673, "32": 1.8723590749618673, "33": 1.8723590749618673, "34": 1.8723590749618673, "35": 1.8723590749618673, "36": 1.8723590749618673, "37": 1.8723590749618673, "38": 1.8723590749618673, "39": 1.8723590749618673, "40": 1.8723590749618673, "41": 1.8723590749618673, "42": 1.8723590749618673, "43": 1.8723590749618673, "44": 1.8723590749618673, "45": 1.8723590749618673, "46": 1.8723590749618673, "47": 1.8723590749618673, "48": 1.8723590749618673, "49": 1.8723590749618673, "50": 1.8723590749618673, "51": 1.8723590749618673, "52": 1.8723590749618673, "53": 1.8723590749618673, "54": 1.8723590749618673, "55": 1.8723590749618673, "56": 1.8723590749618673, "57": 1.8723590749618673, "58": 0.0023111810406675204, "59": 0.0023111810406675204, "60": 0.0023111810406675204, "61": 0.0023111810406675204, "62": 0.0023111810406675204, "63": 0.0023111810406675204, "64": 0.0023111810406675204, "65": 0.0023111810406675204, "66": 0.0023111810406675204, "67": 0.0023111810406675204, "68": 0.0023111810406675204, "69": 0.0023111810406675204, "70": 0.0023111810406675204, "71": 0.0023111810406675204, "72": 0.0023111810406675204, "73": 0.0023111810406675204, "74": 0.0023111810406675204, "75": 0.0023111810406675204, "76": 0.0023111810406675204, "77": 0.0023111810406675204, "78": 0.0023111810406675204, "79": 0.0023111810406675204, "80": 0.0023111810406675204, "81": 0.0023111810406675204, "82": 0.0023111810406675204, "83": 0.0023111810406675204, "84": 0.0023111810406675204, "85": 0.0023111810406675204, "86": 0.0023111810406675204, "87": 0.0023111810406675204, "88": 0.0023111810406675204, "89": 0.0023111810406675204, "90": 0.0023111810406675204, "91": 0.0023111810406675204, "92": 0.0023111810406675204, "93": 0.0023111810406675204, "94": 0.0023111810406675204, "95": 0.0023111810406675204, "96": 0.0023111810406675204, "97": 0.0023111810406675204, "98": 0.0023111810406675204, "99": 0.0023111810406675204, "100": 0.0023111810406675204}