{"0": 22.4694385971813, "1": 17.048558599820236, "2": 8.334611068554468, "3": 2.303973772586616, "4": 2.303973772586616, "5": 2.303973772586616, "6": 2.303973772586616, "7": 2.303973772586616, "8": 2.303973772586616, "9": 2.303973772586616, "10": 2.303973772586616, "11": 2.230030176674198, "12": 2.230030176674198, "13": 2.230030176674198, "14": 2.230030176674198, "15": 1.6995437221968501, "16": 1.6995437221968501, "17": 1.6995437221968501, "18": 1.6995437221968501, "19": 1.23225740709524, "20": 1.23225740709524, "21": 1.23225740709524, "22": 1.23225740709524, "23": 1.23225740709524, "24": 1.23225740709524, "25": 1.23225740709524, "26": 1.23225740709524, "27": 1.23225740709524, "28": 1.23225740709524, "29": 1.23225740709524, "30": 1.23225740709524, "31": 1.23225740709524, "32": 1.23225740709524, "33": 1.23225740709524, "34": 1.23225740709524, "35": 1.23225740709524, "36": 1.23225740709524, "37": 1.23225740709524, "38": 1.23225740709524, "39": 1.23225740709524, "40": 1.23225740709524, "41": 1.23225740709524, "42": 1.23225740709524, "43": 1.23225740709524, "44": 1.23225740709524, "45": 1.23225740709524, "46": 1.23225740709524, "47": 1.23225740709524, "48": 1.23225740709524, "49": 1.017676008203285, "50": 1.017676008203285, "51": 1.017676008203285, "52": 1.017676008203285, "53": 1.017676008203285, "54": 1.017676008203285, "55": 1.017676008203285, "56": 1.017676008203285, "57": 1.017676008203285, "58": 1.017676008203285, "59": 1.017676008203285, "60": 1.017676008203285, "61": 1.017676008203285, "62": 1.017676008203285, "63": 1.017676008203285, "64": 1.017676008203285, "65": 1.017676008203285, "66": 1.017676008203285, "67": 1.017676008203285, "68": 1.017676008203285, "69": 1.017676008203285, "70": 1.017676008203285, "71": 1.017676008203285, "72": 1.017676008203285, "73": 1.017676008203285, "74": 1.017676008203285, "75": 1.017676008203285, "76": 1.017676008203285, "77": 1.017676008203285, "78": 1.017676008203285, "79": 1.017676008203285, "80": 1.017676008203285, "81": 1.017676008203285, "82": 1.017676008203285, "83": 1.017676008203285, "84": 1.017676008203285, "85": 1.017676008203285, "86": 1.017676008203285, "87": 1.017676008203285, "88": 1.017676008203285, "89": 1.017676008203285, "90": 1.017676008203285, "91": 1.017676008203285, "92": 1.017676008203285, "93": 1.017676008203285, "94": 1.017676008203285, "95": 1.017676008203285, "96": 1.017676008203285, "97": 1.017676008203285, "98": 1.017676008203285, "99": 1.017676008203285, "100": 1.017676008203285}