{"0": 10.146780162180061, "1": 10.146780162180061, "2": 9.089629422992724, "3": 5.296860986413343, "4": 5.296860986413343, "5": 5.296860986413343, "6": 5.296860986413343, "7": 5.296860986413343, "8": 3.1441215949894428, "9": 3.1441215949894428, "10": 2.7675567069956912, "11": 2.7675567069956912, "12": 2.7675567069956912, "13": 2.7675567069956912, "14": 2.7675567069956912, "15": 2.7675567069956912, "16": 2.283566511091628, "17": 2.283566511091628, "18": 2.283566511091628, "19": 2.283566511091628, "20": 2.283566511091628, "21": 1.7720459162883344, "22": 1.7720459162883344, "23": 1.7720459162883344, "24": 1.7720459162883344, "25": 1.7720459162883344, "26": 1.7720459162883344, "27": 1.7720459162883344, "28": 1.7720459162883344, "29": 1.7720459162883344, "30": 1.7720459162883344, "31": 1.6930973647650802, "32": 1.6930973647650802, "33": 1.6930973647650802, "34": 1.6930973647650802, "35": 1.6930973647650802, "36": 1.6930973647650802, "37": 1.6930973647650802, "38": 1.6930973647650802, "39": 1.6930973647650802, "40": 1.6930973647650802, "41": 1.019930222245641, "42": 1.019930222245641, "43": 1.019930222245641, "44": 1.019930222245641, "45": 1.019930222245641, "46": 1.019930222245641, "47": 1.019930222245641, "48": 1.019930222245641, "49": 1.019930222245641, "50": 1.019930222245641, "51": 1.019930222245641, "52": 1.019930222245641, "53": 1.019930222245641, "54": 1.019930222245641, "55": 1.019930222245641, "56": 1.019930222245641, "57": 1.019930222245641, "58": 1.019930222245641, "59": 1.019930222245641, "60": 1.019930222245641, "61": 1.019930222245641, "62": 1.019930222245641, "63": 1.019930222245641, "64": 1.019930222245641, "65": 1.019930222245641, "66": 1.019930222245641, "67": 1.019930222245641, "68": 1.019930222245641, "69": 1.019930222245641, "70": 1.019930222245641, "71": 1.019930222245641, "72": 1.019930222245641, "73": 1.019930222245641, "74": 1.019930222245641, "75": 1.019930222245641, "76": 1.019930222245641, "77": 1.019930222245641, "78": 1.019930222245641, "79": 1.019930222245641, "80": 1.019930222245641, "81": 1.019930222245641, "82": 1.019930222245641, "83": 1.019930222245641, "84": 1.019930222245641, "85": 1.019930222245641, "86": 1.019930222245641, "87": 1.019930222245641, "88": 1.019930222245641, "89": 1.019930222245641, "90": 1.019930222245641, "91": 1.019930222245641, "92": 1.019930222245641, "93": 1.019930222245641, "94": 1.019930222245641, "95": 1.019930222245641, "96": 1.019930222245641, "97": 1.019930222245641, "98": 1.019930222245641, "99": 1.019930222245641, "100": 1.019930222245641}