{"0": 6.212624764106248, "1": 6.212624764106248, "2": 6.212624764106248, "3": 6.212624764106248, "4": 6.212624764106248, "5": 6.212624764106248, "6": 6.212624764106248, "7": 5.734207304462906, "8": 4.421115696842289, "9": 4.421115696842289, "10": 4.421115696842289, "11": 4.421115696842289, "12": 4.421115696842289, "13": 4.421115696842289, "14": 4.395095852165532, "15": 4.395095852165532, "16": 4.395095852165532, "17": 4.395095852165532, "18": 4.395095852165532, "19": 2.9205626369066415, "20": 2.9205626369066415, "21": 2.9205626369066415, "22": 2.9205626369066415, "23": 2.9205626369066415, "24": 2.9205626369066415, "25": 2.9205626369066415, "26": 2.9205626369066415, "27": 2.9205626369066415, "28": 2.9205626369066415, "29": 2.9205626369066415, "30": 2.9205626369066415, "31": 2.9205626369066415, "32": 2.9205626369066415, "33": 2.9205626369066415, "34": 2.9205626369066415, "35": 2.9205626369066415, "36": 2.9205626369066415, "37": 2.455291854130788, "38": 2.455291854130788, "39": 2.455291854130788, "40": 2.455291854130788, "41": 2.455291854130788, "42": 2.455291854130788, "43": 2.455291854130788, "44": 2.455291854130788, "45": 2.0785424772731886, "46": 2.0785424772731886, "47": 2.0785424772731886, "48": 2.0785424772731886, "49": 2.0785424772731886, "50": 2.0785424772731886, "51": 2.0785424772731886, "52": 2.0785424772731886, "53": 2.0785424772731886, "54": 2.0785424772731886, "55": 2.0785424772731886, "56": 2.0785424772731886, "57": 2.0785424772731886, "58": 2.0785424772731886, "59": 1.2562187361221007, "60": 1.2562187361221007, "61": 0.7096082248616469, "62": 0.7096082248616469, "63": 0.7096082248616469, "64": 0.7096082248616469, "65": 0.7096082248616469, "66": 0.7096082248616469, "67": 0.7096082248616469, "68": 0.7096082248616469, "69": 0.7096082248616469, "70": 0.7096082248616469, "71": 0.7096082248616469, "72": 0.7096082248616469, "73": 0.7096082248616469, "74": 0.7096082248616469, "75": 0.7096082248616469, "76": 0.7096082248616469, "77": 0.7096082248616469, "78": 0.7096082248616469, "79": 0.7096082248616469, "80": 0.7096082248616469, "81": 0.7096082248616469, "82": 0.7096082248616469, "83": 0.7096082248616469, "84": 0.7096082248616469, "85": 0.7096082248616469, "86": 0.7096082248616469, "87": 0.7096082248616469, "88": 0.7096082248616469, "89": 0.7096082248616469, "90": 0.7096082248616469, "91": 0.7096082248616469, "92": 0.7096082248616469, "93": 0.7096082248616469, "94": 0.7096082248616469, "95": 0.7096082248616469, "96": 0.7096082248616469, "97": 0.7096082248616469, "98": 0.7096082248616469, "99": 0.7096082248616469, "100": 0.7096082248616469}