{"0": 18.011574680743525, "1": 10.59798079638524, "2": 7.128161429054657, "3": 7.128161429054657, "4": 7.128161429054657, "5": 7.128161429054657, "6": 4.7213932710017446, "7": 4.7213932710017446, "8": 4.7213932710017446, "9": 4.7213932710017446, "10": 4.7213932710017446, "11": 4.7213932710017446, "12": 4.7213932710017446, "13": 4.7213932710017446, "14": 4.7213932710017446, "15": 4.7213932710017446, "16": 4.7213932710017446, "17": 4.7213932710017446, "18": 4.359461032710449, "19": 4.359461032710449, "20": 4.359461032710449, "21": 4.359461032710449, "22": 4.359461032710449, "23": 4.359461032710449, "24": 4.317009150007246, "25": 4.317009150007246, "26": 3.6540376700975763, "27": 3.6540376700975763, "28": 3.6540376700975763, "29": 3.6540376700975763, "30": 3.6540376700975763, "31": 3.6540376700975763, "32": 3.6540376700975763, "33": 3.6540376700975763, "34": 3.6314276261505967, "35": 3.6314276261505967, "36": 3.6314276261505967, "37": 3.5861068591483374, "38": 3.5861068591483374, "39": 3.5861068591483374, "40": 3.1854137956309714, "41": 3.1854137956309714, "42": 1.7789806125573833, "43": 1.7789806125573833, "44": 1.7789806125573833, "45": 1.7789806125573833, "46": 1.7789806125573833, "47": 1.7789806125573833, "48": 1.7789806125573833, "49": 1.7789806125573833, "50": 1.7789806125573833, "51": 1.7789806125573833, "52": 1.7789806125573833, "53": 1.7789806125573833, "54": 1.7789806125573833, "55": 1.7789806125573833, "56": 1.7789806125573833, "57": 1.7789806125573833, "58": 1.7789806125573833, "59": 1.7789806125573833, "60": 1.7789806125573833, "61": 1.7789806125573833, "62": 1.7789806125573833, "63": 1.7789806125573833, "64": 1.7789806125573833, "65": 1.7789806125573833, "66": 0.3973459513539659, "67": 0.3973459513539659, "68": 0.3973459513539659, "69": 0.3973459513539659, "70": 0.3973459513539659, "71": 0.3973459513539659, "72": 0.3973459513539659, "73": 0.3973459513539659, "74": 0.3973459513539659, "75": 0.3973459513539659, "76": 0.3973459513539659, "77": 0.3973459513539659, "78": 0.3973459513539659, "79": 0.3973459513539659, "80": 0.3973459513539659, "81": 0.3973459513539659, "82": 0.3973459513539659, "83": 0.3973459513539659, "84": 0.3973459513539659, "85": 0.3973459513539659, "86": 0.3973459513539659, "87": 0.3973459513539659, "88": 0.3973459513539659, "89": 0.3973459513539659, "90": 0.3973459513539659, "91": 0.3973459513539659, "92": 0.3973459513539659, "93": 0.3973459513539659, "94": 0.3973459513539659, "95": 0.3973459513539659, "96": 0.3973459513539659, "97": 0.3973459513539659, "98": 0.3973459513539659, "99": 0.3973459513539659, "100": 0.3973459513539659}