{"0": 17.729129873356406, "1": 16.181111118977874, "2": 16.181111118977874, "3": 11.699740554975653, "4": 5.583779017775008, "5": 5.583779017775008, "6": 5.583779017775008, "7": 5.583779017775008, "8": 5.583779017775008, "9": 5.583779017775008, "10": 5.583779017775008, "11": 3.0433463873087554, "12": 3.0433463873087554, "13": 3.0433463873087554, "14": 3.0433463873087554, "15": 3.0433463873087554, "16": 1.658236254605935, "17": 1.658236254605935, "18": 1.658236254605935, "19": 1.589710196507312, "20": 1.589710196507312, "21": 1.589710196507312, "22": 1.589710196507312, "23": 1.1687259553759652, "24": 1.1687259553759652, "25": 1.1687259553759652, "26": 1.1687259553759652, "27": 1.1687259553759652, "28": 1.1687259553759652, "29": 1.1687259553759652, "30": 1.1687259553759652, "31": 1.1687259553759652, "32": 1.1687259553759652, "33": 1.1687259553759652, "34": 1.1687259553759652, "35": 1.1687259553759652, "36": 0.1742001713598711, "37": 0.1742001713598711, "38": 0.1742001713598711, "39": 0.1742001713598711, "40": 0.1742001713598711, "41": 0.1742001713598711, "42": 0.1742001713598711, "43": 0.1742001713598711, "44": 0.1742001713598711, "45": 0.1742001713598711, "46": 0.1742001713598711, "47": 0.1742001713598711, "48": 0.1742001713598711, "49": 0.1742001713598711, "50": 0.1742001713598711, "51": 0.1742001713598711, "52": 0.1742001713598711, "53": 0.1742001713598711, "54": 0.1742001713598711, "55": 0.1742001713598711, "56": 0.1742001713598711, "57": 0.1742001713598711, "58": 0.1742001713598711, "59": 0.1742001713598711, "60": 0.1742001713598711, "61": 0.1742001713598711, "62": 0.1742001713598711, "63": 0.1742001713598711, "64": 0.1742001713598711, "65": 0.1742001713598711, "66": 0.1742001713598711, "67": 0.1742001713598711, "68": 0.1742001713598711, "69": 0.1742001713598711, "70": 0.1742001713598711, "71": 0.1742001713598711, "72": 0.1742001713598711, "73": 0.1742001713598711, "74": 0.1742001713598711, "75": 0.1742001713598711, "76": 0.1742001713598711, "77": 0.1742001713598711, "78": 0.1742001713598711, "79": 0.1742001713598711, "80": 0.1742001713598711, "81": 0.1742001713598711, "82": 0.1742001713598711, "83": 0.1742001713598711, "84": 0.1742001713598711, "85": 0.1742001713598711, "86": 0.1742001713598711, "87": 0.1742001713598711, "88": 0.1742001713598711, "89": 0.1742001713598711, "90": 0.1742001713598711, "91": 0.1742001713598711, "92": 0.1742001713598711, "93": 0.1742001713598711, "94": 0.1742001713598711, "95": 0.1742001713598711, "96": 0.1742001713598711, "97": 0.1742001713598711, "98": 0.1742001713598711, "99": 0.1742001713598711, "100": 0.1742001713598711}