{"0": 30.18872923316431, "1": 9.922486421812186, "2": 7.722650146348126, "3": 6.154172469513696, "4": 6.154172469513696, "5": 6.154172469513696, "6": 6.154172469513696, "7": 2.3310629943501056, "8": 2.3310629943501056, "9": 2.3310629943501056, "10": 2.3310629943501056, "11": 2.3310629943501056, "12": 2.3310629943501056, "13": 1.6817550742638758, "14": 1.6817550742638758, "15": 1.6817550742638758, "16": 1.6817550742638758, "17": 1.6817550742638758, "18": 1.6817550742638758, "19": 1.6817550742638758, "20": 1.6817550742638758, "21": 1.6817550742638758, "22": 1.6817550742638758, "23": 1.6817550742638758, "24": 1.6817550742638758, "25": 1.6817550742638758, "26": 1.6817550742638758, "27": 1.6817550742638758, "28": 1.6817550742638758, "29": 1.6817550742638758, "30": 1.6817550742638758, "31": 1.6817550742638758, "32": 1.6817550742638758, "33": 1.6817550742638758, "34": 1.6817550742638758, "35": 1.6817550742638758, "36": 1.6817550742638758, "37": 1.6817550742638758, "38": 1.4031228375717788, "39": 1.4031228375717788, "40": 1.4031228375717788, "41": 1.293108900265402, "42": 1.293108900265402, "43": 1.293108900265402, "44": 1.293108900265402, "45": 1.293108900265402, "46": 1.293108900265402, "47": 1.293108900265402, "48": 1.0675061386274365, "49": 1.0675061386274365, "50": 1.0675061386274365, "51": 1.0675061386274365, "52": 1.0675061386274365, "53": 1.0675061386274365, "54": 1.0675061386274365, "55": 1.0675061386274365, "56": 1.0675061386274365, "57": 1.0485938592570214, "58": 1.0485938592570214, "59": 1.0485938592570214, "60": 1.0485938592570214, "61": 1.0485938592570214, "62": 1.0485938592570214, "63": 1.0485938592570214, "64": 1.0485938592570214, "65": 1.0485938592570214, "66": 1.0485938592570214, "67": 1.0485938592570214, "68": 1.0485938592570214, "69": 1.0485938592570214, "70": 1.0485938592570214, "71": 1.0485938592570214, "72": 1.0485938592570214, "73": 1.0485938592570214, "74": 1.0485938592570214, "75": 1.0485938592570214, "76": 1.0485938592570214, "77": 1.0485938592570214, "78": 1.0485938592570214, "79": 1.0485938592570214, "80": 1.0485938592570214, "81": 1.0485938592570214, "82": 1.0485938592570214, "83": 1.0485938592570214, "84": 1.0485938592570214, "85": 1.0485938592570214, "86": 1.0485938592570214, "87": 1.0485938592570214, "88": 1.0485938592570214, "89": 1.0485938592570214, "90": 1.0485938592570214, "91": 1.0485938592570214, "92": 1.0485938592570214, "93": 1.0485938592570214, "94": 1.0485938592570214, "95": 1.0485938592570214, "96": 1.0485938592570214, "97": 1.0485938592570214, "98": 1.0485938592570214, "99": 1.0485938592570214, "100": 1.0485938592570214}