{"0": 14.007952846651422, "1": 10.06730834765882, "2": 10.06730834765882, "3": 8.240873148121544, "4": 3.5211324747872688, "5": 3.5211324747872688, "6": 3.5211324747872688, "7": 3.5211324747872688, "8": 3.5211324747872688, "9": 3.5211324747872688, "10": 3.3713466083377455, "11": 3.3713466083377455, "12": 3.3713466083377455, "13": 3.3713466083377455, "14": 3.3713466083377455, "15": 2.6887719505346155, "16": 1.869310448136467, "17": 1.869310448136467, "18": 1.556784655591862, "19": 1.556784655591862, "20": 1.556784655591862, "21": 1.556784655591862, "22": 1.556784655591862, "23": 1.556784655591862, "24": 1.556784655591862, "25": 1.556784655591862, "26": 1.556784655591862, "27": 1.556784655591862, "28": 1.556784655591862, "29": 1.556784655591862, "30": 1.556784655591862, "31": 1.556784655591862, "32": 1.556784655591862, "33": 1.556784655591862, "34": 1.556784655591862, "35": 1.556784655591862, "36": 1.556784655591862, "37": 1.556784655591862, "38": 1.556784655591862, "39": 1.556784655591862, "40": 1.556784655591862, "41": 1.556784655591862, "42": 1.556784655591862, "43": 1.556784655591862, "44": 1.556784655591862, "45": 1.556784655591862, "46": 1.556784655591862, "47": 1.556784655591862, "48": 1.556784655591862, "49": 1.556784655591862, "50": 1.556784655591862, "51": 1.556784655591862, "52": 1.556784655591862, "53": 1.556784655591862, "54": 1.556784655591862, "55": 1.556784655591862, "56": 1.556784655591862, "57": 1.556784655591862, "58": 1.556784655591862, "59": 1.556784655591862, "60": 1.556784655591862, "61": 1.556784655591862, "62": 1.556784655591862, "63": 1.556784655591862, "64": 1.556784655591862, "65": 1.556784655591862, "66": 1.556784655591862, "67": 1.556784655591862, "68": 1.556784655591862, "69": 1.556784655591862, "70": 1.556784655591862, "71": 1.556784655591862, "72": 1.556784655591862, "73": 1.556784655591862, "74": 1.556784655591862, "75": 1.556784655591862, "76": 1.556784655591862, "77": 1.556784655591862, "78": 1.556784655591862, "79": 1.556784655591862, "80": 1.556784655591862, "81": 1.556784655591862, "82": 1.556784655591862, "83": 1.5261893755805218, "84": 1.5261893755805218, "85": 1.5261893755805218, "86": 1.5261893755805218, "87": 1.5261893755805218, "88": 1.5261893755805218, "89": 1.5261893755805218, "90": 1.5261893755805218, "91": 1.5261893755805218, "92": 1.5261893755805218, "93": 1.5261893755805218, "94": 1.5261893755805218, "95": 1.5261893755805218, "96": 1.5261893755805218, "97": 1.5261893755805218, "98": 1.5261893755805218, "99": 1.5261893755805218, "100": 1.5261893755805218}