{"0": 23.005355711308543, "1": 23.005355711308543, "2": 8.06016693130003, "3": 8.06016693130003, "4": 8.06016693130003, "5": 8.06016693130003, "6": 8.06016693130003, "7": 8.06016693130003, "8": 8.057439203043531, "9": 8.057439203043531, "10": 8.057439203043531, "11": 7.951773072901801, "12": 1.5127940426527857, "13": 1.5127940426527857, "14": 1.5127940426527857, "15": 1.5127940426527857, "16": 1.5127940426527857, "17": 1.5127940426527857, "18": 1.2073969491162906, "19": 1.2073969491162906, "20": 1.2073969491162906, "21": 1.2073969491162906, "22": 1.2073969491162906, "23": 1.2073969491162906, "24": 1.2073969491162906, "25": 0.3614094386678559, "26": 0.3614094386678559, "27": 0.3614094386678559, "28": 0.3614094386678559, "29": 0.3614094386678559, "30": 0.3614094386678559, "31": 0.3614094386678559, "32": 0.3614094386678559, "33": 0.24542416095078323, "34": 0.24542416095078323, "35": 0.24542416095078323, "36": 0.24542416095078323, "37": 0.24542416095078323, "38": 0.24542416095078323, "39": 0.24542416095078323, "40": 0.24542416095078323, "41": 0.24542416095078323, "42": 0.24542416095078323, "43": 0.24542416095078323, "44": 0.24542416095078323, "45": 0.24542416095078323, "46": 0.24542416095078323, "47": 0.24542416095078323, "48": 0.24542416095078323, "49": 0.24542416095078323, "50": 0.24542416095078323, "51": 0.24542416095078323, "52": 0.24542416095078323, "53": 0.24542416095078323, "54": 0.24542416095078323, "55": 0.24542416095078323, "56": 0.24542416095078323, "57": 0.24542416095078323, "58": 0.24542416095078323, "59": 0.24542416095078323, "60": 0.24542416095078323, "61": 0.24542416095078323, "62": 0.24542416095078323, "63": 0.24542416095078323, "64": 0.24542416095078323, "65": 0.24542416095078323, "66": 0.24542416095078323, "67": 0.24542416095078323, "68": 0.24542416095078323, "69": 0.24542416095078323, "70": 0.24542416095078323, "71": 0.24542416095078323, "72": 0.24542416095078323, "73": 0.24542416095078323, "74": 0.24542416095078323, "75": 0.24542416095078323, "76": 0.24542416095078323, "77": 0.24542416095078323, "78": 0.24542416095078323, "79": 0.24542416095078323, "80": 0.24542416095078323, "81": 0.24542416095078323, "82": 0.24542416095078323, "83": 0.24542416095078323, "84": 0.24542416095078323, "85": 0.24542416095078323, "86": 0.24542416095078323, "87": 0.24542416095078323, "88": 0.24542416095078323, "89": 0.24542416095078323, "90": 0.24542416095078323, "91": 0.24542416095078323, "92": 0.24542416095078323, "93": 0.24542416095078323, "94": 0.24542416095078323, "95": 0.24542416095078323, "96": 0.24542416095078323, "97": 0.24542416095078323, "98": 0.24542416095078323, "99": 0.24542416095078323, "100": 0.24542416095078323}