{"0": 18.692592161138812, "1": 18.692592161138812, "2": 3.053628878995891, "3": 3.053628878995891, "4": 3.053628878995891, "5": 3.053628878995891, "6": 3.053628878995891, "7": 3.053628878995891, "8": 3.053628878995891, "9": 2.4190545888143724, "10": 2.4190545888143724, "11": 2.4190545888143724, "12": 2.4190545888143724, "13": 2.4190545888143724, "14": 2.4190545888143724, "15": 2.4190545888143724, "16": 2.2744297124614725, "17": 2.2744297124614725, "18": 2.2744297124614725, "19": 1.950938146273316, "20": 1.950938146273316, "21": 1.950938146273316, "22": 1.950938146273316, "23": 1.950938146273316, "24": 1.950938146273316, "25": 1.950938146273316, "26": 1.950938146273316, "27": 1.950938146273316, "28": 1.950938146273316, "29": 1.950938146273316, "30": 1.950938146273316, "31": 1.950938146273316, "32": 1.950938146273316, "33": 1.950938146273316, "34": 1.950938146273316, "35": 1.950938146273316, "36": 1.950938146273316, "37": 1.950938146273316, "38": 1.950938146273316, "39": 1.950938146273316, "40": 1.950938146273316, "41": 1.950938146273316, "42": 1.950938146273316, "43": 1.950938146273316, "44": 1.950938146273316, "45": 1.950938146273316, "46": 1.950938146273316, "47": 1.950938146273316, "48": 1.950938146273316, "49": 1.950938146273316, "50": 1.950938146273316, "51": 1.950938146273316, "52": 1.950938146273316, "53": 1.950938146273316, "54": 1.950938146273316, "55": 1.950938146273316, "56": 1.950938146273316, "57": 1.950938146273316, "58": 1.950938146273316, "59": 1.950938146273316, "60": 1.950938146273316, "61": 1.950938146273316, "62": 1.950938146273316, "63": 1.950938146273316, "64": 1.950938146273316, "65": 1.950938146273316, "66": 1.950938146273316, "67": 1.950938146273316, "68": 1.950938146273316, "69": 1.950938146273316, "70": 1.950938146273316, "71": 1.950938146273316, "72": 1.950938146273316, "73": 1.950938146273316, "74": 1.950938146273316, "75": 1.950938146273316, "76": 1.950938146273316, "77": 1.950938146273316, "78": 1.044660008744323, "79": 1.044660008744323, "80": 1.044660008744323, "81": 1.044660008744323, "82": 1.044660008744323, "83": 1.044660008744323, "84": 1.044660008744323, "85": 1.044660008744323, "86": 1.044660008744323, "87": 1.044660008744323, "88": 1.044660008744323, "89": 1.044660008744323, "90": 1.044660008744323, "91": 1.044660008744323, "92": 1.044660008744323, "93": 1.044660008744323, "94": 1.044660008744323, "95": 1.044660008744323, "96": 1.044660008744323, "97": 1.044660008744323, "98": 1.044660008744323, "99": 1.044660008744323, "100": 1.044660008744323}