{"0": 27.24138722191734, "1": 18.248001716628348, "2": 18.248001716628348, "3": 16.652171753346593, "4": 14.546415071744299, "5": 14.546415071744299, "6": 11.496866585825716, "7": 11.496866585825716, "8": 3.907834028621238, "9": 3.320834408049855, "10": 3.320834408049855, "11": 3.320834408049855, "12": 3.320834408049855, "13": 3.320834408049855, "14": 3.320834408049855, "15": 0.8421252029871553, "16": 0.8421252029871553, "17": 0.8421252029871553, "18": 0.8421252029871553, "19": 0.8421252029871553, "20": 0.8421252029871553, "21": 0.8421252029871553, "22": 0.6204719259557407, "23": 0.11472816954547227, "24": 0.11472816954547227, "25": 0.11472816954547227, "26": 0.11472816954547227, "27": 0.11472816954547227, "28": 0.11472816954547227, "29": 0.11472816954547227, "30": 0.11472816954547227, "31": 0.11472816954547227, "32": 0.11472816954547227, "33": 0.11472816954547227, "34": 0.11472816954547227, "35": 0.11472816954547227, "36": 0.11472816954547227, "37": 0.11472816954547227, "38": 0.11472816954547227, "39": 0.11472816954547227, "40": 0.11472816954547227, "41": 0.11472816954547227, "42": 0.11472816954547227, "43": 0.11472816954547227, "44": 0.11472816954547227, "45": 0.11472816954547227, "46": 0.11472816954547227, "47": 0.11472816954547227, "48": 0.11472816954547227, "49": 0.11472816954547227, "50": 0.11472816954547227, "51": 0.11472816954547227, "52": 0.11472816954547227, "53": 0.11472816954547227, "54": 0.11472816954547227, "55": 0.11472816954547227, "56": 0.11472816954547227, "57": 0.11472816954547227, "58": 0.11472816954547227, "59": 0.11472816954547227, "60": 0.11472816954547227, "61": 0.11472816954547227, "62": 0.11472816954547227, "63": 0.11472816954547227, "64": 0.11472816954547227, "65": 0.11472816954547227, "66": 0.11472816954547227, "67": 0.11472816954547227, "68": 0.11472816954547227, "69": 0.11472816954547227, "70": 0.11472816954547227, "71": 0.11472816954547227, "72": 0.11472816954547227, "73": 0.11472816954547227, "74": 0.11472816954547227, "75": 0.11472816954547227, "76": 0.11472816954547227, "77": 0.11472816954547227, "78": 0.11472816954547227, "79": 0.11472816954547227, "80": 0.11472816954547227, "81": 0.11472816954547227, "82": 0.11472816954547227, "83": 0.11472816954547227, "84": 0.11472816954547227, "85": 0.11472816954547227, "86": 0.11472816954547227, "87": 0.11472816954547227, "88": 0.11472816954547227, "89": 0.11472816954547227, "90": 0.11472816954547227, "91": 0.11472816954547227, "92": 0.11472816954547227, "93": 0.11472816954547227, "94": 0.11472816954547227, "95": 0.11472816954547227, "96": 0.11472816954547227, "97": 0.11472816954547227, "98": 0.11472816954547227, "99": 0.11472816954547227, "100": 0.11472816954547227}