{"0": 14.50542985195988, "1": 6.946389913328748, "2": 6.946389913328748, "3": 6.946389913328748, "4": 6.946389913328748, "5": 4.785524760162119, "6": 4.785524760162119, "7": 4.785524760162119, "8": 2.4585991949056876, "9": 2.4585991949056876, "10": 2.4585991949056876, "11": 2.4585991949056876, "12": 2.4585991949056876, "13": 2.4585991949056876, "14": 2.4585991949056876, "15": 2.4585991949056876, "16": 2.4585991949056876, "17": 2.4585991949056876, "18": 2.4585991949056876, "19": 1.0377153979355498, "20": 1.0377153979355498, "21": 1.0377153979355498, "22": 1.0377153979355498, "23": 0.688208114229429, "24": 0.688208114229429, "25": 0.688208114229429, "26": 0.688208114229429, "27": 0.688208114229429, "28": 0.688208114229429, "29": 0.688208114229429, "30": 0.688208114229429, "31": 0.688208114229429, "32": 0.688208114229429, "33": 0.07124028599927357, "34": 0.07124028599927357, "35": 0.07124028599927357, "36": 0.07124028599927357, "37": 0.07124028599927357, "38": 0.07124028599927357, "39": 0.07124028599927357, "40": 0.07124028599927357, "41": 0.07124028599927357, "42": 0.07124028599927357, "43": 0.07124028599927357, "44": 0.07124028599927357, "45": 0.07124028599927357, "46": 0.07124028599927357, "47": 0.07124028599927357, "48": 0.07124028599927357, "49": 0.07124028599927357, "50": 0.07124028599927357, "51": 0.07124028599927357, "52": 0.07124028599927357, "53": 0.07124028599927357, "54": 0.07124028599927357, "55": 0.07124028599927357, "56": 0.07124028599927357, "57": 0.07124028599927357, "58": 0.07124028599927357, "59": 0.07124028599927357, "60": 0.07124028599927357, "61": 0.07124028599927357, "62": 0.07124028599927357, "63": 0.07124028599927357, "64": 0.07124028599927357, "65": 0.07124028599927357, "66": 0.07124028599927357, "67": 0.07124028599927357, "68": 0.07124028599927357, "69": 0.07124028599927357, "70": 0.07124028599927357, "71": 0.07124028599927357, "72": 0.07124028599927357, "73": 0.07124028599927357, "74": 0.07124028599927357, "75": 0.07124028599927357, "76": 0.07124028599927357, "77": 0.07124028599927357, "78": 0.07124028599927357, "79": 0.07124028599927357, "80": 0.07124028599927357, "81": 0.07124028599927357, "82": 0.07124028599927357, "83": 0.07124028599927357, "84": 0.07124028599927357, "85": 0.07124028599927357, "86": 0.07124028599927357, "87": 0.07124028599927357, "88": 0.07124028599927357, "89": 0.07124028599927357, "90": 0.07124028599927357, "91": 0.07124028599927357, "92": 0.07124028599927357, "93": 0.07124028599927357, "94": 0.07124028599927357, "95": 0.07124028599927357, "96": 0.07124028599927357, "97": 0.07124028599927357, "98": 0.07124028599927357, "99": 0.07124028599927357, "100": 0.07124028599927357}