{"0": 26.11657255822999, "1": 22.92660087888083, "2": 21.9140630704104, "3": 6.329944902224295, "4": 6.329944902224295, "5": 6.329944902224295, "6": 6.329944902224295, "7": 6.329944902224295, "8": 6.329944902224295, "9": 6.329944902224295, "10": 6.329944902224295, "11": 4.392973713012708, "12": 4.392973713012708, "13": 4.392973713012708, "14": 4.392973713012708, "15": 4.392973713012708, "16": 4.392973713012708, "17": 4.392973713012708, "18": 2.183037948328554, "19": 2.183037948328554, "20": 2.183037948328554, "21": 2.183037948328554, "22": 2.183037948328554, "23": 2.183037948328554, "24": 2.183037948328554, "25": 2.183037948328554, "26": 2.183037948328554, "27": 2.183037948328554, "28": 2.183037948328554, "29": 2.183037948328554, "30": 1.6267521753185292, "31": 1.6267521753185292, "32": 1.6267521753185292, "33": 1.6267521753185292, "34": 1.6267521753185292, "35": 1.6267521753185292, "36": 1.6267521753185292, "37": 1.6267521753185292, "38": 1.6267521753185292, "39": 1.6267521753185292, "40": 1.6267521753185292, "41": 1.6267521753185292, "42": 1.6267521753185292, "43": 1.6267521753185292, "44": 1.6267521753185292, "45": 1.6267521753185292, "46": 1.6267521753185292, "47": 1.6267521753185292, "48": 1.6267521753185292, "49": 1.6267521753185292, "50": 1.6267521753185292, "51": 1.6267521753185292, "52": 1.6267521753185292, "53": 1.6267521753185292, "54": 1.6267521753185292, "55": 1.6267521753185292, "56": 1.6267521753185292, "57": 1.6267521753185292, "58": 1.6267521753185292, "59": 1.6267521753185292, "60": 1.6267521753185292, "61": 1.6267521753185292, "62": 1.6267521753185292, "63": 1.6267521753185292, "64": 1.6267521753185292, "65": 1.6267521753185292, "66": 1.6267521753185292, "67": 1.6267521753185292, "68": 1.6267521753185292, "69": 1.6267521753185292, "70": 1.6267521753185292, "71": 1.6267521753185292, "72": 1.6267521753185292, "73": 1.6267521753185292, "74": 1.6267521753185292, "75": 1.6267521753185292, "76": 1.6267521753185292, "77": 1.6267521753185292, "78": 1.6267521753185292, "79": 1.6267521753185292, "80": 1.6267521753185292, "81": 1.6267521753185292, "82": 1.6267521753185292, "83": 1.6267521753185292, "84": 1.6267521753185292, "85": 1.6267521753185292, "86": 1.6267521753185292, "87": 1.6267521753185292, "88": 1.6267521753185292, "89": 1.6267521753185292, "90": 1.6267521753185292, "91": 1.6267521753185292, "92": 1.6267521753185292, "93": 1.6267521753185292, "94": 1.6267521753185292, "95": 1.6267521753185292, "96": 1.6267521753185292, "97": 1.6267521753185292, "98": 1.6267521753185292, "99": 1.6267521753185292, "100": 1.6267521753185292}