{"0": 34.859575248352776, "1": 23.7153204311233, "2": 17.070123855231255, "3": 10.59779217914218, "4": 10.59779217914218, "5": 7.782016470596609, "6": 5.049661041177519, "7": 2.331135667171928, "8": 2.331135667171928, "9": 2.331135667171928, "10": 0.16213385720052997, "11": 0.16213385720052997, "12": 0.16213385720052997, "13": 0.16213385720052997, "14": 0.16213385720052997, "15": 0.16213385720052997, "16": 0.16213385720052997, "17": 0.15454834440860665, "18": 0.15454834440860665, "19": 0.15454834440860665, "20": 0.15454834440860665, "21": 0.15454834440860665, "22": 0.15454834440860665, "23": 0.15454834440860665, "24": 0.15454834440860665, "25": 0.15454834440860665, "26": 0.15454834440860665, "27": 0.15454834440860665, "28": 0.15454834440860665, "29": 0.15454834440860665, "30": 0.15454834440860665, "31": 0.15454834440860665, "32": 0.15454834440860665, "33": 0.15454834440860665, "34": 0.15454834440860665, "35": 0.15454834440860665, "36": 0.15454834440860665, "37": 0.15454834440860665, "38": 0.15454834440860665, "39": 0.15454834440860665, "40": 0.15454834440860665, "41": 0.15454834440860665, "42": 0.15454834440860665, "43": 0.15454834440860665, "44": 0.15454834440860665, "45": 0.15454834440860665, "46": 0.15454834440860665, "47": 0.15454834440860665, "48": 0.15454834440860665, "49": 0.15454834440860665, "50": 0.15454834440860665, "51": 0.15454834440860665, "52": 0.15454834440860665, "53": 0.15454834440860665, "54": 0.15454834440860665, "55": 0.15454834440860665, "56": 0.15454834440860665, "57": 0.15454834440860665, "58": 0.15454834440860665, "59": 0.15454834440860665, "60": 0.15454834440860665, "61": 0.15454834440860665, "62": 0.15454834440860665, "63": 0.15454834440860665, "64": 0.15295571975169509, "65": 0.15295571975169509, "66": 0.15295571975169509, "67": 0.15295571975169509, "68": 0.15295571975169509, "69": 0.15295571975169509, "70": 0.15295571975169509, "71": 0.15295571975169509, "72": 0.15295571975169509, "73": 0.15295571975169509, "74": 0.15295571975169509, "75": 0.15295571975169509, "76": 0.15295571975169509, "77": 0.15295571975169509, "78": 0.15295571975169509, "79": 0.15295571975169509, "80": 0.15295571975169509, "81": 0.15295571975169509, "82": 0.15295571975169509, "83": 0.15295571975169509, "84": 0.015654646476672696, "85": 0.015654646476672696, "86": 0.015654646476672696, "87": 0.015654646476672696, "88": 0.015654646476672696, "89": 0.015654646476672696, "90": 0.015654646476672696, "91": 0.015654646476672696, "92": 0.015654646476672696, "93": 0.015654646476672696, "94": 0.015654646476672696, "95": 0.015654646476672696, "96": 0.015654646476672696, "97": 0.015654646476672696, "98": 0.015654646476672696, "99": 0.015654646476672696, "100": 0.015654646476672696}