{"0": 27.012126407853934, "1": 13.350455126203828, "2": 10.384317489617334, "3": 10.384317489617334, "4": 7.705113462851749, "5": 6.866432035689293, "6": 6.866432035689293, "7": 6.866432035689293, "8": 6.866432035689293, "9": 6.866432035689293, "10": 3.4653051434457076, "11": 3.4653051434457076, "12": 3.4653051434457076, "13": 3.4653051434457076, "14": 3.4653051434457076, "15": 3.4653051434457076, "16": 1.7068418354660864, "17": 1.7068418354660864, "18": 1.7068418354660864, "19": 1.7068418354660864, "20": 1.7068418354660864, "21": 1.7068418354660864, "22": 1.7068418354660864, "23": 1.0106811722669313, "24": 1.0106811722669313, "25": 1.0106811722669313, "26": 1.0106811722669313, "27": 1.0106811722669313, "28": 1.0106811722669313, "29": 1.0106811722669313, "30": 1.0106811722669313, "31": 1.0106811722669313, "32": 1.0106811722669313, "33": 1.0106811722669313, "34": 1.0106811722669313, "35": 1.0106811722669313, "36": 1.0106811722669313, "37": 1.0106811722669313, "38": 1.0106811722669313, "39": 1.0106811722669313, "40": 1.0106811722669313, "41": 1.0106811722669313, "42": 1.0106811722669313, "43": 1.0106811722669313, "44": 1.0106811722669313, "45": 1.0106811722669313, "46": 1.0106811722669313, "47": 1.0106811722669313, "48": 1.0106811722669313, "49": 1.0106811722669313, "50": 1.0106811722669313, "51": 1.0106811722669313, "52": 1.0106811722669313, "53": 1.0106811722669313, "54": 1.0106811722669313, "55": 1.0106811722669313, "56": 1.0106811722669313, "57": 1.0106811722669313, "58": 1.0106811722669313, "59": 1.0106811722669313, "60": 1.0106811722669313, "61": 1.0106811722669313, "62": 1.0106811722669313, "63": 1.0106811722669313, "64": 1.0106811722669313, "65": 1.0106811722669313, "66": 1.0106811722669313, "67": 1.0106811722669313, "68": 1.0106811722669313, "69": 1.0106811722669313, "70": 1.0106811722669313, "71": 0.4402701522234054, "72": 0.4402701522234054, "73": 0.4402701522234054, "74": 0.4402701522234054, "75": 0.4402701522234054, "76": 0.4402701522234054, "77": 0.4402701522234054, "78": 0.4402701522234054, "79": 0.4402701522234054, "80": 0.4402701522234054, "81": 0.4402701522234054, "82": 0.4402701522234054, "83": 0.4402701522234054, "84": 0.4402701522234054, "85": 0.4402701522234054, "86": 0.4402701522234054, "87": 0.4402701522234054, "88": 0.4402701522234054, "89": 0.4402701522234054, "90": 0.4402701522234054, "91": 0.4402701522234054, "92": 0.4402701522234054, "93": 0.4402701522234054, "94": 0.4402701522234054, "95": 0.4402701522234054, "96": 0.4402701522234054, "97": 0.4402701522234054, "98": 0.4402701522234054, "99": 0.4402701522234054, "100": 0.4402701522234054}