{"0": 26.004850668362256, "1": 13.179307346815353, "2": 13.179307346815353, "3": 13.179307346815353, "4": 13.179307346815353, "5": 9.763853301022257, "6": 9.763853301022257, "7": 7.162876601659562, "8": 7.162876601659562, "9": 7.162876601659562, "10": 7.162876601659562, "11": 7.162876601659562, "12": 2.5940113500550837, "13": 2.5940113500550837, "14": 2.5940113500550837, "15": 2.5940113500550837, "16": 2.5940113500550837, "17": 2.5940113500550837, "18": 2.5940113500550837, "19": 2.4952010807004292, "20": 2.4952010807004292, "21": 2.4952010807004292, "22": 2.4952010807004292, "23": 2.4952010807004292, "24": 2.4952010807004292, "25": 2.4952010807004292, "26": 2.4952010807004292, "27": 2.4952010807004292, "28": 2.423503207920227, "29": 2.423503207920227, "30": 2.423503207920227, "31": 2.423503207920227, "32": 2.423503207920227, "33": 2.423503207920227, "34": 2.237820562006334, "35": 2.237820562006334, "36": 2.237820562006334, "37": 2.237820562006334, "38": 2.237820562006334, "39": 2.237820562006334, "40": 2.237820562006334, "41": 2.237820562006334, "42": 2.237820562006334, "43": 2.237820562006334, "44": 2.237820562006334, "45": 2.237820562006334, "46": 2.237820562006334, "47": 2.237820562006334, "48": 2.237820562006334, "49": 2.237820562006334, "50": 2.237820562006334, "51": 2.237820562006334, "52": 2.237820562006334, "53": 2.237820562006334, "54": 2.237820562006334, "55": 2.237820562006334, "56": 2.237820562006334, "57": 2.237820562006334, "58": 2.237820562006334, "59": 2.237820562006334, "60": 2.237820562006334, "61": 2.237820562006334, "62": 1.829407095402381, "63": 1.829407095402381, "64": 1.829407095402381, "65": 1.829407095402381, "66": 1.829407095402381, "67": 1.679101216537294, "68": 1.679101216537294, "69": 1.679101216537294, "70": 1.679101216537294, "71": 1.679101216537294, "72": 1.679101216537294, "73": 1.679101216537294, "74": 1.679101216537294, "75": 1.679101216537294, "76": 1.679101216537294, "77": 1.679101216537294, "78": 1.679101216537294, "79": 1.679101216537294, "80": 1.679101216537294, "81": 1.679101216537294, "82": 1.679101216537294, "83": 1.679101216537294, "84": 1.679101216537294, "85": 1.679101216537294, "86": 1.679101216537294, "87": 1.679101216537294, "88": 1.679101216537294, "89": 1.679101216537294, "90": 1.679101216537294, "91": 1.568624090149818, "92": 1.568624090149818, "93": 1.568624090149818, "94": 1.568624090149818, "95": 1.568624090149818, "96": 1.568624090149818, "97": 1.568624090149818, "98": 1.568624090149818, "99": 1.568624090149818, "100": 1.568624090149818}