{"0": 7.595540713149706, "1": 7.595540713149706, "2": 7.595540713149706, "3": 7.595540713149706, "4": 4.5875077394280535, "5": 4.5875077394280535, "6": 4.5875077394280535, "7": 4.5875077394280535, "8": 4.5875077394280535, "9": 4.5875077394280535, "10": 4.5875077394280535, "11": 2.817975116715335, "12": 2.740247561827193, "13": 2.7388796250293304, "14": 2.7388796250293304, "15": 2.7388796250293304, "16": 2.7388796250293304, "17": 2.7388796250293304, "18": 2.7388796250293304, "19": 2.7388796250293304, "20": 2.7388796250293304, "21": 2.7388796250293304, "22": 2.6914378418265663, "23": 2.6914378418265663, "24": 2.6914378418265663, "25": 2.6914378418265663, "26": 2.6914378418265663, "27": 2.6914378418265663, "28": 2.6914378418265663, "29": 2.6914378418265663, "30": 2.6914378418265663, "31": 2.6914378418265663, "32": 2.6914378418265663, "33": 2.6914378418265663, "34": 2.6914378418265663, "35": 2.6914378418265663, "36": 2.6914378418265663, "37": 2.6914378418265663, "38": 2.6914378418265663, "39": 2.6914378418265663, "40": 2.6914378418265663, "41": 2.6914378418265663, "42": 2.6914378418265663, "43": 2.6914378418265663, "44": 2.6914378418265663, "45": 2.6914378418265663, "46": 2.6914378418265663, "47": 2.6914378418265663, "48": 2.6914378418265663, "49": 2.6914378418265663, "50": 2.6914378418265663, "51": 2.6914378418265663, "52": 2.6914378418265663, "53": 2.6914378418265663, "54": 2.6914378418265663, "55": 2.6914378418265663, "56": 2.6914378418265663, "57": 2.6914378418265663, "58": 2.6914378418265663, "59": 2.6914378418265663, "60": 2.6914378418265663, "61": 2.6914378418265663, "62": 2.6914378418265663, "63": 2.6914378418265663, "64": 2.6914378418265663, "65": 2.6914378418265663, "66": 2.6914378418265663, "67": 2.6914378418265663, "68": 2.6914378418265663, "69": 2.6914378418265663, "70": 2.6914378418265663, "71": 2.6914378418265663, "72": 2.6914378418265663, "73": 2.6914378418265663, "74": 2.6914378418265663, "75": 2.6914378418265663, "76": 2.6914378418265663, "77": 2.6914378418265663, "78": 2.3889677518828485, "79": 2.3889677518828485, "80": 2.3889677518828485, "81": 2.3889677518828485, "82": 2.3889677518828485, "83": 2.3889677518828485, "84": 2.3889677518828485, "85": 2.3889677518828485, "86": 2.3889677518828485, "87": 2.3889677518828485, "88": 2.3889677518828485, "89": 2.3889677518828485, "90": 2.3889677518828485, "91": 2.3889677518828485, "92": 2.3889677518828485, "93": 2.3889677518828485, "94": 2.3889677518828485, "95": 2.3889677518828485, "96": 2.3889677518828485, "97": 2.3889677518828485, "98": 2.3889677518828485, "99": 2.3889677518828485, "100": 2.3889677518828485}