{"0": 24.27990895060724, "1": 15.601925486367731, "2": 6.721393861552986, "3": 6.721393861552986, "4": 6.721393861552986, "5": 6.721393861552986, "6": 6.721393861552986, "7": 6.721393861552986, "8": 5.701973969720473, "9": 5.701973969720473, "10": 5.701973969720473, "11": 5.701973969720473, "12": 5.701973969720473, "13": 5.701973969720473, "14": 5.701973969720473, "15": 5.701973969720473, "16": 5.701973969720473, "17": 4.779556738218979, "18": 4.779556738218979, "19": 0.24388333022445607, "20": 0.24388333022445607, "21": 0.24388333022445607, "22": 0.24388333022445607, "23": 0.24388333022445607, "24": 0.24388333022445607, "25": 0.24388333022445607, "26": 0.24388333022445607, "27": 0.24388333022445607, "28": 0.24388333022445607, "29": 0.24388333022445607, "30": 0.24388333022445607, "31": 0.24388333022445607, "32": 0.24388333022445607, "33": 0.24388333022445607, "34": 0.24388333022445607, "35": 0.24388333022445607, "36": 0.24388333022445607, "37": 0.24388333022445607, "38": 0.24388333022445607, "39": 0.24388333022445607, "40": 0.24388333022445607, "41": 0.24388333022445607, "42": 0.24388333022445607, "43": 0.24388333022445607, "44": 0.24388333022445607, "45": 0.24388333022445607, "46": 0.24388333022445607, "47": 0.24388333022445607, "48": 0.24388333022445607, "49": 0.24388333022445607, "50": 0.24388333022445607, "51": 0.24388333022445607, "52": 0.24388333022445607, "53": 0.24388333022445607, "54": 0.14309049275331986, "55": 0.14309049275331986, "56": 0.14309049275331986, "57": 0.14309049275331986, "58": 0.14309049275331986, "59": 0.14309049275331986, "60": 0.14309049275331986, "61": 0.14309049275331986, "62": 0.14309049275331986, "63": 0.14309049275331986, "64": 0.14309049275331986, "65": 0.14309049275331986, "66": 0.14309049275331986, "67": 0.14309049275331986, "68": 0.14309049275331986, "69": 0.14309049275331986, "70": 0.14309049275331986, "71": 0.14309049275331986, "72": 0.14309049275331986, "73": 0.14309049275331986, "74": 0.14309049275331986, "75": 0.14309049275331986, "76": 0.14309049275331986, "77": 0.14309049275331986, "78": 0.14309049275331986, "79": 0.14309049275331986, "80": 0.14309049275331986, "81": 0.14309049275331986, "82": 0.14309049275331986, "83": 0.14309049275331986, "84": 0.14309049275331986, "85": 0.14309049275331986, "86": 0.14309049275331986, "87": 0.14309049275331986, "88": 0.14309049275331986, "89": 0.14309049275331986, "90": 0.14309049275331986, "91": 0.14309049275331986, "92": 0.14309049275331986, "93": 0.14309049275331986, "94": 0.14309049275331986, "95": 0.14309049275331986, "96": 0.14309049275331986, "97": 0.14309049275331986, "98": 0.14309049275331986, "99": 0.14309049275331986, "100": 0.14309049275331986}