{"0": 12.721411628143727, "1": 12.721411628143727, "2": 8.42530556666447, "3": 8.42530556666447, "4": 8.42530556666447, "5": 8.42530556666447, "6": 4.092079961964158, "7": 4.092079961964158, "8": 4.092079961964158, "9": 4.092079961964158, "10": 4.092079961964158, "11": 4.092079961964158, "12": 4.092079961964158, "13": 4.092079961964158, "14": 4.092079961964158, "15": 4.092079961964158, "16": 4.092079961964158, "17": 4.092079961964158, "18": 4.092079961964158, "19": 2.873812377101565, "20": 2.834241533089255, "21": 2.834241533089255, "22": 2.834241533089255, "23": 2.834241533089255, "24": 2.834241533089255, "25": 2.834241533089255, "26": 2.834241533089255, "27": 2.79887849849559, "28": 2.79887849849559, "29": 2.79887849849559, "30": 2.79887849849559, "31": 2.79887849849559, "32": 2.79887849849559, "33": 2.79887849849559, "34": 2.79887849849559, "35": 2.79887849849559, "36": 2.79887849849559, "37": 2.79887849849559, "38": 2.79887849849559, "39": 2.79887849849559, "40": 2.79887849849559, "41": 2.79887849849559, "42": 2.7284624821716505, "43": 2.7284624821716505, "44": 2.7284624821716505, "45": 2.7284624821716505, "46": 1.6661931995910741, "47": 1.6661931995910741, "48": 1.6661931995910741, "49": 1.6661931995910741, "50": 1.6661931995910741, "51": 1.6661931995910741, "52": 1.5685638513289675, "53": 1.5685638513289675, "54": 1.5685638513289675, "55": 1.5685638513289675, "56": 1.5685638513289675, "57": 1.5685638513289675, "58": 1.5685638513289675, "59": 1.5685638513289675, "60": 1.5685638513289675, "61": 1.5685638513289675, "62": 1.5685638513289675, "63": 1.5685638513289675, "64": 1.5685638513289675, "65": 1.5685638513289675, "66": 1.5685638513289675, "67": 1.5685638513289675, "68": 1.5685638513289675, "69": 1.5685638513289675, "70": 1.5685638513289675, "71": 1.5685638513289675, "72": 1.5685638513289675, "73": 1.5685638513289675, "74": 1.5685638513289675, "75": 1.5685638513289675, "76": 1.5685638513289675, "77": 1.5685638513289675, "78": 1.5685638513289675, "79": 1.5685638513289675, "80": 1.5685638513289675, "81": 1.5685638513289675, "82": 1.5685638513289675, "83": 1.5685638513289675, "84": 1.5685638513289675, "85": 1.5685638513289675, "86": 1.5685638513289675, "87": 1.5685638513289675, "88": 1.5685638513289675, "89": 1.5685638513289675, "90": 1.5685638513289675, "91": 1.5685638513289675, "92": 1.5685638513289675, "93": 1.5685638513289675, "94": 1.5685638513289675, "95": 1.5685638513289675, "96": 1.5685638513289675, "97": 1.5685638513289675, "98": 1.5685638513289675, "99": 1.5685638513289675, "100": 1.5685638513289675}