{"0": 20.604830071787, "1": 20.604830071787, "2": 16.934543904431838, "3": 7.2725309031414955, "4": 7.2725309031414955, "5": 5.190164113306826, "6": 5.190164113306826, "7": 5.190164113306826, "8": 5.190164113306826, "9": 5.190164113306826, "10": 2.004942784644655, "11": 2.004942784644655, "12": 2.004942784644655, "13": 2.004942784644655, "14": 2.004942784644655, "15": 2.004942784644655, "16": 2.004942784644655, "17": 2.004942784644655, "18": 2.004942784644655, "19": 1.9070642658678736, "20": 1.838533117940166, "21": 1.838533117940166, "22": 1.838533117940166, "23": 1.838533117940166, "24": 1.096649509928593, "25": 1.096649509928593, "26": 1.096649509928593, "27": 1.096649509928593, "28": 1.096649509928593, "29": 1.096649509928593, "30": 1.096649509928593, "31": 1.096649509928593, "32": 1.096649509928593, "33": 1.096649509928593, "34": 1.096649509928593, "35": 1.096649509928593, "36": 1.096649509928593, "37": 1.096649509928593, "38": 1.096649509928593, "39": 1.096649509928593, "40": 1.096649509928593, "41": 1.096649509928593, "42": 1.096649509928593, "43": 1.096649509928593, "44": 1.096649509928593, "45": 1.096649509928593, "46": 1.096649509928593, "47": 1.096649509928593, "48": 1.096649509928593, "49": 1.096649509928593, "50": 1.096649509928593, "51": 1.096649509928593, "52": 1.096649509928593, "53": 1.096649509928593, "54": 1.096649509928593, "55": 1.096649509928593, "56": 1.096649509928593, "57": 1.096649509928593, "58": 1.096649509928593, "59": 1.096649509928593, "60": 1.096649509928593, "61": 1.096649509928593, "62": 1.096649509928593, "63": 1.096649509928593, "64": 1.096649509928593, "65": 1.096649509928593, "66": 1.096649509928593, "67": 1.096649509928593, "68": 1.096649509928593, "69": 1.096649509928593, "70": 1.096649509928593, "71": 1.096649509928593, "72": 1.096649509928593, "73": 1.096649509928593, "74": 1.096649509928593, "75": 1.096649509928593, "76": 1.096649509928593, "77": 1.096649509928593, "78": 1.096649509928593, "79": 1.096649509928593, "80": 1.096649509928593, "81": 1.096649509928593, "82": 1.096649509928593, "83": 1.096649509928593, "84": 1.096649509928593, "85": 1.096649509928593, "86": 1.096649509928593, "87": 1.096649509928593, "88": 1.096649509928593, "89": 1.096649509928593, "90": 1.096649509928593, "91": 1.096649509928593, "92": 1.096649509928593, "93": 1.096649509928593, "94": 1.096649509928593, "95": 1.096649509928593, "96": 1.096649509928593, "97": 1.096649509928593, "98": 1.096649509928593, "99": 1.096649509928593, "100": 1.096649509928593}