{"0": 11.609786788415851, "1": 11.609786788415851, "2": 9.280115167107342, "3": 1.217797627683364, "4": 1.217797627683364, "5": 1.217797627683364, "6": 1.217797627683364, "7": 1.217797627683364, "8": 1.217797627683364, "9": 1.217797627683364, "10": 1.217797627683364, "11": 1.217797627683364, "12": 1.217797627683364, "13": 1.2048583393612837, "14": 1.2048583393612837, "15": 1.2048583393612837, "16": 1.2048583393612837, "17": 1.2048583393612837, "18": 1.2048583393612837, "19": 1.2048583393612837, "20": 1.2048583393612837, "21": 1.2048583393612837, "22": 1.2048583393612837, "23": 1.2048583393612837, "24": 1.2048583393612837, "25": 1.2048583393612837, "26": 1.2048583393612837, "27": 1.2048583393612837, "28": 1.2048583393612837, "29": 1.2048583393612837, "30": 1.2048583393612837, "31": 1.2048583393612837, "32": 1.2048583393612837, "33": 1.2048583393612837, "34": 1.2048583393612837, "35": 1.2048583393612837, "36": 1.2048583393612837, "37": 1.2048583393612837, "38": 1.2048583393612837, "39": 1.2048583393612837, "40": 1.2048583393612837, "41": 0.11598234381915873, "42": 0.11598234381915873, "43": 0.11598234381915873, "44": 0.11598234381915873, "45": 0.11598234381915873, "46": 0.11598234381915873, "47": 0.11598234381915873, "48": 0.11598234381915873, "49": 0.11598234381915873, "50": 0.11598234381915873, "51": 0.11598234381915873, "52": 0.11598234381915873, "53": 0.11598234381915873, "54": 0.11598234381915873, "55": 0.11598234381915873, "56": 0.11598234381915873, "57": 0.11598234381915873, "58": 0.11598234381915873, "59": 0.11598234381915873, "60": 0.11598234381915873, "61": 0.11598234381915873, "62": 0.11598234381915873, "63": 0.11598234381915873, "64": 0.11598234381915873, "65": 0.11598234381915873, "66": 0.11598234381915873, "67": 0.11598234381915873, "68": 0.11598234381915873, "69": 0.11598234381915873, "70": 0.11598234381915873, "71": 0.11598234381915873, "72": 0.11598234381915873, "73": 0.11598234381915873, "74": 0.11598234381915873, "75": 0.11598234381915873, "76": 0.11598234381915873, "77": 0.11598234381915873, "78": 0.11598234381915873, "79": 0.11598234381915873, "80": 0.11598234381915873, "81": 0.11598234381915873, "82": 0.11598234381915873, "83": 0.11598234381915873, "84": 0.11598234381915873, "85": 0.11598234381915873, "86": 0.11598234381915873, "87": 0.11598234381915873, "88": 0.11598234381915873, "89": 0.11598234381915873, "90": 0.11598234381915873, "91": 0.11598234381915873, "92": 0.11598234381915873, "93": 0.11598234381915873, "94": 0.11598234381915873, "95": 0.11598234381915873, "96": 0.11598234381915873, "97": 0.11598234381915873, "98": 0.11598234381915873, "99": 0.11598234381915873, "100": 0.11598234381915873}