{"0": 19.46758404259323, "1": 19.24351908556451, "2": 12.689772648990834, "3": 11.292668762707418, "4": 11.292668762707418, "5": 11.292668762707418, "6": 11.292668762707418, "7": 3.2694738782083697, "8": 3.2694738782083697, "9": 3.2694738782083697, "10": 3.2694738782083697, "11": 3.2694738782083697, "12": 3.2694738782083697, "13": 3.2694738782083697, "14": 2.114579479359037, "15": 2.114579479359037, "16": 2.114579479359037, "17": 2.114579479359037, "18": 2.114579479359037, "19": 2.114579479359037, "20": 2.114579479359037, "21": 2.114579479359037, "22": 2.114579479359037, "23": 2.114579479359037, "24": 2.114579479359037, "25": 1.736895591708329, "26": 1.736895591708329, "27": 1.736895591708329, "28": 1.736895591708329, "29": 1.736895591708329, "30": 1.736895591708329, "31": 1.736895591708329, "32": 1.736895591708329, "33": 1.736895591708329, "34": 1.736895591708329, "35": 1.736895591708329, "36": 1.736895591708329, "37": 1.390196458688166, "38": 1.390196458688166, "39": 1.390196458688166, "40": 1.390196458688166, "41": 1.390196458688166, "42": 1.390196458688166, "43": 1.390196458688166, "44": 1.390196458688166, "45": 1.390196458688166, "46": 1.390196458688166, "47": 1.390196458688166, "48": 1.390196458688166, "49": 1.390196458688166, "50": 1.390196458688166, "51": 1.390196458688166, "52": 1.390196458688166, "53": 1.390196458688166, "54": 1.390196458688166, "55": 1.390196458688166, "56": 1.390196458688166, "57": 1.390196458688166, "58": 1.390196458688166, "59": 1.390196458688166, "60": 1.390196458688166, "61": 1.390196458688166, "62": 1.390196458688166, "63": 1.390196458688166, "64": 1.390196458688166, "65": 1.390196458688166, "66": 1.390196458688166, "67": 1.390196458688166, "68": 1.390196458688166, "69": 1.390196458688166, "70": 1.390196458688166, "71": 1.390196458688166, "72": 1.390196458688166, "73": 1.390196458688166, "74": 1.390196458688166, "75": 1.390196458688166, "76": 1.390196458688166, "77": 1.390196458688166, "78": 1.390196458688166, "79": 1.390196458688166, "80": 1.390196458688166, "81": 1.390196458688166, "82": 1.390196458688166, "83": 1.390196458688166, "84": 1.390196458688166, "85": 1.390196458688166, "86": 1.390196458688166, "87": 1.390196458688166, "88": 1.390196458688166, "89": 1.390196458688166, "90": 1.390196458688166, "91": 1.390196458688166, "92": 1.390196458688166, "93": 1.390196458688166, "94": 1.390196458688166, "95": 1.390196458688166, "96": 1.390196458688166, "97": 1.390196458688166, "98": 1.390196458688166, "99": 1.390196458688166, "100": 1.390196458688166}