{"0": 17.358688416287272, "1": 12.81839893069655, "2": 12.81839893069655, "3": 12.81839893069655, "4": 12.81839893069655, "5": 12.81839893069655, "6": 12.81839893069655, "7": 12.81839893069655, "8": 12.81839893069655, "9": 2.322388606716217, "10": 2.322388606716217, "11": 2.322388606716217, "12": 2.322388606716217, "13": 2.322388606716217, "14": 2.322388606716217, "15": 2.322388606716217, "16": 2.322388606716217, "17": 2.322388606716217, "18": 2.322388606716217, "19": 2.322388606716217, "20": 2.322388606716217, "21": 2.2140366206625792, "22": 2.2140366206625792, "23": 2.2140366206625792, "24": 2.2140366206625792, "25": 2.2140366206625792, "26": 2.2140366206625792, "27": 2.2140366206625792, "28": 2.2140366206625792, "29": 2.2140366206625792, "30": 1.8148973234735628, "31": 1.8148973234735628, "32": 1.8148973234735628, "33": 1.8148973234735628, "34": 1.8148973234735628, "35": 1.8148973234735628, "36": 1.8148973234735628, "37": 1.8148973234735628, "38": 1.8148973234735628, "39": 1.8148973234735628, "40": 1.8148973234735628, "41": 1.8148973234735628, "42": 1.8148973234735628, "43": 1.8148973234735628, "44": 1.8148973234735628, "45": 1.8148973234735628, "46": 1.8148973234735628, "47": 1.8148973234735628, "48": 1.8148973234735628, "49": 1.8148973234735628, "50": 1.8148973234735628, "51": 1.8148973234735628, "52": 1.8148973234735628, "53": 1.8148973234735628, "54": 1.8148973234735628, "55": 1.8148973234735628, "56": 1.8148973234735628, "57": 1.8148973234735628, "58": 1.8148973234735628, "59": 1.8148973234735628, "60": 1.8148973234735628, "61": 1.8148973234735628, "62": 1.8148973234735628, "63": 1.8148973234735628, "64": 1.8148973234735628, "65": 1.8148973234735628, "66": 1.8148973234735628, "67": 1.8148973234735628, "68": 1.8148973234735628, "69": 1.8148973234735628, "70": 1.8148973234735628, "71": 1.8148973234735628, "72": 1.8148973234735628, "73": 1.8148973234735628, "74": 1.8148973234735628, "75": 1.8148973234735628, "76": 1.8148973234735628, "77": 1.8148973234735628, "78": 1.8148973234735628, "79": 1.8148973234735628, "80": 1.8148973234735628, "81": 1.8148973234735628, "82": 1.8148973234735628, "83": 1.8148973234735628, "84": 1.8148973234735628, "85": 1.8148973234735628, "86": 1.8148973234735628, "87": 1.390894097695373, "88": 1.390894097695373, "89": 1.390894097695373, "90": 1.390894097695373, "91": 1.390894097695373, "92": 1.390894097695373, "93": 1.390894097695373, "94": 1.390894097695373, "95": 1.390894097695373, "96": 1.390894097695373, "97": 1.390894097695373, "98": 1.390894097695373, "99": 1.390894097695373, "100": 1.390894097695373}