{"0": 6.115562861635141, "1": 6.115562861635141, "2": 6.115562861635141, "3": 6.115562861635141, "4": 6.115562861635141, "5": 6.115562861635141, "6": 6.115562861635141, "7": 5.291236812087758, "8": 3.102109360778684, "9": 3.102109360778684, "10": 3.102109360778684, "11": 3.102109360778684, "12": 3.102109360778684, "13": 3.102109360778684, "14": 2.739104299016965, "15": 2.739104299016965, "16": 2.739104299016965, "17": 2.739104299016965, "18": 2.739104299016965, "19": 2.124224322760977, "20": 2.124224322760977, "21": 2.124224322760977, "22": 2.124224322760977, "23": 2.124224322760977, "24": 1.0247273398405632, "25": 1.0247273398405632, "26": 1.0247273398405632, "27": 1.0247273398405632, "28": 1.0247273398405632, "29": 1.0247273398405632, "30": 1.0247273398405632, "31": 1.0247273398405632, "32": 1.0247273398405632, "33": 1.0247273398405632, "34": 1.0247273398405632, "35": 1.0247273398405632, "36": 1.0247273398405632, "37": 1.0247273398405632, "38": 1.0247273398405632, "39": 1.0247273398405632, "40": 1.0247273398405632, "41": 1.0247273398405632, "42": 1.0247273398405632, "43": 1.0247273398405632, "44": 1.0247273398405632, "45": 1.0247273398405632, "46": 1.0247273398405632, "47": 1.0247273398405632, "48": 1.0247273398405632, "49": 1.0247273398405632, "50": 1.0247273398405632, "51": 1.0247273398405632, "52": 1.0247273398405632, "53": 1.0247273398405632, "54": 1.0247273398405632, "55": 1.0247273398405632, "56": 1.0247273398405632, "57": 1.0247273398405632, "58": 1.0247273398405632, "59": 1.0247273398405632, "60": 1.0247273398405632, "61": 1.0247273398405632, "62": 1.0247273398405632, "63": 0.9993145631055285, "64": 0.9993145631055285, "65": 0.9993145631055285, "66": 0.9993145631055285, "67": 0.9993145631055285, "68": 0.9993145631055285, "69": 0.9993145631055285, "70": 0.9993145631055285, "71": 0.9993145631055285, "72": 0.9993145631055285, "73": 0.07000428108860035, "74": 0.07000428108860035, "75": 0.0014640990932122122, "76": 0.0014640990932122122, "77": 0.0014640990932122122, "78": 0.0014640990932122122, "79": 0.0014640990932122122, "80": 0.0014640990932122122, "81": 0.0014640990932122122, "82": 0.0014640990932122122, "83": 0.0014640990932122122, "84": 0.0014640990932122122, "85": 0.0014640990932122122, "86": 0.0014640990932122122, "87": 0.0014640990932122122, "88": 0.0014640990932122122, "89": 0.0014640990932122122, "90": 0.0014640990932122122, "91": 0.0014640990932122122, "92": 0.0014640990932122122, "93": 0.0014640990932122122, "94": 0.0014640990932122122, "95": 0.0014640990932122122, "96": 0.0014640990932122122, "97": 0.0014640990932122122, "98": 0.0014640990932122122, "99": 0.0014640990932122122, "100": 0.0014640990932122122}