{"0": 19.98036655993863, "1": 9.175889239291681, "2": 9.175889239291681, "3": 5.853385474857232, "4": 5.853385474857232, "5": 5.853385474857232, "6": 5.853385474857232, "7": 5.853385474857232, "8": 1.4801902956066826, "9": 1.4801902956066826, "10": 1.4801902956066826, "11": 1.4801902956066826, "12": 1.4801902956066826, "13": 1.4801902956066826, "14": 1.4801902956066826, "15": 1.4801902956066826, "16": 1.4801902956066826, "17": 1.4801902956066826, "18": 1.4801902956066826, "19": 1.4801902956066826, "20": 1.4801902956066826, "21": 1.4801902956066826, "22": 1.4801902956066826, "23": 1.439725758879412, "24": 1.439725758879412, "25": 1.439725758879412, "26": 1.0684877796636272, "27": 1.0684877796636272, "28": 1.0684877796636272, "29": 1.0684877796636272, "30": 1.0684877796636272, "31": 1.0684877796636272, "32": 1.0684877796636272, "33": 1.0684877796636272, "34": 1.0684877796636272, "35": 1.0684877796636272, "36": 1.0684877796636272, "37": 1.0684877796636272, "38": 1.0684877796636272, "39": 1.0684877796636272, "40": 1.0684877796636272, "41": 1.0684877796636272, "42": 1.0684877796636272, "43": 1.0684877796636272, "44": 1.0684877796636272, "45": 1.0684877796636272, "46": 1.0684877796636272, "47": 1.0684877796636272, "48": 1.0684877796636272, "49": 1.0684877796636272, "50": 0.6670615217582174, "51": 0.6670615217582174, "52": 0.6670615217582174, "53": 0.6670615217582174, "54": 0.6670615217582174, "55": 0.6670615217582174, "56": 0.6670615217582174, "57": 0.6670615217582174, "58": 0.6670615217582174, "59": 0.6670615217582174, "60": 0.6670615217582174, "61": 0.6670615217582174, "62": 0.6670615217582174, "63": 0.6670615217582174, "64": 0.6670615217582174, "65": 0.6670615217582174, "66": 0.6670615217582174, "67": 0.6670615217582174, "68": 0.6670615217582174, "69": 0.6670615217582174, "70": 0.6670615217582174, "71": 0.6670615217582174, "72": 0.6670615217582174, "73": 0.6670615217582174, "74": 0.6670615217582174, "75": 0.6670615217582174, "76": 0.6670615217582174, "77": 0.6670615217582174, "78": 0.6670615217582174, "79": 0.6670615217582174, "80": 0.6670615217582174, "81": 0.6670615217582174, "82": 0.6670615217582174, "83": 0.6670615217582174, "84": 0.6670615217582174, "85": 0.6670615217582174, "86": 0.6670615217582174, "87": 0.6670615217582174, "88": 0.6670615217582174, "89": 0.6670615217582174, "90": 0.6670615217582174, "91": 0.6670615217582174, "92": 0.6670615217582174, "93": 0.6670615217582174, "94": 0.6670615217582174, "95": 0.6670615217582174, "96": 0.6670615217582174, "97": 0.6670615217582174, "98": 0.6670615217582174, "99": 0.6670615217582174, "100": 0.6670615217582174}