{"0": 1.633631627243588, "1": 1.633631627243588, "2": 1.633631627243588, "3": 1.633631627243588, "4": 1.633631627243588, "5": 1.633631627243588, "6": 1.633631627243588, "7": 1.633631627243588, "8": 1.633631627243588, "9": 1.633631627243588, "10": 1.633631627243588, "11": 1.633631627243588, "12": 1.633631627243588, "13": 1.633631627243588, "14": 1.633631627243588, "15": 1.633631627243588, "16": 1.633631627243588, "17": 0.7821373717871722, "18": 0.7821373717871722, "19": 0.7821373717871722, "20": 0.7821373717871722, "21": 0.7821373717871722, "22": 0.7821373717871722, "23": 0.7821373717871722, "24": 0.7821373717871722, "25": 0.7821373717871722, "26": 0.7821373717871722, "27": 0.7821373717871722, "28": 0.7821373717871722, "29": 0.7821373717871722, "30": 0.7821373717871722, "31": 0.7821373717871722, "32": 0.7821373717871722, "33": 0.7821373717871722, "34": 0.7821373717871722, "35": 0.7821373717871722, "36": 0.7821373717871722, "37": 0.7821373717871722, "38": 0.7821373717871722, "39": 0.7821373717871722, "40": 0.7821373717871722, "41": 0.7821373717871722, "42": 0.7821373717871722, "43": 0.7821373717871722, "44": 0.7821373717871722, "45": 0.7821373717871722, "46": 0.7821373717871722, "47": 0.7821373717871722, "48": 0.7821373717871722, "49": 0.7821373717871722, "50": 0.7821373717871722, "51": 0.7821373717871722, "52": 0.7821373717871722, "53": 0.7821373717871722, "54": 0.7821373717871722, "55": 0.7821373717871722, "56": 0.7821373717871722, "57": 0.7821373717871722, "58": 0.7821373717871722, "59": 0.7821373717871722, "60": 0.7821373717871722, "61": 0.7821373717871722, "62": 0.7821373717871722, "63": 0.45842784716548834, "64": 0.45842784716548834, "65": 0.45842784716548834, "66": 0.45842784716548834, "67": 0.45842784716548834, "68": 0.45842784716548834, "69": 0.45842784716548834, "70": 0.45842784716548834, "71": 0.45842784716548834, "72": 0.45842784716548834, "73": 0.45842784716548834, "74": 0.45842784716548834, "75": 0.45842784716548834, "76": 0.45842784716548834, "77": 0.45842784716548834, "78": 0.45842784716548834, "79": 0.45842784716548834, "80": 0.45842784716548834, "81": 0.45842784716548834, "82": 0.45842784716548834, "83": 0.45842784716548834, "84": 0.45842784716548834, "85": 0.45842784716548834, "86": 0.45842784716548834, "87": 0.45842784716548834, "88": 0.45842784716548834, "89": 0.45842784716548834, "90": 0.45842784716548834, "91": 0.45842784716548834, "92": 0.45842784716548834, "93": 0.45842784716548834, "94": 0.45842784716548834, "95": 0.45842784716548834, "96": 0.45842784716548834, "97": 0.45842784716548834, "98": 0.45842784716548834, "99": 0.45842784716548834, "100": 0.45842784716548834}