{"0": 21.251843468830387, "1": 21.251843468830387, "2": 21.251843468830387, "3": 13.490956583784055, "4": 13.490956583784055, "5": 13.490956583784055, "6": 13.490956583784055, "7": 13.490956583784055, "8": 13.490956583784055, "9": 10.47133632591593, "10": 4.990937483242192, "11": 4.990937483242192, "12": 4.990937483242192, "13": 4.990937483242192, "14": 1.3149574545167617, "15": 1.3149574545167617, "16": 1.3149574545167617, "17": 1.3149574545167617, "18": 1.3149574545167617, "19": 1.3149574545167617, "20": 1.3149574545167617, "21": 1.3149574545167617, "22": 1.3149574545167617, "23": 1.3149574545167617, "24": 1.3149574545167617, "25": 1.3149574545167617, "26": 1.3149574545167617, "27": 1.3149574545167617, "28": 1.3149574545167617, "29": 1.3149574545167617, "30": 1.3149574545167617, "31": 1.3149574545167617, "32": 1.3149574545167617, "33": 1.3149574545167617, "34": 1.3149574545167617, "35": 1.3149574545167617, "36": 1.3149574545167617, "37": 1.084109477261272, "38": 1.084109477261272, "39": 1.084109477261272, "40": 1.084109477261272, "41": 1.084109477261272, "42": 1.084109477261272, "43": 1.084109477261272, "44": 1.084109477261272, "45": 1.084109477261272, "46": 1.084109477261272, "47": 1.084109477261272, "48": 1.084109477261272, "49": 1.084109477261272, "50": 1.084109477261272, "51": 1.084109477261272, "52": 1.084109477261272, "53": 1.084109477261272, "54": 1.084109477261272, "55": 1.084109477261272, "56": 1.084109477261272, "57": 1.084109477261272, "58": 1.084109477261272, "59": 1.084109477261272, "60": 1.084109477261272, "61": 1.084109477261272, "62": 1.084109477261272, "63": 1.084109477261272, "64": 1.084109477261272, "65": 1.084109477261272, "66": 1.084109477261272, "67": 1.084109477261272, "68": 1.084109477261272, "69": 1.084109477261272, "70": 1.084109477261272, "71": 1.084109477261272, "72": 1.084109477261272, "73": 1.084109477261272, "74": 1.084109477261272, "75": 1.084109477261272, "76": 1.084109477261272, "77": 1.084109477261272, "78": 1.084109477261272, "79": 1.084109477261272, "80": 1.084109477261272, "81": 1.084109477261272, "82": 1.084109477261272, "83": 1.084109477261272, "84": 1.084109477261272, "85": 1.084109477261272, "86": 1.084109477261272, "87": 1.084109477261272, "88": 1.084109477261272, "89": 1.084109477261272, "90": 1.084109477261272, "91": 1.084109477261272, "92": 1.084109477261272, "93": 1.084109477261272, "94": 1.084109477261272, "95": 1.084109477261272, "96": 1.084109477261272, "97": 1.084109477261272, "98": 1.084109477261272, "99": 1.084109477261272, "100": 1.084109477261272}