{"0": 2.4078545082840677, "1": 2.4078545082840677, "2": 2.4078545082840677, "3": 2.4078545082840677, "4": 2.4078545082840677, "5": 2.4078545082840677, "6": 2.4078545082840677, "7": 2.4078545082840677, "8": 2.4078545082840677, "9": 2.4078545082840677, "10": 1.6693005987976406, "11": 1.6693005987976406, "12": 1.6693005987976406, "13": 1.6693005987976406, "14": 1.6693005987976406, "15": 1.6693005987976406, "16": 1.6693005987976406, "17": 1.6693005987976406, "18": 1.6693005987976406, "19": 1.6693005987976406, "20": 1.6693005987976406, "21": 1.6693005987976406, "22": 1.1974440851506856, "23": 1.1974440851506856, "24": 1.1974440851506856, "25": 1.1974440851506856, "26": 1.1974440851506856, "27": 1.1974440851506856, "28": 1.1974440851506856, "29": 1.1974440851506856, "30": 1.1974440851506856, "31": 1.1974440851506856, "32": 1.1974440851506856, "33": 1.1974440851506856, "34": 1.1974440851506856, "35": 1.1974440851506856, "36": 1.1974440851506856, "37": 1.1974440851506856, "38": 1.1974440851506856, "39": 1.1974440851506856, "40": 1.1974440851506856, "41": 1.1974440851506856, "42": 1.1974440851506856, "43": 1.1974440851506856, "44": 1.1974440851506856, "45": 1.1974440851506856, "46": 1.1974440851506856, "47": 1.1974440851506856, "48": 1.1974440851506856, "49": 1.1974440851506856, "50": 1.1974440851506856, "51": 1.1974440851506856, "52": 1.1974440851506856, "53": 1.1974440851506856, "54": 1.1974440851506856, "55": 1.1974440851506856, "56": 1.1974440851506856, "57": 1.1974440851506856, "58": 1.1974440851506856, "59": 1.1974440851506856, "60": 1.1974440851506856, "61": 1.1974440851506856, "62": 1.1974440851506856, "63": 1.1974440851506856, "64": 1.1974440851506856, "65": 1.1974440851506856, "66": 1.1974440851506856, "67": 1.1974440851506856, "68": 1.1974440851506856, "69": 1.1974440851506856, "70": 1.1974440851506856, "71": 1.1974440851506856, "72": 1.1974440851506856, "73": 1.1974440851506856, "74": 1.1974440851506856, "75": 1.1974440851506856, "76": 1.1974440851506856, "77": 1.1974440851506856, "78": 1.1974440851506856, "79": 1.1974440851506856, "80": 1.1974440851506856, "81": 1.1974440851506856, "82": 1.1974440851506856, "83": 1.1974440851506856, "84": 1.1974440851506856, "85": 1.1974440851506856, "86": 1.1974440851506856, "87": 1.1974440851506856, "88": 1.1974440851506856, "89": 1.1974440851506856, "90": 1.1974440851506856, "91": 1.1974440851506856, "92": 1.1974440851506856, "93": 1.1974440851506856, "94": 1.1974440851506856, "95": 1.1974440851506856, "96": 1.1974440851506856, "97": 1.1974440851506856, "98": 1.1974440851506856, "99": 1.1974440851506856, "100": 1.1974440851506856}