{"0": 14.888206277510632, "1": 14.888206277510632, "2": 10.747224289566198, "3": 10.649004839784354, "4": 10.649004839784354, "5": 10.649004839784354, "6": 1.0911511021246199, "7": 1.0911511021246199, "8": 1.0911511021246199, "9": 1.0911511021246199, "10": 1.0911511021246199, "11": 1.0911511021246199, "12": 1.0911511021246199, "13": 1.0389989517773728, "14": 1.0389989517773728, "15": 1.0389989517773728, "16": 1.0389989517773728, "17": 1.0389989517773728, "18": 1.0389989517773728, "19": 1.0389989517773728, "20": 1.0389989517773728, "21": 1.0389989517773728, "22": 1.0389989517773728, "23": 1.0389989517773728, "24": 1.0389989517773728, "25": 1.0389989517773728, "26": 1.0389989517773728, "27": 1.0389989517773728, "28": 1.0389989517773728, "29": 1.0389989517773728, "30": 1.0389989517773728, "31": 1.0389989517773728, "32": 1.0389989517773728, "33": 1.0389989517773728, "34": 1.0389989517773728, "35": 1.0389989517773728, "36": 1.0389989517773728, "37": 1.0389989517773728, "38": 1.0389989517773728, "39": 1.0389989517773728, "40": 1.0389989517773728, "41": 1.0389989517773728, "42": 1.0389989517773728, "43": 1.0389989517773728, "44": 1.0389989517773728, "45": 1.0389989517773728, "46": 1.0389989517773728, "47": 1.0389989517773728, "48": 1.0389989517773728, "49": 1.0389989517773728, "50": 1.0389989517773728, "51": 1.0389989517773728, "52": 1.0389989517773728, "53": 1.0389989517773728, "54": 1.0389989517773728, "55": 1.0389989517773728, "56": 1.0389989517773728, "57": 1.0389989517773728, "58": 1.0389989517773728, "59": 1.0389989517773728, "60": 1.0389989517773728, "61": 1.0389989517773728, "62": 1.0389989517773728, "63": 1.0389989517773728, "64": 1.0389989517773728, "65": 1.0389989517773728, "66": 1.0389989517773728, "67": 1.0389989517773728, "68": 1.0389989517773728, "69": 1.0389989517773728, "70": 1.0389989517773728, "71": 1.0389989517773728, "72": 1.0389989517773728, "73": 1.0389989517773728, "74": 1.0389989517773728, "75": 1.0389989517773728, "76": 1.0389989517773728, "77": 1.0389989517773728, "78": 1.0389989517773728, "79": 1.0389989517773728, "80": 1.0389989517773728, "81": 1.0389989517773728, "82": 1.0389989517773728, "83": 1.0389989517773728, "84": 1.0389989517773728, "85": 1.0389989517773728, "86": 1.0389989517773728, "87": 1.0389989517773728, "88": 1.0389989517773728, "89": 1.0389989517773728, "90": 1.0389989517773728, "91": 1.0389989517773728, "92": 1.0389989517773728, "93": 1.0389989517773728, "94": 1.0389989517773728, "95": 1.0389989517773728, "96": 1.0389989517773728, "97": 1.0389989517773728, "98": 1.0389989517773728, "99": 1.0389989517773728, "100": 1.0389989517773728}