{"0": 10.00223523813214, "1": 10.00223523813214, "2": 2.984866018986761, "3": 2.984866018986761, "4": 2.984866018986761, "5": 2.984866018986761, "6": 2.984866018986761, "7": 2.984866018986761, "8": 2.984866018986761, "9": 2.984866018986761, "10": 2.984866018986761, "11": 2.984866018986761, "12": 2.984866018986761, "13": 2.984866018986761, "14": 2.984866018986761, "15": 2.984866018986761, "16": 2.984866018986761, "17": 2.984866018986761, "18": 1.4252178179876722, "19": 1.4252178179876722, "20": 1.4252178179876722, "21": 1.4252178179876722, "22": 1.4252178179876722, "23": 1.4252178179876722, "24": 1.0436505590549991, "25": 1.0436505590549991, "26": 1.0436505590549991, "27": 1.0436505590549991, "28": 1.0436505590549991, "29": 1.0436505590549991, "30": 1.0436505590549991, "31": 1.0436505590549991, "32": 1.0436505590549991, "33": 1.0436505590549991, "34": 1.0436505590549991, "35": 1.0436505590549991, "36": 1.0436505590549991, "37": 1.0436505590549991, "38": 1.0436505590549991, "39": 1.0436505590549991, "40": 1.0436505590549991, "41": 1.0436505590549991, "42": 1.0436505590549991, "43": 1.0436505590549991, "44": 1.0436505590549991, "45": 1.0436505590549991, "46": 1.0436505590549991, "47": 1.0436505590549991, "48": 1.0436505590549991, "49": 1.0436505590549991, "50": 1.0436505590549991, "51": 1.0436505590549991, "52": 1.0436505590549991, "53": 1.0436505590549991, "54": 1.0436505590549991, "55": 1.0436505590549991, "56": 1.0436505590549991, "57": 1.0436505590549991, "58": 1.0436505590549991, "59": 1.0436505590549991, "60": 1.0436505590549991, "61": 1.0436505590549991, "62": 1.0436505590549991, "63": 1.0436505590549991, "64": 1.0436505590549991, "65": 1.0436505590549991, "66": 1.0436505590549991, "67": 1.0436505590549991, "68": 1.0436505590549991, "69": 1.0436505590549991, "70": 1.0436505590549991, "71": 1.0436505590549991, "72": 1.0436505590549991, "73": 1.0436505590549991, "74": 1.0436505590549991, "75": 1.0436505590549991, "76": 1.0436505590549991, "77": 1.0436505590549991, "78": 1.0436505590549991, "79": 1.0436505590549991, "80": 1.0436505590549991, "81": 1.0436505590549991, "82": 1.0436505590549991, "83": 1.0436505590549991, "84": 1.0436505590549991, "85": 1.0436505590549991, "86": 1.0436505590549991, "87": 1.0436505590549991, "88": 1.0436505590549991, "89": 1.0436505590549991, "90": 1.0436505590549991, "91": 1.0436505590549991, "92": 1.0436505590549991, "93": 1.0436505590549991, "94": 1.0436505590549991, "95": 1.0436505590549991, "96": 1.0436505590549991, "97": 1.0436505590549991, "98": 1.0436505590549991, "99": 1.0436505590549991, "100": 1.0436505590549991}