{"0": 22.442000265888574, "1": 16.635884987549055, "2": 12.734024787816773, "3": 12.734024787816773, "4": 11.25454076566618, "5": 5.22787297203087, "6": 5.22787297203087, "7": 5.22787297203087, "8": 5.22787297203087, "9": 5.22787297203087, "10": 5.22787297203087, "11": 5.22787297203087, "12": 5.22787297203087, "13": 5.22787297203087, "14": 5.22787297203087, "15": 5.22787297203087, "16": 5.22787297203087, "17": 5.088891660670676, "18": 5.088891660670676, "19": 2.307982440282128, "20": 2.307982440282128, "21": 2.307982440282128, "22": 2.307982440282128, "23": 2.1070733312545755, "24": 2.1070733312545755, "25": 1.321876608384649, "26": 1.321876608384649, "27": 1.321876608384649, "28": 1.321876608384649, "29": 1.321876608384649, "30": 1.321876608384649, "31": 0.6819299259515503, "32": 0.6819299259515503, "33": 0.6819299259515503, "34": 0.6819299259515503, "35": 0.6819299259515503, "36": 0.6819299259515503, "37": 0.6819299259515503, "38": 0.6819299259515503, "39": 0.6819299259515503, "40": 0.6819299259515503, "41": 0.6819299259515503, "42": 0.6819299259515503, "43": 0.6819299259515503, "44": 0.6819299259515503, "45": 0.6819299259515503, "46": 0.6819299259515503, "47": 0.6819299259515503, "48": 0.6819299259515503, "49": 0.6819299259515503, "50": 0.19268708612248275, "51": 0.19268708612248275, "52": 0.19268708612248275, "53": 0.19268708612248275, "54": 0.19268708612248275, "55": 0.19268708612248275, "56": 0.19268708612248275, "57": 0.19268708612248275, "58": 0.19268708612248275, "59": 0.19268708612248275, "60": 0.19268708612248275, "61": 0.19268708612248275, "62": 0.19268708612248275, "63": 0.19268708612248275, "64": 0.19268708612248275, "65": 0.19268708612248275, "66": 0.19268708612248275, "67": 0.19268708612248275, "68": 0.19268708612248275, "69": 0.19268708612248275, "70": 0.19268708612248275, "71": 0.19268708612248275, "72": 0.19268708612248275, "73": 0.19268708612248275, "74": 0.19268708612248275, "75": 0.19268708612248275, "76": 0.19268708612248275, "77": 0.19268708612248275, "78": 0.19268708612248275, "79": 0.19268708612248275, "80": 0.19268708612248275, "81": 0.19268708612248275, "82": 0.19268708612248275, "83": 0.19268708612248275, "84": 0.19268708612248275, "85": 0.19268708612248275, "86": 0.19268708612248275, "87": 0.19268708612248275, "88": 0.19268708612248275, "89": 0.19268708612248275, "90": 0.19268708612248275, "91": 0.19268708612248275, "92": 0.19268708612248275, "93": 0.19268708612248275, "94": 0.19268708612248275, "95": 0.19268708612248275, "96": 0.19268708612248275, "97": 0.19268708612248275, "98": 0.19268708612248275, "99": 0.19268708612248275, "100": 0.19268708612248275}