{"0": 17.187202214714908, "1": 17.187202214714908, "2": 7.842797776511437, "3": 7.842797776511437, "4": 7.842797776511437, "5": 7.6843375300436385, "6": 2.866278045184373, "7": 2.866278045184373, "8": 2.866278045184373, "9": 2.866278045184373, "10": 1.7668578280070832, "11": 1.7668578280070832, "12": 1.7668578280070832, "13": 1.7668578280070832, "14": 1.7668578280070832, "15": 1.7668578280070832, "16": 1.7668578280070832, "17": 1.7668578280070832, "18": 1.7668578280070832, "19": 1.579980515088046, "20": 1.579980515088046, "21": 1.579980515088046, "22": 1.334541503319869, "23": 1.334541503319869, "24": 1.334541503319869, "25": 1.334541503319869, "26": 1.334541503319869, "27": 1.334541503319869, "28": 1.334541503319869, "29": 1.334541503319869, "30": 1.334541503319869, "31": 1.334541503319869, "32": 1.334541503319869, "33": 1.334541503319869, "34": 1.207475039452845, "35": 1.207475039452845, "36": 1.207475039452845, "37": 1.207475039452845, "38": 1.207475039452845, "39": 1.207475039452845, "40": 1.207475039452845, "41": 1.207475039452845, "42": 1.207475039452845, "43": 1.207475039452845, "44": 1.207475039452845, "45": 1.207475039452845, "46": 1.207475039452845, "47": 1.207475039452845, "48": 1.207475039452845, "49": 1.207475039452845, "50": 1.207475039452845, "51": 1.207475039452845, "52": 1.207475039452845, "53": 1.207475039452845, "54": 1.207475039452845, "55": 1.207475039452845, "56": 1.207475039452845, "57": 1.207475039452845, "58": 1.207475039452845, "59": 1.207475039452845, "60": 1.207475039452845, "61": 1.207475039452845, "62": 1.207475039452845, "63": 1.207475039452845, "64": 1.207475039452845, "65": 1.207475039452845, "66": 1.207475039452845, "67": 1.207475039452845, "68": 1.207475039452845, "69": 1.207475039452845, "70": 1.207475039452845, "71": 1.207475039452845, "72": 1.207475039452845, "73": 1.207475039452845, "74": 1.207475039452845, "75": 1.207475039452845, "76": 1.207475039452845, "77": 1.207475039452845, "78": 1.207475039452845, "79": 1.207475039452845, "80": 1.207475039452845, "81": 1.207475039452845, "82": 1.207475039452845, "83": 1.207475039452845, "84": 1.207475039452845, "85": 1.207475039452845, "86": 1.207475039452845, "87": 1.207475039452845, "88": 1.207475039452845, "89": 1.207475039452845, "90": 1.207475039452845, "91": 1.207475039452845, "92": 1.207475039452845, "93": 1.207475039452845, "94": 1.207475039452845, "95": 1.207475039452845, "96": 1.207475039452845, "97": 1.207475039452845, "98": 1.207475039452845, "99": 1.207475039452845, "100": 1.207475039452845}