{"0": 9.688396662261033, "1": 9.688396662261033, "2": 9.688396662261033, "3": 7.223100265408467, "4": 0.6165257440412262, "5": 0.6165257440412262, "6": 0.6165257440412262, "7": 0.6165257440412262, "8": 0.6165257440412262, "9": 0.6165257440412262, "10": 0.6165257440412262, "11": 0.6165257440412262, "12": 0.3721355124389518, "13": 0.04693299332062395, "14": 0.04693299332062395, "15": 0.04693299332062395, "16": 0.04693299332062395, "17": 0.04693299332062395, "18": 0.04693299332062395, "19": 0.04693299332062395, "20": 0.04693299332062395, "21": 0.04693299332062395, "22": 0.04693299332062395, "23": 0.04693299332062395, "24": 0.008538154432091716, "25": 0.008538154432091716, "26": 0.008538154432091716, "27": 0.004644064737860276, "28": 0.004644064737860276, "29": 0.004644064737860276, "30": 0.004644064737860276, "31": 0.004644064737860276, "32": 0.004644064737860276, "33": 0.004644064737860276, "34": 0.004644064737860276, "35": 0.004644064737860276, "36": 0.004644064737860276, "37": 0.004644064737860276, "38": 0.004644064737860276, "39": 0.004644064737860276, "40": 0.004644064737860276, "41": 0.004644064737860276, "42": 0.004644064737860276, "43": 0.004644064737860276, "44": 0.004644064737860276, "45": 0.004644064737860276, "46": 0.004644064737860276, "47": 0.004644064737860276, "48": 0.004644064737860276, "49": 0.004644064737860276, "50": 0.004644064737860276, "51": 0.004644064737860276, "52": 0.004644064737860276, "53": 0.004644064737860276, "54": 0.004644064737860276, "55": 0.004644064737860276, "56": 0.004644064737860276, "57": 0.004644064737860276, "58": 0.004644064737860276, "59": 0.004644064737860276, "60": 0.004644064737860276, "61": 0.004644064737860276, "62": 0.004644064737860276, "63": 0.004644064737860276, "64": 0.004644064737860276, "65": 0.004644064737860276, "66": 0.004644064737860276, "67": 0.004644064737860276, "68": 0.004644064737860276, "69": 0.004644064737860276, "70": 0.004644064737860276, "71": 0.004644064737860276, "72": 0.004644064737860276, "73": 0.004644064737860276, "74": 0.004644064737860276, "75": 0.004644064737860276, "76": 0.004644064737860276, "77": 0.004644064737860276, "78": 0.004644064737860276, "79": 0.004644064737860276, "80": 0.004644064737860276, "81": 0.004644064737860276, "82": 0.004644064737860276, "83": 0.004644064737860276, "84": 0.004644064737860276, "85": 0.004644064737860276, "86": 0.004644064737860276, "87": 0.004644064737860276, "88": 0.004644064737860276, "89": 0.004644064737860276, "90": 0.004644064737860276, "91": 0.004644064737860276, "92": 0.004644064737860276, "93": 0.004644064737860276, "94": 0.004644064737860276, "95": 0.004644064737860276, "96": 0.004644064737860276, "97": 0.004644064737860276, "98": 0.004644064737860276, "99": 0.004644064737860276, "100": 0.004644064737860276}