{"0": 24.023327863388033, "1": 17.041258221355537, "2": 17.041258221355537, "3": 17.041258221355537, "4": 13.642199743373558, "5": 13.642199743373558, "6": 9.0533125059263, "7": 9.0533125059263, "8": 9.0533125059263, "9": 9.0533125059263, "10": 9.0533125059263, "11": 5.182118713183161, "12": 5.182118713183161, "13": 2.7107722448229303, "14": 2.7107722448229303, "15": 1.4419498122922612, "16": 1.4419498122922612, "17": 1.4419498122922612, "18": 1.4419498122922612, "19": 1.4419498122922612, "20": 1.4419498122922612, "21": 1.4419498122922612, "22": 1.4419498122922612, "23": 1.4419498122922612, "24": 1.4419498122922612, "25": 1.4419498122922612, "26": 1.4419498122922612, "27": 1.4419498122922612, "28": 1.4419498122922612, "29": 1.4419498122922612, "30": 1.4419498122922612, "31": 1.4419498122922612, "32": 0.8349420577844491, "33": 0.8349420577844491, "34": 0.8349420577844491, "35": 0.8349420577844491, "36": 0.8349420577844491, "37": 0.8349420577844491, "38": 0.8349420577844491, "39": 0.8349420577844491, "40": 0.8349420577844491, "41": 0.8349420577844491, "42": 0.8349420577844491, "43": 0.8349420577844491, "44": 0.8349420577844491, "45": 0.8349420577844491, "46": 0.8349420577844491, "47": 0.8349420577844491, "48": 0.8349420577844491, "49": 0.8349420577844491, "50": 0.8349420577844491, "51": 0.8349420577844491, "52": 0.8349420577844491, "53": 0.8349420577844491, "54": 0.8349420577844491, "55": 0.8349420577844491, "56": 0.8349420577844491, "57": 0.8349420577844491, "58": 0.8349420577844491, "59": 0.8349420577844491, "60": 0.8349420577844491, "61": 0.8349420577844491, "62": 0.8349420577844491, "63": 0.8349420577844491, "64": 0.8349420577844491, "65": 0.8349420577844491, "66": 0.8349420577844491, "67": 0.8349420577844491, "68": 0.8349420577844491, "69": 0.8349420577844491, "70": 0.8349420577844491, "71": 0.8349420577844491, "72": 0.8349420577844491, "73": 0.8349420577844491, "74": 0.8349420577844491, "75": 0.8349420577844491, "76": 0.8349420577844491, "77": 0.8349420577844491, "78": 0.8349420577844491, "79": 0.8349420577844491, "80": 0.8349420577844491, "81": 0.8349420577844491, "82": 0.8349420577844491, "83": 0.8349420577844491, "84": 0.8349420577844491, "85": 0.8349420577844491, "86": 0.8349420577844491, "87": 0.8349420577844491, "88": 0.8349420577844491, "89": 0.8349420577844491, "90": 0.8349420577844491, "91": 0.8349420577844491, "92": 0.8349420577844491, "93": 0.8349420577844491, "94": 0.8349420577844491, "95": 0.8349420577844491, "96": 0.8349420577844491, "97": 0.8349420577844491, "98": 0.8349420577844491, "99": 0.8349420577844491, "100": 0.8349420577844491}