{"0": 9.56898451199358, "1": 9.56898451199358, "2": 8.72163515586461, "3": 8.72163515586461, "4": 8.72163515586461, "5": 6.151262218339777, "6": 0.6758318583609082, "7": 0.6758318583609082, "8": 0.6758318583609082, "9": 0.6758318583609082, "10": 0.6758318583609082, "11": 0.6758318583609082, "12": 0.6758318583609082, "13": 0.6758318583609082, "14": 0.6758318583609082, "15": 0.6758318583609082, "16": 0.6758318583609082, "17": 0.6758318583609082, "18": 0.6758318583609082, "19": 0.19093384386176382, "20": 0.19093384386176382, "21": 0.19093384386176382, "22": 0.19093384386176382, "23": 0.19093384386176382, "24": 0.19093384386176382, "25": 0.19093384386176382, "26": 0.19093384386176382, "27": 0.19093384386176382, "28": 0.19093384386176382, "29": 0.19093384386176382, "30": 0.19093384386176382, "31": 0.19093384386176382, "32": 0.19093384386176382, "33": 0.19093384386176382, "34": 0.19093384386176382, "35": 0.19093384386176382, "36": 0.19093384386176382, "37": 0.19093384386176382, "38": 0.19093384386176382, "39": 0.19093384386176382, "40": 0.19093384386176382, "41": 0.19093384386176382, "42": 0.19093384386176382, "43": 0.19093384386176382, "44": 0.19093384386176382, "45": 0.19093384386176382, "46": 0.19093384386176382, "47": 0.19093384386176382, "48": 0.19093384386176382, "49": 0.19093384386176382, "50": 0.19093384386176382, "51": 0.19093384386176382, "52": 0.19093384386176382, "53": 0.19093384386176382, "54": 0.19093384386176382, "55": 0.19093384386176382, "56": 0.19093384386176382, "57": 0.19093384386176382, "58": 0.19093384386176382, "59": 0.19093384386176382, "60": 0.19093384386176382, "61": 0.19093384386176382, "62": 0.19093384386176382, "63": 0.19093384386176382, "64": 0.19093384386176382, "65": 0.19093384386176382, "66": 0.19093384386176382, "67": 0.19093384386176382, "68": 0.19093384386176382, "69": 0.19093384386176382, "70": 0.19093384386176382, "71": 0.19093384386176382, "72": 0.19093384386176382, "73": 0.19093384386176382, "74": 0.19093384386176382, "75": 0.19093384386176382, "76": 0.19093384386176382, "77": 0.19093384386176382, "78": 0.19093384386176382, "79": 0.19093384386176382, "80": 0.19093384386176382, "81": 0.19093384386176382, "82": 0.19093384386176382, "83": 0.19093384386176382, "84": 0.19093384386176382, "85": 0.19093384386176382, "86": 0.19093384386176382, "87": 0.19093384386176382, "88": 0.19093384386176382, "89": 0.19093384386176382, "90": 0.19093384386176382, "91": 0.19093384386176382, "92": 0.19093384386176382, "93": 0.19093384386176382, "94": 0.19093384386176382, "95": 0.19093384386176382, "96": 0.19093384386176382, "97": 0.19093384386176382, "98": 0.19093384386176382, "99": 0.19093384386176382, "100": 0.19093384386176382}