{"0": 33.103388710635116, "1": 10.525840861330092, "2": 10.525840861330092, "3": 10.525840861330092, "4": 10.525840861330092, "5": 10.525840861330092, "6": 10.525840861330092, "7": 10.525840861330092, "8": 6.663022794547656, "9": 6.663022794547656, "10": 5.724151570222183, "11": 5.724151570222183, "12": 5.724151570222183, "13": 5.724151570222183, "14": 5.724151570222183, "15": 5.724151570222183, "16": 5.724151570222183, "17": 5.724151570222183, "18": 5.724151570222183, "19": 5.724151570222183, "20": 5.724151570222183, "21": 0.15240839406122575, "22": 0.15240839406122575, "23": 0.15240839406122575, "24": 0.15240839406122575, "25": 0.15240839406122575, "26": 0.15240839406122575, "27": 0.15240839406122575, "28": 0.15240839406122575, "29": 0.15240839406122575, "30": 0.15240839406122575, "31": 0.15240839406122575, "32": 0.15240839406122575, "33": 0.15240839406122575, "34": 0.15240839406122575, "35": 0.15240839406122575, "36": 0.15240839406122575, "37": 0.15240839406122575, "38": 0.15240839406122575, "39": 0.15240839406122575, "40": 0.15240839406122575, "41": 0.15240839406122575, "42": 0.15240839406122575, "43": 0.15240839406122575, "44": 0.15240839406122575, "45": 0.15240839406122575, "46": 0.15240839406122575, "47": 0.15240839406122575, "48": 0.15240839406122575, "49": 0.15240839406122575, "50": 0.15240839406122575, "51": 0.15240839406122575, "52": 0.15240839406122575, "53": 0.15240839406122575, "54": 0.15240839406122575, "55": 0.15240839406122575, "56": 0.15240839406122575, "57": 0.15240839406122575, "58": 0.15240839406122575, "59": 0.15240839406122575, "60": 0.15240839406122575, "61": 0.15240839406122575, "62": 0.15240839406122575, "63": 0.15240839406122575, "64": 0.15240839406122575, "65": 0.15240839406122575, "66": 0.15240839406122575, "67": 0.15240839406122575, "68": 0.15240839406122575, "69": 0.15240839406122575, "70": 0.15240839406122575, "71": 0.15240839406122575, "72": 0.15240839406122575, "73": 0.15240839406122575, "74": 0.15240839406122575, "75": 0.15240839406122575, "76": 0.15240839406122575, "77": 0.15240839406122575, "78": 0.15240839406122575, "79": 0.15240839406122575, "80": 0.15240839406122575, "81": 0.15240839406122575, "82": 0.15240839406122575, "83": 0.15240839406122575, "84": 0.15240839406122575, "85": 0.15240839406122575, "86": 0.15240839406122575, "87": 0.15240839406122575, "88": 0.15240839406122575, "89": 0.15240839406122575, "90": 0.15240839406122575, "91": 0.15240839406122575, "92": 0.15240839406122575, "93": 0.15240839406122575, "94": 0.15240839406122575, "95": 0.15240839406122575, "96": 0.15240839406122575, "97": 0.15240839406122575, "98": 0.15240839406122575, "99": 0.15240839406122575, "100": 0.15240839406122575}