{"0": 23.206824692657595, "1": 17.545888158629573, "2": 17.545888158629573, "3": 9.8267113306066, "4": 9.686929547768173, "5": 9.686929547768173, "6": 6.594109173649414, "7": 6.594109173649414, "8": 6.594109173649414, "9": 1.381736619758641, "10": 1.381736619758641, "11": 1.30923390375213, "12": 1.30923390375213, "13": 1.30923390375213, "14": 1.30923390375213, "15": 1.30923390375213, "16": 0.34109048801537867, "17": 0.34109048801537867, "18": 0.09791715248006483, "19": 0.09791715248006483, "20": 0.09791715248006483, "21": 0.09791715248006483, "22": 0.09791715248006483, "23": 0.09791715248006483, "24": 0.09791715248006483, "25": 0.09791715248006483, "26": 0.09791715248006483, "27": 0.09791715248006483, "28": 0.09791715248006483, "29": 0.09791715248006483, "30": 0.09791715248006483, "31": 0.09791715248006483, "32": 0.09791715248006483, "33": 0.09791715248006483, "34": 0.09791715248006483, "35": 0.09791715248006483, "36": 0.09791715248006483, "37": 0.09791715248006483, "38": 0.09791715248006483, "39": 0.09791715248006483, "40": 0.09791715248006483, "41": 0.09791715248006483, "42": 0.09791715248006483, "43": 0.09791715248006483, "44": 0.09791715248006483, "45": 0.09791715248006483, "46": 0.09791715248006483, "47": 0.09791715248006483, "48": 0.09791715248006483, "49": 0.09791715248006483, "50": 0.09791715248006483, "51": 0.09791715248006483, "52": 0.09791715248006483, "53": 0.09791715248006483, "54": 0.09791715248006483, "55": 0.09791715248006483, "56": 0.09791715248006483, "57": 0.09791715248006483, "58": 0.09791715248006483, "59": 0.09791715248006483, "60": 0.09791715248006483, "61": 0.09791715248006483, "62": 0.09791715248006483, "63": 0.09791715248006483, "64": 0.09791715248006483, "65": 0.09791715248006483, "66": 0.09791715248006483, "67": 0.09791715248006483, "68": 0.09791715248006483, "69": 0.09791715248006483, "70": 0.09791715248006483, "71": 0.09791715248006483, "72": 0.09791715248006483, "73": 0.09791715248006483, "74": 0.09791715248006483, "75": 0.09791715248006483, "76": 0.09791715248006483, "77": 0.09791715248006483, "78": 0.09791715248006483, "79": 0.09791715248006483, "80": 0.09791715248006483, "81": 0.09791715248006483, "82": 0.09791715248006483, "83": 0.09791715248006483, "84": 0.09791715248006483, "85": 0.09791715248006483, "86": 0.09791715248006483, "87": 0.09791715248006483, "88": 0.09791715248006483, "89": 0.09791715248006483, "90": 0.09791715248006483, "91": 0.09791715248006483, "92": 0.09791715248006483, "93": 0.09791715248006483, "94": 0.09791715248006483, "95": 0.09791715248006483, "96": 0.09791715248006483, "97": 0.09791715248006483, "98": 0.09791715248006483, "99": 0.09791715248006483, "100": 0.09791715248006483}