{"0": 17.50764440967937, "1": 4.018373556559521, "2": 4.018373556559521, "3": 4.018373556559521, "4": 4.018373556559521, "5": 4.018373556559521, "6": 4.018373556559521, "7": 4.018373556559521, "8": 4.018373556559521, "9": 4.018373556559521, "10": 4.018373556559521, "11": 4.018373556559521, "12": 1.522210678493252, "13": 1.4600498556582053, "14": 1.4600498556582053, "15": 1.4600498556582053, "16": 1.4600498556582053, "17": 1.4600498556582053, "18": 1.4600498556582053, "19": 1.4600498556582053, "20": 1.4600498556582053, "21": 1.4600498556582053, "22": 0.9993132307391193, "23": 0.9993132307391193, "24": 0.9993132307391193, "25": 0.9993132307391193, "26": 0.9993132307391193, "27": 0.9993132307391193, "28": 0.9993132307391193, "29": 0.9993132307391193, "30": 0.9993132307391193, "31": 0.9993132307391193, "32": 0.9993132307391193, "33": 0.8319254526876492, "34": 0.8319254526876492, "35": 0.8319254526876492, "36": 0.8319254526876492, "37": 0.20263417332276035, "38": 0.20263417332276035, "39": 0.20263417332276035, "40": 0.20263417332276035, "41": 0.20263417332276035, "42": 0.20263417332276035, "43": 0.20263417332276035, "44": 0.20263417332276035, "45": 0.20263417332276035, "46": 0.20263417332276035, "47": 0.20263417332276035, "48": 0.20263417332276035, "49": 0.20263417332276035, "50": 0.20263417332276035, "51": 0.20263417332276035, "52": 0.20263417332276035, "53": 0.20263417332276035, "54": 0.20263417332276035, "55": 0.20263417332276035, "56": 0.20263417332276035, "57": 0.20263417332276035, "58": 0.042151996379253376, "59": 0.042151996379253376, "60": 0.042151996379253376, "61": 0.042151996379253376, "62": 0.042151996379253376, "63": 0.042151996379253376, "64": 0.042151996379253376, "65": 0.042151996379253376, "66": 0.042151996379253376, "67": 0.042151996379253376, "68": 0.042151996379253376, "69": 0.042151996379253376, "70": 0.042151996379253376, "71": 0.042151996379253376, "72": 0.042151996379253376, "73": 0.042151996379253376, "74": 0.042151996379253376, "75": 0.042151996379253376, "76": 0.042151996379253376, "77": 0.042151996379253376, "78": 0.042151996379253376, "79": 0.042151996379253376, "80": 0.042151996379253376, "81": 0.042151996379253376, "82": 0.042151996379253376, "83": 0.042151996379253376, "84": 0.042151996379253376, "85": 0.042151996379253376, "86": 0.042151996379253376, "87": 0.042151996379253376, "88": 0.042151996379253376, "89": 0.042151996379253376, "90": 0.042151996379253376, "91": 0.042151996379253376, "92": 0.042151996379253376, "93": 0.042151996379253376, "94": 0.042151996379253376, "95": 0.042151996379253376, "96": 0.042151996379253376, "97": 0.042151996379253376, "98": 0.042151996379253376, "99": 0.042151996379253376, "100": 0.042151996379253376}