{"0": 19.89750180761367, "1": 5.270307466510129, "2": 5.270307466510129, "3": 5.270307466510129, "4": 5.270307466510129, "5": 5.270307466510129, "6": 5.270307466510129, "7": 5.270307466510129, "8": 5.270307466510129, "9": 5.2280605488567105, "10": 3.200164167506003, "11": 2.1690819013029135, "12": 2.1690819013029135, "13": 2.015866625107982, "14": 1.991590749567166, "15": 1.991590749567166, "16": 1.991590749567166, "17": 1.991590749567166, "18": 1.9866245983707778, "19": 1.9866245983707778, "20": 1.9866245983707778, "21": 1.9866245983707778, "22": 1.9866245983707778, "23": 1.9866245983707778, "24": 1.9866245983707778, "25": 1.9866245983707778, "26": 1.9866245983707778, "27": 1.9866245983707778, "28": 1.9866245983707778, "29": 1.9866245983707778, "30": 1.9866245983707778, "31": 1.9866245983707778, "32": 1.9866245983707778, "33": 1.9866245983707778, "34": 1.9866245983707778, "35": 1.1025670343879064, "36": 1.1025670343879064, "37": 1.1025670343879064, "38": 1.1025670343879064, "39": 1.1025670343879064, "40": 1.1025670343879064, "41": 1.1025670343879064, "42": 1.1025670343879064, "43": 1.1025670343879064, "44": 1.1025670343879064, "45": 1.1025670343879064, "46": 1.1025670343879064, "47": 1.1025670343879064, "48": 1.1025670343879064, "49": 1.1025670343879064, "50": 1.1025670343879064, "51": 1.1025670343879064, "52": 1.1025670343879064, "53": 1.1025670343879064, "54": 1.1025670343879064, "55": 1.1025670343879064, "56": 1.1025670343879064, "57": 1.1025670343879064, "58": 1.1025670343879064, "59": 1.1025670343879064, "60": 1.1025670343879064, "61": 1.1025670343879064, "62": 1.1025670343879064, "63": 1.1025670343879064, "64": 1.1025670343879064, "65": 1.1025670343879064, "66": 1.1025670343879064, "67": 1.1025670343879064, "68": 1.1025670343879064, "69": 1.1025670343879064, "70": 1.1025670343879064, "71": 1.1025670343879064, "72": 1.1025670343879064, "73": 1.1025670343879064, "74": 1.1025670343879064, "75": 1.1025670343879064, "76": 1.1025670343879064, "77": 1.1025670343879064, "78": 1.1025670343879064, "79": 1.1025670343879064, "80": 1.1025670343879064, "81": 1.1025670343879064, "82": 1.1025670343879064, "83": 1.1025670343879064, "84": 1.1025670343879064, "85": 1.1025670343879064, "86": 1.1025670343879064, "87": 1.1025670343879064, "88": 1.1025670343879064, "89": 1.1025670343879064, "90": 1.1025670343879064, "91": 1.1025670343879064, "92": 1.0839829754532175, "93": 1.0839829754532175, "94": 1.0839829754532175, "95": 1.0839829754532175, "96": 1.0839829754532175, "97": 1.0839829754532175, "98": 1.0839829754532175, "99": 1.0839829754532175, "100": 1.0839829754532175}