{"0": 32.5026470602447, "1": 8.220909465997847, "2": 8.220909465997847, "3": 2.9147111251192683, "4": 2.9147111251192683, "5": 2.9147111251192683, "6": 2.9147111251192683, "7": 2.9147111251192683, "8": 2.526499469321859, "9": 2.3446747079246286, "10": 2.3446747079246286, "11": 2.3446747079246286, "12": 2.3446747079246286, "13": 2.3446747079246286, "14": 2.3446747079246286, "15": 2.3446747079246286, "16": 2.3446747079246286, "17": 2.3446747079246286, "18": 2.3446747079246286, "19": 2.3446747079246286, "20": 2.3446747079246286, "21": 2.3446747079246286, "22": 2.3446747079246286, "23": 2.3446747079246286, "24": 2.058106002547234, "25": 2.058106002547234, "26": 2.058106002547234, "27": 2.058106002547234, "28": 2.058106002547234, "29": 2.058106002547234, "30": 2.058106002547234, "31": 2.058106002547234, "32": 2.058106002547234, "33": 2.058106002547234, "34": 2.058106002547234, "35": 2.058106002547234, "36": 2.058106002547234, "37": 2.058106002547234, "38": 2.058106002547234, "39": 2.058106002547234, "40": 1.6466388204791933, "41": 1.6466388204791933, "42": 1.6466388204791933, "43": 1.6466388204791933, "44": 1.6466388204791933, "45": 1.6466388204791933, "46": 1.6466388204791933, "47": 1.6466388204791933, "48": 1.25063538635262, "49": 1.25063538635262, "50": 1.25063538635262, "51": 1.25063538635262, "52": 1.25063538635262, "53": 1.25063538635262, "54": 1.25063538635262, "55": 1.25063538635262, "56": 1.25063538635262, "57": 1.25063538635262, "58": 1.25063538635262, "59": 1.25063538635262, "60": 1.25063538635262, "61": 1.25063538635262, "62": 1.25063538635262, "63": 1.25063538635262, "64": 1.25063538635262, "65": 1.25063538635262, "66": 1.25063538635262, "67": 1.25063538635262, "68": 1.25063538635262, "69": 1.25063538635262, "70": 1.25063538635262, "71": 1.25063538635262, "72": 1.25063538635262, "73": 1.25063538635262, "74": 1.25063538635262, "75": 1.25063538635262, "76": 1.25063538635262, "77": 1.25063538635262, "78": 1.25063538635262, "79": 1.25063538635262, "80": 1.25063538635262, "81": 1.25063538635262, "82": 1.25063538635262, "83": 1.25063538635262, "84": 1.25063538635262, "85": 1.25063538635262, "86": 1.25063538635262, "87": 1.25063538635262, "88": 1.25063538635262, "89": 1.25063538635262, "90": 1.25063538635262, "91": 1.25063538635262, "92": 1.25063538635262, "93": 1.25063538635262, "94": 1.25063538635262, "95": 1.25063538635262, "96": 1.25063538635262, "97": 1.25063538635262, "98": 1.25063538635262, "99": 1.25063538635262, "100": 1.25063538635262}