{"0": 20.060669983718828, "1": 4.810499680420698, "2": 4.810499680420698, "3": 4.810499680420698, "4": 4.810499680420698, "5": 1.664680577790719, "6": 1.664680577790719, "7": 1.661275707738568, "8": 1.661275707738568, "9": 1.661275707738568, "10": 1.661275707738568, "11": 1.661275707738568, "12": 1.661275707738568, "13": 1.661275707738568, "14": 1.661275707738568, "15": 1.661275707738568, "16": 1.661275707738568, "17": 1.661275707738568, "18": 1.6171647717600166, "19": 1.6171647717600166, "20": 1.6171647717600166, "21": 1.6171647717600166, "22": 1.6171647717600166, "23": 1.6171647717600166, "24": 1.6171647717600166, "25": 1.6171647717600166, "26": 1.6171647717600166, "27": 1.6171647717600166, "28": 1.6171647717600166, "29": 1.6171647717600166, "30": 1.6171647717600166, "31": 1.6171647717600166, "32": 1.6171647717600166, "33": 1.6171647717600166, "34": 1.0158482331526706, "35": 1.0158482331526706, "36": 1.0158482331526706, "37": 1.0158482331526706, "38": 1.0158482331526706, "39": 1.0158482331526706, "40": 1.0158482331526706, "41": 1.0158482331526706, "42": 1.0158482331526706, "43": 1.0158482331526706, "44": 1.0158482331526706, "45": 1.0158482331526706, "46": 1.0158482331526706, "47": 1.0158482331526706, "48": 1.0158482331526706, "49": 1.0158482331526706, "50": 1.0158482331526706, "51": 1.0158482331526706, "52": 1.0158482331526706, "53": 1.0158482331526706, "54": 1.0158482331526706, "55": 1.0158482331526706, "56": 1.0158482331526706, "57": 1.0158482331526706, "58": 1.0158482331526706, "59": 1.0158482331526706, "60": 1.0158482331526706, "61": 1.0158482331526706, "62": 1.0158482331526706, "63": 1.0158482331526706, "64": 1.0158482331526706, "65": 1.0158482331526706, "66": 1.0158482331526706, "67": 1.0158482331526706, "68": 1.0158482331526706, "69": 1.0158482331526706, "70": 1.0158482331526706, "71": 1.0158482331526706, "72": 1.0158482331526706, "73": 1.0158482331526706, "74": 1.0158482331526706, "75": 1.0158482331526706, "76": 1.0158482331526706, "77": 1.0158482331526706, "78": 1.0158482331526706, "79": 1.0158482331526706, "80": 1.0158482331526706, "81": 1.0158482331526706, "82": 1.0158482331526706, "83": 1.0158482331526706, "84": 1.0158482331526706, "85": 1.0158482331526706, "86": 1.0158482331526706, "87": 1.0158482331526706, "88": 1.0158482331526706, "89": 1.0158482331526706, "90": 1.0158482331526706, "91": 1.0158482331526706, "92": 1.0158482331526706, "93": 1.0158482331526706, "94": 1.0158482331526706, "95": 1.0158482331526706, "96": 1.0158482331526706, "97": 1.0158482331526706, "98": 1.0158482331526706, "99": 1.0158482331526706, "100": 1.0158482331526706}