{"0": 16.434986726687995, "1": 5.104262521709861, "2": 5.104262521709861, "3": 5.104262521709861, "4": 5.104262521709861, "5": 5.104262521709861, "6": 5.104262521709861, "7": 5.104262521709861, "8": 4.162604522177908, "9": 4.162604522177908, "10": 4.162604522177908, "11": 4.162604522177908, "12": 4.162604522177908, "13": 4.162604522177908, "14": 4.162604522177908, "15": 4.162604522177908, "16": 3.989108987033344, "17": 3.989108987033344, "18": 3.989108987033344, "19": 3.989108987033344, "20": 3.989108987033344, "21": 3.989108987033344, "22": 3.989108987033344, "23": 1.6762160691732362, "24": 1.6762160691732362, "25": 1.6762160691732362, "26": 1.6762160691732362, "27": 1.6762160691732362, "28": 1.6762160691732362, "29": 1.6762160691732362, "30": 1.6762160691732362, "31": 1.6762160691732362, "32": 1.6762160691732362, "33": 1.6762160691732362, "34": 1.6762160691732362, "35": 1.6762160691732362, "36": 1.6762160691732362, "37": 1.6762160691732362, "38": 1.6138048008161086, "39": 1.6138048008161086, "40": 1.6138048008161086, "41": 1.6138048008161086, "42": 1.6138048008161086, "43": 1.6138048008161086, "44": 1.6138048008161086, "45": 1.6138048008161086, "46": 1.6138048008161086, "47": 1.6138048008161086, "48": 1.6138048008161086, "49": 1.6138048008161086, "50": 1.6138048008161086, "51": 1.4385478194632988, "52": 1.4385478194632988, "53": 0.5888638896649141, "54": 0.5888638896649141, "55": 0.5888638896649141, "56": 0.5888638896649141, "57": 0.5888638896649141, "58": 0.5888638896649141, "59": 0.5888638896649141, "60": 0.5888638896649141, "61": 0.5888638896649141, "62": 0.5888638896649141, "63": 0.5888638896649141, "64": 0.5888638896649141, "65": 0.5888638896649141, "66": 0.5888638896649141, "67": 0.5888638896649141, "68": 0.5888638896649141, "69": 0.5888638896649141, "70": 0.5888638896649141, "71": 0.5888638896649141, "72": 0.5888638896649141, "73": 0.5888638896649141, "74": 0.5888638896649141, "75": 0.5888638896649141, "76": 0.5888638896649141, "77": 0.5888638896649141, "78": 0.5888638896649141, "79": 0.5888638896649141, "80": 0.5888638896649141, "81": 0.5888638896649141, "82": 0.5888638896649141, "83": 0.5888638896649141, "84": 0.5888638896649141, "85": 0.5888638896649141, "86": 0.5888638896649141, "87": 0.5888638896649141, "88": 0.5888638896649141, "89": 0.5888638896649141, "90": 0.5888638896649141, "91": 0.5888638896649141, "92": 0.5888638896649141, "93": 0.5888638896649141, "94": 0.5888638896649141, "95": 0.5888638896649141, "96": 0.5888638896649141, "97": 0.5888638896649141, "98": 0.5888638896649141, "99": 0.5888638896649141, "100": 0.5888638896649141}