{"0": 16.38588936746816, "1": 10.011338618967335, "2": 9.822917583037245, "3": 6.613340855223299, "4": 6.613340855223299, "5": 6.613340855223299, "6": 2.153322035903514, "7": 2.153322035903514, "8": 2.153322035903514, "9": 2.153322035903514, "10": 2.153322035903514, "11": 2.153322035903514, "12": 2.153322035903514, "13": 2.153322035903514, "14": 2.0359144300392096, "15": 0.709686344476367, "16": 0.709686344476367, "17": 0.709686344476367, "18": 0.709686344476367, "19": 0.709686344476367, "20": 0.709686344476367, "21": 0.709686344476367, "22": 0.709686344476367, "23": 0.709686344476367, "24": 0.709686344476367, "25": 0.709686344476367, "26": 0.709686344476367, "27": 0.709686344476367, "28": 0.709686344476367, "29": 0.709686344476367, "30": 0.5517245212481612, "31": 0.5517245212481612, "32": 0.5517245212481612, "33": 0.5517245212481612, "34": 0.5517245212481612, "35": 0.39559512976862266, "36": 0.39559512976862266, "37": 0.39559512976862266, "38": 0.39559512976862266, "39": 0.39559512976862266, "40": 0.39559512976862266, "41": 0.39559512976862266, "42": 0.39559512976862266, "43": 0.39559512976862266, "44": 0.39559512976862266, "45": 0.39559512976862266, "46": 0.39559512976862266, "47": 0.39559512976862266, "48": 0.39559512976862266, "49": 0.39559512976862266, "50": 0.39559512976862266, "51": 0.39559512976862266, "52": 0.39559512976862266, "53": 0.39559512976862266, "54": 0.39559512976862266, "55": 0.39559512976862266, "56": 0.39559512976862266, "57": 0.39559512976862266, "58": 0.39559512976862266, "59": 0.39559512976862266, "60": 0.39559512976862266, "61": 0.39559512976862266, "62": 0.39559512976862266, "63": 0.39559512976862266, "64": 0.39559512976862266, "65": 0.39559512976862266, "66": 0.39559512976862266, "67": 0.39559512976862266, "68": 0.39559512976862266, "69": 0.39559512976862266, "70": 0.39559512976862266, "71": 0.39559512976862266, "72": 0.39559512976862266, "73": 0.39559512976862266, "74": 0.39559512976862266, "75": 0.39559512976862266, "76": 0.39559512976862266, "77": 0.39559512976862266, "78": 0.39559512976862266, "79": 0.39559512976862266, "80": 0.39559512976862266, "81": 0.39559512976862266, "82": 0.39559512976862266, "83": 0.39559512976862266, "84": 0.39559512976862266, "85": 0.39559512976862266, "86": 0.39559512976862266, "87": 0.39559512976862266, "88": 0.39559512976862266, "89": 0.39559512976862266, "90": 0.39559512976862266, "91": 0.39559512976862266, "92": 0.39559512976862266, "93": 0.39559512976862266, "94": 0.39559512976862266, "95": 0.39559512976862266, "96": 0.39559512976862266, "97": 0.39559512976862266, "98": 0.39559512976862266, "99": 0.39559512976862266, "100": 0.39559512976862266}