{"0": 3.517025892984215, "1": 3.517025892984215, "2": 3.517025892984215, "3": 3.517025892984215, "4": 3.517025892984215, "5": 3.517025892984215, "6": 3.517025892984215, "7": 3.2222720974805767, "8": 3.2222720974805767, "9": 1.4351243541849144, "10": 1.4351243541849144, "11": 1.2391219542098284, "12": 1.2391219542098284, "13": 1.2391219542098284, "14": 1.2391219542098284, "15": 1.2391219542098284, "16": 1.2391219542098284, "17": 1.2391219542098284, "18": 1.2391219542098284, "19": 1.2391219542098284, "20": 1.2391219542098284, "21": 1.2391219542098284, "22": 1.2391219542098284, "23": 1.2391219542098284, "24": 1.2391219542098284, "25": 1.2391219542098284, "26": 1.2391219542098284, "27": 1.2391219542098284, "28": 1.2391219542098284, "29": 1.2391219542098284, "30": 0.3956537906946096, "31": 0.3956537906946096, "32": 0.3956537906946096, "33": 0.3956537906946096, "34": 0.3956537906946096, "35": 0.3956537906946096, "36": 0.3956537906946096, "37": 0.3956537906946096, "38": 0.3956537906946096, "39": 0.3956537906946096, "40": 0.3956537906946096, "41": 0.3956537906946096, "42": 0.3956537906946096, "43": 0.3956537906946096, "44": 0.3956537906946096, "45": 0.3956537906946096, "46": 0.3956537906946096, "47": 0.24751846122234866, "48": 0.24751846122234866, "49": 0.24751846122234866, "50": 0.24751846122234866, "51": 0.24751846122234866, "52": 0.22816104846321394, "53": 0.22816104846321394, "54": 0.22816104846321394, "55": 0.22816104846321394, "56": 0.22816104846321394, "57": 0.22816104846321394, "58": 0.22816104846321394, "59": 0.22816104846321394, "60": 0.22816104846321394, "61": 0.22816104846321394, "62": 0.22816104846321394, "63": 0.22816104846321394, "64": 0.22816104846321394, "65": 0.22816104846321394, "66": 0.22816104846321394, "67": 0.22816104846321394, "68": 0.22816104846321394, "69": 0.22816104846321394, "70": 0.22816104846321394, "71": 0.22816104846321394, "72": 0.22816104846321394, "73": 0.22816104846321394, "74": 0.22816104846321394, "75": 0.22816104846321394, "76": 0.22816104846321394, "77": 0.22816104846321394, "78": 0.22816104846321394, "79": 0.22816104846321394, "80": 0.22816104846321394, "81": 0.22816104846321394, "82": 0.22816104846321394, "83": 0.22816104846321394, "84": 0.22816104846321394, "85": 0.22816104846321394, "86": 0.22816104846321394, "87": 0.22816104846321394, "88": 0.22816104846321394, "89": 0.22816104846321394, "90": 0.22816104846321394, "91": 0.22816104846321394, "92": 0.22816104846321394, "93": 0.22816104846321394, "94": 0.22816104846321394, "95": 0.22816104846321394, "96": 0.22816104846321394, "97": 0.22816104846321394, "98": 0.22816104846321394, "99": 0.22816104846321394, "100": 0.22816104846321394}