{"0": 12.594833267345226, "1": 12.594833267345226, "2": 12.594833267345226, "3": 6.373250176099084, "4": 6.373250176099084, "5": 6.373250176099084, "6": 1.4064894435266169, "7": 1.4064894435266169, "8": 1.4064894435266169, "9": 1.4064894435266169, "10": 1.4064894435266169, "11": 1.4064894435266169, "12": 0.7681676675337421, "13": 0.7681676675337421, "14": 0.7681676675337421, "15": 0.7681676675337421, "16": 0.7681676675337421, "17": 0.7681676675337421, "18": 0.7681676675337421, "19": 0.7681676675337421, "20": 0.7681676675337421, "21": 0.7681676675337421, "22": 0.7681676675337421, "23": 0.7681676675337421, "24": 0.7681676675337421, "25": 0.7681676675337421, "26": 0.7681676675337421, "27": 0.7681676675337421, "28": 0.7681676675337421, "29": 0.7681676675337421, "30": 0.7681676675337421, "31": 0.7681676675337421, "32": 0.46968407740026663, "33": 0.46968407740026663, "34": 0.46968407740026663, "35": 0.46968407740026663, "36": 0.46968407740026663, "37": 0.46968407740026663, "38": 0.46968407740026663, "39": 0.46968407740026663, "40": 0.46968407740026663, "41": 0.46968407740026663, "42": 0.46968407740026663, "43": 0.46968407740026663, "44": 0.46968407740026663, "45": 0.46968407740026663, "46": 0.46968407740026663, "47": 0.46968407740026663, "48": 0.46968407740026663, "49": 0.46968407740026663, "50": 0.46968407740026663, "51": 0.46968407740026663, "52": 0.46968407740026663, "53": 0.46968407740026663, "54": 0.46968407740026663, "55": 0.46968407740026663, "56": 0.46968407740026663, "57": 0.46968407740026663, "58": 0.46968407740026663, "59": 0.46968407740026663, "60": 0.46968407740026663, "61": 0.46968407740026663, "62": 0.46968407740026663, "63": 0.46968407740026663, "64": 0.46968407740026663, "65": 0.46968407740026663, "66": 0.46968407740026663, "67": 0.46968407740026663, "68": 0.46968407740026663, "69": 0.46968407740026663, "70": 0.46968407740026663, "71": 0.46968407740026663, "72": 0.46968407740026663, "73": 0.46968407740026663, "74": 0.46968407740026663, "75": 0.46968407740026663, "76": 0.46968407740026663, "77": 0.46968407740026663, "78": 0.46968407740026663, "79": 0.46968407740026663, "80": 0.46968407740026663, "81": 0.46968407740026663, "82": 0.46968407740026663, "83": 0.46968407740026663, "84": 0.46968407740026663, "85": 0.46968407740026663, "86": 0.46968407740026663, "87": 0.46968407740026663, "88": 0.46968407740026663, "89": 0.46968407740026663, "90": 0.46968407740026663, "91": 0.46968407740026663, "92": 0.46968407740026663, "93": 0.46968407740026663, "94": 0.46968407740026663, "95": 0.46968407740026663, "96": 0.46968407740026663, "97": 0.46968407740026663, "98": 0.46968407740026663, "99": 0.46968407740026663, "100": 0.46968407740026663}