{"0": 20.058530382556775, "1": 7.675192382278034, "2": 7.675192382278034, "3": 7.675192382278034, "4": 7.675192382278034, "5": 7.675192382278034, "6": 7.675192382278034, "7": 7.675192382278034, "8": 7.675192382278034, "9": 5.332119485707837, "10": 5.332119485707837, "11": 3.5055163379638756, "12": 3.5055163379638756, "13": 3.5055163379638756, "14": 3.5055163379638756, "15": 3.5055163379638756, "16": 2.058061175352158, "17": 2.058061175352158, "18": 2.058061175352158, "19": 2.058061175352158, "20": 2.058061175352158, "21": 2.058061175352158, "22": 2.058061175352158, "23": 2.058061175352158, "24": 2.058061175352158, "25": 2.058061175352158, "26": 2.058061175352158, "27": 2.058061175352158, "28": 2.058061175352158, "29": 2.058061175352158, "30": 2.058061175352158, "31": 2.058061175352158, "32": 2.058061175352158, "33": 2.058061175352158, "34": 2.058061175352158, "35": 2.058061175352158, "36": 2.058061175352158, "37": 2.058061175352158, "38": 2.058061175352158, "39": 2.058061175352158, "40": 2.058061175352158, "41": 1.0267683888606314, "42": 1.0267683888606314, "43": 1.0267683888606314, "44": 1.0267683888606314, "45": 1.0267683888606314, "46": 1.0267683888606314, "47": 1.0267683888606314, "48": 1.0267683888606314, "49": 1.0267683888606314, "50": 1.0267683888606314, "51": 1.0267683888606314, "52": 1.0267683888606314, "53": 1.0267683888606314, "54": 1.0267683888606314, "55": 1.0267683888606314, "56": 1.0267683888606314, "57": 1.0267683888606314, "58": 1.0267683888606314, "59": 1.0267683888606314, "60": 1.0267683888606314, "61": 1.0267683888606314, "62": 1.0267683888606314, "63": 1.0267683888606314, "64": 1.0267683888606314, "65": 1.0267683888606314, "66": 1.0267683888606314, "67": 1.0267683888606314, "68": 1.0267683888606314, "69": 1.0267683888606314, "70": 1.0267683888606314, "71": 1.0267683888606314, "72": 1.0267683888606314, "73": 1.0267683888606314, "74": 1.0267683888606314, "75": 1.0267683888606314, "76": 1.0267683888606314, "77": 1.0267683888606314, "78": 1.0267683888606314, "79": 1.0267683888606314, "80": 1.0267683888606314, "81": 1.0267683888606314, "82": 1.0267683888606314, "83": 1.0267683888606314, "84": 1.0267683888606314, "85": 1.0267683888606314, "86": 1.0267683888606314, "87": 1.0267683888606314, "88": 1.0267683888606314, "89": 1.0267683888606314, "90": 1.0267683888606314, "91": 1.0267683888606314, "92": 1.0267683888606314, "93": 1.0267683888606314, "94": 1.0267683888606314, "95": 1.0267683888606314, "96": 1.0267683888606314, "97": 1.0267683888606314, "98": 1.0267683888606314, "99": 1.0267683888606314, "100": 1.0267683888606314}