{"0": 13.393577386322011, "1": 13.393577386322011, "2": 3.332466967726628, "3": 3.332466967726628, "4": 1.6111441119113898, "5": 1.6111441119113898, "6": 1.4800897946228488, "7": 1.4800897946228488, "8": 1.4800897946228488, "9": 1.4800897946228488, "10": 1.3727187050936571, "11": 1.3727187050936571, "12": 1.3727187050936571, "13": 1.3727187050936571, "14": 1.3727187050936571, "15": 1.3727187050936571, "16": 1.3727187050936571, "17": 1.3727187050936571, "18": 0.9454653903617647, "19": 0.9454653903617647, "20": 0.9454653903617647, "21": 0.9454653903617647, "22": 0.9454653903617647, "23": 0.9454653903617647, "24": 0.9454653903617647, "25": 0.9454653903617647, "26": 0.831564594472372, "27": 0.831564594472372, "28": 0.831564594472372, "29": 0.831564594472372, "30": 0.831564594472372, "31": 0.831564594472372, "32": 0.831564594472372, "33": 0.831564594472372, "34": 0.831564594472372, "35": 0.831564594472372, "36": 0.831564594472372, "37": 0.831564594472372, "38": 0.831564594472372, "39": 0.831564594472372, "40": 0.831564594472372, "41": 0.831564594472372, "42": 0.831564594472372, "43": 0.831564594472372, "44": 0.831564594472372, "45": 0.831564594472372, "46": 0.831564594472372, "47": 0.831564594472372, "48": 0.831564594472372, "49": 0.831564594472372, "50": 0.831564594472372, "51": 0.831564594472372, "52": 0.831564594472372, "53": 0.831564594472372, "54": 0.831564594472372, "55": 0.831564594472372, "56": 0.831564594472372, "57": 0.831564594472372, "58": 0.22801271997629513, "59": 0.22801271997629513, "60": 0.22801271997629513, "61": 0.22801271997629513, "62": 0.22801271997629513, "63": 0.22801271997629513, "64": 0.22801271997629513, "65": 0.22801271997629513, "66": 0.22801271997629513, "67": 0.22801271997629513, "68": 0.22801271997629513, "69": 0.22801271997629513, "70": 0.22801271997629513, "71": 0.22801271997629513, "72": 0.22801271997629513, "73": 0.22801271997629513, "74": 0.22801271997629513, "75": 0.22801271997629513, "76": 0.22801271997629513, "77": 0.22801271997629513, "78": 0.22801271997629513, "79": 0.22801271997629513, "80": 0.22801271997629513, "81": 0.22801271997629513, "82": 0.22801271997629513, "83": 0.22801271997629513, "84": 0.22801271997629513, "85": 0.22801271997629513, "86": 0.22801271997629513, "87": 0.22801271997629513, "88": 0.22801271997629513, "89": 0.22801271997629513, "90": 0.22801271997629513, "91": 0.22801271997629513, "92": 0.22801271997629513, "93": 0.22801271997629513, "94": 0.22801271997629513, "95": 0.22801271997629513, "96": 0.22801271997629513, "97": 0.22801271997629513, "98": 0.22801271997629513, "99": 0.22801271997629513, "100": 0.22801271997629513}