{"0": 24.51409861994386, "1": 5.816114434679049, "2": 5.816114434679049, "3": 5.816114434679049, "4": 5.816114434679049, "5": 5.816114434679049, "6": 5.363374502871405, "7": 5.363374502871405, "8": 5.363374502871405, "9": 5.363374502871405, "10": 5.363374502871405, "11": 5.363374502871405, "12": 3.7023035620725437, "13": 3.7023035620725437, "14": 3.7023035620725437, "15": 3.7023035620725437, "16": 3.7023035620725437, "17": 3.7023035620725437, "18": 3.7023035620725437, "19": 3.7023035620725437, "20": 3.7023035620725437, "21": 3.7023035620725437, "22": 3.2514254568906544, "23": 3.2514254568906544, "24": 3.2514254568906544, "25": 3.2514254568906544, "26": 3.2514254568906544, "27": 3.2514254568906544, "28": 3.2514254568906544, "29": 3.2514254568906544, "30": 3.2514254568906544, "31": 3.1400950420325486, "32": 3.1400950420325486, "33": 3.1400950420325486, "34": 3.1400950420325486, "35": 3.1400950420325486, "36": 3.1400950420325486, "37": 1.413969379426856, "38": 1.413969379426856, "39": 1.0209297952880547, "40": 1.0209297952880547, "41": 1.0209297952880547, "42": 1.0209297952880547, "43": 1.0209297952880547, "44": 1.0209297952880547, "45": 1.0209297952880547, "46": 1.0209297952880547, "47": 1.0209297952880547, "48": 1.0209297952880547, "49": 1.0209297952880547, "50": 1.0209297952880547, "51": 1.0209297952880547, "52": 1.0209297952880547, "53": 1.0209297952880547, "54": 1.0209297952880547, "55": 1.0209297952880547, "56": 1.0209297952880547, "57": 1.0209297952880547, "58": 1.0209297952880547, "59": 1.0209297952880547, "60": 1.0209297952880547, "61": 1.0209297952880547, "62": 1.0209297952880547, "63": 1.0209297952880547, "64": 1.0209297952880547, "65": 1.0209297952880547, "66": 1.0209297952880547, "67": 1.0209297952880547, "68": 1.0209297952880547, "69": 1.0209297952880547, "70": 1.0209297952880547, "71": 1.0209297952880547, "72": 1.0209297952880547, "73": 1.0209297952880547, "74": 1.0209297952880547, "75": 1.0209297952880547, "76": 1.0209297952880547, "77": 1.0209297952880547, "78": 1.0209297952880547, "79": 1.0209297952880547, "80": 1.0209297952880547, "81": 1.0209297952880547, "82": 1.0209297952880547, "83": 1.0209297952880547, "84": 1.0209297952880547, "85": 1.0209297952880547, "86": 1.0209297952880547, "87": 1.0209297952880547, "88": 1.0209297952880547, "89": 1.0209297952880547, "90": 1.0209297952880547, "91": 1.0209297952880547, "92": 1.0209297952880547, "93": 1.0209297952880547, "94": 1.0209297952880547, "95": 1.0209297952880547, "96": 1.0209297952880547, "97": 1.0209297952880547, "98": 1.0209297952880547, "99": 1.0209297952880547, "100": 1.0209297952880547}