{"0": 24.61913692173089, "1": 4.759898365856936, "2": 4.759898365856936, "3": 4.759898365856936, "4": 4.759898365856936, "5": 4.759898365856936, "6": 4.759898365856936, "7": 4.759898365856936, "8": 4.759898365856936, "9": 2.7225901493693208, "10": 1.5192828384384924, "11": 1.5192828384384924, "12": 1.3269267874011916, "13": 1.3269267874011916, "14": 1.3269267874011916, "15": 1.3269267874011916, "16": 1.3269267874011916, "17": 1.3269267874011916, "18": 1.3269267874011916, "19": 1.3269267874011916, "20": 1.3269267874011916, "21": 1.3269267874011916, "22": 1.3269267874011916, "23": 1.3269267874011916, "24": 1.1460214297120643, "25": 1.1460214297120643, "26": 1.1460214297120643, "27": 1.1460214297120643, "28": 1.1460214297120643, "29": 1.1460214297120643, "30": 1.1460214297120643, "31": 1.1460214297120643, "32": 1.1460214297120643, "33": 1.1460214297120643, "34": 1.1460214297120643, "35": 1.1460214297120643, "36": 1.1460214297120643, "37": 1.1460214297120643, "38": 1.1460214297120643, "39": 1.1460214297120643, "40": 1.1460214297120643, "41": 1.1460214297120643, "42": 1.1460214297120643, "43": 1.1460214297120643, "44": 1.1460214297120643, "45": 1.1460214297120643, "46": 1.1460214297120643, "47": 1.1460214297120643, "48": 1.1460214297120643, "49": 1.1460214297120643, "50": 1.1460214297120643, "51": 1.1460214297120643, "52": 1.1460214297120643, "53": 1.1460214297120643, "54": 1.1460214297120643, "55": 1.1460214297120643, "56": 1.1460214297120643, "57": 1.1460214297120643, "58": 1.1460214297120643, "59": 1.1460214297120643, "60": 1.1460214297120643, "61": 1.1460214297120643, "62": 1.1460214297120643, "63": 1.1460214297120643, "64": 1.1460214297120643, "65": 1.1460214297120643, "66": 1.1460214297120643, "67": 1.1460214297120643, "68": 1.1460214297120643, "69": 1.1460214297120643, "70": 1.1460214297120643, "71": 1.1460214297120643, "72": 1.1460214297120643, "73": 1.1460214297120643, "74": 1.1460214297120643, "75": 1.1460214297120643, "76": 1.1460214297120643, "77": 1.1460214297120643, "78": 1.1460214297120643, "79": 1.1460214297120643, "80": 1.1460214297120643, "81": 1.1460214297120643, "82": 1.1460214297120643, "83": 1.1460214297120643, "84": 1.1460214297120643, "85": 1.1460214297120643, "86": 1.1460214297120643, "87": 1.1460214297120643, "88": 1.1460214297120643, "89": 1.1460214297120643, "90": 1.1460214297120643, "91": 1.1460214297120643, "92": 1.1460214297120643, "93": 1.1460214297120643, "94": 1.1460214297120643, "95": 1.1460214297120643, "96": 1.1460214297120643, "97": 1.1460214297120643, "98": 1.1460214297120643, "99": 1.1460214297120643, "100": 1.1460214297120643}