{"0": 28.41693039627076, "1": 28.41693039627076, "2": 1.9742144679892633, "3": 1.9742144679892633, "4": 1.9742144679892633, "5": 1.9742144679892633, "6": 1.9742144679892633, "7": 1.9742144679892633, "8": 1.9742144679892633, "9": 1.9742144679892633, "10": 1.9742144679892633, "11": 1.9742144679892633, "12": 1.9742144679892633, "13": 1.9742144679892633, "14": 1.9742144679892633, "15": 1.9742144679892633, "16": 1.9742144679892633, "17": 1.9742144679892633, "18": 1.9742144679892633, "19": 1.9742144679892633, "20": 1.9742144679892633, "21": 1.4478738222825136, "22": 1.0294454367282029, "23": 1.0294454367282029, "24": 1.0294454367282029, "25": 1.0294454367282029, "26": 1.0294454367282029, "27": 1.0294454367282029, "28": 1.0294454367282029, "29": 1.0294454367282029, "30": 1.0294454367282029, "31": 1.0294454367282029, "32": 1.0294454367282029, "33": 1.0294454367282029, "34": 1.0294454367282029, "35": 1.0294454367282029, "36": 1.0294454367282029, "37": 1.0294454367282029, "38": 1.0294454367282029, "39": 1.0294454367282029, "40": 1.0294454367282029, "41": 1.0132549448141361, "42": 1.0132549448141361, "43": 1.0132549448141361, "44": 1.0132549448141361, "45": 1.0132549448141361, "46": 1.0132549448141361, "47": 1.0132549448141361, "48": 1.0132549448141361, "49": 1.0132549448141361, "50": 1.0132549448141361, "51": 1.0132549448141361, "52": 1.0132549448141361, "53": 1.0132549448141361, "54": 1.0132549448141361, "55": 1.0132549448141361, "56": 1.0132549448141361, "57": 1.0132549448141361, "58": 1.0132549448141361, "59": 1.0132549448141361, "60": 1.0132549448141361, "61": 1.0132549448141361, "62": 1.0132549448141361, "63": 1.0132549448141361, "64": 1.0132549448141361, "65": 1.0132549448141361, "66": 1.0132549448141361, "67": 1.0132549448141361, "68": 1.0132549448141361, "69": 1.0132549448141361, "70": 1.0132549448141361, "71": 1.0132549448141361, "72": 1.0132549448141361, "73": 1.0132549448141361, "74": 1.0132549448141361, "75": 1.0132549448141361, "76": 1.0132549448141361, "77": 1.0132549448141361, "78": 1.0132549448141361, "79": 1.0132549448141361, "80": 1.0132549448141361, "81": 1.0132549448141361, "82": 1.0132549448141361, "83": 1.0132549448141361, "84": 1.0132549448141361, "85": 1.0132549448141361, "86": 1.0132549448141361, "87": 1.0132549448141361, "88": 1.0132549448141361, "89": 1.0132549448141361, "90": 1.0132549448141361, "91": 1.0132549448141361, "92": 1.0132549448141361, "93": 1.0132549448141361, "94": 1.0132549448141361, "95": 1.0132549448141361, "96": 1.0132549448141361, "97": 1.0132549448141361, "98": 1.0132549448141361, "99": 1.0132549448141361, "100": 1.0132549448141361}