{"0": 14.95466748347689, "1": 10.379410314041726, "2": 10.379410314041726, "3": 9.009411619956357, "4": 1.7956334728026562, "5": 1.7956334728026562, "6": 1.7956334728026562, "7": 1.7956334728026562, "8": 1.7956334728026562, "9": 1.7956334728026562, "10": 1.7956334728026562, "11": 1.7956334728026562, "12": 1.7956334728026562, "13": 1.7956334728026562, "14": 1.7956334728026562, "15": 1.7956334728026562, "16": 1.4119667746890379, "17": 1.4119667746890379, "18": 1.4119667746890379, "19": 1.4119667746890379, "20": 1.4119667746890379, "21": 1.4119667746890379, "22": 1.4119667746890379, "23": 1.337423276699191, "24": 1.337423276699191, "25": 1.282675122613199, "26": 1.282675122613199, "27": 1.282675122613199, "28": 1.282675122613199, "29": 1.282675122613199, "30": 1.282675122613199, "31": 1.282675122613199, "32": 1.282675122613199, "33": 1.282675122613199, "34": 1.282675122613199, "35": 1.282675122613199, "36": 1.140798268822838, "37": 1.140798268822838, "38": 1.140798268822838, "39": 1.140798268822838, "40": 1.140798268822838, "41": 1.140798268822838, "42": 1.140798268822838, "43": 1.140798268822838, "44": 1.140798268822838, "45": 1.140798268822838, "46": 1.140798268822838, "47": 1.140798268822838, "48": 1.140798268822838, "49": 1.140798268822838, "50": 1.140798268822838, "51": 1.140798268822838, "52": 1.140798268822838, "53": 1.140798268822838, "54": 1.140798268822838, "55": 1.140798268822838, "56": 1.140798268822838, "57": 1.140798268822838, "58": 1.140798268822838, "59": 1.140798268822838, "60": 1.140798268822838, "61": 1.140798268822838, "62": 1.140798268822838, "63": 1.140798268822838, "64": 1.140798268822838, "65": 1.140798268822838, "66": 1.140798268822838, "67": 1.140798268822838, "68": 1.140798268822838, "69": 1.140798268822838, "70": 1.140798268822838, "71": 1.140798268822838, "72": 1.140798268822838, "73": 1.140798268822838, "74": 1.140798268822838, "75": 1.140798268822838, "76": 1.140798268822838, "77": 1.140798268822838, "78": 1.140798268822838, "79": 1.140798268822838, "80": 1.140798268822838, "81": 1.140798268822838, "82": 1.140798268822838, "83": 1.140798268822838, "84": 1.140798268822838, "85": 1.140798268822838, "86": 1.140798268822838, "87": 1.140798268822838, "88": 1.140798268822838, "89": 1.140798268822838, "90": 1.140798268822838, "91": 1.140798268822838, "92": 1.140798268822838, "93": 1.140798268822838, "94": 1.140798268822838, "95": 1.140798268822838, "96": 1.140798268822838, "97": 1.140798268822838, "98": 1.140798268822838, "99": 1.140798268822838, "100": 1.140798268822838}