{"0": 32.7836827611162, "1": 11.234535268840464, "2": 11.234535268840464, "3": 11.234535268840464, "4": 2.964871731806973, "5": 2.964871731806973, "6": 2.964871731806973, "7": 2.964871731806973, "8": 2.726989572198754, "9": 2.0233649961247977, "10": 2.0233649961247977, "11": 2.0233649961247977, "12": 2.0233649961247977, "13": 2.0233649961247977, "14": 2.0233649961247977, "15": 2.0233649961247977, "16": 2.0233649961247977, "17": 2.0233649961247977, "18": 2.0233649961247977, "19": 2.0233649961247977, "20": 2.0233649961247977, "21": 2.0233649961247977, "22": 2.0233649961247977, "23": 2.0233649961247977, "24": 2.0233649961247977, "25": 2.0233649961247977, "26": 2.0233649961247977, "27": 2.0233649961247977, "28": 2.0233649961247977, "29": 2.0233649961247977, "30": 2.0233649961247977, "31": 2.0233649961247977, "32": 2.0233649961247977, "33": 2.0233649961247977, "34": 2.0233649961247977, "35": 2.0233649961247977, "36": 2.0233649961247977, "37": 2.0233649961247977, "38": 2.0233649961247977, "39": 2.0233649961247977, "40": 2.0233649961247977, "41": 2.0233649961247977, "42": 2.0233649961247977, "43": 2.0233649961247977, "44": 2.0233649961247977, "45": 2.0233649961247977, "46": 2.0233649961247977, "47": 2.0233649961247977, "48": 2.0233649961247977, "49": 2.0233649961247977, "50": 2.0233649961247977, "51": 2.0233649961247977, "52": 2.0233649961247977, "53": 2.0233649961247977, "54": 2.0233649961247977, "55": 2.0233649961247977, "56": 2.0233649961247977, "57": 2.0233649961247977, "58": 2.0233649961247977, "59": 2.0233649961247977, "60": 2.0233649961247977, "61": 2.0233649961247977, "62": 2.0233649961247977, "63": 2.0233649961247977, "64": 2.0233649961247977, "65": 2.0233649961247977, "66": 2.0233649961247977, "67": 2.0233649961247977, "68": 2.0233649961247977, "69": 2.0233649961247977, "70": 2.0233649961247977, "71": 2.0233649961247977, "72": 2.0233649961247977, "73": 2.0233649961247977, "74": 2.0233649961247977, "75": 2.0233649961247977, "76": 2.0233649961247977, "77": 2.0233649961247977, "78": 2.0233649961247977, "79": 1.6769331581140605, "80": 1.6769331581140605, "81": 1.6769331581140605, "82": 1.6769331581140605, "83": 1.6769331581140605, "84": 1.6769331581140605, "85": 1.6769331581140605, "86": 1.6769331581140605, "87": 1.6769331581140605, "88": 1.6769331581140605, "89": 1.6769331581140605, "90": 1.6769331581140605, "91": 1.6769331581140605, "92": 1.6769331581140605, "93": 1.6769331581140605, "94": 1.6769331581140605, "95": 1.6769331581140605, "96": 1.6769331581140605, "97": 1.6769331581140605, "98": 1.6769331581140605, "99": 1.6769331581140605, "100": 1.6769331581140605}