{"0": 38.779535816270474, "1": 5.443481066155286, "2": 5.443481066155286, "3": 5.443481066155286, "4": 5.443481066155286, "5": 5.443481066155286, "6": 5.443481066155286, "7": 5.443481066155286, "8": 5.443481066155286, "9": 0.5389555936989012, "10": 0.5389555936989012, "11": 0.5389555936989012, "12": 0.5389555936989012, "13": 0.5389555936989012, "14": 0.5389555936989012, "15": 0.5389555936989012, "16": 0.5389555936989012, "17": 0.5389555936989012, "18": 0.5389555936989012, "19": 0.5389555936989012, "20": 0.5389555936989012, "21": 0.5389555936989012, "22": 0.5389555936989012, "23": 0.5389555936989012, "24": 0.5389555936989012, "25": 0.5389555936989012, "26": 0.5389555936989012, "27": 0.5389555936989012, "28": 0.5389555936989012, "29": 0.5389555936989012, "30": 0.5389555936989012, "31": 0.5389555936989012, "32": 0.5389555936989012, "33": 0.5389555936989012, "34": 0.5389555936989012, "35": 0.5389555936989012, "36": 0.5389555936989012, "37": 0.5389555936989012, "38": 0.5389555936989012, "39": 0.5389555936989012, "40": 0.5389555936989012, "41": 0.5389555936989012, "42": 0.5389555936989012, "43": 0.5389555936989012, "44": 0.5389555936989012, "45": 0.5389555936989012, "46": 0.5389555936989012, "47": 0.5389555936989012, "48": 0.5389555936989012, "49": 0.5389555936989012, "50": 0.5389555936989012, "51": 0.5389555936989012, "52": 0.5389555936989012, "53": 0.5389555936989012, "54": 0.5389555936989012, "55": 0.5389555936989012, "56": 0.5389555936989012, "57": 0.5389555936989012, "58": 0.5389555936989012, "59": 0.5389555936989012, "60": 0.5389555936989012, "61": 0.5389555936989012, "62": 0.5389555936989012, "63": 0.5389555936989012, "64": 0.5389555936989012, "65": 0.5389555936989012, "66": 0.5389555936989012, "67": 0.5389555936989012, "68": 0.5389555936989012, "69": 0.5389555936989012, "70": 0.5389555936989012, "71": 0.5389555936989012, "72": 0.5389555936989012, "73": 0.5389555936989012, "74": 0.5389555936989012, "75": 0.5389555936989012, "76": 0.5389555936989012, "77": 0.5389555936989012, "78": 0.5389555936989012, "79": 0.5389555936989012, "80": 0.5389555936989012, "81": 0.5389555936989012, "82": 0.5389555936989012, "83": 0.5389555936989012, "84": 0.5389555936989012, "85": 0.5389555936989012, "86": 0.5389555936989012, "87": 0.5389555936989012, "88": 0.5389555936989012, "89": 0.5389555936989012, "90": 0.5389555936989012, "91": 0.5389555936989012, "92": 0.5389555936989012, "93": 0.5389555936989012, "94": 0.5389555936989012, "95": 0.5389555936989012, "96": 0.5389555936989012, "97": 0.5389555936989012, "98": 0.5389555936989012, "99": 0.5389555936989012, "100": 0.5389555936989012}