{"0": 17.593434553085103, "1": 17.593434553085103, "2": 17.593434553085103, "3": 17.593434553085103, "4": 17.593434553085103, "5": 17.593434553085103, "6": 13.601309838205285, "7": 13.601309838205285, "8": 5.094055715677786, "9": 5.094055715677786, "10": 5.094055715677786, "11": 5.094055715677786, "12": 5.094055715677786, "13": 5.094055715677786, "14": 5.094055715677786, "15": 5.094055715677786, "16": 5.094055715677786, "17": 5.094055715677786, "18": 5.094055715677786, "19": 2.36868050656323, "20": 2.36868050656323, "21": 2.36868050656323, "22": 2.36868050656323, "23": 2.36868050656323, "24": 2.36868050656323, "25": 2.36868050656323, "26": 2.36868050656323, "27": 2.36868050656323, "28": 2.36868050656323, "29": 2.36868050656323, "30": 1.4472014397518578, "31": 1.4472014397518578, "32": 1.4472014397518578, "33": 1.4472014397518578, "34": 1.4472014397518578, "35": 1.4472014397518578, "36": 1.4472014397518578, "37": 1.2613230951458902, "38": 1.2613230951458902, "39": 1.2613230951458902, "40": 1.2613230951458902, "41": 1.2613230951458902, "42": 1.2613230951458902, "43": 1.2613230951458902, "44": 1.2613230951458902, "45": 1.2613230951458902, "46": 1.2613230951458902, "47": 1.2613230951458902, "48": 1.2613230951458902, "49": 1.2613230951458902, "50": 1.2613230951458902, "51": 1.2613230951458902, "52": 1.2613230951458902, "53": 1.2613230951458902, "54": 1.2613230951458902, "55": 1.2613230951458902, "56": 1.2613230951458902, "57": 1.2613230951458902, "58": 1.2613230951458902, "59": 1.2613230951458902, "60": 1.2613230951458902, "61": 1.2325480681666576, "62": 1.2325480681666576, "63": 1.2325480681666576, "64": 1.2325480681666576, "65": 1.2325480681666576, "66": 1.2325480681666576, "67": 1.2325480681666576, "68": 1.2325480681666576, "69": 1.2325480681666576, "70": 1.2325480681666576, "71": 1.2325480681666576, "72": 1.2325480681666576, "73": 1.2325480681666576, "74": 1.2325480681666576, "75": 1.2325480681666576, "76": 1.2325480681666576, "77": 1.2325480681666576, "78": 1.2325480681666576, "79": 1.2325480681666576, "80": 1.2325480681666576, "81": 1.2325480681666576, "82": 1.2325480681666576, "83": 1.2325480681666576, "84": 1.2325480681666576, "85": 1.2325480681666576, "86": 1.2325480681666576, "87": 1.2325480681666576, "88": 1.2325480681666576, "89": 1.2325480681666576, "90": 1.2325480681666576, "91": 1.2325480681666576, "92": 1.2325480681666576, "93": 1.2325480681666576, "94": 1.2325480681666576, "95": 1.2325480681666576, "96": 1.2325480681666576, "97": 1.2325480681666576, "98": 1.2325480681666576, "99": 1.2325480681666576, "100": 1.2325480681666576}