{"0": 28.69199154831871, "1": 9.097575395628173, "2": 7.243765826651124, "3": 7.243765826651124, "4": 6.996969075770499, "5": 4.35664323343255, "6": 4.35664323343255, "7": 4.35664323343255, "8": 4.35664323343255, "9": 4.35664323343255, "10": 4.35664323343255, "11": 4.35664323343255, "12": 4.35664323343255, "13": 4.35664323343255, "14": 2.581690066950813, "15": 2.581690066950813, "16": 2.581690066950813, "17": 2.581690066950813, "18": 2.581690066950813, "19": 2.581690066950813, "20": 2.581690066950813, "21": 2.581690066950813, "22": 2.3770979783424693, "23": 2.3770979783424693, "24": 2.3770979783424693, "25": 2.3770979783424693, "26": 2.3770979783424693, "27": 2.3770979783424693, "28": 2.000975334249759, "29": 2.000975334249759, "30": 2.000975334249759, "31": 2.000975334249759, "32": 2.000975334249759, "33": 2.000975334249759, "34": 2.000975334249759, "35": 2.000975334249759, "36": 2.000975334249759, "37": 2.000975334249759, "38": 2.000975334249759, "39": 2.000975334249759, "40": 2.000975334249759, "41": 2.000975334249759, "42": 2.000975334249759, "43": 2.000975334249759, "44": 1.3420175742052969, "45": 1.3420175742052969, "46": 1.3420175742052969, "47": 1.3420175742052969, "48": 1.3420175742052969, "49": 1.3420175742052969, "50": 1.3420175742052969, "51": 1.3420175742052969, "52": 1.3420175742052969, "53": 1.3420175742052969, "54": 1.3420175742052969, "55": 1.3420175742052969, "56": 1.3420175742052969, "57": 1.3420175742052969, "58": 1.3420175742052969, "59": 1.3420175742052969, "60": 1.3420175742052969, "61": 1.3420175742052969, "62": 1.3420175742052969, "63": 1.3420175742052969, "64": 1.3420175742052969, "65": 1.3420175742052969, "66": 1.3420175742052969, "67": 1.3420175742052969, "68": 1.3420175742052969, "69": 1.3420175742052969, "70": 1.3420175742052969, "71": 1.3420175742052969, "72": 1.3420175742052969, "73": 1.3420175742052969, "74": 1.3420175742052969, "75": 1.3420175742052969, "76": 1.3420175742052969, "77": 1.2828602681905323, "78": 1.2828602681905323, "79": 1.2828602681905323, "80": 1.2828602681905323, "81": 1.2828602681905323, "82": 1.2828602681905323, "83": 1.2828602681905323, "84": 1.2828602681905323, "85": 1.2828602681905323, "86": 1.2828602681905323, "87": 1.2828602681905323, "88": 1.2828602681905323, "89": 1.2828602681905323, "90": 1.2828602681905323, "91": 1.2828602681905323, "92": 1.2828602681905323, "93": 1.2828602681905323, "94": 1.2828602681905323, "95": 1.2828602681905323, "96": 1.2828602681905323, "97": 1.2828602681905323, "98": 1.2828602681905323, "99": 1.2828602681905323, "100": 1.2828602681905323}