{"0": 19.45855193373136, "1": 18.20913787453725, "2": 18.20913787453725, "3": 8.44388245272007, "4": 8.44388245272007, "5": 8.44388245272007, "6": 8.44388245272007, "7": 4.357460372060471, "8": 4.357460372060471, "9": 4.357460372060471, "10": 4.357460372060471, "11": 4.357460372060471, "12": 4.357460372060471, "13": 4.357460372060471, "14": 4.357460372060471, "15": 4.357460372060471, "16": 4.357460372060471, "17": 2.5768191544263246, "18": 2.5768191544263246, "19": 2.5768191544263246, "20": 2.5768191544263246, "21": 2.5768191544263246, "22": 2.5768191544263246, "23": 2.5768191544263246, "24": 2.5768191544263246, "25": 2.5768191544263246, "26": 2.5768191544263246, "27": 1.7945172534697704, "28": 1.7945172534697704, "29": 1.7945172534697704, "30": 1.7945172534697704, "31": 1.7945172534697704, "32": 1.7945172534697704, "33": 1.7945172534697704, "34": 1.7945172534697704, "35": 1.7945172534697704, "36": 1.7945172534697704, "37": 1.7945172534697704, "38": 1.7945172534697704, "39": 1.7945172534697704, "40": 1.7945172534697704, "41": 1.7945172534697704, "42": 1.7945172534697704, "43": 1.7945172534697704, "44": 1.7945172534697704, "45": 1.7945172534697704, "46": 1.7945172534697704, "47": 1.7945172534697704, "48": 1.7945172534697704, "49": 1.7945172534697704, "50": 1.7945172534697704, "51": 1.7945172534697704, "52": 1.7945172534697704, "53": 1.7945172534697704, "54": 1.7945172534697704, "55": 1.7945172534697704, "56": 1.7945172534697704, "57": 1.7945172534697704, "58": 1.7945172534697704, "59": 1.7945172534697704, "60": 1.7945172534697704, "61": 1.7945172534697704, "62": 1.7945172534697704, "63": 1.7945172534697704, "64": 1.7945172534697704, "65": 1.7945172534697704, "66": 1.7945172534697704, "67": 1.7945172534697704, "68": 1.7945172534697704, "69": 1.7945172534697704, "70": 1.7945172534697704, "71": 1.7945172534697704, "72": 1.7945172534697704, "73": 1.7945172534697704, "74": 1.7945172534697704, "75": 1.7945172534697704, "76": 1.7945172534697704, "77": 1.7945172534697704, "78": 1.7945172534697704, "79": 1.3847571311535631, "80": 1.3847571311535631, "81": 1.3847571311535631, "82": 1.3847571311535631, "83": 1.3847571311535631, "84": 1.3847571311535631, "85": 1.3847571311535631, "86": 1.3847571311535631, "87": 1.3847571311535631, "88": 1.3847571311535631, "89": 1.3847571311535631, "90": 1.3847571311535631, "91": 1.3847571311535631, "92": 1.3847571311535631, "93": 1.3847571311535631, "94": 1.3847571311535631, "95": 1.3847571311535631, "96": 1.3847571311535631, "97": 1.3847571311535631, "98": 1.3847571311535631, "99": 1.3847571311535631, "100": 0.7314696589325145}