{"0": 20.962068253549226, "1": 13.639258447123375, "2": 13.639258447123375, "3": 13.639258447123375, "4": 13.639258447123375, "5": 13.639258447123375, "6": 6.731352540951281, "7": 6.731352540951281, "8": 6.550710351889993, "9": 6.550710351889993, "10": 6.550710351889993, "11": 5.115232138277825, "12": 4.667228457529216, "13": 1.1579356388671087, "14": 1.1579356388671087, "15": 1.1579356388671087, "16": 1.1579356388671087, "17": 1.1579356388671087, "18": 1.1579356388671087, "19": 1.1579356388671087, "20": 1.1579356388671087, "21": 1.1579356388671087, "22": 1.1579356388671087, "23": 1.1579356388671087, "24": 1.1579356388671087, "25": 0.1298970562288453, "26": 0.1298970562288453, "27": 0.1298970562288453, "28": 0.1298970562288453, "29": 0.1298970562288453, "30": 0.1298970562288453, "31": 0.1298970562288453, "32": 0.1298970562288453, "33": 0.1298970562288453, "34": 0.1298970562288453, "35": 0.1298970562288453, "36": 0.1298970562288453, "37": 0.1298970562288453, "38": 0.1298970562288453, "39": 0.1298970562288453, "40": 0.1298970562288453, "41": 0.1298970562288453, "42": 0.1298970562288453, "43": 0.1298970562288453, "44": 0.1298970562288453, "45": 0.1298970562288453, "46": 0.1298970562288453, "47": 0.1298970562288453, "48": 0.1298970562288453, "49": 0.1298970562288453, "50": 0.1298970562288453, "51": 0.1298970562288453, "52": 0.1298970562288453, "53": 0.1298970562288453, "54": 0.1298970562288453, "55": 0.1298970562288453, "56": 0.1298970562288453, "57": 0.1298970562288453, "58": 0.1298970562288453, "59": 0.1298970562288453, "60": 0.1298970562288453, "61": 0.1298970562288453, "62": 0.1298970562288453, "63": 0.1298970562288453, "64": 0.1298970562288453, "65": 0.1298970562288453, "66": 0.1298970562288453, "67": 0.1298970562288453, "68": 0.1298970562288453, "69": 0.1298970562288453, "70": 0.1298970562288453, "71": 0.1298970562288453, "72": 0.1298970562288453, "73": 0.1298970562288453, "74": 0.1298970562288453, "75": 0.1298970562288453, "76": 0.1298970562288453, "77": 0.1298970562288453, "78": 0.1298970562288453, "79": 0.1298970562288453, "80": 0.1298970562288453, "81": 0.1298970562288453, "82": 0.1298970562288453, "83": 0.1298970562288453, "84": 0.1298970562288453, "85": 0.1298970562288453, "86": 0.1298970562288453, "87": 0.1298970562288453, "88": 0.1298970562288453, "89": 0.1298970562288453, "90": 0.1298970562288453, "91": 0.1298970562288453, "92": 0.1298970562288453, "93": 0.1298970562288453, "94": 0.1298970562288453, "95": 0.1298970562288453, "96": 0.1298970562288453, "97": 0.1298970562288453, "98": 0.1298970562288453, "99": 0.1298970562288453, "100": 0.1298970562288453}