{"0": 13.213723177080325, "1": 5.578484117546495, "2": 5.578484117546495, "3": 5.578484117546495, "4": 5.578484117546495, "5": 5.578484117546495, "6": 3.741489029011941, "7": 3.741489029011941, "8": 3.741489029011941, "9": 3.741489029011941, "10": 3.741489029011941, "11": 3.741489029011941, "12": 3.741489029011941, "13": 3.741489029011941, "14": 3.741489029011941, "15": 3.5133399703824786, "16": 3.5133399703824786, "17": 3.5133399703824786, "18": 3.5133399703824786, "19": 3.5133399703824786, "20": 3.5133399703824786, "21": 2.4438296764413074, "22": 2.4438296764413074, "23": 2.3462350856021104, "24": 2.3462350856021104, "25": 2.3462350856021104, "26": 2.3462350856021104, "27": 2.3462350856021104, "28": 2.3462350856021104, "29": 2.3462350856021104, "30": 2.3462350856021104, "31": 2.3462350856021104, "32": 2.3462350856021104, "33": 2.3462350856021104, "34": 2.3462350856021104, "35": 2.3462350856021104, "36": 2.3462350856021104, "37": 2.3462350856021104, "38": 2.3462350856021104, "39": 2.3462350856021104, "40": 2.3462350856021104, "41": 2.3462350856021104, "42": 2.3462350856021104, "43": 2.3462350856021104, "44": 2.3462350856021104, "45": 2.3462350856021104, "46": 2.3462350856021104, "47": 2.123918455421993, "48": 1.973039178803326, "49": 1.973039178803326, "50": 1.973039178803326, "51": 1.973039178803326, "52": 1.973039178803326, "53": 1.973039178803326, "54": 1.973039178803326, "55": 1.973039178803326, "56": 1.973039178803326, "57": 1.973039178803326, "58": 1.973039178803326, "59": 1.973039178803326, "60": 1.973039178803326, "61": 1.973039178803326, "62": 1.973039178803326, "63": 1.973039178803326, "64": 1.973039178803326, "65": 1.973039178803326, "66": 1.973039178803326, "67": 1.973039178803326, "68": 1.973039178803326, "69": 1.973039178803326, "70": 1.973039178803326, "71": 1.973039178803326, "72": 1.9265246289904852, "73": 1.9265246289904852, "74": 1.9265246289904852, "75": 1.9265246289904852, "76": 0.5774493468055688, "77": 0.5774493468055688, "78": 0.5774493468055688, "79": 0.5774493468055688, "80": 0.5774493468055688, "81": 0.5774493468055688, "82": 0.5774493468055688, "83": 0.5774493468055688, "84": 0.5774493468055688, "85": 0.5774493468055688, "86": 0.5774493468055688, "87": 0.5774493468055688, "88": 0.5774493468055688, "89": 0.5774493468055688, "90": 0.5774493468055688, "91": 0.5774493468055688, "92": 0.5774493468055688, "93": 0.5774493468055688, "94": 0.5774493468055688, "95": 0.5774493468055688, "96": 0.5774493468055688, "97": 0.5774493468055688, "98": 0.5774493468055688, "99": 0.5774493468055688, "100": 0.5774493468055688}