{"0": 16.256201114631263, "1": 16.256201114631263, "2": 11.375981451304206, "3": 11.375981451304206, "4": 11.375981451304206, "5": 11.375981451304206, "6": 11.375981451304206, "7": 11.375981451304206, "8": 8.220326764756589, "9": 8.220326764756589, "10": 8.220326764756589, "11": 8.220326764756589, "12": 8.220326764756589, "13": 8.220326764756589, "14": 8.220326764756589, "15": 8.220326764756589, "16": 8.220326764756589, "17": 8.03670372971457, "18": 8.03670372971457, "19": 8.03670372971457, "20": 6.876063604147433, "21": 6.876063604147433, "22": 6.876063604147433, "23": 5.130391359198979, "24": 5.130391359198979, "25": 2.8396100138452525, "26": 2.8396100138452525, "27": 2.8396100138452525, "28": 2.8396100138452525, "29": 2.8396100138452525, "30": 2.8396100138452525, "31": 2.2491698422697297, "32": 2.2491698422697297, "33": 2.2491698422697297, "34": 2.2491698422697297, "35": 2.2491698422697297, "36": 2.2491698422697297, "37": 2.2491698422697297, "38": 2.2491698422697297, "39": 2.2491698422697297, "40": 2.2491698422697297, "41": 2.2491698422697297, "42": 2.2491698422697297, "43": 2.2491698422697297, "44": 2.2491698422697297, "45": 2.2491698422697297, "46": 2.2491698422697297, "47": 2.2491698422697297, "48": 2.2491698422697297, "49": 2.2491698422697297, "50": 2.2491698422697297, "51": 2.2491698422697297, "52": 2.2491698422697297, "53": 2.2491698422697297, "54": 2.2491698422697297, "55": 2.2491698422697297, "56": 2.2491698422697297, "57": 2.2491698422697297, "58": 2.2491698422697297, "59": 2.2491698422697297, "60": 2.2491698422697297, "61": 2.2491698422697297, "62": 2.2491698422697297, "63": 2.2491698422697297, "64": 2.2491698422697297, "65": 2.2491698422697297, "66": 2.2491698422697297, "67": 2.2491698422697297, "68": 2.2491698422697297, "69": 2.2491698422697297, "70": 2.2491698422697297, "71": 2.2491698422697297, "72": 2.2491698422697297, "73": 2.2491698422697297, "74": 2.2491698422697297, "75": 2.2491698422697297, "76": 2.2491698422697297, "77": 2.2491698422697297, "78": 2.2491698422697297, "79": 2.2491698422697297, "80": 2.2491698422697297, "81": 2.2491698422697297, "82": 2.2491698422697297, "83": 2.2491698422697297, "84": 2.2491698422697297, "85": 2.2491698422697297, "86": 2.2491698422697297, "87": 2.2491698422697297, "88": 2.2491698422697297, "89": 2.2491698422697297, "90": 2.2491698422697297, "91": 2.2491698422697297, "92": 2.2491698422697297, "93": 2.2491698422697297, "94": 2.2491698422697297, "95": 2.2491698422697297, "96": 2.2491698422697297, "97": 2.2491698422697297, "98": 2.2491698422697297, "99": 1.736025447109185, "100": 1.736025447109185}