{"0": 22.524640089307855, "1": 13.99354120133863, "2": 4.22647639842792, "3": 4.22647639842792, "4": 4.22647639842792, "5": 4.22647639842792, "6": 4.22647639842792, "7": 4.22647639842792, "8": 4.22647639842792, "9": 1.0944817454475455, "10": 1.0944817454475455, "11": 1.0944817454475455, "12": 1.0944817454475455, "13": 1.0944817454475455, "14": 1.0944817454475455, "15": 1.0944817454475455, "16": 1.0944817454475455, "17": 1.0944817454475455, "18": 1.0944817454475455, "19": 1.0944817454475455, "20": 1.0944817454475455, "21": 1.0944817454475455, "22": 1.0944817454475455, "23": 1.0944817454475455, "24": 1.0944817454475455, "25": 1.0944817454475455, "26": 1.0944817454475455, "27": 1.0944817454475455, "28": 1.0944817454475455, "29": 1.0944817454475455, "30": 1.0944817454475455, "31": 1.0944817454475455, "32": 1.0944817454475455, "33": 1.0944817454475455, "34": 1.0944817454475455, "35": 1.0944817454475455, "36": 1.0944817454475455, "37": 1.0944817454475455, "38": 1.0944817454475455, "39": 1.0944817454475455, "40": 1.0944817454475455, "41": 1.0944817454475455, "42": 1.0944817454475455, "43": 1.0944817454475455, "44": 1.0944817454475455, "45": 1.0944817454475455, "46": 1.0944817454475455, "47": 1.0944817454475455, "48": 1.0944817454475455, "49": 1.0944817454475455, "50": 1.0944817454475455, "51": 1.0944817454475455, "52": 1.0944817454475455, "53": 1.0944817454475455, "54": 1.0944817454475455, "55": 1.0944817454475455, "56": 1.0944817454475455, "57": 1.0944817454475455, "58": 1.0944817454475455, "59": 1.0944817454475455, "60": 1.0944817454475455, "61": 1.0944817454475455, "62": 1.0944817454475455, "63": 1.0944817454475455, "64": 1.0944817454475455, "65": 1.0944817454475455, "66": 1.0944817454475455, "67": 1.0944817454475455, "68": 1.0944817454475455, "69": 1.0944817454475455, "70": 1.0944817454475455, "71": 1.0944817454475455, "72": 1.0944817454475455, "73": 1.0944817454475455, "74": 1.0944817454475455, "75": 1.0944817454475455, "76": 1.0944817454475455, "77": 1.0944817454475455, "78": 1.0944817454475455, "79": 0.1342376799922782, "80": 0.1342376799922782, "81": 0.1342376799922782, "82": 0.1342376799922782, "83": 0.1342376799922782, "84": 0.1342376799922782, "85": 0.1342376799922782, "86": 0.1342376799922782, "87": 0.1342376799922782, "88": 0.1342376799922782, "89": 0.1342376799922782, "90": 0.1342376799922782, "91": 0.1342376799922782, "92": 0.1342376799922782, "93": 0.1342376799922782, "94": 0.1342376799922782, "95": 0.1342376799922782, "96": 0.1342376799922782, "97": 0.1342376799922782, "98": 0.1342376799922782, "99": 0.1342376799922782, "100": 0.1342376799922782}