{"0": 4.3366516252257945, "1": 4.3366516252257945, "2": 4.3366516252257945, "3": 4.3366516252257945, "4": 4.3366516252257945, "5": 4.3366516252257945, "6": 4.3366516252257945, "7": 4.3366516252257945, "8": 1.5090543331117985, "9": 1.5090543331117985, "10": 1.5090543331117985, "11": 1.5090543331117985, "12": 1.5090543331117985, "13": 1.5090543331117985, "14": 1.5090543331117985, "15": 1.5090543331117985, "16": 1.5090543331117985, "17": 1.5090543331117985, "18": 1.5090543331117985, "19": 1.5090543331117985, "20": 1.5090543331117985, "21": 1.039972593014575, "22": 1.039972593014575, "23": 1.039972593014575, "24": 1.039972593014575, "25": 1.039972593014575, "26": 1.039972593014575, "27": 0.008395371654714268, "28": 0.008395371654714268, "29": 0.008395371654714268, "30": 0.008395371654714268, "31": 0.008395371654714268, "32": 0.008395371654714268, "33": 0.008395371654714268, "34": 0.008395371654714268, "35": 0.008395371654714268, "36": 0.008395371654714268, "37": 0.008395371654714268, "38": 0.008395371654714268, "39": 0.008395371654714268, "40": 0.008395371654714268, "41": 0.008395371654714268, "42": 0.008395371654714268, "43": 0.008395371654714268, "44": 0.008395371654714268, "45": 0.008395371654714268, "46": 0.008395371654714268, "47": 0.008395371654714268, "48": 0.008395371654714268, "49": 0.008395371654714268, "50": 0.008395371654714268, "51": 0.008395371654714268, "52": 0.008395371654714268, "53": 0.008395371654714268, "54": 0.008395371654714268, "55": 0.008395371654714268, "56": 0.008395371654714268, "57": 0.008395371654714268, "58": 0.008395371654714268, "59": 0.008395371654714268, "60": 0.008395371654714268, "61": 0.008395371654714268, "62": 0.008395371654714268, "63": 0.008395371654714268, "64": 0.008395371654714268, "65": 0.008395371654714268, "66": 0.008395371654714268, "67": 0.008395371654714268, "68": 0.008395371654714268, "69": 0.008395371654714268, "70": 0.008395371654714268, "71": 0.008395371654714268, "72": 0.008395371654714268, "73": 0.008395371654714268, "74": 0.008395371654714268, "75": 0.008395371654714268, "76": 0.008395371654714268, "77": 0.008395371654714268, "78": 0.008395371654714268, "79": 0.008395371654714268, "80": 0.008395371654714268, "81": 0.008395371654714268, "82": 0.008395371654714268, "83": 0.008395371654714268, "84": 0.008395371654714268, "85": 0.008395371654714268, "86": 0.008395371654714268, "87": 0.008395371654714268, "88": 0.008395371654714268, "89": 0.008395371654714268, "90": 0.008395371654714268, "91": 0.008395371654714268, "92": 0.008395371654714268, "93": 0.008395371654714268, "94": 0.008395371654714268, "95": 0.008395371654714268, "96": 0.008395371654714268, "97": 0.008395371654714268, "98": 0.008395371654714268, "99": 0.008395371654714268, "100": 0.008395371654714268}