{"0": 21.733988254320593, "1": 21.733988254320593, "2": 21.733988254320593, "3": 12.709942615478734, "4": 6.0364317382076536, "5": 6.0364317382076536, "6": 6.0364317382076536, "7": 6.0364317382076536, "8": 6.0364317382076536, "9": 6.0364317382076536, "10": 6.0364317382076536, "11": 6.0364317382076536, "12": 6.0364317382076536, "13": 6.0364317382076536, "14": 6.0364317382076536, "15": 6.0364317382076536, "16": 6.0364317382076536, "17": 6.0364317382076536, "18": 6.0364317382076536, "19": 4.863333173536827, "20": 4.863333173536827, "21": 4.863333173536827, "22": 2.154336896388358, "23": 2.154336896388358, "24": 2.154336896388358, "25": 2.154336896388358, "26": 1.8746280106093387, "27": 1.8746280106093387, "28": 1.8746280106093387, "29": 1.8746280106093387, "30": 1.8746280106093387, "31": 1.8746280106093387, "32": 1.8746280106093387, "33": 1.8746280106093387, "34": 1.8746280106093387, "35": 1.8746280106093387, "36": 1.4654626605087202, "37": 1.4654626605087202, "38": 1.4654626605087202, "39": 1.2666289676836513, "40": 1.2666289676836513, "41": 1.2666289676836513, "42": 1.2666289676836513, "43": 1.2666289676836513, "44": 1.2666289676836513, "45": 1.2666289676836513, "46": 1.2666289676836513, "47": 1.2666289676836513, "48": 1.2666289676836513, "49": 1.0687686691751814, "50": 1.0687686691751814, "51": 1.0687686691751814, "52": 1.0687686691751814, "53": 1.0687686691751814, "54": 1.0687686691751814, "55": 1.0687686691751814, "56": 1.0687686691751814, "57": 0.45323072399293807, "58": 0.45323072399293807, "59": 0.45323072399293807, "60": 0.45323072399293807, "61": 0.45323072399293807, "62": 0.2033295615120423, "63": 0.2033295615120423, "64": 0.2033295615120423, "65": 0.2033295615120423, "66": 0.2033295615120423, "67": 0.2033295615120423, "68": 0.2033295615120423, "69": 0.2033295615120423, "70": 0.2033295615120423, "71": 0.2033295615120423, "72": 0.2033295615120423, "73": 0.2033295615120423, "74": 0.2033295615120423, "75": 0.2033295615120423, "76": 0.2033295615120423, "77": 0.2033295615120423, "78": 0.2033295615120423, "79": 0.09472318841957872, "80": 0.09472318841957872, "81": 0.09472318841957872, "82": 0.09472318841957872, "83": 0.09472318841957872, "84": 0.09472318841957872, "85": 0.09472318841957872, "86": 0.09472318841957872, "87": 0.09472318841957872, "88": 0.09472318841957872, "89": 0.09472318841957872, "90": 0.09472318841957872, "91": 0.09472318841957872, "92": 0.09472318841957872, "93": 0.09472318841957872, "94": 0.09472318841957872, "95": 0.09472318841957872, "96": 0.09472318841957872, "97": 0.09472318841957872, "98": 0.09472318841957872, "99": 0.09472318841957872, "100": 0.09472318841957872}