{"0": 20.496901780767956, "1": 14.25966689210605, "2": 14.25966689210605, "3": 5.766603190234431, "4": 5.766603190234431, "5": 5.766603190234431, "6": 5.766603190234431, "7": 5.766603190234431, "8": 5.766603190234431, "9": 5.766603190234431, "10": 5.766603190234431, "11": 5.766603190234431, "12": 5.766603190234431, "13": 5.293522905704432, "14": 5.293522905704432, "15": 5.293522905704432, "16": 5.293522905704432, "17": 5.14781273539313, "18": 5.14781273539313, "19": 5.14781273539313, "20": 0.0772447382739827, "21": 0.0772447382739827, "22": 0.0772447382739827, "23": 0.0772447382739827, "24": 0.0772447382739827, "25": 0.0772447382739827, "26": 0.0772447382739827, "27": 0.0772447382739827, "28": 0.0772447382739827, "29": 0.0772447382739827, "30": 0.0772447382739827, "31": 0.0772447382739827, "32": 0.0772447382739827, "33": 0.0772447382739827, "34": 0.0772447382739827, "35": 0.0772447382739827, "36": 0.04038744726886989, "37": 0.04038744726886989, "38": 0.04038744726886989, "39": 0.04038744726886989, "40": 0.04038744726886989, "41": 0.04038744726886989, "42": 0.04038744726886989, "43": 0.04038744726886989, "44": 0.04038744726886989, "45": 0.04038744726886989, "46": 0.04038744726886989, "47": 0.04038744726886989, "48": 0.04038744726886989, "49": 0.04038744726886989, "50": 0.04038744726886989, "51": 0.04038744726886989, "52": 0.04038744726886989, "53": 0.04038744726886989, "54": 0.04038744726886989, "55": 0.04038744726886989, "56": 0.04038744726886989, "57": 0.04038744726886989, "58": 0.04038744726886989, "59": 0.04038744726886989, "60": 0.04038744726886989, "61": 0.04038744726886989, "62": 0.04038744726886989, "63": 0.04038744726886989, "64": 0.04038744726886989, "65": 0.04038744726886989, "66": 0.04038744726886989, "67": 0.04038744726886989, "68": 0.04038744726886989, "69": 0.04038744726886989, "70": 0.04038744726886989, "71": 0.04038744726886989, "72": 0.04038744726886989, "73": 0.04038744726886989, "74": 0.04038744726886989, "75": 0.04038744726886989, "76": 0.04038744726886989, "77": 0.04038744726886989, "78": 0.04038744726886989, "79": 0.04038744726886989, "80": 0.04038744726886989, "81": 0.04038744726886989, "82": 0.04038744726886989, "83": 0.04038744726886989, "84": 0.04038744726886989, "85": 0.04038744726886989, "86": 0.04038744726886989, "87": 0.04038744726886989, "88": 0.04038744726886989, "89": 0.04038744726886989, "90": 0.04038744726886989, "91": 0.04038744726886989, "92": 0.04038744726886989, "93": 0.04038744726886989, "94": 0.04038744726886989, "95": 0.04038744726886989, "96": 0.04038744726886989, "97": 0.04038744726886989, "98": 0.04038744726886989, "99": 0.04038744726886989, "100": 0.04038744726886989}