{"0": 7.54947773483312, "1": 7.54947773483312, "2": 7.54947773483312, "3": 7.54947773483312, "4": 7.54947773483312, "5": 5.02632819065569, "6": 5.02632819065569, "7": 5.02632819065569, "8": 3.5317221474263647, "9": 3.1640009030197724, "10": 3.1640009030197724, "11": 3.1640009030197724, "12": 3.1640009030197724, "13": 3.1640009030197724, "14": 3.1640009030197724, "15": 3.1640009030197724, "16": 3.1640009030197724, "17": 3.1640009030197724, "18": 3.1640009030197724, "19": 2.3900663316193445, "20": 2.3900663316193445, "21": 2.3900663316193445, "22": 2.3900663316193445, "23": 2.3900663316193445, "24": 1.5445458045842315, "25": 1.5445458045842315, "26": 1.5445458045842315, "27": 1.5445458045842315, "28": 1.5445458045842315, "29": 1.5445458045842315, "30": 1.5445458045842315, "31": 1.5445458045842315, "32": 1.5445458045842315, "33": 1.5445458045842315, "34": 1.5445458045842315, "35": 1.5445458045842315, "36": 1.5445458045842315, "37": 1.5445458045842315, "38": 1.5445458045842315, "39": 1.5445458045842315, "40": 1.5445458045842315, "41": 1.5445458045842315, "42": 1.5445458045842315, "43": 1.5445458045842315, "44": 1.5445458045842315, "45": 1.5445458045842315, "46": 1.5445458045842315, "47": 1.5445458045842315, "48": 1.5445458045842315, "49": 1.5445458045842315, "50": 1.5445458045842315, "51": 1.1072806049232895, "52": 1.1072806049232895, "53": 1.1072806049232895, "54": 1.1072806049232895, "55": 1.1072806049232895, "56": 1.1072806049232895, "57": 1.1072806049232895, "58": 1.1072806049232895, "59": 1.1072806049232895, "60": 1.1072806049232895, "61": 1.1072806049232895, "62": 1.1072806049232895, "63": 1.1072806049232895, "64": 1.1072806049232895, "65": 1.1072806049232895, "66": 1.1072806049232895, "67": 1.1072806049232895, "68": 1.1072806049232895, "69": 1.1072806049232895, "70": 1.1072806049232895, "71": 1.1072806049232895, "72": 1.1072806049232895, "73": 1.1072806049232895, "74": 1.1072806049232895, "75": 1.1072806049232895, "76": 1.1072806049232895, "77": 1.1072806049232895, "78": 1.1072806049232895, "79": 1.1072806049232895, "80": 1.1072806049232895, "81": 1.1072806049232895, "82": 1.1072806049232895, "83": 1.1072806049232895, "84": 1.1072806049232895, "85": 1.1072806049232895, "86": 1.1072806049232895, "87": 1.1072806049232895, "88": 1.1072806049232895, "89": 1.1072806049232895, "90": 1.1072806049232895, "91": 1.1072806049232895, "92": 1.1072806049232895, "93": 1.1072806049232895, "94": 1.1072806049232895, "95": 1.1072806049232895, "96": 1.1072806049232895, "97": 1.1072806049232895, "98": 1.1072806049232895, "99": 1.1072806049232895, "100": 1.1072806049232895}