{"0": 21.00896091735536, "1": 21.00896091735536, "2": 21.00896091735536, "3": 14.024465997950818, "4": 6.784626639690481, "5": 4.19318858895377, "6": 4.19318858895377, "7": 3.5978048364991864, "8": 2.698838625386024, "9": 2.698838625386024, "10": 2.698838625386024, "11": 2.109079527216789, "12": 2.109079527216789, "13": 2.109079527216789, "14": 2.109079527216789, "15": 2.109079527216789, "16": 2.109079527216789, "17": 2.109079527216789, "18": 2.109079527216789, "19": 2.109079527216789, "20": 2.109079527216789, "21": 2.109079527216789, "22": 1.9215569179276066, "23": 1.9215569179276066, "24": 1.9215569179276066, "25": 1.9215569179276066, "26": 1.9215569179276066, "27": 1.9215569179276066, "28": 1.9215569179276066, "29": 1.9215569179276066, "30": 1.9215569179276066, "31": 1.9215569179276066, "32": 1.9215569179276066, "33": 1.9215569179276066, "34": 1.9215569179276066, "35": 1.9215569179276066, "36": 1.9215569179276066, "37": 1.9215569179276066, "38": 1.9215569179276066, "39": 1.9215569179276066, "40": 1.9215569179276066, "41": 1.9215569179276066, "42": 1.9215569179276066, "43": 1.9215569179276066, "44": 1.9215569179276066, "45": 1.9215569179276066, "46": 1.9215569179276066, "47": 1.9215569179276066, "48": 1.9215569179276066, "49": 1.9215569179276066, "50": 1.9215569179276066, "51": 1.9215569179276066, "52": 1.9215569179276066, "53": 1.9215569179276066, "54": 1.9215569179276066, "55": 1.9215569179276066, "56": 1.9215569179276066, "57": 1.9215569179276066, "58": 1.9215569179276066, "59": 1.9215569179276066, "60": 1.9215569179276066, "61": 1.9215569179276066, "62": 1.9215569179276066, "63": 1.9215569179276066, "64": 1.9215569179276066, "65": 1.9215569179276066, "66": 1.9215569179276066, "67": 1.9215569179276066, "68": 1.9215569179276066, "69": 1.9215569179276066, "70": 1.9215569179276066, "71": 1.9215569179276066, "72": 1.9215569179276066, "73": 1.9215569179276066, "74": 1.9215569179276066, "75": 1.9215569179276066, "76": 1.9215569179276066, "77": 1.9215569179276066, "78": 1.9215569179276066, "79": 1.9215569179276066, "80": 1.9215569179276066, "81": 1.9215569179276066, "82": 1.9215569179276066, "83": 1.8472018048695809, "84": 1.8472018048695809, "85": 1.8472018048695809, "86": 1.8472018048695809, "87": 1.8472018048695809, "88": 1.8472018048695809, "89": 1.8472018048695809, "90": 1.8472018048695809, "91": 1.8472018048695809, "92": 1.8472018048695809, "93": 1.8472018048695809, "94": 1.8472018048695809, "95": 1.8472018048695809, "96": 1.8472018048695809, "97": 1.8472018048695809, "98": 1.8472018048695809, "99": 1.8472018048695809, "100": 1.0071259937111634}