{"0": 24.127259242542653, "1": 15.569027900011537, "2": 15.569027900011537, "3": 11.418125371529435, "4": 11.418125371529435, "5": 11.418125371529435, "6": 11.418125371529435, "7": 8.849774942978897, "8": 7.478897684001074, "9": 7.478897684001074, "10": 7.478897684001074, "11": 7.478897684001074, "12": 7.478897684001074, "13": 5.677060483250116, "14": 5.677060483250116, "15": 5.677060483250116, "16": 5.677060483250116, "17": 5.677060483250116, "18": 5.677060483250116, "19": 5.677060483250116, "20": 5.677060483250116, "21": 2.819184093969291, "22": 2.819184093969291, "23": 2.819184093969291, "24": 2.819184093969291, "25": 2.1272009996709613, "26": 2.1272009996709613, "27": 2.1272009996709613, "28": 2.1272009996709613, "29": 2.1272009996709613, "30": 2.1272009996709613, "31": 2.1272009996709613, "32": 2.1272009996709613, "33": 2.1272009996709613, "34": 2.1272009996709613, "35": 2.1272009996709613, "36": 2.1272009996709613, "37": 2.1272009996709613, "38": 2.1272009996709613, "39": 2.1272009996709613, "40": 2.1272009996709613, "41": 2.1272009996709613, "42": 2.1272009996709613, "43": 2.1272009996709613, "44": 2.1272009996709613, "45": 2.1272009996709613, "46": 2.1272009996709613, "47": 2.1272009996709613, "48": 2.1272009996709613, "49": 2.1272009996709613, "50": 2.1272009996709613, "51": 2.1272009996709613, "52": 2.1272009996709613, "53": 1.0133403244348855, "54": 1.0133403244348855, "55": 1.0133403244348855, "56": 1.0133403244348855, "57": 1.0133403244348855, "58": 1.0133403244348855, "59": 1.0133403244348855, "60": 1.0133403244348855, "61": 1.0133403244348855, "62": 1.0133403244348855, "63": 1.0133403244348855, "64": 1.0133403244348855, "65": 1.0133403244348855, "66": 1.0133403244348855, "67": 1.0133403244348855, "68": 1.0133403244348855, "69": 1.0133403244348855, "70": 1.0133403244348855, "71": 1.0133403244348855, "72": 1.0133403244348855, "73": 1.0133403244348855, "74": 1.0133403244348855, "75": 1.0133403244348855, "76": 1.0133403244348855, "77": 1.0133403244348855, "78": 1.0133403244348855, "79": 1.0133403244348855, "80": 1.0133403244348855, "81": 1.0133403244348855, "82": 1.0133403244348855, "83": 1.0133403244348855, "84": 1.0133403244348855, "85": 1.0133403244348855, "86": 1.0133403244348855, "87": 1.0133403244348855, "88": 1.0133403244348855, "89": 1.0133403244348855, "90": 1.0133403244348855, "91": 1.0133403244348855, "92": 1.0133403244348855, "93": 1.0133403244348855, "94": 1.0133403244348855, "95": 1.0133403244348855, "96": 1.0133403244348855, "97": 1.0133403244348855, "98": 1.0133403244348855, "99": 1.0133403244348855, "100": 1.0133403244348855}