{"0": 13.2413110288347, "1": 9.788283793850674, "2": 8.96982748527352, "3": 8.96982748527352, "4": 5.957474306833152, "5": 5.957474306833152, "6": 5.957474306833152, "7": 5.957474306833152, "8": 5.957474306833152, "9": 5.957474306833152, "10": 5.957474306833152, "11": 5.957474306833152, "12": 5.2111839002379945, "13": 5.2111839002379945, "14": 3.238928581297923, "15": 3.238928581297923, "16": 2.236831646978125, "17": 2.236831646978125, "18": 2.236831646978125, "19": 2.236831646978125, "20": 2.236831646978125, "21": 2.236831646978125, "22": 2.236831646978125, "23": 2.236831646978125, "24": 2.236831646978125, "25": 2.236831646978125, "26": 2.236831646978125, "27": 2.236831646978125, "28": 2.236831646978125, "29": 2.236831646978125, "30": 2.236831646978125, "31": 2.236831646978125, "32": 2.236831646978125, "33": 2.236831646978125, "34": 2.236831646978125, "35": 2.236831646978125, "36": 2.236831646978125, "37": 2.236831646978125, "38": 2.233787613749449, "39": 2.233787613749449, "40": 2.233787613749449, "41": 2.233787613749449, "42": 2.233787613749449, "43": 2.233787613749449, "44": 2.233787613749449, "45": 2.233787613749449, "46": 2.233787613749449, "47": 2.233787613749449, "48": 2.233787613749449, "49": 2.233787613749449, "50": 2.233787613749449, "51": 2.233787613749449, "52": 2.233787613749449, "53": 2.233787613749449, "54": 2.233787613749449, "55": 1.9949324987715933, "56": 1.9949324987715933, "57": 1.9949324987715933, "58": 1.9949324987715933, "59": 1.9949324987715933, "60": 1.3074578609065455, "61": 1.3074578609065455, "62": 1.3074578609065455, "63": 1.3074578609065455, "64": 1.3074578609065455, "65": 1.3074578609065455, "66": 1.3074578609065455, "67": 1.3074578609065455, "68": 1.3074578609065455, "69": 1.3074578609065455, "70": 1.3074578609065455, "71": 1.3074578609065455, "72": 1.3074578609065455, "73": 1.3074578609065455, "74": 1.3074578609065455, "75": 1.3074578609065455, "76": 1.3074578609065455, "77": 1.3074578609065455, "78": 1.3074578609065455, "79": 1.3074578609065455, "80": 1.3074578609065455, "81": 1.3074578609065455, "82": 1.3074578609065455, "83": 1.3074578609065455, "84": 1.3074578609065455, "85": 1.3074578609065455, "86": 1.3074578609065455, "87": 1.3074578609065455, "88": 1.3074578609065455, "89": 1.3074578609065455, "90": 1.3074578609065455, "91": 1.3074578609065455, "92": 1.3074578609065455, "93": 1.3074578609065455, "94": 1.3074578609065455, "95": 1.3074578609065455, "96": 1.3074578609065455, "97": 1.3074578609065455, "98": 1.3074578609065455, "99": 1.3074578609065455, "100": 1.3074578609065455}