{"0": 29.077297912967282, "1": 13.217928693705081, "2": 13.217928693705081, "3": 13.217928693705081, "4": 10.109325376354592, "5": 7.030299730407169, "6": 7.030299730407169, "7": 7.030299730407169, "8": 7.030299730407169, "9": 5.132652865652043, "10": 5.132652865652043, "11": 5.132652865652043, "12": 5.132652865652043, "13": 4.35006713370101, "14": 3.420385025506061, "15": 3.420385025506061, "16": 3.3380473712967955, "17": 3.3380473712967955, "18": 2.82865905301383, "19": 2.82865905301383, "20": 2.82865905301383, "21": 2.82865905301383, "22": 2.82865905301383, "23": 2.82865905301383, "24": 1.510493423488807, "25": 1.510493423488807, "26": 1.510493423488807, "27": 1.510493423488807, "28": 1.510493423488807, "29": 1.510493423488807, "30": 1.510493423488807, "31": 1.510493423488807, "32": 1.510493423488807, "33": 1.3364724529509502, "34": 1.3364724529509502, "35": 1.3364724529509502, "36": 1.1950391295931588, "37": 1.1950391295931588, "38": 1.1950391295931588, "39": 1.1950391295931588, "40": 1.1950391295931588, "41": 1.1950391295931588, "42": 1.1950391295931588, "43": 1.1950391295931588, "44": 1.1950391295931588, "45": 1.1950391295931588, "46": 1.1950391295931588, "47": 1.1950391295931588, "48": 1.1950391295931588, "49": 1.1950391295931588, "50": 1.1950391295931588, "51": 1.1950391295931588, "52": 1.1950391295931588, "53": 1.1950391295931588, "54": 1.1950391295931588, "55": 1.1950391295931588, "56": 1.1950391295931588, "57": 1.1950391295931588, "58": 1.1950391295931588, "59": 1.1950391295931588, "60": 1.1950391295931588, "61": 1.1950391295931588, "62": 1.1950391295931588, "63": 1.1950391295931588, "64": 1.1950391295931588, "65": 1.1950391295931588, "66": 1.1950391295931588, "67": 1.1950391295931588, "68": 1.1950391295931588, "69": 1.1950391295931588, "70": 1.1950391295931588, "71": 1.1950391295931588, "72": 1.1950391295931588, "73": 1.1950391295931588, "74": 1.1950391295931588, "75": 1.1950391295931588, "76": 1.1950391295931588, "77": 1.1950391295931588, "78": 1.1950391295931588, "79": 1.1950391295931588, "80": 1.1950391295931588, "81": 1.1950391295931588, "82": 1.1950391295931588, "83": 1.1950391295931588, "84": 1.1950391295931588, "85": 1.1950391295931588, "86": 1.1188025436879592, "87": 1.1188025436879592, "88": 1.1188025436879592, "89": 1.1188025436879592, "90": 1.1188025436879592, "91": 1.1188025436879592, "92": 1.1188025436879592, "93": 1.1188025436879592, "94": 1.1188025436879592, "95": 1.1188025436879592, "96": 1.1188025436879592, "97": 1.1188025436879592, "98": 1.1188025436879592, "99": 1.1188025436879592, "100": 1.1188025436879592}