{"0": 20.07208054363369, "1": 9.502650537809295, "2": 9.502650537809295, "3": 9.502650537809295, "4": 9.502650537809295, "5": 8.664064727327178, "6": 8.664064727327178, "7": 8.664064727327178, "8": 8.664064727327178, "9": 8.664064727327178, "10": 7.3926551005345935, "11": 7.3926551005345935, "12": 6.10450265377467, "13": 6.10450265377467, "14": 6.10450265377467, "15": 6.10450265377467, "16": 5.463020051732581, "17": 1.9855609076958736, "18": 1.9855609076958736, "19": 1.9855609076958736, "20": 1.9855609076958736, "21": 1.9855609076958736, "22": 1.9855609076958736, "23": 1.9855609076958736, "24": 1.9855609076958736, "25": 1.9855609076958736, "26": 1.9855609076958736, "27": 1.9855609076958736, "28": 1.9855609076958736, "29": 1.9855609076958736, "30": 1.9855609076958736, "31": 1.9855609076958736, "32": 1.9855609076958736, "33": 1.9855609076958736, "34": 1.9855609076958736, "35": 1.9855609076958736, "36": 1.9855609076958736, "37": 1.9855609076958736, "38": 1.9855609076958736, "39": 1.9855609076958736, "40": 1.9855609076958736, "41": 1.9855609076958736, "42": 1.9855609076958736, "43": 1.9855609076958736, "44": 1.9855609076958736, "45": 1.9855609076958736, "46": 1.9855609076958736, "47": 1.9855609076958736, "48": 1.9855609076958736, "49": 1.9855609076958736, "50": 1.9855609076958736, "51": 1.9855609076958736, "52": 1.9855609076958736, "53": 1.9855609076958736, "54": 1.9393380891249308, "55": 1.9393380891249308, "56": 1.9393380891249308, "57": 1.9393380891249308, "58": 1.9393380891249308, "59": 1.9393380891249308, "60": 1.9393380891249308, "61": 1.9393380891249308, "62": 1.9393380891249308, "63": 1.9393380891249308, "64": 1.9393380891249308, "65": 1.9393380891249308, "66": 1.9393380891249308, "67": 1.9393380891249308, "68": 1.9393380891249308, "69": 1.9393380891249308, "70": 1.9393380891249308, "71": 1.9393380891249308, "72": 1.9393380891249308, "73": 1.9393380891249308, "74": 1.9393380891249308, "75": 1.9393380891249308, "76": 1.9393380891249308, "77": 1.9393380891249308, "78": 1.9393380891249308, "79": 1.9393380891249308, "80": 1.9393380891249308, "81": 1.9393380891249308, "82": 1.9393380891249308, "83": 1.9393380891249308, "84": 1.9393380891249308, "85": 1.9393380891249308, "86": 1.9393380891249308, "87": 1.9393380891249308, "88": 1.9393380891249308, "89": 1.9393380891249308, "90": 1.9393380891249308, "91": 1.9393380891249308, "92": 1.9393380891249308, "93": 1.9393380891249308, "94": 1.9393380891249308, "95": 1.9393380891249308, "96": 1.9393380891249308, "97": 1.9393380891249308, "98": 1.9393380891249308, "99": 1.9393380891249308, "100": 1.9393380891249308}