{"0": 8.504412236085784, "1": 1.8417134652120595, "2": 1.8417134652120595, "3": 1.8417134652120595, "4": 1.8417134652120595, "5": 1.8417134652120595, "6": 1.8417134652120595, "7": 1.8417134652120595, "8": 1.8417134652120595, "9": 1.8417134652120595, "10": 1.376209767564717, "11": 1.376209767564717, "12": 1.376209767564717, "13": 1.358854361434794, "14": 1.358854361434794, "15": 1.358854361434794, "16": 1.358854361434794, "17": 1.358854361434794, "18": 1.358854361434794, "19": 1.358854361434794, "20": 1.358854361434794, "21": 1.358854361434794, "22": 1.358854361434794, "23": 1.1029630207409369, "24": 1.1029630207409369, "25": 1.1029630207409369, "26": 1.1029630207409369, "27": 1.1029630207409369, "28": 1.1029630207409369, "29": 1.1029630207409369, "30": 1.1029630207409369, "31": 1.1029630207409369, "32": 1.1029630207409369, "33": 1.1029630207409369, "34": 1.1029630207409369, "35": 1.1029630207409369, "36": 1.1029630207409369, "37": 1.1029630207409369, "38": 1.1029630207409369, "39": 1.1029630207409369, "40": 0.6051766594673609, "41": 0.6051766594673609, "42": 0.6051766594673609, "43": 0.6051766594673609, "44": 0.6051766594673609, "45": 0.6051766594673609, "46": 0.6051766594673609, "47": 0.6051766594673609, "48": 0.6051766594673609, "49": 0.6051766594673609, "50": 0.6051766594673609, "51": 0.6051766594673609, "52": 0.6051766594673609, "53": 0.6051766594673609, "54": 0.6051766594673609, "55": 0.6051766594673609, "56": 0.6051766594673609, "57": 0.6051766594673609, "58": 0.6051766594673609, "59": 0.6051766594673609, "60": 0.6051766594673609, "61": 0.6051766594673609, "62": 0.6051766594673609, "63": 0.6051766594673609, "64": 0.6051766594673609, "65": 0.6051766594673609, "66": 0.6051766594673609, "67": 0.6051766594673609, "68": 0.6051766594673609, "69": 0.6051766594673609, "70": 0.6051766594673609, "71": 0.6051766594673609, "72": 0.6051766594673609, "73": 0.6051766594673609, "74": 0.6051766594673609, "75": 0.6051766594673609, "76": 0.6051766594673609, "77": 0.6051766594673609, "78": 0.6051766594673609, "79": 0.6051766594673609, "80": 0.6051766594673609, "81": 0.6051766594673609, "82": 0.6051766594673609, "83": 0.6051766594673609, "84": 0.6051766594673609, "85": 0.6051766594673609, "86": 0.6051766594673609, "87": 0.6051766594673609, "88": 0.6051766594673609, "89": 0.6051766594673609, "90": 0.6051766594673609, "91": 0.6051766594673609, "92": 0.6051766594673609, "93": 0.6051766594673609, "94": 0.6051766594673609, "95": 0.6051766594673609, "96": 0.6051766594673609, "97": 0.6051766594673609, "98": 0.6051766594673609, "99": 0.6051766594673609, "100": 0.6051766594673609}