{"0": 25.784168073075932, "1": 7.8123970158437075, "2": 7.8123970158437075, "3": 4.760332213298863, "4": 4.760332213298863, "5": 4.760332213298863, "6": 4.760332213298863, "7": 3.733316673727643, "8": 3.733316673727643, "9": 3.733316673727643, "10": 3.733316673727643, "11": 3.733316673727643, "12": 3.733316673727643, "13": 2.3555698501804585, "14": 2.3555698501804585, "15": 2.3555698501804585, "16": 2.3555698501804585, "17": 2.3555698501804585, "18": 2.3555698501804585, "19": 2.3555698501804585, "20": 2.3555698501804585, "21": 1.6651090166199154, "22": 1.6651090166199154, "23": 1.6651090166199154, "24": 1.6651090166199154, "25": 1.5463179918811463, "26": 0.28139815934004275, "27": 0.28139815934004275, "28": 0.28139815934004275, "29": 0.28139815934004275, "30": 0.28139815934004275, "31": 0.28139815934004275, "32": 0.28139815934004275, "33": 0.28139815934004275, "34": 0.28139815934004275, "35": 0.28139815934004275, "36": 0.28139815934004275, "37": 0.28139815934004275, "38": 0.28139815934004275, "39": 0.28139815934004275, "40": 0.28139815934004275, "41": 0.28139815934004275, "42": 0.28139815934004275, "43": 0.28139815934004275, "44": 0.28139815934004275, "45": 0.28139815934004275, "46": 0.28139815934004275, "47": 0.28139815934004275, "48": 0.28139815934004275, "49": 0.28139815934004275, "50": 0.28139815934004275, "51": 0.28139815934004275, "52": 0.28139815934004275, "53": 0.28139815934004275, "54": 0.28139815934004275, "55": 0.28139815934004275, "56": 0.28139815934004275, "57": 0.28139815934004275, "58": 0.28139815934004275, "59": 0.28139815934004275, "60": 0.28139815934004275, "61": 0.28139815934004275, "62": 0.28139815934004275, "63": 0.28139815934004275, "64": 0.28139815934004275, "65": 0.28139815934004275, "66": 0.28139815934004275, "67": 0.28139815934004275, "68": 0.28139815934004275, "69": 0.28139815934004275, "70": 0.28139815934004275, "71": 0.28139815934004275, "72": 0.28139815934004275, "73": 0.28139815934004275, "74": 0.28139815934004275, "75": 0.28139815934004275, "76": 0.28139815934004275, "77": 0.28139815934004275, "78": 0.28139815934004275, "79": 0.28139815934004275, "80": 0.28139815934004275, "81": 0.28139815934004275, "82": 0.28139815934004275, "83": 0.28139815934004275, "84": 0.28139815934004275, "85": 0.28139815934004275, "86": 0.28139815934004275, "87": 0.28139815934004275, "88": 0.28139815934004275, "89": 0.28139815934004275, "90": 0.28139815934004275, "91": 0.28139815934004275, "92": 0.28139815934004275, "93": 0.28139815934004275, "94": 0.28139815934004275, "95": 0.28139815934004275, "96": 0.28139815934004275, "97": 0.28139815934004275, "98": 0.28139815934004275, "99": 0.28139815934004275, "100": 0.28139815934004275}