{"0": 19.400200598331928, "1": 4.0161428873726255, "2": 4.0161428873726255, "3": 4.0161428873726255, "4": 4.0161428873726255, "5": 4.0161428873726255, "6": 4.0161428873726255, "7": 4.0161428873726255, "8": 4.0161428873726255, "9": 4.0161428873726255, "10": 2.6287415517993225, "11": 2.6287415517993225, "12": 2.6287415517993225, "13": 2.6287415517993225, "14": 2.6287415517993225, "15": 2.6287415517993225, "16": 1.656727533309848, "17": 1.656727533309848, "18": 1.656727533309848, "19": 1.656727533309848, "20": 1.656727533309848, "21": 1.656727533309848, "22": 1.656727533309848, "23": 1.656727533309848, "24": 1.656727533309848, "25": 1.656727533309848, "26": 1.656727533309848, "27": 1.656727533309848, "28": 1.656727533309848, "29": 1.1302488417388616, "30": 1.1302488417388616, "31": 1.1302488417388616, "32": 1.1302488417388616, "33": 1.1302488417388616, "34": 1.1302488417388616, "35": 1.1302488417388616, "36": 1.1302488417388616, "37": 1.1302488417388616, "38": 1.1302488417388616, "39": 1.1302488417388616, "40": 1.1302488417388616, "41": 1.1302488417388616, "42": 1.1302488417388616, "43": 1.1302488417388616, "44": 1.1302488417388616, "45": 1.1302488417388616, "46": 1.1302488417388616, "47": 1.1302488417388616, "48": 1.1302488417388616, "49": 1.1302488417388616, "50": 1.1302488417388616, "51": 1.1302488417388616, "52": 1.1302488417388616, "53": 1.1302488417388616, "54": 1.1302488417388616, "55": 1.1302488417388616, "56": 1.1302488417388616, "57": 1.1302488417388616, "58": 1.1302488417388616, "59": 1.1302488417388616, "60": 1.1302488417388616, "61": 1.1302488417388616, "62": 1.1302488417388616, "63": 1.1302488417388616, "64": 1.1302488417388616, "65": 1.1302488417388616, "66": 1.1302488417388616, "67": 1.1302488417388616, "68": 1.1302488417388616, "69": 1.1302488417388616, "70": 1.1302488417388616, "71": 1.1302488417388616, "72": 1.1302488417388616, "73": 1.1302488417388616, "74": 1.1302488417388616, "75": 1.1302488417388616, "76": 1.1302488417388616, "77": 1.1302488417388616, "78": 1.1302488417388616, "79": 1.1302488417388616, "80": 1.1302488417388616, "81": 1.1302488417388616, "82": 1.1302488417388616, "83": 1.1302488417388616, "84": 1.1302488417388616, "85": 1.1302488417388616, "86": 1.1302488417388616, "87": 1.1302488417388616, "88": 1.1302488417388616, "89": 1.1302488417388616, "90": 1.1302488417388616, "91": 1.1302488417388616, "92": 1.1302488417388616, "93": 1.1302488417388616, "94": 1.1302488417388616, "95": 1.1302488417388616, "96": 1.1302488417388616, "97": 1.1302488417388616, "98": 1.1302488417388616, "99": 1.1302488417388616, "100": 1.1302488417388616}