{"0": 23.460203922718566, "1": 20.96404977909992, "2": 18.977284001846215, "3": 2.8495440271802046, "4": 2.8495440271802046, "5": 2.8495440271802046, "6": 2.8495440271802046, "7": 2.8495440271802046, "8": 2.8495440271802046, "9": 2.8495440271802046, "10": 2.8495440271802046, "11": 2.8495440271802046, "12": 2.8495440271802046, "13": 2.8495440271802046, "14": 2.8495440271802046, "15": 2.2744622412289033, "16": 2.2744622412289033, "17": 2.2744622412289033, "18": 2.2744622412289033, "19": 2.2744622412289033, "20": 2.2744622412289033, "21": 2.2744622412289033, "22": 2.2744622412289033, "23": 2.2744622412289033, "24": 2.2744622412289033, "25": 2.2351495551548552, "26": 2.2351495551548552, "27": 2.2351495551548552, "28": 2.2351495551548552, "29": 2.2351495551548552, "30": 2.2351495551548552, "31": 2.2351495551548552, "32": 2.2351495551548552, "33": 2.2351495551548552, "34": 2.2351495551548552, "35": 2.2351495551548552, "36": 2.2351495551548552, "37": 2.2351495551548552, "38": 2.2351495551548552, "39": 2.2351495551548552, "40": 2.2351495551548552, "41": 2.2351495551548552, "42": 2.2351495551548552, "43": 2.2351495551548552, "44": 2.2351495551548552, "45": 2.2351495551548552, "46": 2.2351495551548552, "47": 2.2351495551548552, "48": 2.2351495551548552, "49": 2.2351495551548552, "50": 2.2351495551548552, "51": 2.2351495551548552, "52": 2.2351495551548552, "53": 2.2351495551548552, "54": 2.2351495551548552, "55": 2.2351495551548552, "56": 2.2351495551548552, "57": 2.2351495551548552, "58": 2.2351495551548552, "59": 2.2351495551548552, "60": 2.2351495551548552, "61": 2.2351495551548552, "62": 2.2351495551548552, "63": 2.2351495551548552, "64": 2.2351495551548552, "65": 2.2351495551548552, "66": 2.2351495551548552, "67": 2.2351495551548552, "68": 2.2351495551548552, "69": 2.2351495551548552, "70": 2.2351495551548552, "71": 2.2351495551548552, "72": 2.2351495551548552, "73": 2.2351495551548552, "74": 2.2351495551548552, "75": 2.2351495551548552, "76": 2.2351495551548552, "77": 1.2240068392314924, "78": 1.2240068392314924, "79": 1.2240068392314924, "80": 1.2240068392314924, "81": 1.2240068392314924, "82": 1.2240068392314924, "83": 1.2240068392314924, "84": 1.2240068392314924, "85": 1.2240068392314924, "86": 1.2240068392314924, "87": 1.2240068392314924, "88": 1.2240068392314924, "89": 1.2240068392314924, "90": 1.2240068392314924, "91": 1.2240068392314924, "92": 1.2240068392314924, "93": 1.2240068392314924, "94": 1.2240068392314924, "95": 1.2240068392314924, "96": 1.2240068392314924, "97": 1.2240068392314924, "98": 1.2240068392314924, "99": 1.2240068392314924, "100": 1.2240068392314924}