{"0": 15.299113125625416, "1": 2.126556398529946, "2": 2.126556398529946, "3": 2.126556398529946, "4": 2.126556398529946, "5": 2.126556398529946, "6": 2.126556398529946, "7": 2.126556398529946, "8": 2.126556398529946, "9": 2.126556398529946, "10": 2.126556398529946, "11": 2.126556398529946, "12": 2.126556398529946, "13": 2.126556398529946, "14": 2.126556398529946, "15": 1.5279848566725889, "16": 1.5279848566725889, "17": 1.5279848566725889, "18": 1.5279848566725889, "19": 1.5279848566725889, "20": 1.5279848566725889, "21": 1.5279848566725889, "22": 1.5279848566725889, "23": 1.5279848566725889, "24": 1.5279848566725889, "25": 1.5279848566725889, "26": 1.5279848566725889, "27": 1.5279848566725889, "28": 1.5279848566725889, "29": 1.5279848566725889, "30": 1.5279848566725889, "31": 1.5279848566725889, "32": 1.5279848566725889, "33": 1.5279848566725889, "34": 1.5279848566725889, "35": 1.5279848566725889, "36": 1.5279848566725889, "37": 1.5279848566725889, "38": 1.5279848566725889, "39": 1.5279848566725889, "40": 1.5279848566725889, "41": 1.5279848566725889, "42": 0.5918339752175612, "43": 0.5918339752175612, "44": 0.5918339752175612, "45": 0.5918339752175612, "46": 0.5918339752175612, "47": 0.5918339752175612, "48": 0.5918339752175612, "49": 0.5918339752175612, "50": 0.5918339752175612, "51": 0.5918339752175612, "52": 0.5918339752175612, "53": 0.5918339752175612, "54": 0.5918339752175612, "55": 0.5918339752175612, "56": 0.5918339752175612, "57": 0.5918339752175612, "58": 0.5918339752175612, "59": 0.5918339752175612, "60": 0.5918339752175612, "61": 0.5918339752175612, "62": 0.5918339752175612, "63": 0.5918339752175612, "64": 0.5918339752175612, "65": 0.5918339752175612, "66": 0.5918339752175612, "67": 0.5918339752175612, "68": 0.5918339752175612, "69": 0.5918339752175612, "70": 0.5918339752175612, "71": 0.2648868631590382, "72": 0.2648868631590382, "73": 0.2648868631590382, "74": 0.2648868631590382, "75": 0.2648868631590382, "76": 0.2648868631590382, "77": 0.2648868631590382, "78": 0.2648868631590382, "79": 0.2648868631590382, "80": 0.2648868631590382, "81": 0.2648868631590382, "82": 0.2648868631590382, "83": 0.2648868631590382, "84": 0.2648868631590382, "85": 0.2648868631590382, "86": 0.2648868631590382, "87": 0.2648868631590382, "88": 0.2648868631590382, "89": 0.2648868631590382, "90": 0.2648868631590382, "91": 0.2648868631590382, "92": 0.2648868631590382, "93": 0.2648868631590382, "94": 0.2648868631590382, "95": 0.2648868631590382, "96": 0.2648868631590382, "97": 0.2648868631590382, "98": 0.2648868631590382, "99": 0.2648868631590382, "100": 0.2648868631590382}