{"0": 2.3402973258593995, "1": 2.3402973258593995, "2": 2.3402973258593995, "3": 2.3402973258593995, "4": 2.3402973258593995, "5": 2.3402973258593995, "6": 2.3402973258593995, "7": 2.3402973258593995, "8": 2.3402973258593995, "9": 2.3402973258593995, "10": 2.3402973258593995, "11": 1.265099206271131, "12": 1.265099206271131, "13": 1.265099206271131, "14": 1.265099206271131, "15": 1.265099206271131, "16": 1.265099206271131, "17": 1.265099206271131, "18": 1.265099206271131, "19": 1.265099206271131, "20": 0.1002635592673613, "21": 0.1002635592673613, "22": 0.1002635592673613, "23": 0.1002635592673613, "24": 0.1002635592673613, "25": 0.1002635592673613, "26": 0.1002635592673613, "27": 0.1002635592673613, "28": 0.1002635592673613, "29": 0.1002635592673613, "30": 0.1002635592673613, "31": 0.1002635592673613, "32": 0.1002635592673613, "33": 0.1002635592673613, "34": 0.1002635592673613, "35": 0.1002635592673613, "36": 0.1002635592673613, "37": 0.1002635592673613, "38": 0.1002635592673613, "39": 0.1002635592673613, "40": 0.1002635592673613, "41": 0.1002635592673613, "42": 0.1002635592673613, "43": 0.1002635592673613, "44": 0.1002635592673613, "45": 0.1002635592673613, "46": 0.1002635592673613, "47": 0.1002635592673613, "48": 0.1002635592673613, "49": 0.1002635592673613, "50": 0.1002635592673613, "51": 0.1002635592673613, "52": 0.1002635592673613, "53": 0.1002635592673613, "54": 0.1002635592673613, "55": 0.1002635592673613, "56": 0.1002635592673613, "57": 0.1002635592673613, "58": 0.1002635592673613, "59": 0.1002635592673613, "60": 0.1002635592673613, "61": 0.1002635592673613, "62": 0.1002635592673613, "63": 0.1002635592673613, "64": 0.1002635592673613, "65": 0.1002635592673613, "66": 0.1002635592673613, "67": 0.1002635592673613, "68": 0.1002635592673613, "69": 0.1002635592673613, "70": 0.1002635592673613, "71": 0.1002635592673613, "72": 0.1002635592673613, "73": 0.1002635592673613, "74": 0.1002635592673613, "75": 0.1002635592673613, "76": 0.1002635592673613, "77": 0.1002635592673613, "78": 0.1002635592673613, "79": 0.1002635592673613, "80": 0.1002635592673613, "81": 0.1002635592673613, "82": 0.1002635592673613, "83": 0.1002635592673613, "84": 0.1002635592673613, "85": 0.1002635592673613, "86": 0.1002635592673613, "87": 0.1002635592673613, "88": 0.1002635592673613, "89": 0.1002635592673613, "90": 0.1002635592673613, "91": 0.1002635592673613, "92": 0.1002635592673613, "93": 0.1002635592673613, "94": 0.1002635592673613, "95": 0.1002635592673613, "96": 0.1002635592673613, "97": 0.1002635592673613, "98": 0.1002635592673613, "99": 0.1002635592673613, "100": 0.1002635592673613}