{"0": 4.125562386633632, "1": 4.125562386633632, "2": 4.125562386633632, "3": 4.125562386633632, "4": 4.125562386633632, "5": 3.873042161104017, "6": 3.873042161104017, "7": 3.873042161104017, "8": 3.873042161104017, "9": 2.562444101453483, "10": 2.562444101453483, "11": 2.562444101453483, "12": 2.562444101453483, "13": 2.5319811263162677, "14": 2.5319811263162677, "15": 2.5319811263162677, "16": 1.607993777085106, "17": 1.607993777085106, "18": 1.607993777085106, "19": 1.607993777085106, "20": 1.607993777085106, "21": 1.607993777085106, "22": 1.607993777085106, "23": 1.607993777085106, "24": 1.607993777085106, "25": 1.607993777085106, "26": 1.607993777085106, "27": 1.607993777085106, "28": 1.607993777085106, "29": 1.607993777085106, "30": 1.607993777085106, "31": 0.312812243973454, "32": 0.312812243973454, "33": 0.312812243973454, "34": 0.312812243973454, "35": 0.312812243973454, "36": 0.312812243973454, "37": 0.312812243973454, "38": 0.312812243973454, "39": 0.312812243973454, "40": 0.312812243973454, "41": 0.312812243973454, "42": 0.312812243973454, "43": 0.312812243973454, "44": 0.312812243973454, "45": 0.312812243973454, "46": 0.312812243973454, "47": 0.312812243973454, "48": 0.312812243973454, "49": 0.312812243973454, "50": 0.312812243973454, "51": 0.312812243973454, "52": 0.312812243973454, "53": 0.312812243973454, "54": 0.312812243973454, "55": 0.312812243973454, "56": 0.312812243973454, "57": 0.312812243973454, "58": 0.312812243973454, "59": 0.312812243973454, "60": 0.312812243973454, "61": 0.312812243973454, "62": 0.312812243973454, "63": 0.312812243973454, "64": 0.312812243973454, "65": 0.312812243973454, "66": 0.312812243973454, "67": 0.312812243973454, "68": 0.312812243973454, "69": 0.312812243973454, "70": 0.312812243973454, "71": 0.312812243973454, "72": 0.312812243973454, "73": 0.312812243973454, "74": 0.312812243973454, "75": 0.312812243973454, "76": 0.312812243973454, "77": 0.312812243973454, "78": 0.312812243973454, "79": 0.312812243973454, "80": 0.312812243973454, "81": 0.312812243973454, "82": 0.312812243973454, "83": 0.312812243973454, "84": 0.312812243973454, "85": 0.312812243973454, "86": 0.312812243973454, "87": 0.312812243973454, "88": 0.312812243973454, "89": 0.312812243973454, "90": 0.312812243973454, "91": 0.312812243973454, "92": 0.312812243973454, "93": 0.312812243973454, "94": 0.312812243973454, "95": 0.312812243973454, "96": 0.312812243973454, "97": 0.312812243973454, "98": 0.312812243973454, "99": 0.312812243973454, "100": 0.312812243973454}