{"0": 14.368620736409042, "1": 9.247270232831564, "2": 9.247270232831564, "3": 9.247270232831564, "4": 9.247270232831564, "5": 9.247270232831564, "6": 9.247270232831564, "7": 5.193111930600608, "8": 5.193111930600608, "9": 5.193111930600608, "10": 5.193111930600608, "11": 5.193111930600608, "12": 5.193111930600608, "13": 5.193111930600608, "14": 4.17732605689468, "15": 4.17732605689468, "16": 4.17732605689468, "17": 4.17732605689468, "18": 4.17732605689468, "19": 4.17732605689468, "20": 4.17732605689468, "21": 4.17732605689468, "22": 4.17732605689468, "23": 4.17732605689468, "24": 4.17732605689468, "25": 4.079111622820815, "26": 4.079111622820815, "27": 4.079111622820815, "28": 1.3695534550838993, "29": 1.3695534550838993, "30": 1.2525029619008095, "31": 1.2525029619008095, "32": 1.2525029619008095, "33": 1.2525029619008095, "34": 1.2525029619008095, "35": 1.2525029619008095, "36": 1.2525029619008095, "37": 1.2525029619008095, "38": 1.2525029619008095, "39": 1.2525029619008095, "40": 1.2525029619008095, "41": 1.2525029619008095, "42": 1.2525029619008095, "43": 1.2525029619008095, "44": 1.2525029619008095, "45": 1.2525029619008095, "46": 1.2525029619008095, "47": 1.2525029619008095, "48": 1.2525029619008095, "49": 1.2525029619008095, "50": 1.2525029619008095, "51": 1.2525029619008095, "52": 1.2525029619008095, "53": 1.2525029619008095, "54": 1.2525029619008095, "55": 1.2525029619008095, "56": 1.2525029619008095, "57": 1.2525029619008095, "58": 1.2525029619008095, "59": 1.2525029619008095, "60": 1.2525029619008095, "61": 1.2525029619008095, "62": 1.2525029619008095, "63": 1.2525029619008095, "64": 1.2525029619008095, "65": 1.2525029619008095, "66": 1.2525029619008095, "67": 1.2525029619008095, "68": 1.2525029619008095, "69": 1.2525029619008095, "70": 1.2525029619008095, "71": 1.2525029619008095, "72": 1.2525029619008095, "73": 1.2525029619008095, "74": 1.2525029619008095, "75": 1.2525029619008095, "76": 1.2525029619008095, "77": 1.2525029619008095, "78": 1.2525029619008095, "79": 1.2525029619008095, "80": 1.2525029619008095, "81": 1.2525029619008095, "82": 1.2525029619008095, "83": 1.2525029619008095, "84": 1.2525029619008095, "85": 1.2525029619008095, "86": 1.2525029619008095, "87": 1.2525029619008095, "88": 1.2525029619008095, "89": 1.2525029619008095, "90": 1.2525029619008095, "91": 1.2525029619008095, "92": 1.2525029619008095, "93": 1.2525029619008095, "94": 1.2525029619008095, "95": 1.2525029619008095, "96": 1.2525029619008095, "97": 1.2525029619008095, "98": 1.2525029619008095, "99": 1.2525029619008095, "100": 1.2525029619008095}