{"0": 24.861425012044823, "1": 24.861425012044823, "2": 24.861425012044823, "3": 24.29343229065205, "4": 6.4516846123511, "5": 1.9578493351182225, "6": 1.9578493351182225, "7": 1.9578493351182225, "8": 1.9578493351182225, "9": 1.9578493351182225, "10": 1.9578493351182225, "11": 1.5403890714374953, "12": 1.5403890714374953, "13": 1.5403890714374953, "14": 1.5403890714374953, "15": 1.5403890714374953, "16": 1.5403890714374953, "17": 1.5403890714374953, "18": 1.3505786648325468, "19": 1.3505786648325468, "20": 1.3505786648325468, "21": 1.3505786648325468, "22": 1.3505786648325468, "23": 1.3505786648325468, "24": 1.3505786648325468, "25": 1.3505786648325468, "26": 1.3505786648325468, "27": 0.3877227810370947, "28": 0.3877227810370947, "29": 0.3877227810370947, "30": 0.3877227810370947, "31": 0.3877227810370947, "32": 0.3877227810370947, "33": 0.3877227810370947, "34": 0.3877227810370947, "35": 0.3877227810370947, "36": 0.3877227810370947, "37": 0.3877227810370947, "38": 0.3877227810370947, "39": 0.3877227810370947, "40": 0.3877227810370947, "41": 0.3877227810370947, "42": 0.3877227810370947, "43": 0.3877227810370947, "44": 0.3877227810370947, "45": 0.3877227810370947, "46": 0.3877227810370947, "47": 0.3877227810370947, "48": 0.3877227810370947, "49": 0.3877227810370947, "50": 0.3877227810370947, "51": 0.3877227810370947, "52": 0.3877227810370947, "53": 0.3877227810370947, "54": 0.3877227810370947, "55": 0.3877227810370947, "56": 0.3877227810370947, "57": 0.3877227810370947, "58": 0.3877227810370947, "59": 0.3877227810370947, "60": 0.3877227810370947, "61": 0.3877227810370947, "62": 0.3877227810370947, "63": 0.3877227810370947, "64": 0.3877227810370947, "65": 0.3877227810370947, "66": 0.3877227810370947, "67": 0.3877227810370947, "68": 0.3877227810370947, "69": 0.3877227810370947, "70": 0.3877227810370947, "71": 0.3877227810370947, "72": 0.3877227810370947, "73": 0.3877227810370947, "74": 0.3877227810370947, "75": 0.3877227810370947, "76": 0.3877227810370947, "77": 0.3877227810370947, "78": 0.3877227810370947, "79": 0.3877227810370947, "80": 0.3877227810370947, "81": 0.3877227810370947, "82": 0.3877227810370947, "83": 0.3877227810370947, "84": 0.3877227810370947, "85": 0.3877227810370947, "86": 0.3877227810370947, "87": 0.3877227810370947, "88": 0.3877227810370947, "89": 0.3877227810370947, "90": 0.3877227810370947, "91": 0.3877227810370947, "92": 0.3877227810370947, "93": 0.3877227810370947, "94": 0.3877227810370947, "95": 0.3877227810370947, "96": 0.3877227810370947, "97": 0.3877227810370947, "98": 0.3877227810370947, "99": 0.3877227810370947, "100": 0.3877227810370947}