{"0": 17.839988388771626, "1": 8.537121250947425, "2": 8.537121250947425, "3": 5.812755579718392, "4": 5.812755579718392, "5": 5.812755579718392, "6": 5.812755579718392, "7": 5.384626107909613, "8": 4.853156410388264, "9": 4.853156410388264, "10": 4.853156410388264, "11": 4.853156410388264, "12": 4.853156410388264, "13": 4.853156410388264, "14": 4.853156410388264, "15": 4.853156410388264, "16": 4.853156410388264, "17": 4.853156410388264, "18": 4.853156410388264, "19": 4.853156410388264, "20": 4.120328585281204, "21": 4.120328585281204, "22": 4.120328585281204, "23": 4.120328585281204, "24": 3.494429923259922, "25": 1.4537184961429048, "26": 1.4537184961429048, "27": 1.4537184961429048, "28": 1.4537184961429048, "29": 1.4537184961429048, "30": 1.4537184961429048, "31": 1.4537184961429048, "32": 1.4537184961429048, "33": 1.4537184961429048, "34": 1.4537184961429048, "35": 1.4537184961429048, "36": 1.4537184961429048, "37": 1.4537184961429048, "38": 1.4537184961429048, "39": 1.4537184961429048, "40": 1.4537184961429048, "41": 1.4537184961429048, "42": 1.4537184961429048, "43": 1.4537184961429048, "44": 1.4537184961429048, "45": 1.4537184961429048, "46": 1.4537184961429048, "47": 1.4537184961429048, "48": 1.4537184961429048, "49": 1.4537184961429048, "50": 1.4537184961429048, "51": 1.4537184961429048, "52": 1.4537184961429048, "53": 1.4537184961429048, "54": 1.4537184961429048, "55": 1.4537184961429048, "56": 1.4537184961429048, "57": 1.4537184961429048, "58": 1.4537184961429048, "59": 1.4537184961429048, "60": 1.4537184961429048, "61": 1.4537184961429048, "62": 1.4537184961429048, "63": 1.4537184961429048, "64": 1.4537184961429048, "65": 1.4537184961429048, "66": 1.4537184961429048, "67": 1.4537184961429048, "68": 1.4537184961429048, "69": 1.4537184961429048, "70": 1.4537184961429048, "71": 1.4537184961429048, "72": 1.4537184961429048, "73": 1.4537184961429048, "74": 1.4537184961429048, "75": 1.4537184961429048, "76": 1.4537184961429048, "77": 1.4537184961429048, "78": 1.4537184961429048, "79": 1.267835152057856, "80": 1.267835152057856, "81": 1.267835152057856, "82": 1.267835152057856, "83": 1.267835152057856, "84": 1.267835152057856, "85": 1.267835152057856, "86": 1.267835152057856, "87": 1.267835152057856, "88": 1.267835152057856, "89": 1.267835152057856, "90": 1.267835152057856, "91": 1.267835152057856, "92": 1.267835152057856, "93": 1.267835152057856, "94": 1.267835152057856, "95": 1.267835152057856, "96": 1.267835152057856, "97": 1.267835152057856, "98": 1.267835152057856, "99": 1.267835152057856, "100": 1.267835152057856}