{"0": 21.52361881010005, "1": 21.52361881010005, "2": 9.605106613319016, "3": 9.605106613319016, "4": 9.605106613319016, "5": 9.605106613319016, "6": 9.605106613319016, "7": 2.5594703180578335, "8": 2.5594703180578335, "9": 2.5594703180578335, "10": 2.5594703180578335, "11": 2.5594703180578335, "12": 2.4668621127443764, "13": 2.4668621127443764, "14": 2.4668621127443764, "15": 2.0391590802859625, "16": 2.0391590802859625, "17": 2.0391590802859625, "18": 2.0391590802859625, "19": 2.0391590802859625, "20": 2.000642092573358, "21": 2.000642092573358, "22": 2.000642092573358, "23": 1.3896772712289618, "24": 1.3896772712289618, "25": 1.345100752489742, "26": 1.345100752489742, "27": 1.2269858541357124, "28": 1.2269858541357124, "29": 1.2269858541357124, "30": 1.2269858541357124, "31": 1.2269858541357124, "32": 1.2269858541357124, "33": 1.2269858541357124, "34": 1.2269858541357124, "35": 1.2269858541357124, "36": 1.2269858541357124, "37": 1.2269858541357124, "38": 1.2269858541357124, "39": 1.2269858541357124, "40": 1.2269858541357124, "41": 1.2269858541357124, "42": 1.2269858541357124, "43": 1.2269858541357124, "44": 1.2269858541357124, "45": 1.2269858541357124, "46": 1.2269858541357124, "47": 1.2269858541357124, "48": 1.2269858541357124, "49": 1.2269858541357124, "50": 1.2269858541357124, "51": 1.2269858541357124, "52": 1.2269858541357124, "53": 1.2269858541357124, "54": 0.7478285544147028, "55": 0.7478285544147028, "56": 0.7478285544147028, "57": 0.7478285544147028, "58": 0.7478285544147028, "59": 0.7478285544147028, "60": 0.7478285544147028, "61": 0.7478285544147028, "62": 0.7478285544147028, "63": 0.7478285544147028, "64": 0.7478285544147028, "65": 0.7478285544147028, "66": 0.7478285544147028, "67": 0.7478285544147028, "68": 0.7478285544147028, "69": 0.7478285544147028, "70": 0.7478285544147028, "71": 0.7478285544147028, "72": 0.7478285544147028, "73": 0.7478285544147028, "74": 0.7478285544147028, "75": 0.7478285544147028, "76": 0.7478285544147028, "77": 0.7478285544147028, "78": 0.7478285544147028, "79": 0.7478285544147028, "80": 0.7478285544147028, "81": 0.7478285544147028, "82": 0.7478285544147028, "83": 0.7478285544147028, "84": 0.7478285544147028, "85": 0.7478285544147028, "86": 0.7478285544147028, "87": 0.7478285544147028, "88": 0.7478285544147028, "89": 0.7478285544147028, "90": 0.7478285544147028, "91": 0.7478285544147028, "92": 0.7478285544147028, "93": 0.7478285544147028, "94": 0.7478285544147028, "95": 0.7478285544147028, "96": 0.7478285544147028, "97": 0.7478285544147028, "98": 0.7478285544147028, "99": 0.7478285544147028, "100": 0.7478285544147028}