{"0": 20.329008652290106, "1": 16.480601312395848, "2": 16.480601312395848, "3": 16.480601312395848, "4": 16.480601312395848, "5": 14.830441474888175, "6": 9.782820244393314, "7": 9.782820244393314, "8": 4.228740969732371, "9": 4.0531057426612485, "10": 4.0531057426612485, "11": 4.0531057426612485, "12": 4.0531057426612485, "13": 4.0531057426612485, "14": 4.0531057426612485, "15": 0.8260608031369081, "16": 0.8260608031369081, "17": 0.8260608031369081, "18": 0.8260608031369081, "19": 0.8260608031369081, "20": 0.8260608031369081, "21": 0.8260608031369081, "22": 0.8260608031369081, "23": 0.8260608031369081, "24": 0.8260608031369081, "25": 0.002739704668506704, "26": 0.002739704668506704, "27": 0.002739704668506704, "28": 0.002739704668506704, "29": 0.002739704668506704, "30": 0.002739704668506704, "31": 0.002739704668506704, "32": 0.002739704668506704, "33": 0.002739704668506704, "34": 0.002739704668506704, "35": 0.002739704668506704, "36": 0.002739704668506704, "37": 0.002739704668506704, "38": 0.002739704668506704, "39": 0.002739704668506704, "40": 0.002739704668506704, "41": 0.002739704668506704, "42": 0.002739704668506704, "43": 0.002739704668506704, "44": 0.002739704668506704, "45": 0.002739704668506704, "46": 0.002739704668506704, "47": 0.002739704668506704, "48": 0.002739704668506704, "49": 0.002739704668506704, "50": 0.002739704668506704, "51": 0.002739704668506704, "52": 0.002739704668506704, "53": 0.002739704668506704, "54": 0.002739704668506704, "55": 0.002739704668506704, "56": 0.002739704668506704, "57": 0.002739704668506704, "58": 0.002739704668506704, "59": 0.002739704668506704, "60": 0.002739704668506704, "61": 0.002739704668506704, "62": 0.002739704668506704, "63": 0.002739704668506704, "64": 0.002739704668506704, "65": 0.002739704668506704, "66": 0.002739704668506704, "67": 0.002739704668506704, "68": 0.002739704668506704, "69": 0.002739704668506704, "70": 0.002739704668506704, "71": 0.002739704668506704, "72": 0.002739704668506704, "73": 0.002739704668506704, "74": 0.002739704668506704, "75": 0.002739704668506704, "76": 0.002739704668506704, "77": 0.002739704668506704, "78": 0.002739704668506704, "79": 0.002739704668506704, "80": 0.002739704668506704, "81": 0.002739704668506704, "82": 0.002739704668506704, "83": 0.002739704668506704, "84": 0.002739704668506704, "85": 0.002739704668506704, "86": 0.002739704668506704, "87": 0.002739704668506704, "88": 0.002739704668506704, "89": 0.002739704668506704, "90": 0.002739704668506704, "91": 0.002739704668506704, "92": 0.002739704668506704, "93": 0.002739704668506704, "94": 0.002739704668506704, "95": 0.002739704668506704, "96": 0.002739704668506704, "97": 0.002739704668506704, "98": 0.002739704668506704, "99": 0.002739704668506704, "100": 0.002739704668506704}