{"0": 11.189848016130924, "1": 10.060833046498296, "2": 10.060833046498296, "3": 10.060833046498296, "4": 10.060833046498296, "5": 10.060833046498296, "6": 10.060833046498296, "7": 10.060833046498296, "8": 10.060833046498296, "9": 10.060833046498296, "10": 7.131978698805568, "11": 7.131978698805568, "12": 7.131978698805568, "13": 7.131978698805568, "14": 7.131978698805568, "15": 7.131978698805568, "16": 5.626327477193932, "17": 5.626327477193932, "18": 5.626327477193932, "19": 5.626327477193932, "20": 5.626327477193932, "21": 5.626327477193932, "22": 1.502791149712987, "23": 1.502791149712987, "24": 1.502791149712987, "25": 1.502791149712987, "26": 1.502791149712987, "27": 1.502791149712987, "28": 1.502791149712987, "29": 1.502791149712987, "30": 1.502791149712987, "31": 1.502791149712987, "32": 1.502791149712987, "33": 1.502791149712987, "34": 1.502791149712987, "35": 1.502791149712987, "36": 1.502791149712987, "37": 1.502791149712987, "38": 1.502791149712987, "39": 1.502791149712987, "40": 1.502791149712987, "41": 1.502791149712987, "42": 1.502791149712987, "43": 1.502791149712987, "44": 1.502791149712987, "45": 1.502791149712987, "46": 1.502791149712987, "47": 1.502791149712987, "48": 1.502791149712987, "49": 1.502791149712987, "50": 1.502791149712987, "51": 1.502791149712987, "52": 1.502791149712987, "53": 1.502791149712987, "54": 1.502791149712987, "55": 1.502791149712987, "56": 1.502791149712987, "57": 1.502791149712987, "58": 1.502791149712987, "59": 1.502791149712987, "60": 1.502791149712987, "61": 1.502791149712987, "62": 1.502791149712987, "63": 1.502791149712987, "64": 1.502791149712987, "65": 1.502791149712987, "66": 1.502791149712987, "67": 1.502791149712987, "68": 1.502791149712987, "69": 1.502791149712987, "70": 1.502791149712987, "71": 1.502791149712987, "72": 1.502791149712987, "73": 1.502791149712987, "74": 1.502791149712987, "75": 1.502791149712987, "76": 1.502791149712987, "77": 1.502791149712987, "78": 1.502791149712987, "79": 1.502791149712987, "80": 1.502791149712987, "81": 1.502791149712987, "82": 1.502791149712987, "83": 1.502791149712987, "84": 1.502791149712987, "85": 1.502791149712987, "86": 1.502791149712987, "87": 1.502791149712987, "88": 1.502791149712987, "89": 1.502791149712987, "90": 1.502791149712987, "91": 1.502791149712987, "92": 1.502791149712987, "93": 1.502791149712987, "94": 1.502791149712987, "95": 1.3709794704814158, "96": 1.3709794704814158, "97": 1.3709794704814158, "98": 1.3385629661358962, "99": 1.3385629661358962, "100": 1.3385629661358962}