{"0": 25.47571507683056, "1": 3.6346373358219033, "2": 3.6346373358219033, "3": 3.6346373358219033, "4": 3.6346373358219033, "5": 3.6346373358219033, "6": 3.6346373358219033, "7": 3.2028386678316814, "8": 3.2028386678316814, "9": 3.2028386678316814, "10": 3.2028386678316814, "11": 3.2028386678316814, "12": 2.494919502736778, "13": 2.494919502736778, "14": 2.494919502736778, "15": 2.0938289401207832, "16": 2.0938289401207832, "17": 1.5902059694727448, "18": 1.5902059694727448, "19": 1.5902059694727448, "20": 1.5902059694727448, "21": 1.5902059694727448, "22": 1.5902059694727448, "23": 1.5902059694727448, "24": 1.5902059694727448, "25": 1.5902059694727448, "26": 1.5902059694727448, "27": 1.4379299980000724, "28": 1.4379299980000724, "29": 1.4379299980000724, "30": 1.4379299980000724, "31": 1.4379299980000724, "32": 1.4379299980000724, "33": 1.4379299980000724, "34": 1.4379299980000724, "35": 1.4379299980000724, "36": 1.4379299980000724, "37": 1.4379299980000724, "38": 1.4379299980000724, "39": 1.4379299980000724, "40": 1.4379299980000724, "41": 1.4379299980000724, "42": 1.4379299980000724, "43": 1.0632960907193052, "44": 1.0632960907193052, "45": 1.0632960907193052, "46": 1.0632960907193052, "47": 1.0632960907193052, "48": 1.0632960907193052, "49": 1.0632960907193052, "50": 1.0632960907193052, "51": 1.0632960907193052, "52": 1.0632960907193052, "53": 1.0632960907193052, "54": 1.0632960907193052, "55": 1.0632960907193052, "56": 1.0632960907193052, "57": 1.0632960907193052, "58": 1.0632960907193052, "59": 1.0632960907193052, "60": 1.0632960907193052, "61": 1.0632960907193052, "62": 1.0632960907193052, "63": 1.0632960907193052, "64": 1.0632960907193052, "65": 1.0632960907193052, "66": 1.0632960907193052, "67": 1.0632960907193052, "68": 1.0632960907193052, "69": 1.0632960907193052, "70": 1.0632960907193052, "71": 1.0632960907193052, "72": 1.0632960907193052, "73": 1.0632960907193052, "74": 0.8893721093299938, "75": 0.8893721093299938, "76": 0.8893721093299938, "77": 0.8893721093299938, "78": 0.8893721093299938, "79": 0.8893721093299938, "80": 0.8893721093299938, "81": 0.8893721093299938, "82": 0.8893721093299938, "83": 0.8893721093299938, "84": 0.8893721093299938, "85": 0.8893721093299938, "86": 0.8893721093299938, "87": 0.8893721093299938, "88": 0.8893721093299938, "89": 0.8893721093299938, "90": 0.8893721093299938, "91": 0.8893721093299938, "92": 0.8893721093299938, "93": 0.8893721093299938, "94": 0.8893721093299938, "95": 0.8893721093299938, "96": 0.8893721093299938, "97": 0.8893721093299938, "98": 0.8893721093299938, "99": 0.8893721093299938, "100": 0.8893721093299938}