{"0": 25.62637249848023, "1": 14.128449421196546, "2": 14.128449421196546, "3": 14.128449421196546, "4": 14.128449421196546, "5": 14.128449421196546, "6": 12.452037503133223, "7": 12.452037503133223, "8": 12.452037503133223, "9": 12.452037503133223, "10": 12.307552654250143, "11": 12.307552654250143, "12": 12.307552654250143, "13": 12.307552654250143, "14": 10.852621496517838, "15": 10.852621496517838, "16": 9.194398369576131, "17": 4.706206179048301, "18": 4.706206179048301, "19": 4.706206179048301, "20": 0.737817837575939, "21": 0.737817837575939, "22": 0.737817837575939, "23": 0.737817837575939, "24": 0.737817837575939, "25": 0.737817837575939, "26": 0.737817837575939, "27": 0.737817837575939, "28": 0.737817837575939, "29": 0.737817837575939, "30": 0.737817837575939, "31": 0.737817837575939, "32": 0.737817837575939, "33": 0.737817837575939, "34": 0.737817837575939, "35": 0.737817837575939, "36": 0.737817837575939, "37": 0.737817837575939, "38": 0.42513251099407157, "39": 0.42513251099407157, "40": 0.42513251099407157, "41": 0.42513251099407157, "42": 0.42513251099407157, "43": 0.42513251099407157, "44": 0.42513251099407157, "45": 0.42513251099407157, "46": 0.42513251099407157, "47": 0.42513251099407157, "48": 0.42513251099407157, "49": 0.42513251099407157, "50": 0.42513251099407157, "51": 0.42513251099407157, "52": 0.42513251099407157, "53": 0.42513251099407157, "54": 0.42513251099407157, "55": 0.04141823166703773, "56": 0.04141823166703773, "57": 0.04141823166703773, "58": 0.04141823166703773, "59": 0.04141823166703773, "60": 0.04141823166703773, "61": 0.04141823166703773, "62": 0.04141823166703773, "63": 0.04141823166703773, "64": 0.04141823166703773, "65": 0.04141823166703773, "66": 0.04141823166703773, "67": 0.04141823166703773, "68": 0.04141823166703773, "69": 0.04141823166703773, "70": 0.04141823166703773, "71": 0.04141823166703773, "72": 0.04141823166703773, "73": 0.04141823166703773, "74": 0.04141823166703773, "75": 0.04141823166703773, "76": 0.04141823166703773, "77": 0.04141823166703773, "78": 0.04141823166703773, "79": 0.04141823166703773, "80": 0.04141823166703773, "81": 0.04141823166703773, "82": 0.04141823166703773, "83": 0.04141823166703773, "84": 0.04141823166703773, "85": 0.04141823166703773, "86": 0.04141823166703773, "87": 0.04141823166703773, "88": 0.04141823166703773, "89": 0.04141823166703773, "90": 0.04141823166703773, "91": 0.04141823166703773, "92": 0.04141823166703773, "93": 0.04141823166703773, "94": 0.04141823166703773, "95": 0.04141823166703773, "96": 0.04141823166703773, "97": 0.04141823166703773, "98": 0.04141823166703773, "99": 0.04141823166703773, "100": 0.04141823166703773}