{"0": 9.865246761349267, "1": 9.865246761349267, "2": 9.865246761349267, "3": 9.865246761349267, "4": 5.767255705580016, "5": 5.767255705580016, "6": 5.767255705580016, "7": 5.767255705580016, "8": 5.767255705580016, "9": 5.7017429324928095, "10": 2.714420805444991, "11": 2.714420805444991, "12": 1.5909215904965919, "13": 1.5909215904965919, "14": 1.5909215904965919, "15": 1.5909215904965919, "16": 1.5909215904965919, "17": 1.5909215904965919, "18": 1.5909215904965919, "19": 1.566508073213761, "20": 1.566508073213761, "21": 1.566508073213761, "22": 1.566508073213761, "23": 1.566508073213761, "24": 1.566508073213761, "25": 1.566508073213761, "26": 1.3842283655217145, "27": 1.3842283655217145, "28": 1.3842283655217145, "29": 1.3842283655217145, "30": 1.3842283655217145, "31": 1.3842283655217145, "32": 1.3842283655217145, "33": 1.3842283655217145, "34": 1.3842283655217145, "35": 1.3842283655217145, "36": 1.1031362532192546, "37": 1.1031362532192546, "38": 1.1031362532192546, "39": 1.1031362532192546, "40": 1.1031362532192546, "41": 1.1031362532192546, "42": 1.1031362532192546, "43": 1.1031362532192546, "44": 1.1031362532192546, "45": 1.1031362532192546, "46": 1.1031362532192546, "47": 1.1031362532192546, "48": 1.1031362532192546, "49": 1.1031362532192546, "50": 1.1031362532192546, "51": 1.1031362532192546, "52": 1.1031362532192546, "53": 1.1031362532192546, "54": 1.1031362532192546, "55": 1.1031362532192546, "56": 1.1031362532192546, "57": 1.1031362532192546, "58": 1.1031362532192546, "59": 1.1031362532192546, "60": 1.1031362532192546, "61": 1.1031362532192546, "62": 1.1031362532192546, "63": 1.1031362532192546, "64": 1.1031362532192546, "65": 1.1031362532192546, "66": 1.1031362532192546, "67": 1.1031362532192546, "68": 1.1031362532192546, "69": 1.1031362532192546, "70": 1.1031362532192546, "71": 1.1031362532192546, "72": 1.1031362532192546, "73": 1.1031362532192546, "74": 1.1031362532192546, "75": 1.1031362532192546, "76": 1.1031362532192546, "77": 1.1031362532192546, "78": 1.1031362532192546, "79": 1.1031362532192546, "80": 1.1031362532192546, "81": 0.8224045290285886, "82": 0.8224045290285886, "83": 0.8224045290285886, "84": 0.8224045290285886, "85": 0.8224045290285886, "86": 0.8224045290285886, "87": 0.8224045290285886, "88": 0.8224045290285886, "89": 0.8224045290285886, "90": 0.8224045290285886, "91": 0.8224045290285886, "92": 0.8224045290285886, "93": 0.8224045290285886, "94": 0.8224045290285886, "95": 0.8224045290285886, "96": 0.8224045290285886, "97": 0.8224045290285886, "98": 0.8224045290285886, "99": 0.8224045290285886, "100": 0.8224045290285886}