{"0": 19.727779278517215, "1": 19.727779278517215, "2": 4.294461047486685, "3": 4.294461047486685, "4": 4.294461047486685, "5": 4.294461047486685, "6": 4.294461047486685, "7": 1.5767511890108317, "8": 1.5767511890108317, "9": 1.5767511890108317, "10": 1.5767511890108317, "11": 1.5767511890108317, "12": 1.1382738911131014, "13": 1.1382738911131014, "14": 1.1382738911131014, "15": 1.1382738911131014, "16": 1.1382738911131014, "17": 1.1382738911131014, "18": 1.1382738911131014, "19": 1.1382738911131014, "20": 1.1382738911131014, "21": 1.0573361252875486, "22": 1.0573361252875486, "23": 1.0573361252875486, "24": 1.0573361252875486, "25": 1.0573361252875486, "26": 1.0573361252875486, "27": 1.0573361252875486, "28": 1.0299098466875733, "29": 1.0299098466875733, "30": 1.0299098466875733, "31": 1.0299098466875733, "32": 1.0299098466875733, "33": 1.0299098466875733, "34": 1.0299098466875733, "35": 1.0299098466875733, "36": 1.0299098466875733, "37": 1.0299098466875733, "38": 1.0299098466875733, "39": 1.0299098466875733, "40": 1.0299098466875733, "41": 1.0299098466875733, "42": 1.0299098466875733, "43": 1.0299098466875733, "44": 1.0299098466875733, "45": 1.0299098466875733, "46": 1.0299098466875733, "47": 1.0299098466875733, "48": 1.0299098466875733, "49": 1.0299098466875733, "50": 1.0299098466875733, "51": 1.0299098466875733, "52": 1.0299098466875733, "53": 1.0299098466875733, "54": 1.0299098466875733, "55": 1.0299098466875733, "56": 1.0299098466875733, "57": 1.0299098466875733, "58": 1.0299098466875733, "59": 1.0299098466875733, "60": 1.0299098466875733, "61": 1.0299098466875733, "62": 1.0299098466875733, "63": 1.0299098466875733, "64": 1.0299098466875733, "65": 1.0299098466875733, "66": 1.0299098466875733, "67": 1.0299098466875733, "68": 1.0299098466875733, "69": 1.0299098466875733, "70": 1.0299098466875733, "71": 1.0299098466875733, "72": 1.0299098466875733, "73": 1.0299098466875733, "74": 1.0299098466875733, "75": 1.0299098466875733, "76": 1.0299098466875733, "77": 1.0299098466875733, "78": 1.0299098466875733, "79": 1.0299098466875733, "80": 1.0299098466875733, "81": 1.0299098466875733, "82": 1.0299098466875733, "83": 1.0299098466875733, "84": 1.0299098466875733, "85": 1.0299098466875733, "86": 1.0299098466875733, "87": 1.0299098466875733, "88": 1.0299098466875733, "89": 1.0299098466875733, "90": 1.0299098466875733, "91": 1.0299098466875733, "92": 1.0299098466875733, "93": 1.0299098466875733, "94": 1.0299098466875733, "95": 1.0299098466875733, "96": 1.0299098466875733, "97": 1.0299098466875733, "98": 1.0299098466875733, "99": 1.0299098466875733, "100": 1.0299098466875733}