{"0": 11.524372601783393, "1": 11.524372601783393, "2": 11.524372601783393, "3": 11.524372601783393, "4": 11.524372601783393, "5": 11.524372601783393, "6": 11.524372601783393, "7": 11.524372601783393, "8": 11.524372601783393, "9": 8.92738720900753, "10": 8.92738720900753, "11": 8.92738720900753, "12": 8.92738720900753, "13": 4.575587671912579, "14": 4.575587671912579, "15": 4.575587671912579, "16": 4.575587671912579, "17": 4.575587671912579, "18": 4.575587671912579, "19": 4.575587671912579, "20": 4.575587671912579, "21": 4.491216791863604, "22": 4.182262687565748, "23": 4.182262687565748, "24": 4.182262687565748, "25": 4.182262687565748, "26": 4.182262687565748, "27": 4.182262687565748, "28": 4.182262687565748, "29": 4.182262687565748, "30": 4.182262687565748, "31": 4.182262687565748, "32": 4.182262687565748, "33": 4.182262687565748, "34": 4.182262687565748, "35": 2.1165140649590626, "36": 2.1165140649590626, "37": 2.1165140649590626, "38": 2.1165140649590626, "39": 2.1165140649590626, "40": 2.1165140649590626, "41": 2.1165140649590626, "42": 1.05121940153564, "43": 1.05121940153564, "44": 1.05121940153564, "45": 1.05121940153564, "46": 1.05121940153564, "47": 1.05121940153564, "48": 1.05121940153564, "49": 1.05121940153564, "50": 1.05121940153564, "51": 1.05121940153564, "52": 1.05121940153564, "53": 1.05121940153564, "54": 1.05121940153564, "55": 1.05121940153564, "56": 1.05121940153564, "57": 1.05121940153564, "58": 1.05121940153564, "59": 1.05121940153564, "60": 1.05121940153564, "61": 1.05121940153564, "62": 1.05121940153564, "63": 1.05121940153564, "64": 1.05121940153564, "65": 1.05121940153564, "66": 1.05121940153564, "67": 1.05121940153564, "68": 1.05121940153564, "69": 1.05121940153564, "70": 1.05121940153564, "71": 1.05121940153564, "72": 1.05121940153564, "73": 1.05121940153564, "74": 1.05121940153564, "75": 1.05121940153564, "76": 1.05121940153564, "77": 1.05121940153564, "78": 1.05121940153564, "79": 1.05121940153564, "80": 1.05121940153564, "81": 1.05121940153564, "82": 1.05121940153564, "83": 1.05121940153564, "84": 1.05121940153564, "85": 1.05121940153564, "86": 1.05121940153564, "87": 1.05121940153564, "88": 1.05121940153564, "89": 1.05121940153564, "90": 1.05121940153564, "91": 1.05121940153564, "92": 1.05121940153564, "93": 1.05121940153564, "94": 1.05121940153564, "95": 1.05121940153564, "96": 1.05121940153564, "97": 1.05121940153564, "98": 1.05121940153564, "99": 1.05121940153564, "100": 1.05121940153564}