{"0": 35.17078414150288, "1": 13.512564197986752, "2": 13.512564197986752, "3": 13.512564197986752, "4": 13.512564197986752, "5": 13.512564197986752, "6": 13.163381876355597, "7": 8.011364659187802, "8": 8.011364659187802, "9": 8.011364659187802, "10": 8.011364659187802, "11": 8.011364659187802, "12": 8.011364659187802, "13": 8.011364659187802, "14": 7.768149621571862, "15": 6.433973417732627, "16": 6.433973417732627, "17": 6.433973417732627, "18": 6.433973417732627, "19": 6.433973417732627, "20": 6.342417848118387, "21": 6.342417848118387, "22": 6.342417848118387, "23": 6.342417848118387, "24": 6.342417848118387, "25": 6.342417848118387, "26": 6.342417848118387, "27": 6.342417848118387, "28": 5.7839170145234675, "29": 5.7839170145234675, "30": 5.7839170145234675, "31": 5.7839170145234675, "32": 5.201423718907737, "33": 5.201423718907737, "34": 5.201423718907737, "35": 4.760005384086522, "36": 4.760005384086522, "37": 4.760005384086522, "38": 4.760005384086522, "39": 3.92350900423218, "40": 3.92350900423218, "41": 3.92350900423218, "42": 3.92350900423218, "43": 3.2004974527896835, "44": 3.2004974527896835, "45": 3.2004974527896835, "46": 3.2004974527896835, "47": 2.4466606605758727, "48": 2.4466606605758727, "49": 2.4466606605758727, "50": 2.4466606605758727, "51": 2.4466606605758727, "52": 2.4466606605758727, "53": 2.4466606605758727, "54": 2.4466606605758727, "55": 2.4466606605758727, "56": 2.4466606605758727, "57": 2.4466606605758727, "58": 2.4466606605758727, "59": 2.4466606605758727, "60": 2.4466606605758727, "61": 2.4466606605758727, "62": 2.4466606605758727, "63": 2.4466606605758727, "64": 2.4466606605758727, "65": 2.4466606605758727, "66": 2.4466606605758727, "67": 2.4466606605758727, "68": 2.4466606605758727, "69": 2.4466606605758727, "70": 2.4466606605758727, "71": 2.4466606605758727, "72": 2.4466606605758727, "73": 2.4466606605758727, "74": 2.4466606605758727, "75": 2.4466606605758727, "76": 2.4466606605758727, "77": 2.4466606605758727, "78": 2.4466606605758727, "79": 2.4466606605758727, "80": 2.4466606605758727, "81": 2.4466606605758727, "82": 2.4466606605758727, "83": 2.4466606605758727, "84": 2.4466606605758727, "85": 2.4466606605758727, "86": 2.4466606605758727, "87": 2.188050108659368, "88": 2.188050108659368, "89": 2.188050108659368, "90": 2.188050108659368, "91": 2.188050108659368, "92": 2.188050108659368, "93": 2.188050108659368, "94": 2.188050108659368, "95": 1.853724935700356, "96": 1.853724935700356, "97": 1.853724935700356, "98": 1.853724935700356, "99": 1.853724935700356, "100": 1.853724935700356}