{"0": 10.630981342985066, "1": 10.630981342985066, "2": 10.630981342985066, "3": 6.921602925274575, "4": 6.09424210082439, "5": 6.09424210082439, "6": 6.09424210082439, "7": 4.972839909693391, "8": 4.972839909693391, "9": 4.972839909693391, "10": 4.972839909693391, "11": 4.972839909693391, "12": 4.972839909693391, "13": 4.972839909693391, "14": 4.972839909693391, "15": 4.972839909693391, "16": 4.972839909693391, "17": 1.7809969202932336, "18": 1.7809969202932336, "19": 1.7809969202932336, "20": 1.7809969202932336, "21": 1.7809969202932336, "22": 1.7809969202932336, "23": 1.7809969202932336, "24": 1.7809969202932336, "25": 1.0891598453992017, "26": 1.0891598453992017, "27": 1.0891598453992017, "28": 1.0891598453992017, "29": 1.0891598453992017, "30": 1.0891598453992017, "31": 1.0891598453992017, "32": 1.0891598453992017, "33": 1.05182537257987, "34": 1.05182537257987, "35": 1.05182537257987, "36": 1.05182537257987, "37": 1.05182537257987, "38": 1.05182537257987, "39": 1.05182537257987, "40": 1.05182537257987, "41": 0.14887679562048817, "42": 0.14887679562048817, "43": 0.10418472288036185, "44": 0.10418472288036185, "45": 0.10418472288036185, "46": 0.10418472288036185, "47": 0.10418472288036185, "48": 0.10418472288036185, "49": 0.10418472288036185, "50": 0.10418472288036185, "51": 0.10418472288036185, "52": 0.10418472288036185, "53": 0.10418472288036185, "54": 0.10418472288036185, "55": 0.10418472288036185, "56": 0.10418472288036185, "57": 0.10418472288036185, "58": 0.10418472288036185, "59": 0.10418472288036185, "60": 0.10418472288036185, "61": 0.10418472288036185, "62": 0.10418472288036185, "63": 0.10418472288036185, "64": 0.10418472288036185, "65": 0.10418472288036185, "66": 0.10418472288036185, "67": 0.10418472288036185, "68": 0.10418472288036185, "69": 0.10418472288036185, "70": 0.10418472288036185, "71": 0.10418472288036185, "72": 0.10418472288036185, "73": 0.10418472288036185, "74": 0.10418472288036185, "75": 0.10418472288036185, "76": 0.10418472288036185, "77": 0.10418472288036185, "78": 0.10418472288036185, "79": 0.10418472288036185, "80": 0.10418472288036185, "81": 0.10418472288036185, "82": 0.10418472288036185, "83": 0.10418472288036185, "84": 0.10418472288036185, "85": 0.10418472288036185, "86": 0.10418472288036185, "87": 0.10418472288036185, "88": 0.10418472288036185, "89": 0.10418472288036185, "90": 0.10418472288036185, "91": 0.10418472288036185, "92": 0.10418472288036185, "93": 0.10418472288036185, "94": 0.10418472288036185, "95": 0.10418472288036185, "96": 0.10418472288036185, "97": 0.10418472288036185, "98": 0.10418472288036185, "99": 0.10418472288036185, "100": 0.10418472288036185}