{"0": 23.249475640320995, "1": 15.694433857648693, "2": 15.694433857648693, "3": 13.959243986179066, "4": 6.14733492465048, "5": 6.14733492465048, "6": 1.5443187537509395, "7": 1.5443187537509395, "8": 1.5443187537509395, "9": 1.5443187537509395, "10": 1.5443187537509395, "11": 1.5443187537509395, "12": 1.5443187537509395, "13": 1.5443187537509395, "14": 1.5443187537509395, "15": 1.5443187537509395, "16": 1.5443187537509395, "17": 1.5443187537509395, "18": 1.5443187537509395, "19": 1.457834327651092, "20": 1.457834327651092, "21": 1.457834327651092, "22": 1.457834327651092, "23": 1.457834327651092, "24": 1.457834327651092, "25": 1.457834327651092, "26": 1.457834327651092, "27": 1.457834327651092, "28": 1.457834327651092, "29": 1.457834327651092, "30": 1.457834327651092, "31": 1.0240941122477025, "32": 1.0240941122477025, "33": 1.0240941122477025, "34": 1.0240941122477025, "35": 1.0240941122477025, "36": 1.0240941122477025, "37": 1.0240941122477025, "38": 1.0240941122477025, "39": 1.0240941122477025, "40": 1.0240941122477025, "41": 1.0240941122477025, "42": 1.0240941122477025, "43": 1.0240941122477025, "44": 1.0240941122477025, "45": 1.0240941122477025, "46": 1.0240941122477025, "47": 1.0240941122477025, "48": 1.0240941122477025, "49": 1.0240941122477025, "50": 1.0240941122477025, "51": 1.0240941122477025, "52": 1.0240941122477025, "53": 1.0240941122477025, "54": 1.0240941122477025, "55": 1.0240941122477025, "56": 1.0240941122477025, "57": 1.0240941122477025, "58": 1.0240941122477025, "59": 1.0240941122477025, "60": 1.0240941122477025, "61": 1.0240941122477025, "62": 1.0240941122477025, "63": 1.0240941122477025, "64": 1.0240941122477025, "65": 1.0240941122477025, "66": 1.0240941122477025, "67": 1.0240941122477025, "68": 1.0240941122477025, "69": 1.0240941122477025, "70": 1.0240941122477025, "71": 1.0240941122477025, "72": 1.0240941122477025, "73": 1.0240941122477025, "74": 1.0240941122477025, "75": 1.0240941122477025, "76": 1.0240941122477025, "77": 1.0240941122477025, "78": 1.0240941122477025, "79": 1.0240941122477025, "80": 1.0240941122477025, "81": 1.0240941122477025, "82": 1.0240941122477025, "83": 1.0240941122477025, "84": 1.0240941122477025, "85": 1.0240941122477025, "86": 1.0240941122477025, "87": 1.0240941122477025, "88": 1.0240941122477025, "89": 1.0240941122477025, "90": 1.0240941122477025, "91": 1.0240941122477025, "92": 1.0240941122477025, "93": 1.0240941122477025, "94": 1.0240941122477025, "95": 1.0240941122477025, "96": 1.0240941122477025, "97": 1.0240941122477025, "98": 1.0240941122477025, "99": 1.0240941122477025, "100": 1.0240941122477025}