{"0": 2.782254721866728, "1": 2.782254721866728, "2": 2.782254721866728, "3": 2.782254721866728, "4": 2.782254721866728, "5": 2.065573761796209, "6": 1.1853270473181539, "7": 1.1853270473181539, "8": 1.1853270473181539, "9": 1.1853270473181539, "10": 1.1853270473181539, "11": 1.1853270473181539, "12": 1.1853270473181539, "13": 1.1853270473181539, "14": 1.1853270473181539, "15": 1.1853270473181539, "16": 1.1853270473181539, "17": 1.1853270473181539, "18": 1.1853270473181539, "19": 1.1853270473181539, "20": 1.1853270473181539, "21": 1.1853270473181539, "22": 1.1853270473181539, "23": 1.1853270473181539, "24": 1.1853270473181539, "25": 1.1853270473181539, "26": 1.1853270473181539, "27": 1.1853270473181539, "28": 1.1853270473181539, "29": 1.1853270473181539, "30": 1.1853270473181539, "31": 1.1853270473181539, "32": 1.1853270473181539, "33": 1.1853270473181539, "34": 1.1853270473181539, "35": 1.1853270473181539, "36": 1.1853270473181539, "37": 1.1853270473181539, "38": 1.1853270473181539, "39": 1.1853270473181539, "40": 1.1853270473181539, "41": 1.1853270473181539, "42": 1.1853270473181539, "43": 1.1853270473181539, "44": 1.1853270473181539, "45": 1.1853270473181539, "46": 1.1853270473181539, "47": 1.1853270473181539, "48": 1.1853270473181539, "49": 1.1853270473181539, "50": 1.1853270473181539, "51": 1.1853270473181539, "52": 1.1853270473181539, "53": 1.1853270473181539, "54": 1.1853270473181539, "55": 1.1853270473181539, "56": 1.1853270473181539, "57": 1.1853270473181539, "58": 1.1853270473181539, "59": 1.1853270473181539, "60": 1.1853270473181539, "61": 1.1853270473181539, "62": 1.1853270473181539, "63": 1.1853270473181539, "64": 1.1853270473181539, "65": 1.1853270473181539, "66": 1.1853270473181539, "67": 1.1853270473181539, "68": 1.1853270473181539, "69": 1.1853270473181539, "70": 1.1853270473181539, "71": 1.1853270473181539, "72": 1.1853270473181539, "73": 1.1853270473181539, "74": 1.1853270473181539, "75": 1.1853270473181539, "76": 1.1853270473181539, "77": 1.1853270473181539, "78": 1.1853270473181539, "79": 1.1853270473181539, "80": 1.1853270473181539, "81": 1.1853270473181539, "82": 1.1853270473181539, "83": 1.1853270473181539, "84": 1.1853270473181539, "85": 1.1853270473181539, "86": 1.1853270473181539, "87": 1.1853270473181539, "88": 1.1853270473181539, "89": 1.1853270473181539, "90": 1.1853270473181539, "91": 1.1853270473181539, "92": 1.1853270473181539, "93": 1.1853270473181539, "94": 1.1853270473181539, "95": 1.1853270473181539, "96": 1.1853270473181539, "97": 1.1853270473181539, "98": 1.1853270473181539, "99": 1.1853270473181539, "100": 1.1853270473181539}