{"0": 8.034967979015072, "1": 6.128334376447224, "2": 6.128334376447224, "3": 5.204797918126864, "4": 5.204797918126864, "5": 5.204797918126864, "6": 5.204797918126864, "7": 1.131084686851743, "8": 1.131084686851743, "9": 1.131084686851743, "10": 1.131084686851743, "11": 1.131084686851743, "12": 1.131084686851743, "13": 1.131084686851743, "14": 1.131084686851743, "15": 1.131084686851743, "16": 1.131084686851743, "17": 0.4218687061017974, "18": 0.4218687061017974, "19": 0.4218687061017974, "20": 0.4218687061017974, "21": 0.4218687061017974, "22": 0.4218687061017974, "23": 0.4218687061017974, "24": 0.4218687061017974, "25": 0.4218687061017974, "26": 0.4218687061017974, "27": 0.4218687061017974, "28": 0.4218687061017974, "29": 0.4218687061017974, "30": 0.4218687061017974, "31": 0.4218687061017974, "32": 0.4218687061017974, "33": 0.4218687061017974, "34": 0.4218687061017974, "35": 0.4218687061017974, "36": 0.4218687061017974, "37": 0.4218687061017974, "38": 0.4218687061017974, "39": 0.4218687061017974, "40": 0.4218687061017974, "41": 0.4218687061017974, "42": 0.4218687061017974, "43": 0.4218687061017974, "44": 0.4218687061017974, "45": 0.4218687061017974, "46": 0.3625602410550819, "47": 0.3625602410550819, "48": 0.3625602410550819, "49": 0.3625602410550819, "50": 0.3625602410550819, "51": 0.3625602410550819, "52": 0.3625602410550819, "53": 0.3625602410550819, "54": 0.3625602410550819, "55": 0.3625602410550819, "56": 0.3625602410550819, "57": 0.3625602410550819, "58": 0.3625602410550819, "59": 0.3625602410550819, "60": 0.3625602410550819, "61": 0.3625602410550819, "62": 0.3625602410550819, "63": 0.3625602410550819, "64": 0.3625602410550819, "65": 0.3625602410550819, "66": 0.3625602410550819, "67": 0.3625602410550819, "68": 0.3625602410550819, "69": 0.3625602410550819, "70": 0.3625602410550819, "71": 0.3625602410550819, "72": 0.3625602410550819, "73": 0.3625602410550819, "74": 0.3625602410550819, "75": 0.3625602410550819, "76": 0.3625602410550819, "77": 0.3625602410550819, "78": 0.3625602410550819, "79": 0.3625602410550819, "80": 0.3625602410550819, "81": 0.3625602410550819, "82": 0.3625602410550819, "83": 0.3625602410550819, "84": 0.3625602410550819, "85": 0.3625602410550819, "86": 0.3625602410550819, "87": 0.3625602410550819, "88": 0.3625602410550819, "89": 0.3625602410550819, "90": 0.3625602410550819, "91": 0.3625602410550819, "92": 0.3625602410550819, "93": 0.3625602410550819, "94": 0.3625602410550819, "95": 0.3625602410550819, "96": 0.3625602410550819, "97": 0.3625602410550819, "98": 0.3625602410550819, "99": 0.3625602410550819, "100": 0.3625602410550819}