{"0": 10.312485374050278, "1": 10.312485374050278, "2": 10.312485374050278, "3": 10.312485374050278, "4": 10.312485374050278, "5": 8.873522374998679, "6": 1.4550104778591475, "7": 1.4550104778591475, "8": 1.4550104778591475, "9": 1.4550104778591475, "10": 1.4550104778591475, "11": 1.4550104778591475, "12": 1.4477919785504696, "13": 1.4145273012865118, "14": 1.4145273012865118, "15": 1.4145273012865118, "16": 1.4145273012865118, "17": 1.4145273012865118, "18": 1.4145273012865118, "19": 1.331842712757009, "20": 1.331842712757009, "21": 1.331842712757009, "22": 1.331842712757009, "23": 1.331842712757009, "24": 1.331842712757009, "25": 1.331842712757009, "26": 1.3028819826965297, "27": 1.3028819826965297, "28": 1.3028819826965297, "29": 1.3028819826965297, "30": 1.3028819826965297, "31": 1.3028819826965297, "32": 1.3028819826965297, "33": 1.3028819826965297, "34": 1.3028819826965297, "35": 1.3028819826965297, "36": 1.3028819826965297, "37": 1.3028819826965297, "38": 1.3028819826965297, "39": 1.3028819826965297, "40": 1.3028819826965297, "41": 1.3028819826965297, "42": 1.3028819826965297, "43": 1.3028819826965297, "44": 1.060678665892297, "45": 1.060678665892297, "46": 1.060678665892297, "47": 1.060678665892297, "48": 1.060678665892297, "49": 1.060678665892297, "50": 1.060678665892297, "51": 1.060678665892297, "52": 1.060678665892297, "53": 1.060678665892297, "54": 1.060678665892297, "55": 1.060678665892297, "56": 1.060678665892297, "57": 1.060678665892297, "58": 1.060678665892297, "59": 1.060678665892297, "60": 1.060678665892297, "61": 1.060678665892297, "62": 1.060678665892297, "63": 1.060678665892297, "64": 1.060678665892297, "65": 1.060678665892297, "66": 1.060678665892297, "67": 1.060678665892297, "68": 1.060678665892297, "69": 1.060678665892297, "70": 1.060678665892297, "71": 1.060678665892297, "72": 1.060678665892297, "73": 1.060678665892297, "74": 1.060678665892297, "75": 1.060678665892297, "76": 1.04659403115771, "77": 1.04659403115771, "78": 1.04659403115771, "79": 1.04659403115771, "80": 1.04659403115771, "81": 1.04659403115771, "82": 1.04659403115771, "83": 1.04659403115771, "84": 1.04659403115771, "85": 1.04659403115771, "86": 1.04659403115771, "87": 1.04659403115771, "88": 1.04659403115771, "89": 1.04659403115771, "90": 1.04659403115771, "91": 1.04659403115771, "92": 1.04659403115771, "93": 1.04659403115771, "94": 1.04659403115771, "95": 1.04659403115771, "96": 1.04659403115771, "97": 1.04659403115771, "98": 1.04659403115771, "99": 1.04659403115771, "100": 1.04659403115771}