{"0": 10.88955137425197, "1": 10.88955137425197, "2": 10.88955137425197, "3": 2.1394130144070402, "4": 2.1394130144070402, "5": 2.1394130144070402, "6": 2.1394130144070402, "7": 2.1394130144070402, "8": 2.1394130144070402, "9": 2.1394130144070402, "10": 2.0401931990015214, "11": 2.0401931990015214, "12": 2.0401931990015214, "13": 1.9900839954903446, "14": 1.9900839954903446, "15": 1.9900839954903446, "16": 1.9900839954903446, "17": 1.9900839954903446, "18": 1.9900839954903446, "19": 1.9900839954903446, "20": 1.9900839954903446, "21": 1.9900839954903446, "22": 1.9900839954903446, "23": 1.9900839954903446, "24": 1.9900839954903446, "25": 1.9900839954903446, "26": 1.9900839954903446, "27": 1.9900839954903446, "28": 1.9900839954903446, "29": 1.9900839954903446, "30": 1.9900839954903446, "31": 1.9900839954903446, "32": 1.9900839954903446, "33": 1.9900839954903446, "34": 1.9900839954903446, "35": 1.9900839954903446, "36": 1.9900839954903446, "37": 1.9900839954903446, "38": 1.9900839954903446, "39": 1.9900839954903446, "40": 1.9900839954903446, "41": 1.9900839954903446, "42": 1.9900839954903446, "43": 1.9900839954903446, "44": 1.9900839954903446, "45": 1.9900839954903446, "46": 1.9900839954903446, "47": 1.9900839954903446, "48": 1.9900839954903446, "49": 1.9900839954903446, "50": 1.9900839954903446, "51": 1.9900839954903446, "52": 1.9900839954903446, "53": 1.9900839954903446, "54": 1.9900839954903446, "55": 1.9900839954903446, "56": 1.9900839954903446, "57": 1.9900839954903446, "58": 1.9900839954903446, "59": 1.9900839954903446, "60": 1.9900839954903446, "61": 1.9900839954903446, "62": 1.9900839954903446, "63": 1.9900839954903446, "64": 1.9900839954903446, "65": 0.04371615739194823, "66": 0.04371615739194823, "67": 0.04371615739194823, "68": 0.04371615739194823, "69": 0.04371615739194823, "70": 0.04371615739194823, "71": 0.04371615739194823, "72": 0.04371615739194823, "73": 0.04371615739194823, "74": 0.04371615739194823, "75": 0.04371615739194823, "76": 0.04371615739194823, "77": 0.04371615739194823, "78": 0.04371615739194823, "79": 0.04371615739194823, "80": 0.04371615739194823, "81": 0.04371615739194823, "82": 0.04371615739194823, "83": 0.04371615739194823, "84": 0.04371615739194823, "85": 0.04371615739194823, "86": 0.04371615739194823, "87": 0.04371615739194823, "88": 0.04371615739194823, "89": 0.04371615739194823, "90": 0.04371615739194823, "91": 0.04371615739194823, "92": 0.04371615739194823, "93": 0.04371615739194823, "94": 0.04371615739194823, "95": 0.04371615739194823, "96": 0.04371615739194823, "97": 0.04371615739194823, "98": 0.04371615739194823, "99": 0.04371615739194823, "100": 0.04371615739194823}