{"0": 11.457670748724349, "1": 11.457670748724349, "2": 11.457670748724349, "3": 11.457670748724349, "4": 11.457670748724349, "5": 11.457670748724349, "6": 11.457670748724349, "7": 10.279383830292435, "8": 10.279383830292435, "9": 8.047871494493869, "10": 8.047871494493869, "11": 8.047871494493869, "12": 8.047871494493869, "13": 8.047871494493869, "14": 8.040374284723056, "15": 8.040374284723056, "16": 5.511204921050899, "17": 5.511204921050899, "18": 1.9498284575292146, "19": 1.9498284575292146, "20": 1.9498284575292146, "21": 1.9498284575292146, "22": 1.9498284575292146, "23": 1.9498284575292146, "24": 1.9498284575292146, "25": 1.9498284575292146, "26": 1.9498284575292146, "27": 1.9498284575292146, "28": 1.4113577227154508, "29": 1.4113577227154508, "30": 1.4113577227154508, "31": 1.4113577227154508, "32": 1.4113577227154508, "33": 1.4113577227154508, "34": 1.4113577227154508, "35": 1.4113577227154508, "36": 1.4113577227154508, "37": 1.4113577227154508, "38": 1.4113577227154508, "39": 1.4113577227154508, "40": 1.4113577227154508, "41": 1.4113577227154508, "42": 1.4113577227154508, "43": 1.4113577227154508, "44": 0.3624742830319363, "45": 0.3624742830319363, "46": 0.3624742830319363, "47": 0.3624742830319363, "48": 0.3624742830319363, "49": 0.3624742830319363, "50": 0.3624742830319363, "51": 0.3624742830319363, "52": 0.3624742830319363, "53": 0.3624742830319363, "54": 0.3624742830319363, "55": 0.3624742830319363, "56": 0.3624742830319363, "57": 0.3624742830319363, "58": 0.3624742830319363, "59": 0.3624742830319363, "60": 0.3624742830319363, "61": 0.3624742830319363, "62": 0.3624742830319363, "63": 0.3624742830319363, "64": 0.3624742830319363, "65": 0.3624742830319363, "66": 0.3624742830319363, "67": 0.3624742830319363, "68": 0.3624742830319363, "69": 0.3624742830319363, "70": 0.3624742830319363, "71": 0.3624742830319363, "72": 0.3624742830319363, "73": 0.3624742830319363, "74": 0.3624742830319363, "75": 0.3624742830319363, "76": 0.3624742830319363, "77": 0.3624742830319363, "78": 0.3624742830319363, "79": 0.3624742830319363, "80": 0.3624742830319363, "81": 0.3624742830319363, "82": 0.3624742830319363, "83": 0.3624742830319363, "84": 0.3624742830319363, "85": 0.3624742830319363, "86": 0.3624742830319363, "87": 0.3624742830319363, "88": 0.3624742830319363, "89": 0.3624742830319363, "90": 0.3624742830319363, "91": 0.3624742830319363, "92": 0.3624742830319363, "93": 0.3624742830319363, "94": 0.3624742830319363, "95": 0.3624742830319363, "96": 0.3624742830319363, "97": 0.3624742830319363, "98": 0.3624742830319363, "99": 0.3624742830319363, "100": 0.3624742830319363}