{"0": 16.95865379846111, "1": 16.95865379846111, "2": 7.728153338758126, "3": 7.728153338758126, "4": 5.592165175721519, "5": 5.592165175721519, "6": 5.592165175721519, "7": 5.592165175721519, "8": 5.592165175721519, "9": 2.6871865498239274, "10": 2.6871865498239274, "11": 2.6871865498239274, "12": 2.6871865498239274, "13": 2.6871865498239274, "14": 2.6871865498239274, "15": 2.6871865498239274, "16": 0.2434548065966169, "17": 0.2434548065966169, "18": 0.2434548065966169, "19": 0.2434548065966169, "20": 0.2434548065966169, "21": 0.2434548065966169, "22": 0.2434548065966169, "23": 0.2434548065966169, "24": 0.2434548065966169, "25": 0.2434548065966169, "26": 0.2434548065966169, "27": 0.2434548065966169, "28": 0.2434548065966169, "29": 0.2434548065966169, "30": 0.2434548065966169, "31": 0.2434548065966169, "32": 0.2434548065966169, "33": 0.2434548065966169, "34": 0.2434548065966169, "35": 0.2434548065966169, "36": 0.2434548065966169, "37": 0.2434548065966169, "38": 0.2434548065966169, "39": 0.2434548065966169, "40": 0.2434548065966169, "41": 0.2434548065966169, "42": 0.2434548065966169, "43": 0.2434548065966169, "44": 0.2434548065966169, "45": 0.2434548065966169, "46": 0.2434548065966169, "47": 0.2434548065966169, "48": 0.2434548065966169, "49": 0.2434548065966169, "50": 0.2434548065966169, "51": 0.2434548065966169, "52": 0.2434548065966169, "53": 0.2434548065966169, "54": 0.2434548065966169, "55": 0.2434548065966169, "56": 0.2434548065966169, "57": 0.2434548065966169, "58": 0.2434548065966169, "59": 0.2434548065966169, "60": 0.2434548065966169, "61": 0.2434548065966169, "62": 0.2434548065966169, "63": 0.2434548065966169, "64": 0.2434548065966169, "65": 0.2434548065966169, "66": 0.2434548065966169, "67": 0.2434548065966169, "68": 0.2434548065966169, "69": 0.2434548065966169, "70": 0.2434548065966169, "71": 0.2434548065966169, "72": 0.2434548065966169, "73": 0.2434548065966169, "74": 0.2434548065966169, "75": 0.2434548065966169, "76": 0.2434548065966169, "77": 0.2434548065966169, "78": 0.2434548065966169, "79": 0.2434548065966169, "80": 0.2434548065966169, "81": 0.2434548065966169, "82": 0.2434548065966169, "83": 0.2434548065966169, "84": 0.2434548065966169, "85": 0.2434548065966169, "86": 0.2434548065966169, "87": 0.2434548065966169, "88": 0.2434548065966169, "89": 0.2434548065966169, "90": 0.2434548065966169, "91": 0.2434548065966169, "92": 0.2434548065966169, "93": 0.2434548065966169, "94": 0.2434548065966169, "95": 0.2434548065966169, "96": 0.2434548065966169, "97": 0.2434548065966169, "98": 0.2434548065966169, "99": 0.2434548065966169, "100": 0.2434548065966169}