{"0": 10.432563410188411, "1": 10.432563410188411, "2": 10.432563410188411, "3": 10.432563410188411, "4": 10.432563410188411, "5": 10.432563410188411, "6": 7.175569545116328, "7": 7.175569545116328, "8": 5.846143579484252, "9": 5.846143579484252, "10": 5.846143579484252, "11": 5.846143579484252, "12": 5.846143579484252, "13": 5.26522048242518, "14": 5.26522048242518, "15": 5.26522048242518, "16": 5.26522048242518, "17": 5.26522048242518, "18": 5.26522048242518, "19": 5.26522048242518, "20": 5.26522048242518, "21": 5.26522048242518, "22": 4.267301351873176, "23": 4.267301351873176, "24": 4.267301351873176, "25": 4.267301351873176, "26": 4.267301351873176, "27": 4.267301351873176, "28": 4.267301351873176, "29": 4.267301351873176, "30": 4.267301351873176, "31": 4.206190819497664, "32": 4.206190819497664, "33": 4.206190819497664, "34": 4.206190819497664, "35": 1.323741741406863, "36": 1.323741741406863, "37": 1.323741741406863, "38": 1.323741741406863, "39": 1.323741741406863, "40": 1.323741741406863, "41": 1.323741741406863, "42": 1.323741741406863, "43": 1.323741741406863, "44": 1.323741741406863, "45": 1.323741741406863, "46": 1.323741741406863, "47": 1.323741741406863, "48": 1.323741741406863, "49": 1.323741741406863, "50": 1.323741741406863, "51": 1.323741741406863, "52": 1.323741741406863, "53": 1.323741741406863, "54": 1.323741741406863, "55": 1.323741741406863, "56": 1.323741741406863, "57": 1.323741741406863, "58": 1.323741741406863, "59": 1.323741741406863, "60": 1.323741741406863, "61": 1.323741741406863, "62": 1.323741741406863, "63": 1.323741741406863, "64": 1.323741741406863, "65": 1.323741741406863, "66": 1.323741741406863, "67": 1.323741741406863, "68": 1.323741741406863, "69": 1.323741741406863, "70": 1.323741741406863, "71": 1.323741741406863, "72": 1.323741741406863, "73": 1.323741741406863, "74": 1.323741741406863, "75": 1.323741741406863, "76": 1.323741741406863, "77": 1.323741741406863, "78": 1.323741741406863, "79": 1.323741741406863, "80": 1.323741741406863, "81": 1.323741741406863, "82": 1.323741741406863, "83": 1.323741741406863, "84": 1.323741741406863, "85": 1.323741741406863, "86": 1.323741741406863, "87": 1.323741741406863, "88": 1.323741741406863, "89": 1.323741741406863, "90": 1.323741741406863, "91": 1.323741741406863, "92": 1.323741741406863, "93": 1.323741741406863, "94": 1.323741741406863, "95": 1.323741741406863, "96": 1.323741741406863, "97": 1.323741741406863, "98": 1.323741741406863, "99": 1.323741741406863, "100": 1.323741741406863}