{"0": 22.492734340989543, "1": 14.138954765196573, "2": 14.122411302895566, "3": 9.790241761926517, "4": 9.790241761926517, "5": 9.790241761926517, "6": 9.790241761926517, "7": 9.790241761926517, "8": 6.510724387879492, "9": 6.510724387879492, "10": 6.510724387879492, "11": 6.510724387879492, "12": 5.8979784651716525, "13": 2.443194796630266, "14": 2.443194796630266, "15": 2.443194796630266, "16": 2.443194796630266, "17": 2.443194796630266, "18": 2.443194796630266, "19": 2.443194796630266, "20": 2.443194796630266, "21": 1.1658534796600364, "22": 1.1658534796600364, "23": 1.1658534796600364, "24": 1.1658534796600364, "25": 1.1658534796600364, "26": 1.1658534796600364, "27": 0.8177011324500896, "28": 0.8177011324500896, "29": 0.8177011324500896, "30": 0.8177011324500896, "31": 0.8177011324500896, "32": 0.8177011324500896, "33": 0.1196637850457698, "34": 0.1196637850457698, "35": 0.1196637850457698, "36": 0.1196637850457698, "37": 0.1196637850457698, "38": 0.1196637850457698, "39": 0.1196637850457698, "40": 0.1196637850457698, "41": 0.1196637850457698, "42": 0.1196637850457698, "43": 0.1196637850457698, "44": 0.1196637850457698, "45": 0.1196637850457698, "46": 0.1196637850457698, "47": 0.1196637850457698, "48": 0.1196637850457698, "49": 0.1196637850457698, "50": 0.1196637850457698, "51": 0.1196637850457698, "52": 0.1196637850457698, "53": 0.1196637850457698, "54": 0.1196637850457698, "55": 0.1196637850457698, "56": 0.1196637850457698, "57": 0.1196637850457698, "58": 0.1196637850457698, "59": 0.1196637850457698, "60": 0.1196637850457698, "61": 0.1196637850457698, "62": 0.1196637850457698, "63": 0.1196637850457698, "64": 0.1196637850457698, "65": 0.1196637850457698, "66": 0.1196637850457698, "67": 0.1196637850457698, "68": 0.1196637850457698, "69": 0.1196637850457698, "70": 0.1196637850457698, "71": 0.1196637850457698, "72": 0.1196637850457698, "73": 0.1196637850457698, "74": 0.1196637850457698, "75": 0.1196637850457698, "76": 0.1196637850457698, "77": 0.1196637850457698, "78": 0.1196637850457698, "79": 0.1196637850457698, "80": 0.1196637850457698, "81": 0.1196637850457698, "82": 0.1196637850457698, "83": 0.1196637850457698, "84": 0.1196637850457698, "85": 0.1196637850457698, "86": 0.1196637850457698, "87": 0.1196637850457698, "88": 0.1196637850457698, "89": 0.1196637850457698, "90": 0.1196637850457698, "91": 0.1196637850457698, "92": 0.1196637850457698, "93": 0.1196637850457698, "94": 0.1196637850457698, "95": 0.1196637850457698, "96": 0.1196637850457698, "97": 0.1196637850457698, "98": 0.1196637850457698, "99": 0.1196637850457698, "100": 0.1196637850457698}