{"0": 8.997510438728899, "1": 8.997510438728899, "2": 6.844076592682367, "3": 6.844076592682367, "4": 6.844076592682367, "5": 6.844076592682367, "6": 6.844076592682367, "7": 6.844076592682367, "8": 6.844076592682367, "9": 6.844076592682367, "10": 6.844076592682367, "11": 5.740538961763312, "12": 5.740538961763312, "13": 5.740538961763312, "14": 4.295147985052463, "15": 4.295147985052463, "16": 4.295147985052463, "17": 4.295147985052463, "18": 3.5751900410857296, "19": 3.5751900410857296, "20": 1.428014348715596, "21": 1.428014348715596, "22": 1.3524093884686224, "23": 1.3524093884686224, "24": 0.6321864711492928, "25": 0.6321864711492928, "26": 0.6321864711492928, "27": 0.6321864711492928, "28": 0.6321864711492928, "29": 0.6321864711492928, "30": 0.6321864711492928, "31": 0.6321864711492928, "32": 0.6321864711492928, "33": 0.6321864711492928, "34": 0.6321864711492928, "35": 0.6321864711492928, "36": 0.6321864711492928, "37": 0.6321864711492928, "38": 0.6321864711492928, "39": 0.6321864711492928, "40": 0.6321864711492928, "41": 0.03841596248390644, "42": 0.03841596248390644, "43": 0.03841596248390644, "44": 0.03841596248390644, "45": 0.03841596248390644, "46": 0.03841596248390644, "47": 0.03841596248390644, "48": 0.03841596248390644, "49": 0.03841596248390644, "50": 0.03841596248390644, "51": 0.03841596248390644, "52": 0.03841596248390644, "53": 0.03841596248390644, "54": 0.03841596248390644, "55": 0.03841596248390644, "56": 0.03841596248390644, "57": 0.03841596248390644, "58": 0.03841596248390644, "59": 0.03841596248390644, "60": 0.03841596248390644, "61": 0.03841596248390644, "62": 0.03841596248390644, "63": 0.03841596248390644, "64": 0.03841596248390644, "65": 0.03841596248390644, "66": 0.03841596248390644, "67": 0.03841596248390644, "68": 0.03841596248390644, "69": 0.03841596248390644, "70": 0.03841596248390644, "71": 0.03841596248390644, "72": 0.03841596248390644, "73": 0.03841596248390644, "74": 0.03841596248390644, "75": 0.03841596248390644, "76": 0.03841596248390644, "77": 0.03841596248390644, "78": 0.03841596248390644, "79": 0.03841596248390644, "80": 0.03841596248390644, "81": 0.03841596248390644, "82": 0.03841596248390644, "83": 0.03841596248390644, "84": 0.03841596248390644, "85": 0.03841596248390644, "86": 0.03841596248390644, "87": 0.03841596248390644, "88": 0.03841596248390644, "89": 0.03841596248390644, "90": 0.03841596248390644, "91": 0.03841596248390644, "92": 0.03841596248390644, "93": 0.03841596248390644, "94": 0.03841596248390644, "95": 0.03841596248390644, "96": 0.03841596248390644, "97": 0.03841596248390644, "98": 0.03841596248390644, "99": 0.03841596248390644, "100": 0.03841596248390644}