{"0": 19.582878533850547, "1": 3.225748909470756, "2": 3.225748909470756, "3": 3.225748909470756, "4": 3.225748909470756, "5": 3.225748909470756, "6": 3.225748909470756, "7": 3.225748909470756, "8": 3.225748909470756, "9": 3.225748909470756, "10": 3.225748909470756, "11": 3.225748909470756, "12": 3.169348677008756, "13": 3.169348677008756, "14": 3.169348677008756, "15": 3.169348677008756, "16": 3.169348677008756, "17": 3.169348677008756, "18": 3.169348677008756, "19": 3.169348677008756, "20": 3.169348677008756, "21": 3.169348677008756, "22": 2.5671429701788426, "23": 2.5671429701788426, "24": 2.5671429701788426, "25": 2.5671429701788426, "26": 2.5671429701788426, "27": 2.5671429701788426, "28": 2.5671429701788426, "29": 2.5671429701788426, "30": 2.5671429701788426, "31": 2.5671429701788426, "32": 2.5671429701788426, "33": 2.5671429701788426, "34": 2.5671429701788426, "35": 2.5671429701788426, "36": 2.5671429701788426, "37": 2.5671429701788426, "38": 2.5671429701788426, "39": 2.5671429701788426, "40": 2.5671429701788426, "41": 2.5671429701788426, "42": 2.5671429701788426, "43": 2.5671429701788426, "44": 2.5671429701788426, "45": 2.5671429701788426, "46": 2.5671429701788426, "47": 2.5671429701788426, "48": 2.5671429701788426, "49": 2.5671429701788426, "50": 2.5671429701788426, "51": 2.5671429701788426, "52": 2.5671429701788426, "53": 2.5671429701788426, "54": 2.215941860138532, "55": 2.215941860138532, "56": 2.215941860138532, "57": 2.215941860138532, "58": 2.215941860138532, "59": 2.215941860138532, "60": 2.215941860138532, "61": 2.215941860138532, "62": 2.215941860138532, "63": 2.215941860138532, "64": 2.215941860138532, "65": 2.215941860138532, "66": 2.215941860138532, "67": 2.215941860138532, "68": 2.215941860138532, "69": 2.215941860138532, "70": 2.215941860138532, "71": 2.215941860138532, "72": 2.215941860138532, "73": 2.215941860138532, "74": 2.215941860138532, "75": 2.215941860138532, "76": 2.215941860138532, "77": 2.215941860138532, "78": 2.215941860138532, "79": 2.215941860138532, "80": 2.215941860138532, "81": 2.215941860138532, "82": 2.215941860138532, "83": 2.215941860138532, "84": 2.215941860138532, "85": 2.215941860138532, "86": 2.215941860138532, "87": 2.215941860138532, "88": 2.215941860138532, "89": 2.215941860138532, "90": 2.215941860138532, "91": 2.215941860138532, "92": 2.215941860138532, "93": 2.215941860138532, "94": 2.215941860138532, "95": 2.215941860138532, "96": 2.215941860138532, "97": 2.215941860138532, "98": 2.215941860138532, "99": 1.291930652133047, "100": 1.291930652133047}