{"0": 30.818462972027618, "1": 21.031078076044913, "2": 7.331876527251964, "3": 7.331876527251964, "4": 7.331876527251964, "5": 7.331876527251964, "6": 4.380140504209955, "7": 4.380140504209955, "8": 4.380140504209955, "9": 4.380140504209955, "10": 4.380140504209955, "11": 4.361882829324099, "12": 3.179319368241508, "13": 3.179319368241508, "14": 3.179319368241508, "15": 3.179319368241508, "16": 3.179319368241508, "17": 3.179319368241508, "18": 1.3803529489691755, "19": 1.3803529489691755, "20": 1.3803529489691755, "21": 1.3803529489691755, "22": 1.3803529489691755, "23": 1.3803529489691755, "24": 1.3803529489691755, "25": 1.3803529489691755, "26": 1.3803529489691755, "27": 1.3803529489691755, "28": 1.3803529489691755, "29": 1.3803529489691755, "30": 1.3803529489691755, "31": 1.3803529489691755, "32": 1.3803529489691755, "33": 1.3803529489691755, "34": 1.3803529489691755, "35": 1.3803529489691755, "36": 1.3803529489691755, "37": 1.3803529489691755, "38": 1.3803529489691755, "39": 0.01232273630921199, "40": 0.01232273630921199, "41": 0.01232273630921199, "42": 0.01232273630921199, "43": 0.01232273630921199, "44": 0.01232273630921199, "45": 0.01232273630921199, "46": 0.01232273630921199, "47": 0.01232273630921199, "48": 0.01232273630921199, "49": 0.01232273630921199, "50": 0.01232273630921199, "51": 0.01232273630921199, "52": 0.01232273630921199, "53": 0.01232273630921199, "54": 0.01232273630921199, "55": 0.01232273630921199, "56": 0.01232273630921199, "57": 0.01232273630921199, "58": 0.01232273630921199, "59": 0.01232273630921199, "60": 0.01232273630921199, "61": 0.01232273630921199, "62": 0.01232273630921199, "63": 0.01232273630921199, "64": 0.01232273630921199, "65": 0.01232273630921199, "66": 0.01232273630921199, "67": 0.01232273630921199, "68": 0.01232273630921199, "69": 0.01232273630921199, "70": 0.01232273630921199, "71": 0.01232273630921199, "72": 0.01232273630921199, "73": 0.01232273630921199, "74": 0.01232273630921199, "75": 0.01232273630921199, "76": 0.01232273630921199, "77": 0.01232273630921199, "78": 0.01232273630921199, "79": 0.01232273630921199, "80": 0.01232273630921199, "81": 0.01232273630921199, "82": 0.01232273630921199, "83": 0.01232273630921199, "84": 0.01232273630921199, "85": 0.01232273630921199, "86": 0.01232273630921199, "87": 0.01232273630921199, "88": 0.01232273630921199, "89": 0.01232273630921199, "90": 0.01232273630921199, "91": 0.01232273630921199, "92": 0.01232273630921199, "93": 0.01232273630921199, "94": 0.01232273630921199, "95": 0.01232273630921199, "96": 0.01232273630921199, "97": 0.01232273630921199, "98": 0.01232273630921199, "99": 0.01232273630921199, "100": 0.01232273630921199}