{"0": 5.86446399668008, "1": 5.86446399668008, "2": 5.86446399668008, "3": 5.86446399668008, "4": 5.86446399668008, "5": 5.86446399668008, "6": 5.86446399668008, "7": 5.86446399668008, "8": 5.86446399668008, "9": 5.86446399668008, "10": 5.86446399668008, "11": 5.86446399668008, "12": 5.86446399668008, "13": 4.372716185902428, "14": 4.372716185902428, "15": 2.0304171569298433, "16": 2.0304171569298433, "17": 2.0304171569298433, "18": 2.0304171569298433, "19": 2.0304171569298433, "20": 2.0304171569298433, "21": 2.0304171569298433, "22": 2.0304171569298433, "23": 2.0304171569298433, "24": 2.0304171569298433, "25": 2.0304171569298433, "26": 2.0304171569298433, "27": 2.0304171569298433, "28": 2.0304171569298433, "29": 2.0304171569298433, "30": 2.0304171569298433, "31": 2.0304171569298433, "32": 2.0304171569298433, "33": 2.0304171569298433, "34": 2.0304171569298433, "35": 2.0304171569298433, "36": 2.0304171569298433, "37": 2.0304171569298433, "38": 2.0304171569298433, "39": 2.0304171569298433, "40": 2.0304171569298433, "41": 2.0304171569298433, "42": 2.0304171569298433, "43": 2.0304171569298433, "44": 2.0304171569298433, "45": 0.10866078949786129, "46": 0.10866078949786129, "47": 0.10866078949786129, "48": 0.10866078949786129, "49": 0.10866078949786129, "50": 0.10866078949786129, "51": 0.10866078949786129, "52": 0.10866078949786129, "53": 0.10866078949786129, "54": 0.10866078949786129, "55": 0.10866078949786129, "56": 0.10866078949786129, "57": 0.10866078949786129, "58": 0.10866078949786129, "59": 0.10866078949786129, "60": 0.10866078949786129, "61": 0.10866078949786129, "62": 0.10866078949786129, "63": 0.10866078949786129, "64": 0.10866078949786129, "65": 0.10866078949786129, "66": 0.10866078949786129, "67": 0.10866078949786129, "68": 0.10866078949786129, "69": 0.10866078949786129, "70": 0.10866078949786129, "71": 0.10866078949786129, "72": 0.10866078949786129, "73": 0.10866078949786129, "74": 0.10866078949786129, "75": 0.10866078949786129, "76": 0.10866078949786129, "77": 0.10866078949786129, "78": 0.10866078949786129, "79": 0.10866078949786129, "80": 0.10866078949786129, "81": 0.10866078949786129, "82": 0.10866078949786129, "83": 0.10866078949786129, "84": 0.10866078949786129, "85": 0.10866078949786129, "86": 0.10866078949786129, "87": 0.10866078949786129, "88": 0.10866078949786129, "89": 0.10866078949786129, "90": 0.10866078949786129, "91": 0.10866078949786129, "92": 0.10866078949786129, "93": 0.10866078949786129, "94": 0.10866078949786129, "95": 0.10866078949786129, "96": 0.10866078949786129, "97": 0.10866078949786129, "98": 0.10866078949786129, "99": 0.10866078949786129, "100": 0.10866078949786129}