{"0": 32.104293139016264, "1": 14.36561077740082, "2": 14.36561077740082, "3": 14.36561077740082, "4": 14.36561077740082, "5": 5.364575955563655, "6": 5.003901016711627, "7": 5.003901016711627, "8": 5.003901016711627, "9": 5.003901016711627, "10": 5.003901016711627, "11": 5.003901016711627, "12": 5.003901016711627, "13": 3.59473953812919, "14": 3.358584739571615, "15": 2.6313279270933307, "16": 2.6313279270933307, "17": 2.6313279270933307, "18": 2.6313279270933307, "19": 2.6313279270933307, "20": 2.6313279270933307, "21": 2.6313279270933307, "22": 2.6313279270933307, "23": 2.6313279270933307, "24": 2.6313279270933307, "25": 2.6313279270933307, "26": 2.6313279270933307, "27": 2.6313279270933307, "28": 2.6313279270933307, "29": 2.306760693992718, "30": 2.306760693992718, "31": 2.181246755904958, "32": 2.181246755904958, "33": 2.181246755904958, "34": 2.181246755904958, "35": 2.181246755904958, "36": 2.181246755904958, "37": 2.181246755904958, "38": 2.181246755904958, "39": 1.9948350741733307, "40": 1.9948350741733307, "41": 1.9948350741733307, "42": 1.9948350741733307, "43": 1.9948350741733307, "44": 1.267359503958339, "45": 1.267359503958339, "46": 1.267359503958339, "47": 1.0373692253064526, "48": 1.0373692253064526, "49": 1.0373692253064526, "50": 1.0373692253064526, "51": 1.0373692253064526, "52": 1.0373692253064526, "53": 1.0373692253064526, "54": 1.0373692253064526, "55": 1.0373692253064526, "56": 1.0373692253064526, "57": 1.0373692253064526, "58": 1.0373692253064526, "59": 1.0373692253064526, "60": 1.0373692253064526, "61": 1.0373692253064526, "62": 1.0373692253064526, "63": 1.0373692253064526, "64": 1.0373692253064526, "65": 1.0373692253064526, "66": 1.0373692253064526, "67": 1.0373692253064526, "68": 1.0373692253064526, "69": 1.0373692253064526, "70": 1.0373692253064526, "71": 1.0373692253064526, "72": 1.0373692253064526, "73": 1.0373692253064526, "74": 1.0373692253064526, "75": 1.0373692253064526, "76": 1.0373692253064526, "77": 1.0373692253064526, "78": 1.0373692253064526, "79": 1.0373692253064526, "80": 0.38729426346882434, "81": 0.38729426346882434, "82": 0.38729426346882434, "83": 0.38729426346882434, "84": 0.38729426346882434, "85": 0.38729426346882434, "86": 0.38729426346882434, "87": 0.38729426346882434, "88": 0.38729426346882434, "89": 0.38729426346882434, "90": 0.38729426346882434, "91": 0.38729426346882434, "92": 0.38729426346882434, "93": 0.38729426346882434, "94": 0.38729426346882434, "95": 0.38729426346882434, "96": 0.38729426346882434, "97": 0.38729426346882434, "98": 0.38729426346882434, "99": 0.38729426346882434, "100": 0.38729426346882434}