{"0": 8.468956303977073, "1": 6.137491464930209, "2": 6.137491464930209, "3": 6.137491464930209, "4": 6.137491464930209, "5": 6.062829981767894, "6": 6.062829981767894, "7": 5.129691352068647, "8": 5.129691352068647, "9": 4.077457628932084, "10": 4.077457628932084, "11": 4.077457628932084, "12": 4.077457628932084, "13": 4.077457628932084, "14": 1.5625766795466092, "15": 1.3364724529509502, "16": 1.3364724529509502, "17": 1.3364724529509502, "18": 1.3364724529509502, "19": 1.3364724529509502, "20": 1.3364724529509502, "21": 1.3364724529509502, "22": 1.3364724529509502, "23": 1.3364724529509502, "24": 1.3364724529509502, "25": 1.3364724529509502, "26": 1.3364724529509502, "27": 1.3364724529509502, "28": 1.3364724529509502, "29": 1.3364724529509502, "30": 0.05616256691996213, "31": 0.05616256691996213, "32": 0.05616256691996213, "33": 0.05616256691996213, "34": 0.05616256691996213, "35": 0.05616256691996213, "36": 0.05616256691996213, "37": 0.05616256691996213, "38": 0.05616256691996213, "39": 0.05616256691996213, "40": 0.05616256691996213, "41": 0.05616256691996213, "42": 0.05616256691996213, "43": 0.05616256691996213, "44": 0.05616256691996213, "45": 0.05616256691996213, "46": 0.05616256691996213, "47": 0.05616256691996213, "48": 0.05616256691996213, "49": 0.05616256691996213, "50": 0.05616256691996213, "51": 0.05616256691996213, "52": 0.05616256691996213, "53": 0.05616256691996213, "54": 0.05616256691996213, "55": 0.05616256691996213, "56": 0.05616256691996213, "57": 0.05616256691996213, "58": 0.05616256691996213, "59": 0.05616256691996213, "60": 0.05616256691996213, "61": 0.05616256691996213, "62": 0.05616256691996213, "63": 0.05616256691996213, "64": 0.05616256691996213, "65": 0.05616256691996213, "66": 0.05616256691996213, "67": 0.05616256691996213, "68": 0.05616256691996213, "69": 0.05616256691996213, "70": 0.05616256691996213, "71": 0.05616256691996213, "72": 0.05616256691996213, "73": 0.05616256691996213, "74": 0.05616256691996213, "75": 0.05616256691996213, "76": 0.05616256691996213, "77": 0.05616256691996213, "78": 0.05616256691996213, "79": 0.05616256691996213, "80": 0.05616256691996213, "81": 0.05616256691996213, "82": 0.05616256691996213, "83": 0.05616256691996213, "84": 0.05616256691996213, "85": 0.05616256691996213, "86": 0.05616256691996213, "87": 0.05616256691996213, "88": 0.05616256691996213, "89": 0.05616256691996213, "90": 0.05616256691996213, "91": 0.05616256691996213, "92": 0.05616256691996213, "93": 0.05616256691996213, "94": 0.05616256691996213, "95": 0.05616256691996213, "96": 0.05616256691996213, "97": 0.05616256691996213, "98": 0.05616256691996213, "99": 0.05616256691996213, "100": 0.05616256691996213}