{"0": 23.21913849365268, "1": 23.21913849365268, "2": 10.118667881216538, "3": 10.118667881216538, "4": 10.118667881216538, "5": 6.151867929303446, "6": 6.151867929303446, "7": 6.151867929303446, "8": 6.151867929303446, "9": 6.151867929303446, "10": 6.151867929303446, "11": 6.151867929303446, "12": 6.151867929303446, "13": 5.139294539269013, "14": 5.139294539269013, "15": 3.875504119464072, "16": 3.875504119464072, "17": 3.875504119464072, "18": 3.875504119464072, "19": 3.875504119464072, "20": 3.875504119464072, "21": 3.875504119464072, "22": 3.875504119464072, "23": 3.875504119464072, "24": 3.875504119464072, "25": 3.875504119464072, "26": 3.875504119464072, "27": 3.875504119464072, "28": 3.875504119464072, "29": 3.875504119464072, "30": 3.6190673621637437, "31": 2.224907154991328, "32": 2.224907154991328, "33": 1.4247737573363644, "34": 1.4247737573363644, "35": 1.4247737573363644, "36": 1.4247737573363644, "37": 1.4247737573363644, "38": 1.4247737573363644, "39": 1.4247737573363644, "40": 1.4247737573363644, "41": 1.4247737573363644, "42": 1.4247737573363644, "43": 1.4247737573363644, "44": 1.4247737573363644, "45": 1.4247737573363644, "46": 1.4247737573363644, "47": 1.4247737573363644, "48": 1.4247737573363644, "49": 1.4247737573363644, "50": 1.4247737573363644, "51": 1.4247737573363644, "52": 1.4247737573363644, "53": 1.4247737573363644, "54": 1.4247737573363644, "55": 1.4247737573363644, "56": 1.4247737573363644, "57": 1.4247737573363644, "58": 1.4247737573363644, "59": 1.4247737573363644, "60": 1.4247737573363644, "61": 1.4247737573363644, "62": 1.4247737573363644, "63": 1.4247737573363644, "64": 1.4247737573363644, "65": 1.4247737573363644, "66": 1.4247737573363644, "67": 1.4247737573363644, "68": 1.4247737573363644, "69": 1.4247737573363644, "70": 1.4247737573363644, "71": 1.4247737573363644, "72": 1.4247737573363644, "73": 1.4247737573363644, "74": 1.4247737573363644, "75": 1.4247737573363644, "76": 1.4247737573363644, "77": 1.4247737573363644, "78": 1.4247737573363644, "79": 1.4247737573363644, "80": 1.4247737573363644, "81": 1.4247737573363644, "82": 1.4247737573363644, "83": 1.4247737573363644, "84": 1.4247737573363644, "85": 1.4247737573363644, "86": 1.4247737573363644, "87": 1.4247737573363644, "88": 1.4247737573363644, "89": 1.4247737573363644, "90": 1.4247737573363644, "91": 1.4247737573363644, "92": 1.4247737573363644, "93": 1.4247737573363644, "94": 1.4247737573363644, "95": 1.4247737573363644, "96": 1.4247737573363644, "97": 1.4247737573363644, "98": 1.4247737573363644, "99": 1.4247737573363644, "100": 1.4247737573363644}