{"0": 34.38028999360907, "1": 26.367778637219853, "2": 12.791107505860655, "3": 12.791107505860655, "4": 12.791107505860655, "5": 2.1911606104254275, "6": 2.1911606104254275, "7": 2.1911606104254275, "8": 2.1911606104254275, "9": 2.1911606104254275, "10": 2.1911606104254275, "11": 2.1911606104254275, "12": 2.1911606104254275, "13": 2.1911606104254275, "14": 2.1911606104254275, "15": 2.1911606104254275, "16": 2.1911606104254275, "17": 2.1911606104254275, "18": 1.4151225283190811, "19": 1.4151225283190811, "20": 1.4151225283190811, "21": 1.4151225283190811, "22": 1.1678861620139145, "23": 1.1678861620139145, "24": 1.1678861620139145, "25": 1.1678861620139145, "26": 1.0040551244435107, "27": 1.0040551244435107, "28": 1.0040551244435107, "29": 1.0040551244435107, "30": 1.0040551244435107, "31": 1.0040551244435107, "32": 1.0040551244435107, "33": 1.0040551244435107, "34": 1.0040551244435107, "35": 1.0040551244435107, "36": 1.0040551244435107, "37": 1.0040551244435107, "38": 1.0040551244435107, "39": 1.0040551244435107, "40": 1.0040551244435107, "41": 1.0040551244435107, "42": 1.0040551244435107, "43": 1.0040551244435107, "44": 1.0040551244435107, "45": 1.0040551244435107, "46": 1.0040551244435107, "47": 1.0040551244435107, "48": 1.0040551244435107, "49": 1.0040551244435107, "50": 1.0040551244435107, "51": 1.0040551244435107, "52": 1.0040551244435107, "53": 1.0040551244435107, "54": 1.0040551244435107, "55": 1.0040551244435107, "56": 1.0040551244435107, "57": 1.0040551244435107, "58": 1.0040551244435107, "59": 1.0040551244435107, "60": 1.0040551244435107, "61": 1.0040551244435107, "62": 1.0040551244435107, "63": 1.0040551244435107, "64": 1.0040551244435107, "65": 1.0040551244435107, "66": 1.0040551244435107, "67": 1.0040551244435107, "68": 1.0040551244435107, "69": 1.0040551244435107, "70": 1.0040551244435107, "71": 1.0040551244435107, "72": 1.0040551244435107, "73": 1.0040551244435107, "74": 1.0040551244435107, "75": 1.0040551244435107, "76": 1.0040551244435107, "77": 1.0040551244435107, "78": 1.0040551244435107, "79": 1.0040551244435107, "80": 1.0040551244435107, "81": 1.0040551244435107, "82": 1.0040551244435107, "83": 1.0040551244435107, "84": 1.0040551244435107, "85": 1.0040551244435107, "86": 1.0040551244435107, "87": 1.0040551244435107, "88": 1.0040551244435107, "89": 1.0040551244435107, "90": 1.0040551244435107, "91": 1.0040551244435107, "92": 1.0040551244435107, "93": 1.0040551244435107, "94": 1.0040551244435107, "95": 1.0040551244435107, "96": 1.0040551244435107, "97": 1.0040551244435107, "98": 1.0040551244435107, "99": 1.0040551244435107, "100": 1.0040551244435107}