{"0": 2.051737443926804, "1": 2.051737443926804, "2": 2.051737443926804, "3": 2.051737443926804, "4": 2.051737443926804, "5": 2.051737443926804, "6": 2.051737443926804, "7": 2.051737443926804, "8": 0.1710324077038976, "9": 0.1710324077038976, "10": 0.1710324077038976, "11": 0.1710324077038976, "12": 0.1710324077038976, "13": 0.1710324077038976, "14": 0.1710324077038976, "15": 0.1710324077038976, "16": 0.1710324077038976, "17": 0.1710324077038976, "18": 0.1710324077038976, "19": 0.1710324077038976, "20": 0.1710324077038976, "21": 0.1710324077038976, "22": 0.1710324077038976, "23": 0.1710324077038976, "24": 0.1710324077038976, "25": 0.1710324077038976, "26": 0.1710324077038976, "27": 0.1710324077038976, "28": 0.1710324077038976, "29": 0.1710324077038976, "30": 0.1710324077038976, "31": 0.1710324077038976, "32": 0.1710324077038976, "33": 0.1710324077038976, "34": 0.1710324077038976, "35": 0.1710324077038976, "36": 0.1710324077038976, "37": 0.01877449369665385, "38": 0.01877449369665385, "39": 0.01877449369665385, "40": 0.01877449369665385, "41": 0.01877449369665385, "42": 0.01877449369665385, "43": 0.01877449369665385, "44": 0.01877449369665385, "45": 0.01877449369665385, "46": 0.01877449369665385, "47": 0.01877449369665385, "48": 0.01877449369665385, "49": 0.01877449369665385, "50": 0.01877449369665385, "51": 0.01877449369665385, "52": 0.01877449369665385, "53": 0.01877449369665385, "54": 0.01877449369665385, "55": 0.01877449369665385, "56": 0.01877449369665385, "57": 0.01877449369665385, "58": 0.01877449369665385, "59": 0.01877449369665385, "60": 0.01877449369665385, "61": 0.01877449369665385, "62": 0.01877449369665385, "63": 0.01877449369665385, "64": 0.01877449369665385, "65": 0.01877449369665385, "66": 0.01877449369665385, "67": 0.01877449369665385, "68": 0.01877449369665385, "69": 0.01877449369665385, "70": 0.01877449369665385, "71": 0.01877449369665385, "72": 0.01877449369665385, "73": 0.01877449369665385, "74": 0.01877449369665385, "75": 0.01877449369665385, "76": 0.01877449369665385, "77": 0.01877449369665385, "78": 0.01877449369665385, "79": 0.01877449369665385, "80": 0.01877449369665385, "81": 0.01877449369665385, "82": 0.01877449369665385, "83": 0.01877449369665385, "84": 0.01877449369665385, "85": 0.01877449369665385, "86": 0.01877449369665385, "87": 0.01877449369665385, "88": 0.01877449369665385, "89": 0.01877449369665385, "90": 0.01877449369665385, "91": 0.01877449369665385, "92": 0.01877449369665385, "93": 0.01877449369665385, "94": 0.01877449369665385, "95": 0.01877449369665385, "96": 0.01877449369665385, "97": 0.01877449369665385, "98": 0.01877449369665385, "99": 0.01877449369665385, "100": 0.01877449369665385}