{"0": 29.80712952779497, "1": 17.03450982768091, "2": 15.277486884495078, "3": 3.988111025256643, "4": 3.988111025256643, "5": 3.988111025256643, "6": 3.988111025256643, "7": 3.988111025256643, "8": 3.988111025256643, "9": 3.988111025256643, "10": 3.988111025256643, "11": 3.988111025256643, "12": 3.988111025256643, "13": 3.988111025256643, "14": 3.175074999937781, "15": 3.175074999937781, "16": 3.175074999937781, "17": 3.175074999937781, "18": 3.175074999937781, "19": 3.175074999937781, "20": 3.175074999937781, "21": 0.06317979364964543, "22": 0.06317979364964543, "23": 0.06317979364964543, "24": 0.06317979364964543, "25": 0.06317979364964543, "26": 0.06317979364964543, "27": 0.06317979364964543, "28": 0.06317979364964543, "29": 0.06317979364964543, "30": 0.06317979364964543, "31": 0.06317979364964543, "32": 0.06317979364964543, "33": 0.06317979364964543, "34": 0.06317979364964543, "35": 0.06317979364964543, "36": 0.06317979364964543, "37": 0.06317979364964543, "38": 0.06317979364964543, "39": 0.06317979364964543, "40": 0.06317979364964543, "41": 0.06317979364964543, "42": 0.06317979364964543, "43": 0.06317979364964543, "44": 0.06317979364964543, "45": 0.06317979364964543, "46": 0.06317979364964543, "47": 0.06317979364964543, "48": 0.06317979364964543, "49": 0.06317979364964543, "50": 0.06317979364964543, "51": 0.06317979364964543, "52": 0.06317979364964543, "53": 0.06317979364964543, "54": 0.06317979364964543, "55": 0.06317979364964543, "56": 0.06317979364964543, "57": 0.06317979364964543, "58": 0.06317979364964543, "59": 0.06317979364964543, "60": 0.06317979364964543, "61": 0.06317979364964543, "62": 0.06317979364964543, "63": 0.06317979364964543, "64": 0.06317979364964543, "65": 0.06317979364964543, "66": 0.06317979364964543, "67": 0.06317979364964543, "68": 0.06317979364964543, "69": 0.06317979364964543, "70": 0.06317979364964543, "71": 0.06317979364964543, "72": 0.06317979364964543, "73": 0.06317979364964543, "74": 0.06317979364964543, "75": 0.06317979364964543, "76": 0.06317979364964543, "77": 0.06317979364964543, "78": 0.06317979364964543, "79": 0.06317979364964543, "80": 0.06317979364964543, "81": 0.06317979364964543, "82": 0.06317979364964543, "83": 0.06317979364964543, "84": 0.06317979364964543, "85": 0.06317979364964543, "86": 0.06317979364964543, "87": 0.06317979364964543, "88": 0.06317979364964543, "89": 0.06317979364964543, "90": 0.06317979364964543, "91": 0.06317979364964543, "92": 0.06317979364964543, "93": 0.06317979364964543, "94": 0.06317979364964543, "95": 0.06317979364964543, "96": 0.06317979364964543, "97": 0.06317979364964543, "98": 0.06317979364964543, "99": 0.06317979364964543, "100": 0.06317979364964543}