{"0": 26.876169071393583, "1": 11.801010270455011, "2": 11.801010270455011, "3": 11.801010270455011, "4": 11.801010270455011, "5": 11.801010270455011, "6": 10.281710654793349, "7": 10.281710654793349, "8": 10.281710654793349, "9": 10.281710654793349, "10": 10.281710654793349, "11": 5.269108212403635, "12": 5.269108212403635, "13": 5.269108212403635, "14": 5.269108212403635, "15": 5.269108212403635, "16": 5.269108212403635, "17": 2.90725344103398, "18": 2.90725344103398, "19": 2.90725344103398, "20": 2.90725344103398, "21": 2.3444759387264327, "22": 2.3444759387264327, "23": 2.3444759387264327, "24": 2.3444759387264327, "25": 2.3444759387264327, "26": 2.3444759387264327, "27": 2.3444759387264327, "28": 2.3444759387264327, "29": 2.3444759387264327, "30": 2.3444759387264327, "31": 2.3444759387264327, "32": 2.3444759387264327, "33": 2.3444759387264327, "34": 2.3444759387264327, "35": 2.3444759387264327, "36": 2.3444759387264327, "37": 2.3444759387264327, "38": 2.3444759387264327, "39": 2.3444759387264327, "40": 2.3444759387264327, "41": 2.3444759387264327, "42": 2.3444759387264327, "43": 2.3444759387264327, "44": 2.3444759387264327, "45": 2.3444759387264327, "46": 2.3444759387264327, "47": 2.3444759387264327, "48": 2.3444759387264327, "49": 2.2836026595932992, "50": 2.2836026595932992, "51": 2.2836026595932992, "52": 2.2836026595932992, "53": 2.2836026595932992, "54": 2.2836026595932992, "55": 2.2836026595932992, "56": 2.2836026595932992, "57": 2.2836026595932992, "58": 2.2836026595932992, "59": 2.018377647826995, "60": 2.018377647826995, "61": 2.018377647826995, "62": 1.1421209946865858, "63": 1.1421209946865858, "64": 1.1421209946865858, "65": 1.1421209946865858, "66": 1.1421209946865858, "67": 1.1421209946865858, "68": 1.1421209946865858, "69": 1.1421209946865858, "70": 1.1421209946865858, "71": 1.1421209946865858, "72": 1.1421209946865858, "73": 1.1421209946865858, "74": 1.1421209946865858, "75": 1.1421209946865858, "76": 1.1421209946865858, "77": 1.1421209946865858, "78": 1.1421209946865858, "79": 1.1421209946865858, "80": 1.1421209946865858, "81": 1.1421209946865858, "82": 1.1421209946865858, "83": 1.1421209946865858, "84": 1.1421209946865858, "85": 1.1421209946865858, "86": 1.1421209946865858, "87": 1.1421209946865858, "88": 1.1421209946865858, "89": 1.1421209946865858, "90": 1.1421209946865858, "91": 1.1421209946865858, "92": 1.1421209946865858, "93": 1.1421209946865858, "94": 1.1421209946865858, "95": 1.1421209946865858, "96": 1.1421209946865858, "97": 1.1421209946865858, "98": 1.1421209946865858, "99": 1.1421209946865858, "100": 1.1421209946865858}