{"0": 14.619786283216696, "1": 4.130614089035532, "2": 4.130614089035532, "3": 4.130614089035532, "4": 4.130614089035532, "5": 4.130614089035532, "6": 4.130614089035532, "7": 2.510240928544249, "8": 2.3419207157893176, "9": 2.3419207157893176, "10": 2.3419207157893176, "11": 2.3419207157893176, "12": 2.3419207157893176, "13": 1.3326410587800126, "14": 1.3326410587800126, "15": 1.3326410587800126, "16": 1.1694860948173016, "17": 1.1694860948173016, "18": 1.1694860948173016, "19": 1.1694860948173016, "20": 1.1694860948173016, "21": 1.1694860948173016, "22": 1.1694860948173016, "23": 1.1694860948173016, "24": 1.1694860948173016, "25": 1.1694860948173016, "26": 1.1694860948173016, "27": 1.1694860948173016, "28": 1.1694860948173016, "29": 1.1694860948173016, "30": 1.1694860948173016, "31": 1.1694860948173016, "32": 1.1694860948173016, "33": 1.1694860948173016, "34": 1.1694860948173016, "35": 1.1694860948173016, "36": 1.1694860948173016, "37": 1.1694860948173016, "38": 1.1694860948173016, "39": 1.1694860948173016, "40": 1.1694860948173016, "41": 1.1694860948173016, "42": 1.1694860948173016, "43": 1.1694860948173016, "44": 1.1694860948173016, "45": 1.1694860948173016, "46": 1.1694860948173016, "47": 1.1694860948173016, "48": 1.1694860948173016, "49": 1.1694860948173016, "50": 1.1694860948173016, "51": 1.1694860948173016, "52": 1.1694860948173016, "53": 1.1694860948173016, "54": 1.1694860948173016, "55": 1.1694860948173016, "56": 1.1694860948173016, "57": 1.1694860948173016, "58": 1.1694860948173016, "59": 1.1694860948173016, "60": 1.1694860948173016, "61": 1.1694860948173016, "62": 1.1694860948173016, "63": 1.1694860948173016, "64": 1.1694860948173016, "65": 1.1694860948173016, "66": 1.1694860948173016, "67": 1.1694860948173016, "68": 1.1694860948173016, "69": 1.1694860948173016, "70": 1.1694860948173016, "71": 1.1694860948173016, "72": 1.1694860948173016, "73": 1.1694860948173016, "74": 1.1694860948173016, "75": 1.1694860948173016, "76": 1.1694860948173016, "77": 1.1694860948173016, "78": 1.1694860948173016, "79": 1.1694860948173016, "80": 1.1694860948173016, "81": 1.1694860948173016, "82": 1.1694860948173016, "83": 1.1694860948173016, "84": 1.1694860948173016, "85": 1.1694860948173016, "86": 1.1694860948173016, "87": 1.1694860948173016, "88": 1.1694860948173016, "89": 1.1694860948173016, "90": 1.1694860948173016, "91": 1.1694860948173016, "92": 1.1694860948173016, "93": 1.1694860948173016, "94": 1.1694860948173016, "95": 1.1694860948173016, "96": 1.1694860948173016, "97": 1.1694860948173016, "98": 0.15961103945622312, "99": 0.15961103945622312, "100": 0.15961103945622312}