{"0": 30.782799908811004, "1": 7.543604074531352, "2": 7.543604074531352, "3": 7.122890021169397, "4": 7.122890021169397, "5": 7.122890021169397, "6": 7.122890021169397, "7": 7.122890021169397, "8": 7.122890021169397, "9": 5.142008593479648, "10": 5.142008593479648, "11": 5.142008593479648, "12": 5.142008593479648, "13": 5.142008593479648, "14": 5.142008593479648, "15": 5.142008593479648, "16": 5.142008593479648, "17": 5.142008593479648, "18": 5.142008593479648, "19": 5.097549453768298, "20": 5.058647268737191, "21": 5.058647268737191, "22": 5.058647268737191, "23": 5.058647268737191, "24": 4.984866700459332, "25": 4.984866700459332, "26": 4.984866700459332, "27": 4.984866700459332, "28": 4.984866700459332, "29": 2.0093488549279925, "30": 2.0093488549279925, "31": 2.0093488549279925, "32": 2.0093488549279925, "33": 2.0093488549279925, "34": 2.0093488549279925, "35": 2.0093488549279925, "36": 1.9497274975758287, "37": 1.9497274975758287, "38": 1.9497274975758287, "39": 1.2455219208568948, "40": 1.2455219208568948, "41": 1.2455219208568948, "42": 1.2455219208568948, "43": 1.2455219208568948, "44": 1.2455219208568948, "45": 1.2455219208568948, "46": 1.2455219208568948, "47": 1.2455219208568948, "48": 1.2455219208568948, "49": 1.2455219208568948, "50": 1.2455219208568948, "51": 1.1448487229430881, "52": 1.1448487229430881, "53": 1.1448487229430881, "54": 1.1448487229430881, "55": 1.1448487229430881, "56": 1.1448487229430881, "57": 1.1448487229430881, "58": 1.1448487229430881, "59": 1.1448487229430881, "60": 1.1448487229430881, "61": 1.1448487229430881, "62": 1.1448487229430881, "63": 1.1448487229430881, "64": 1.1448487229430881, "65": 1.1448487229430881, "66": 1.1448487229430881, "67": 1.1448487229430881, "68": 1.1448487229430881, "69": 1.1448487229430881, "70": 1.1448487229430881, "71": 1.1448487229430881, "72": 1.1448487229430881, "73": 1.1448487229430881, "74": 0.45966985313053854, "75": 0.45966985313053854, "76": 0.45966985313053854, "77": 0.45966985313053854, "78": 0.45966985313053854, "79": 0.45966985313053854, "80": 0.45966985313053854, "81": 0.45966985313053854, "82": 0.45966985313053854, "83": 0.45966985313053854, "84": 0.45966985313053854, "85": 0.45966985313053854, "86": 0.45966985313053854, "87": 0.45966985313053854, "88": 0.45966985313053854, "89": 0.45966985313053854, "90": 0.45966985313053854, "91": 0.45966985313053854, "92": 0.45966985313053854, "93": 0.45966985313053854, "94": 0.45966985313053854, "95": 0.45966985313053854, "96": 0.45966985313053854, "97": 0.45966985313053854, "98": 0.45966985313053854, "99": 0.45966985313053854, "100": 0.45966985313053854}