{"0": 27.380355848079937, "1": 14.244887054200957, "2": 14.244887054200957, "3": 14.244887054200957, "4": 14.244887054200957, "5": 10.938720552344602, "6": 1.6876012006564416, "7": 1.6876012006564416, "8": 1.6876012006564416, "9": 1.6876012006564416, "10": 1.6876012006564416, "11": 1.6876012006564416, "12": 1.6876012006564416, "13": 1.6876012006564416, "14": 1.6876012006564416, "15": 1.6876012006564416, "16": 1.6876012006564416, "17": 1.6876012006564416, "18": 1.6876012006564416, "19": 1.6876012006564416, "20": 1.6876012006564416, "21": 1.6876012006564416, "22": 1.6876012006564416, "23": 1.6876012006564416, "24": 1.0875605071518422, "25": 1.0875605071518422, "26": 1.0875605071518422, "27": 1.0875605071518422, "28": 1.0875605071518422, "29": 1.0875605071518422, "30": 1.0875605071518422, "31": 1.0875605071518422, "32": 1.0875605071518422, "33": 1.0875605071518422, "34": 1.0875605071518422, "35": 1.0875605071518422, "36": 1.0875605071518422, "37": 1.0875605071518422, "38": 1.0875605071518422, "39": 1.0875605071518422, "40": 1.0875605071518422, "41": 1.0875605071518422, "42": 1.0875605071518422, "43": 1.0875605071518422, "44": 1.0875605071518422, "45": 1.0875605071518422, "46": 1.0875605071518422, "47": 1.0875605071518422, "48": 1.0875605071518422, "49": 1.0875605071518422, "50": 1.0875605071518422, "51": 1.0875605071518422, "52": 1.0875605071518422, "53": 1.0875605071518422, "54": 1.0875605071518422, "55": 1.0875605071518422, "56": 1.0103056658877385, "57": 1.0103056658877385, "58": 1.0103056658877385, "59": 1.0103056658877385, "60": 1.0103056658877385, "61": 1.0103056658877385, "62": 1.0103056658877385, "63": 1.0103056658877385, "64": 1.0103056658877385, "65": 1.0103056658877385, "66": 1.0103056658877385, "67": 1.0103056658877385, "68": 1.0103056658877385, "69": 1.0103056658877385, "70": 1.0103056658877385, "71": 1.0103056658877385, "72": 1.0103056658877385, "73": 1.0103056658877385, "74": 1.0103056658877385, "75": 1.0103056658877385, "76": 1.0103056658877385, "77": 1.0103056658877385, "78": 1.0103056658877385, "79": 0.6537846413015984, "80": 0.6537846413015984, "81": 0.6537846413015984, "82": 0.6537846413015984, "83": 0.6537846413015984, "84": 0.6537846413015984, "85": 0.6537846413015984, "86": 0.6537846413015984, "87": 0.6537846413015984, "88": 0.6537846413015984, "89": 0.6537846413015984, "90": 0.6537846413015984, "91": 0.6537846413015984, "92": 0.6537846413015984, "93": 0.6537846413015984, "94": 0.6537846413015984, "95": 0.6537846413015984, "96": 0.6537846413015984, "97": 0.6537846413015984, "98": 0.6537846413015984, "99": 0.6537846413015984, "100": 0.6537846413015984}