{"0": 20.736722885778654, "1": 16.01959641529975, "2": 1.0281502828276459, "3": 1.0281502828276459, "4": 1.0281502828276459, "5": 1.0281502828276459, "6": 1.0281502828276459, "7": 1.0281502828276459, "8": 1.0281502828276459, "9": 1.0281502828276459, "10": 1.0281502828276459, "11": 1.0281502828276459, "12": 1.0281502828276459, "13": 1.0281502828276459, "14": 1.0281502828276459, "15": 1.0281502828276459, "16": 1.0281502828276459, "17": 1.0281502828276459, "18": 1.0281502828276459, "19": 1.0281502828276459, "20": 1.0281502828276459, "21": 1.0281502828276459, "22": 1.0281502828276459, "23": 1.0281502828276459, "24": 1.0281502828276459, "25": 1.0281502828276459, "26": 1.0281502828276459, "27": 1.0281502828276459, "28": 1.0281502828276459, "29": 1.0281502828276459, "30": 1.0281502828276459, "31": 1.0281502828276459, "32": 1.0281502828276459, "33": 1.0204716112562906, "34": 1.0204716112562906, "35": 1.0204716112562906, "36": 1.0204716112562906, "37": 1.0204716112562906, "38": 1.0204716112562906, "39": 1.0204716112562906, "40": 1.0204716112562906, "41": 1.0204716112562906, "42": 1.0204716112562906, "43": 1.0204716112562906, "44": 1.0204716112562906, "45": 1.0204716112562906, "46": 1.0204716112562906, "47": 1.0204716112562906, "48": 1.0204716112562906, "49": 1.0204716112562906, "50": 1.0204716112562906, "51": 1.0204716112562906, "52": 1.0204716112562906, "53": 1.0204716112562906, "54": 1.0204716112562906, "55": 1.0204716112562906, "56": 1.0204716112562906, "57": 1.0204716112562906, "58": 1.0204716112562906, "59": 1.0204716112562906, "60": 1.0204716112562906, "61": 1.0204716112562906, "62": 1.0204716112562906, "63": 1.0204716112562906, "64": 1.0204716112562906, "65": 1.0204716112562906, "66": 1.0204716112562906, "67": 1.0204716112562906, "68": 1.0204716112562906, "69": 1.0204716112562906, "70": 1.0204716112562906, "71": 1.0204716112562906, "72": 1.0204716112562906, "73": 1.0204716112562906, "74": 1.0204716112562906, "75": 1.0204716112562906, "76": 1.0204716112562906, "77": 1.0204716112562906, "78": 1.0204716112562906, "79": 1.0204716112562906, "80": 1.0204716112562906, "81": 1.0204716112562906, "82": 1.0204716112562906, "83": 1.0204716112562906, "84": 1.0204716112562906, "85": 1.0204716112562906, "86": 1.0204716112562906, "87": 1.0204716112562906, "88": 1.0204716112562906, "89": 1.0204716112562906, "90": 1.0204716112562906, "91": 1.0204716112562906, "92": 1.0204716112562906, "93": 1.0204716112562906, "94": 1.0204716112562906, "95": 1.0204716112562906, "96": 1.0204716112562906, "97": 1.0204716112562906, "98": 1.0204716112562906, "99": 0.9987766826154534, "100": 0.9987766826154534}