{"0": 21.912795144126644, "1": 7.570122474134628, "2": 3.187142678210442, "3": 3.187142678210442, "4": 3.187142678210442, "5": 2.923489250082362, "6": 2.923489250082362, "7": 1.3135381711285135, "8": 1.3135381711285135, "9": 1.3135381711285135, "10": 1.3135381711285135, "11": 1.3135381711285135, "12": 1.3135381711285135, "13": 1.3135381711285135, "14": 1.3135381711285135, "15": 1.3135381711285135, "16": 1.3135381711285135, "17": 1.1288981187892873, "18": 1.1288981187892873, "19": 1.1288981187892873, "20": 1.1288981187892873, "21": 1.1288981187892873, "22": 1.1288981187892873, "23": 1.1288981187892873, "24": 1.1288981187892873, "25": 1.1288981187892873, "26": 1.1288981187892873, "27": 1.1288981187892873, "28": 1.1288981187892873, "29": 0.6978271783809049, "30": 0.6978271783809049, "31": 0.20426038983509187, "32": 0.20426038983509187, "33": 0.20426038983509187, "34": 0.20426038983509187, "35": 0.20426038983509187, "36": 0.20426038983509187, "37": 0.18465484900437446, "38": 0.18465484900437446, "39": 0.18465484900437446, "40": 0.18465484900437446, "41": 0.18465484900437446, "42": 0.18465484900437446, "43": 0.18465484900437446, "44": 0.18465484900437446, "45": 0.18465484900437446, "46": 0.18465484900437446, "47": 0.18465484900437446, "48": 0.18465484900437446, "49": 0.18465484900437446, "50": 0.18465484900437446, "51": 0.18465484900437446, "52": 0.18465484900437446, "53": 0.18465484900437446, "54": 0.18465484900437446, "55": 0.18465484900437446, "56": 0.18465484900437446, "57": 0.18465484900437446, "58": 0.18465484900437446, "59": 0.18465484900437446, "60": 0.18465484900437446, "61": 0.18465484900437446, "62": 0.18465484900437446, "63": 0.18465484900437446, "64": 0.18465484900437446, "65": 0.18465484900437446, "66": 0.18465484900437446, "67": 0.18465484900437446, "68": 0.18465484900437446, "69": 0.18465484900437446, "70": 0.18465484900437446, "71": 0.18465484900437446, "72": 0.18465484900437446, "73": 0.18465484900437446, "74": 0.18465484900437446, "75": 0.18465484900437446, "76": 0.18465484900437446, "77": 0.18465484900437446, "78": 0.18465484900437446, "79": 0.18465484900437446, "80": 0.18465484900437446, "81": 0.18465484900437446, "82": 0.18465484900437446, "83": 0.18465484900437446, "84": 0.18465484900437446, "85": 0.18465484900437446, "86": 0.18465484900437446, "87": 0.18465484900437446, "88": 0.18465484900437446, "89": 0.18465484900437446, "90": 0.18465484900437446, "91": 0.18465484900437446, "92": 0.18465484900437446, "93": 0.18465484900437446, "94": 0.18465484900437446, "95": 0.18465484900437446, "96": 0.18465484900437446, "97": 0.18465484900437446, "98": 0.18465484900437446, "99": 0.18465484900437446, "100": 0.18465484900437446}