{"0": 12.82625550031055, "1": 12.82625550031055, "2": 11.917843001151283, "3": 9.399425415621904, "4": 9.399425415621904, "5": 7.757792555501235, "6": 7.757792555501235, "7": 5.495901067250095, "8": 4.203594127597036, "9": 4.203594127597036, "10": 4.203594127597036, "11": 2.2778739398040138, "12": 2.2778739398040138, "13": 2.2778739398040138, "14": 2.2778739398040138, "15": 2.2778739398040138, "16": 2.2778739398040138, "17": 2.2778739398040138, "18": 2.2778739398040138, "19": 2.2778739398040138, "20": 2.2778739398040138, "21": 2.2778739398040138, "22": 2.2778739398040138, "23": 2.2234698555193972, "24": 2.2234698555193972, "25": 2.2234698555193972, "26": 2.2234698555193972, "27": 2.2234698555193972, "28": 2.2234698555193972, "29": 2.2234698555193972, "30": 2.2234698555193972, "31": 2.2234698555193972, "32": 2.2234698555193972, "33": 2.2234698555193972, "34": 2.2234698555193972, "35": 2.2234698555193972, "36": 2.2234698555193972, "37": 2.2234698555193972, "38": 2.2234698555193972, "39": 2.2234698555193972, "40": 2.2234698555193972, "41": 2.2234698555193972, "42": 2.2234698555193972, "43": 2.2234698555193972, "44": 2.2234698555193972, "45": 2.2234698555193972, "46": 2.2234698555193972, "47": 2.2234698555193972, "48": 2.2234698555193972, "49": 2.2234698555193972, "50": 2.2234698555193972, "51": 2.2234698555193972, "52": 2.2234698555193972, "53": 2.2234698555193972, "54": 2.2234698555193972, "55": 2.2234698555193972, "56": 2.2234698555193972, "57": 2.0957080083041433, "58": 2.0957080083041433, "59": 2.0957080083041433, "60": 1.8697967339475916, "61": 1.8697967339475916, "62": 1.8697967339475916, "63": 1.8697967339475916, "64": 1.8697967339475916, "65": 1.8697967339475916, "66": 1.8697967339475916, "67": 1.8697967339475916, "68": 1.8697967339475916, "69": 1.8697967339475916, "70": 1.8697967339475916, "71": 1.8697967339475916, "72": 1.8697967339475916, "73": 1.8697967339475916, "74": 1.8697967339475916, "75": 1.8697967339475916, "76": 1.8697967339475916, "77": 1.8697967339475916, "78": 1.8697967339475916, "79": 1.8697967339475916, "80": 1.8697967339475916, "81": 1.8697967339475916, "82": 1.8697967339475916, "83": 1.8697967339475916, "84": 1.8697967339475916, "85": 1.8697967339475916, "86": 1.8697967339475916, "87": 1.8697967339475916, "88": 1.8697967339475916, "89": 1.8697967339475916, "90": 1.8697967339475916, "91": 1.8697967339475916, "92": 1.8697967339475916, "93": 1.8697967339475916, "94": 1.8697967339475916, "95": 1.8697967339475916, "96": 1.3681257783556475, "97": 1.3681257783556475, "98": 1.3681257783556475, "99": 1.3681257783556475, "100": 1.3681257783556475}