{"0": 14.19763414553319, "1": 14.19763414553319, "2": 14.02382703700859, "3": 11.081839340788108, "4": 11.081839340788108, "5": 5.172513285887685, "6": 5.172513285887685, "7": 5.172513285887685, "8": 5.172513285887685, "9": 5.172513285887685, "10": 5.011734362363546, "11": 5.011734362363546, "12": 5.011734362363546, "13": 4.900477222350723, "14": 4.900477222350723, "15": 4.900477222350723, "16": 4.900477222350723, "17": 4.900477222350723, "18": 2.003247761587861, "19": 2.003247761587861, "20": 2.003247761587861, "21": 2.003247761587861, "22": 2.003247761587861, "23": 2.003247761587861, "24": 2.003247761587861, "25": 2.003247761587861, "26": 1.0319695364463541, "27": 1.0319695364463541, "28": 1.0319695364463541, "29": 1.0319695364463541, "30": 1.0319695364463541, "31": 1.0319695364463541, "32": 1.0319695364463541, "33": 1.0319695364463541, "34": 1.0319695364463541, "35": 1.0319695364463541, "36": 1.0319695364463541, "37": 1.0319695364463541, "38": 1.0319695364463541, "39": 1.0319695364463541, "40": 1.0319695364463541, "41": 1.0319695364463541, "42": 1.0319695364463541, "43": 1.0319695364463541, "44": 1.0319695364463541, "45": 1.0319695364463541, "46": 1.0319695364463541, "47": 1.0319695364463541, "48": 1.0319695364463541, "49": 1.0319695364463541, "50": 1.0319695364463541, "51": 1.0319695364463541, "52": 1.0319695364463541, "53": 1.0319695364463541, "54": 1.0319695364463541, "55": 1.0319695364463541, "56": 1.0319695364463541, "57": 1.0319695364463541, "58": 1.0319695364463541, "59": 1.0319695364463541, "60": 1.0319695364463541, "61": 1.0319695364463541, "62": 1.0319695364463541, "63": 1.0319695364463541, "64": 1.0319695364463541, "65": 1.0319695364463541, "66": 1.0319695364463541, "67": 1.0319695364463541, "68": 1.0319695364463541, "69": 1.0319695364463541, "70": 1.0319695364463541, "71": 1.0319695364463541, "72": 1.0319695364463541, "73": 1.0319695364463541, "74": 1.0319695364463541, "75": 1.0319695364463541, "76": 1.0319695364463541, "77": 1.0319695364463541, "78": 1.0319695364463541, "79": 1.0319695364463541, "80": 1.0319695364463541, "81": 1.0319695364463541, "82": 1.0319695364463541, "83": 1.0319695364463541, "84": 1.0319695364463541, "85": 1.0319695364463541, "86": 1.0319695364463541, "87": 1.0319695364463541, "88": 1.0319695364463541, "89": 1.0319695364463541, "90": 1.0319695364463541, "91": 1.0319695364463541, "92": 1.0319695364463541, "93": 1.0319695364463541, "94": 1.0319695364463541, "95": 1.0319695364463541, "96": 1.0319695364463541, "97": 1.0319695364463541, "98": 1.0319695364463541, "99": 1.0319695364463541, "100": 1.0319695364463541}