{"0": 4.089098106411267, "1": 4.089098106411267, "2": 4.089098106411267, "3": 4.089098106411267, "4": 4.089098106411267, "5": 4.089098106411267, "6": 4.089098106411267, "7": 4.089098106411267, "8": 3.355393460988118, "9": 3.355393460988118, "10": 2.9359362206485002, "11": 2.9359362206485002, "12": 2.9359362206485002, "13": 2.9359362206485002, "14": 2.9359362206485002, "15": 2.9359362206485002, "16": 2.9359362206485002, "17": 2.9359362206485002, "18": 2.9359362206485002, "19": 2.3702381058310955, "20": 2.3702381058310955, "21": 2.3702381058310955, "22": 2.3702381058310955, "23": 2.3702381058310955, "24": 2.3702381058310955, "25": 2.3702381058310955, "26": 2.3702381058310955, "27": 2.3702381058310955, "28": 1.8168715863640017, "29": 1.8168715863640017, "30": 1.8168715863640017, "31": 1.8168715863640017, "32": 1.8168715863640017, "33": 1.8168715863640017, "34": 1.7442777323425958, "35": 1.5327039461228011, "36": 1.5327039461228011, "37": 0.9978984775292261, "38": 0.9978984775292261, "39": 0.9978984775292261, "40": 0.9978984775292261, "41": 0.9978984775292261, "42": 0.9978984775292261, "43": 0.9978984775292261, "44": 0.9978984775292261, "45": 0.9978984775292261, "46": 0.9978984775292261, "47": 0.9978984775292261, "48": 0.9978984775292261, "49": 0.9978984775292261, "50": 0.9978984775292261, "51": 0.9978984775292261, "52": 0.9978984775292261, "53": 0.9978984775292261, "54": 0.9978984775292261, "55": 0.9978984775292261, "56": 0.9978984775292261, "57": 0.9978984775292261, "58": 0.9978984775292261, "59": 0.9978984775292261, "60": 0.9978984775292261, "61": 0.9978984775292261, "62": 0.9978984775292261, "63": 0.9978984775292261, "64": 0.9978984775292261, "65": 0.9978984775292261, "66": 0.9978984775292261, "67": 0.9978984775292261, "68": 0.9978984775292261, "69": 0.9978984775292261, "70": 0.9978984775292261, "71": 0.9978984775292261, "72": 0.5570409923781021, "73": 0.5570409923781021, "74": 0.5570409923781021, "75": 0.5570409923781021, "76": 0.5570409923781021, "77": 0.5570409923781021, "78": 0.5570409923781021, "79": 0.5570409923781021, "80": 0.5570409923781021, "81": 0.5570409923781021, "82": 0.5570409923781021, "83": 0.5570409923781021, "84": 0.5570409923781021, "85": 0.5570409923781021, "86": 0.5570409923781021, "87": 0.5570409923781021, "88": 0.5570409923781021, "89": 0.5570409923781021, "90": 0.5570409923781021, "91": 0.5570409923781021, "92": 0.5570409923781021, "93": 0.5570409923781021, "94": 0.5570409923781021, "95": 0.5570409923781021, "96": 0.5570409923781021, "97": 0.5570409923781021, "98": 0.5570409923781021, "99": 0.5570409923781021, "100": 0.5570409923781021}