{"0": 16.204824602522507, "1": 16.204824602522507, "2": 16.204824602522507, "3": 13.675425846671251, "4": 4.976246564694918, "5": 4.976246564694918, "6": 4.976246564694918, "7": 4.976246564694918, "8": 4.976246564694918, "9": 4.976246564694918, "10": 4.976246564694918, "11": 4.976246564694918, "12": 4.976246564694918, "13": 4.976246564694918, "14": 4.976246564694918, "15": 4.976246564694918, "16": 4.976246564694918, "17": 4.976246564694918, "18": 2.8520064257340216, "19": 2.8520064257340216, "20": 2.8520064257340216, "21": 2.8520064257340216, "22": 2.8520064257340216, "23": 2.8520064257340216, "24": 2.8520064257340216, "25": 2.8520064257340216, "26": 2.8520064257340216, "27": 2.8520064257340216, "28": 2.58955716789729, "29": 1.9790746136507131, "30": 1.9790746136507131, "31": 1.9790746136507131, "32": 1.9790746136507131, "33": 1.9790746136507131, "34": 1.9790746136507131, "35": 1.9790746136507131, "36": 1.9790746136507131, "37": 1.9790746136507131, "38": 1.9790746136507131, "39": 1.9790746136507131, "40": 1.9790746136507131, "41": 1.9790746136507131, "42": 1.9790746136507131, "43": 1.9790746136507131, "44": 1.9790746136507131, "45": 1.9790746136507131, "46": 1.9790746136507131, "47": 1.9790746136507131, "48": 1.9790746136507131, "49": 1.9790746136507131, "50": 1.9790746136507131, "51": 1.764337885149434, "52": 1.764337885149434, "53": 1.764337885149434, "54": 1.764337885149434, "55": 1.764337885149434, "56": 1.764337885149434, "57": 1.764337885149434, "58": 1.764337885149434, "59": 1.764337885149434, "60": 1.764337885149434, "61": 1.764337885149434, "62": 1.764337885149434, "63": 1.764337885149434, "64": 1.764337885149434, "65": 1.764337885149434, "66": 1.764337885149434, "67": 1.764337885149434, "68": 1.764337885149434, "69": 1.764337885149434, "70": 1.764337885149434, "71": 1.764337885149434, "72": 1.764337885149434, "73": 1.764337885149434, "74": 1.764337885149434, "75": 1.764337885149434, "76": 1.764337885149434, "77": 1.764337885149434, "78": 1.764337885149434, "79": 1.764337885149434, "80": 1.764337885149434, "81": 1.764337885149434, "82": 1.764337885149434, "83": 1.764337885149434, "84": 1.764337885149434, "85": 1.764337885149434, "86": 1.764337885149434, "87": 1.764337885149434, "88": 1.764337885149434, "89": 1.764337885149434, "90": 1.764337885149434, "91": 1.764337885149434, "92": 1.764337885149434, "93": 1.764337885149434, "94": 1.764337885149434, "95": 1.764337885149434, "96": 1.764337885149434, "97": 1.764337885149434, "98": 1.764337885149434, "99": 1.764337885149434, "100": 1.764337885149434}