{"0": 8.585066043243447, "1": 8.585066043243447, "2": 8.585066043243447, "3": 8.585066043243447, "4": 8.585066043243447, "5": 8.585066043243447, "6": 8.585066043243447, "7": 7.434006696259747, "8": 5.29213499981544, "9": 5.29213499981544, "10": 5.29213499981544, "11": 5.29213499981544, "12": 4.2648243328196855, "13": 4.2648243328196855, "14": 4.2648243328196855, "15": 4.2648243328196855, "16": 4.2648243328196855, "17": 4.2648243328196855, "18": 4.2648243328196855, "19": 4.2648243328196855, "20": 4.2648243328196855, "21": 4.2648243328196855, "22": 4.2648243328196855, "23": 1.7532927791837238, "24": 1.7532927791837238, "25": 1.2314442409480684, "26": 1.2314442409480684, "27": 1.2314442409480684, "28": 1.2314442409480684, "29": 1.2314442409480684, "30": 1.2314442409480684, "31": 1.2314442409480684, "32": 1.2314442409480684, "33": 1.2018780047945938, "34": 1.2018780047945938, "35": 1.2018780047945938, "36": 1.2018780047945938, "37": 1.2018780047945938, "38": 1.2018780047945938, "39": 1.2018780047945938, "40": 1.2018780047945938, "41": 1.2018780047945938, "42": 1.2018780047945938, "43": 1.2018780047945938, "44": 1.2018780047945938, "45": 1.2018780047945938, "46": 1.2018780047945938, "47": 1.0612514467629914, "48": 1.0612514467629914, "49": 1.0612514467629914, "50": 1.0612514467629914, "51": 1.0612514467629914, "52": 1.0612514467629914, "53": 1.0612514467629914, "54": 1.0612514467629914, "55": 1.0612514467629914, "56": 1.0612514467629914, "57": 1.0612514467629914, "58": 1.0612514467629914, "59": 1.0612514467629914, "60": 1.0612514467629914, "61": 1.0612514467629914, "62": 1.0612514467629914, "63": 1.0612514467629914, "64": 1.0612514467629914, "65": 1.0612514467629914, "66": 1.0612514467629914, "67": 1.0612514467629914, "68": 1.0612514467629914, "69": 1.0612514467629914, "70": 1.0612514467629914, "71": 1.0612514467629914, "72": 1.0612514467629914, "73": 1.0612514467629914, "74": 1.0612514467629914, "75": 1.0612514467629914, "76": 1.0612514467629914, "77": 1.0612514467629914, "78": 1.0612514467629914, "79": 1.0612514467629914, "80": 1.0612514467629914, "81": 0.966578495534911, "82": 0.966578495534911, "83": 0.966578495534911, "84": 0.966578495534911, "85": 0.966578495534911, "86": 0.966578495534911, "87": 0.966578495534911, "88": 0.966578495534911, "89": 0.966578495534911, "90": 0.966578495534911, "91": 0.966578495534911, "92": 0.966578495534911, "93": 0.966578495534911, "94": 0.966578495534911, "95": 0.966578495534911, "96": 0.966578495534911, "97": 0.966578495534911, "98": 0.966578495534911, "99": 0.966578495534911, "100": 0.966578495534911}