{"0": 4.169368070099189, "1": 4.169368070099189, "2": 4.169368070099189, "3": 3.3913057695118205, "4": 3.3913057695118205, "5": 3.3913057695118205, "6": 3.3913057695118205, "7": 3.3913057695118205, "8": 3.3913057695118205, "9": 3.3913057695118205, "10": 3.3913057695118205, "11": 2.3536891659383983, "12": 1.1678861620139145, "13": 1.1678861620139145, "14": 1.1678861620139145, "15": 1.1511622605469576, "16": 1.1511622605469576, "17": 1.1511622605469576, "18": 1.1511622605469576, "19": 1.1511622605469576, "20": 1.1511622605469576, "21": 1.1511622605469576, "22": 1.0817114081797925, "23": 1.0817114081797925, "24": 1.0817114081797925, "25": 1.0817114081797925, "26": 1.0817114081797925, "27": 1.0817114081797925, "28": 1.0817114081797925, "29": 1.0817114081797925, "30": 1.0817114081797925, "31": 1.0817114081797925, "32": 1.0364743033377657, "33": 1.0364743033377657, "34": 1.0364743033377657, "35": 1.0364743033377657, "36": 1.0364743033377657, "37": 1.0364743033377657, "38": 1.0364743033377657, "39": 1.0364743033377657, "40": 1.0364743033377657, "41": 1.0364743033377657, "42": 1.0364743033377657, "43": 1.0364743033377657, "44": 1.0364743033377657, "45": 1.0364743033377657, "46": 1.0364743033377657, "47": 1.0364743033377657, "48": 1.0364743033377657, "49": 1.0364743033377657, "50": 1.0364743033377657, "51": 1.0364743033377657, "52": 1.0364743033377657, "53": 1.0364743033377657, "54": 1.0364743033377657, "55": 1.0364743033377657, "56": 1.0364743033377657, "57": 0.6614633128729501, "58": 0.6614633128729501, "59": 0.6614633128729501, "60": 0.6614633128729501, "61": 0.6614633128729501, "62": 0.6614633128729501, "63": 0.6614633128729501, "64": 0.6614633128729501, "65": 0.6614633128729501, "66": 0.6614633128729501, "67": 0.6614633128729501, "68": 0.6614633128729501, "69": 0.6614633128729501, "70": 0.6614633128729501, "71": 0.6614633128729501, "72": 0.6614633128729501, "73": 0.6614633128729501, "74": 0.6614633128729501, "75": 0.6614633128729501, "76": 0.6614633128729501, "77": 0.6614633128729501, "78": 0.6614633128729501, "79": 0.6614633128729501, "80": 0.6614633128729501, "81": 0.6614633128729501, "82": 0.6614633128729501, "83": 0.6614633128729501, "84": 0.6614633128729501, "85": 0.6614633128729501, "86": 0.6614633128729501, "87": 0.6614633128729501, "88": 0.6614633128729501, "89": 0.6614633128729501, "90": 0.6614633128729501, "91": 0.6614633128729501, "92": 0.6614633128729501, "93": 0.6614633128729501, "94": 0.6614633128729501, "95": 0.6614633128729501, "96": 0.6614633128729501, "97": 0.6614633128729501, "98": 0.6614633128729501, "99": 0.6614633128729501, "100": 0.6614633128729501}