{"0": 18.319710882879793, "1": 5.079686990406927, "2": 5.079686990406927, "3": 5.079686990406927, "4": 5.079686990406927, "5": 2.7708439212393756, "6": 2.7708439212393756, "7": 1.4088038903506828, "8": 1.4088038903506828, "9": 1.4088038903506828, "10": 1.4088038903506828, "11": 1.4088038903506828, "12": 1.4088038903506828, "13": 1.4088038903506828, "14": 1.4088038903506828, "15": 1.4088038903506828, "16": 1.4088038903506828, "17": 1.4088038903506828, "18": 1.4088038903506828, "19": 1.4088038903506828, "20": 1.4088038903506828, "21": 1.4088038903506828, "22": 1.4088038903506828, "23": 1.4088038903506828, "24": 1.4088038903506828, "25": 1.4088038903506828, "26": 1.4088038903506828, "27": 1.4088038903506828, "28": 1.4088038903506828, "29": 1.4088038903506828, "30": 1.4088038903506828, "31": 1.4088038903506828, "32": 0.3078604554147013, "33": 0.3078604554147013, "34": 0.3078604554147013, "35": 0.3078604554147013, "36": 0.3078604554147013, "37": 0.3078604554147013, "38": 0.3078604554147013, "39": 0.3078604554147013, "40": 0.3078604554147013, "41": 0.3078604554147013, "42": 0.3078604554147013, "43": 0.3078604554147013, "44": 0.3078604554147013, "45": 0.3078604554147013, "46": 0.3078604554147013, "47": 0.3078604554147013, "48": 0.3078604554147013, "49": 0.3078604554147013, "50": 0.3078604554147013, "51": 0.3078604554147013, "52": 0.3078604554147013, "53": 0.3078604554147013, "54": 0.3078604554147013, "55": 0.3078604554147013, "56": 0.3078604554147013, "57": 0.3078604554147013, "58": 0.3078604554147013, "59": 0.3078604554147013, "60": 0.3078604554147013, "61": 0.3078604554147013, "62": 0.3078604554147013, "63": 0.3078604554147013, "64": 0.006833872152419929, "65": 0.006833872152419929, "66": 0.006833872152419929, "67": 0.006833872152419929, "68": 0.006833872152419929, "69": 0.006833872152419929, "70": 0.006833872152419929, "71": 0.006833872152419929, "72": 0.006833872152419929, "73": 0.006833872152419929, "74": 0.006833872152419929, "75": 0.006833872152419929, "76": 0.006833872152419929, "77": 0.006833872152419929, "78": 0.006833872152419929, "79": 0.006833872152419929, "80": 0.006833872152419929, "81": 0.006833872152419929, "82": 0.006833872152419929, "83": 0.006833872152419929, "84": 0.006833872152419929, "85": 0.006833872152419929, "86": 0.006833872152419929, "87": 0.006833872152419929, "88": 0.006833872152419929, "89": 0.006833872152419929, "90": 0.006833872152419929, "91": 0.006833872152419929, "92": 0.006833872152419929, "93": 0.006833872152419929, "94": 0.006833872152419929, "95": 0.006833872152419929, "96": 0.006833872152419929, "97": 0.006833872152419929, "98": 0.006833872152419929, "99": 0.006833872152419929, "100": 0.006833872152419929}