{"0": 16.15395168472972, "1": 16.15395168472972, "2": 13.175898928319238, "3": 13.175898928319238, "4": 7.39378562812993, "5": 7.39378562812993, "6": 7.39378562812993, "7": 7.161169265491996, "8": 7.161169265491996, "9": 7.161169265491996, "10": 7.161169265491996, "11": 7.161169265491996, "12": 7.161169265491996, "13": 6.540150804187501, "14": 5.028568465149059, "15": 5.028568465149059, "16": 5.028568465149059, "17": 5.028568465149059, "18": 5.028568465149059, "19": 5.028568465149059, "20": 5.028568465149059, "21": 5.028568465149059, "22": 5.028568465149059, "23": 5.028568465149059, "24": 5.028568465149059, "25": 3.160970948573862, "26": 3.160970948573862, "27": 3.160970948573862, "28": 3.160970948573862, "29": 3.160970948573862, "30": 3.160970948573862, "31": 3.160970948573862, "32": 3.160970948573862, "33": 1.0181335035096808, "34": 1.0181335035096808, "35": 1.0181335035096808, "36": 1.0181335035096808, "37": 1.0181335035096808, "38": 1.0181335035096808, "39": 1.0181335035096808, "40": 1.0181335035096808, "41": 1.0181335035096808, "42": 1.0181335035096808, "43": 1.0181335035096808, "44": 1.0181335035096808, "45": 1.0181335035096808, "46": 1.0181335035096808, "47": 1.0181335035096808, "48": 1.0181335035096808, "49": 1.0181335035096808, "50": 1.0181335035096808, "51": 1.0181335035096808, "52": 1.0181335035096808, "53": 1.0181335035096808, "54": 1.0181335035096808, "55": 1.0181335035096808, "56": 1.0181335035096808, "57": 1.0181335035096808, "58": 1.0181335035096808, "59": 1.0181335035096808, "60": 1.0181335035096808, "61": 1.0181335035096808, "62": 1.0181335035096808, "63": 1.0181335035096808, "64": 1.0181335035096808, "65": 1.0181335035096808, "66": 1.0181335035096808, "67": 1.0024350704028961, "68": 1.0024350704028961, "69": 1.0024350704028961, "70": 1.0024350704028961, "71": 1.0024350704028961, "72": 1.0024350704028961, "73": 1.0024350704028961, "74": 1.0024350704028961, "75": 1.0024350704028961, "76": 1.0024350704028961, "77": 1.0024350704028961, "78": 1.0024350704028961, "79": 1.0024350704028961, "80": 1.0024350704028961, "81": 1.0024350704028961, "82": 1.0024350704028961, "83": 1.0024350704028961, "84": 1.0024350704028961, "85": 1.0024350704028961, "86": 1.0024350704028961, "87": 1.0024350704028961, "88": 1.0024350704028961, "89": 1.0024350704028961, "90": 1.0024350704028961, "91": 1.0024350704028961, "92": 1.0024350704028961, "93": 1.0024350704028961, "94": 1.0024350704028961, "95": 1.0024350704028961, "96": 1.0024350704028961, "97": 1.0024350704028961, "98": 1.0024350704028961, "99": 1.0024350704028961, "100": 1.0024350704028961}