{"0": 26.976388519430675, "1": 20.70842828489366, "2": 20.70842828489366, "3": 11.821979728396052, "4": 11.821979728396052, "5": 11.038532038260797, "6": 3.975318660500264, "7": 3.975318660500264, "8": 3.975318660500264, "9": 2.681575546937104, "10": 2.681575546937104, "11": 2.681575546937104, "12": 2.681575546937104, "13": 2.681575546937104, "14": 2.681575546937104, "15": 2.681575546937104, "16": 2.681575546937104, "17": 2.681575546937104, "18": 2.2062535944826607, "19": 2.2062535944826607, "20": 2.1560112533546416, "21": 2.1560112533546416, "22": 2.1560112533546416, "23": 2.1560112533546416, "24": 2.1560112533546416, "25": 2.1560112533546416, "26": 2.1560112533546416, "27": 2.1560112533546416, "28": 2.1560112533546416, "29": 2.1560112533546416, "30": 2.1560112533546416, "31": 2.1560112533546416, "32": 2.1560112533546416, "33": 2.1560112533546416, "34": 2.1560112533546416, "35": 2.1560112533546416, "36": 2.1560112533546416, "37": 2.1560112533546416, "38": 2.1560112533546416, "39": 2.1560112533546416, "40": 2.1560112533546416, "41": 2.1560112533546416, "42": 2.1560112533546416, "43": 2.1560112533546416, "44": 2.1560112533546416, "45": 2.1560112533546416, "46": 2.1560112533546416, "47": 2.1560112533546416, "48": 2.1560112533546416, "49": 2.1560112533546416, "50": 2.1560112533546416, "51": 2.1560112533546416, "52": 2.1560112533546416, "53": 2.1560112533546416, "54": 2.1560112533546416, "55": 2.1560112533546416, "56": 2.1560112533546416, "57": 2.1560112533546416, "58": 2.1560112533546416, "59": 2.1560112533546416, "60": 2.1560112533546416, "61": 2.1560112533546416, "62": 2.1560112533546416, "63": 2.1560112533546416, "64": 2.1560112533546416, "65": 1.8073648768062647, "66": 1.8073648768062647, "67": 1.8073648768062647, "68": 1.8073648768062647, "69": 1.8073648768062647, "70": 1.8073648768062647, "71": 1.8073648768062647, "72": 1.8073648768062647, "73": 1.8073648768062647, "74": 1.8073648768062647, "75": 1.8073648768062647, "76": 1.8073648768062647, "77": 1.8073648768062647, "78": 1.8073648768062647, "79": 1.8073648768062647, "80": 1.8073648768062647, "81": 1.8073648768062647, "82": 1.8073648768062647, "83": 1.8073648768062647, "84": 1.8073648768062647, "85": 1.8073648768062647, "86": 1.8073648768062647, "87": 1.8073648768062647, "88": 1.8073648768062647, "89": 1.8073648768062647, "90": 1.8073648768062647, "91": 1.8073648768062647, "92": 1.8073648768062647, "93": 1.8073648768062647, "94": 1.8073648768062647, "95": 1.8073648768062647, "96": 1.8073648768062647, "97": 1.8073648768062647, "98": 1.8073648768062647, "99": 1.8073648768062647, "100": 1.8073648768062647}