{"0": 6.2931884266959095, "1": 5.366175579493667, "2": 5.366175579493667, "3": 3.2022862671745713, "4": 3.2022862671745713, "5": 3.2022862671745713, "6": 3.2022862671745713, "7": 3.2022862671745713, "8": 2.2773085884651465, "9": 2.2773085884651465, "10": 2.2773085884651465, "11": 2.2773085884651465, "12": 2.2773085884651465, "13": 2.2773085884651465, "14": 1.2235280418710346, "15": 1.2235280418710346, "16": 1.2235280418710346, "17": 1.2235280418710346, "18": 1.2235280418710346, "19": 1.2235280418710346, "20": 1.2235280418710346, "21": 1.2235280418710346, "22": 1.116236239377507, "23": 1.116236239377507, "24": 1.116236239377507, "25": 1.116236239377507, "26": 1.116236239377507, "27": 1.116236239377507, "28": 1.116236239377507, "29": 1.116236239377507, "30": 1.116236239377507, "31": 1.116236239377507, "32": 1.116236239377507, "33": 1.116236239377507, "34": 1.116236239377507, "35": 1.116236239377507, "36": 1.116236239377507, "37": 1.116236239377507, "38": 1.116236239377507, "39": 1.116236239377507, "40": 1.116236239377507, "41": 1.116236239377507, "42": 1.116236239377507, "43": 1.116236239377507, "44": 1.116236239377507, "45": 1.116236239377507, "46": 1.116236239377507, "47": 1.116236239377507, "48": 1.116236239377507, "49": 1.116236239377507, "50": 1.116236239377507, "51": 1.116236239377507, "52": 1.116236239377507, "53": 1.116236239377507, "54": 1.116236239377507, "55": 1.116236239377507, "56": 1.116236239377507, "57": 1.116236239377507, "58": 1.116236239377507, "59": 1.116236239377507, "60": 1.116236239377507, "61": 1.116236239377507, "62": 1.116236239377507, "63": 1.116236239377507, "64": 1.116236239377507, "65": 1.116236239377507, "66": 1.116236239377507, "67": 1.116236239377507, "68": 1.116236239377507, "69": 1.116236239377507, "70": 1.116236239377507, "71": 1.116236239377507, "72": 1.116236239377507, "73": 1.116236239377507, "74": 1.116236239377507, "75": 1.116236239377507, "76": 1.116236239377507, "77": 1.116236239377507, "78": 1.116236239377507, "79": 1.116236239377507, "80": 1.116236239377507, "81": 1.116236239377507, "82": 1.116236239377507, "83": 1.116236239377507, "84": 1.116236239377507, "85": 1.116236239377507, "86": 1.116236239377507, "87": 1.116236239377507, "88": 1.116236239377507, "89": 1.116236239377507, "90": 1.116236239377507, "91": 1.116236239377507, "92": 1.116236239377507, "93": 1.116236239377507, "94": 1.116236239377507, "95": 1.116236239377507, "96": 1.116236239377507, "97": 1.116236239377507, "98": 1.116236239377507, "99": 1.116236239377507, "100": 1.116236239377507}