{"0": 16.325045123142765, "1": 16.325045123142765, "2": 13.140225226134472, "3": 13.140225226134472, "4": 12.379833365507546, "5": 12.379833365507546, "6": 11.070946312945127, "7": 11.070946312945127, "8": 4.872884535098228, "9": 4.872884535098228, "10": 4.872884535098228, "11": 4.872884535098228, "12": 4.872884535098228, "13": 4.872884535098228, "14": 4.872884535098228, "15": 3.7095405487985325, "16": 3.7095405487985325, "17": 3.7095405487985325, "18": 3.7095405487985325, "19": 3.7095405487985325, "20": 3.7095405487985325, "21": 3.5165615366079805, "22": 3.5165615366079805, "23": 3.5165615366079805, "24": 3.5165615366079805, "25": 3.5165615366079805, "26": 3.5165615366079805, "27": 3.5165615366079805, "28": 3.5165615366079805, "29": 3.5165615366079805, "30": 3.5165615366079805, "31": 3.5165615366079805, "32": 3.5165615366079805, "33": 3.5165615366079805, "34": 3.5165615366079805, "35": 3.5165615366079805, "36": 3.5165615366079805, "37": 3.5165615366079805, "38": 3.5165615366079805, "39": 3.5165615366079805, "40": 3.5165615366079805, "41": 3.5165615366079805, "42": 3.5165615366079805, "43": 3.5165615366079805, "44": 3.5165615366079805, "45": 3.5165615366079805, "46": 3.5165615366079805, "47": 3.5165615366079805, "48": 3.5165615366079805, "49": 3.5165615366079805, "50": 3.5165615366079805, "51": 3.5165615366079805, "52": 3.5165615366079805, "53": 3.5165615366079805, "54": 3.5165615366079805, "55": 3.5165615366079805, "56": 3.5165615366079805, "57": 3.5165615366079805, "58": 3.5165615366079805, "59": 3.5165615366079805, "60": 3.5165615366079805, "61": 3.5165615366079805, "62": 3.5165615366079805, "63": 3.5165615366079805, "64": 3.5165615366079805, "65": 3.5165615366079805, "66": 3.5165615366079805, "67": 3.5165615366079805, "68": 3.5165615366079805, "69": 3.5165615366079805, "70": 3.5165615366079805, "71": 1.5958036576485704, "72": 1.5373800965466913, "73": 1.5373800965466913, "74": 1.5373800965466913, "75": 1.5373800965466913, "76": 1.5373800965466913, "77": 1.5373800965466913, "78": 1.5373800965466913, "79": 1.5373800965466913, "80": 1.5373800965466913, "81": 1.5373800965466913, "82": 1.5373800965466913, "83": 1.5373800965466913, "84": 1.5373800965466913, "85": 1.5373800965466913, "86": 1.5373800965466913, "87": 1.5373800965466913, "88": 1.5373800965466913, "89": 1.5373800965466913, "90": 1.5373800965466913, "91": 1.5373800965466913, "92": 1.5373800965466913, "93": 1.5373800965466913, "94": 1.5373800965466913, "95": 1.5373800965466913, "96": 1.5373800965466913, "97": 1.5373800965466913, "98": 1.5373800965466913, "99": 1.5373800965466913, "100": 1.5373800965466913}