{"0": 10.813826677887409, "1": 6.953026750182264, "2": 6.953026750182264, "3": 6.953026750182264, "4": 5.82275321914106, "5": 5.794798293620659, "6": 5.794798293620659, "7": 5.794798293620659, "8": 5.794798293620659, "9": 5.794798293620659, "10": 5.794798293620659, "11": 5.372758919993428, "12": 5.372758919993428, "13": 4.349681982696529, "14": 4.349681982696529, "15": 4.349681982696529, "16": 4.349681982696529, "17": 4.349681982696529, "18": 4.349681982696529, "19": 4.349681982696529, "20": 4.349681982696529, "21": 1.4953985257835605, "22": 1.4953985257835605, "23": 1.4953985257835605, "24": 1.4953985257835605, "25": 1.4953985257835605, "26": 1.4953985257835605, "27": 1.4953985257835605, "28": 1.4953985257835605, "29": 1.3948198367917826, "30": 1.3948198367917826, "31": 1.3948198367917826, "32": 1.0437951099288156, "33": 1.0437951099288156, "34": 1.0437951099288156, "35": 1.0437951099288156, "36": 1.0437951099288156, "37": 1.0437951099288156, "38": 1.0437951099288156, "39": 1.0437951099288156, "40": 1.0437951099288156, "41": 1.0437951099288156, "42": 1.0437951099288156, "43": 1.0437951099288156, "44": 1.0437951099288156, "45": 1.0437951099288156, "46": 1.0437951099288156, "47": 1.0437951099288156, "48": 1.0437951099288156, "49": 1.0437951099288156, "50": 1.0437951099288156, "51": 1.0437951099288156, "52": 1.0437951099288156, "53": 1.0437951099288156, "54": 1.0437951099288156, "55": 1.0437951099288156, "56": 1.0437951099288156, "57": 1.0437951099288156, "58": 1.0437951099288156, "59": 1.0437951099288156, "60": 1.0437951099288156, "61": 1.0437951099288156, "62": 0.5503500808290092, "63": 0.5503500808290092, "64": 0.5503500808290092, "65": 0.5503500808290092, "66": 0.5503500808290092, "67": 0.5503500808290092, "68": 0.5503500808290092, "69": 0.5503500808290092, "70": 0.5503500808290092, "71": 0.5503500808290092, "72": 0.5503500808290092, "73": 0.5503500808290092, "74": 0.5503500808290092, "75": 0.5503500808290092, "76": 0.5503500808290092, "77": 0.5503500808290092, "78": 0.5503500808290092, "79": 0.5503500808290092, "80": 0.5503500808290092, "81": 0.5503500808290092, "82": 0.5503500808290092, "83": 0.5503500808290092, "84": 0.5503500808290092, "85": 0.5503500808290092, "86": 0.5503500808290092, "87": 0.5503500808290092, "88": 0.5503500808290092, "89": 0.5503500808290092, "90": 0.5503500808290092, "91": 0.5503500808290092, "92": 0.5503500808290092, "93": 0.5503500808290092, "94": 0.5503500808290092, "95": 0.5503500808290092, "96": 0.5503500808290092, "97": 0.5503500808290092, "98": 0.5503500808290092, "99": 0.5503500808290092, "100": 0.5503500808290092}