{"0": 5.309387397243656, "1": 5.309387397243656, "2": 5.309387397243656, "3": 5.235655078967342, "4": 5.235655078967342, "5": 5.235655078967342, "6": 4.068543225472519, "7": 4.068543225472519, "8": 4.068543225472519, "9": 4.0056678255129, "10": 4.0056678255129, "11": 4.0056678255129, "12": 2.240480506824621, "13": 2.240480506824621, "14": 2.240480506824621, "15": 2.240480506824621, "16": 2.240480506824621, "17": 2.240480506824621, "18": 2.240480506824621, "19": 2.240480506824621, "20": 2.240480506824621, "21": 0.8632472389762285, "22": 0.8632472389762285, "23": 0.8632472389762285, "24": 0.8632472389762285, "25": 0.8632472389762285, "26": 0.8632472389762285, "27": 0.8632472389762285, "28": 0.8632472389762285, "29": 0.8632472389762285, "30": 0.8632472389762285, "31": 0.8632472389762285, "32": 0.8632472389762285, "33": 0.8632472389762285, "34": 0.8632472389762285, "35": 0.8632472389762285, "36": 0.8632472389762285, "37": 0.8632472389762285, "38": 0.8632472389762285, "39": 0.8632472389762285, "40": 0.8632472389762285, "41": 0.8632472389762285, "42": 0.8632472389762285, "43": 0.8632472389762285, "44": 0.8632472389762285, "45": 0.8632472389762285, "46": 0.8632472389762285, "47": 0.8632472389762285, "48": 0.8632472389762285, "49": 0.8632472389762285, "50": 0.8632472389762285, "51": 0.8632472389762285, "52": 0.8632472389762285, "53": 0.8632472389762285, "54": 0.8632472389762285, "55": 0.8632472389762285, "56": 0.8632472389762285, "57": 0.8632472389762285, "58": 0.8632472389762285, "59": 0.8632472389762285, "60": 0.8632472389762285, "61": 0.8632472389762285, "62": 0.8632472389762285, "63": 0.8632472389762285, "64": 0.8632472389762285, "65": 0.8632472389762285, "66": 0.8632472389762285, "67": 0.8632472389762285, "68": 0.8632472389762285, "69": 0.8632472389762285, "70": 0.8632472389762285, "71": 0.8632472389762285, "72": 0.8632472389762285, "73": 0.8632472389762285, "74": 0.5998370493583636, "75": 0.5998370493583636, "76": 0.5998370493583636, "77": 0.5998370493583636, "78": 0.5998370493583636, "79": 0.5998370493583636, "80": 0.5998370493583636, "81": 0.5998370493583636, "82": 0.5998370493583636, "83": 0.5998370493583636, "84": 0.5998370493583636, "85": 0.5998370493583636, "86": 0.5998370493583636, "87": 0.5998370493583636, "88": 0.5998370493583636, "89": 0.5998370493583636, "90": 0.5998370493583636, "91": 0.5998370493583636, "92": 0.5998370493583636, "93": 0.5998370493583636, "94": 0.5998370493583636, "95": 0.5998370493583636, "96": 0.5998370493583636, "97": 0.5998370493583636, "98": 0.5998370493583636, "99": 0.5998370493583636, "100": 0.5998370493583636}