{"0": 14.25112195028887, "1": 10.475293986991058, "2": 10.475293986991058, "3": 4.245084115318818, "4": 4.245084115318818, "5": 4.245084115318818, "6": 4.245084115318818, "7": 4.245084115318818, "8": 4.245084115318818, "9": 4.245084115318818, "10": 4.245084115318818, "11": 3.586187054701398, "12": 3.586187054701398, "13": 3.550019937654021, "14": 3.550019937654021, "15": 3.3995868917538843, "16": 3.3874318665498606, "17": 3.3874318665498606, "18": 3.3874318665498606, "19": 2.200411434194976, "20": 2.200411434194976, "21": 2.200411434194976, "22": 2.200411434194976, "23": 2.200411434194976, "24": 2.0637390538759206, "25": 2.0637390538759206, "26": 1.3922155417065056, "27": 1.3922155417065056, "28": 1.3922155417065056, "29": 1.3922155417065056, "30": 1.3922155417065056, "31": 1.3922155417065056, "32": 1.3922155417065056, "33": 1.3922155417065056, "34": 1.3922155417065056, "35": 1.3922155417065056, "36": 1.3890910652625053, "37": 1.3890910652625053, "38": 1.3890910652625053, "39": 1.3890910652625053, "40": 1.3890910652625053, "41": 1.187964856292929, "42": 1.187964856292929, "43": 1.187964856292929, "44": 1.187964856292929, "45": 1.187964856292929, "46": 1.187964856292929, "47": 1.187964856292929, "48": 1.187964856292929, "49": 1.187964856292929, "50": 1.187964856292929, "51": 1.187964856292929, "52": 1.187964856292929, "53": 1.187964856292929, "54": 1.187964856292929, "55": 1.187964856292929, "56": 1.187964856292929, "57": 1.187964856292929, "58": 1.187964856292929, "59": 1.187964856292929, "60": 1.187964856292929, "61": 1.187964856292929, "62": 1.187964856292929, "63": 1.187964856292929, "64": 1.187964856292929, "65": 1.187964856292929, "66": 1.187964856292929, "67": 1.187964856292929, "68": 1.187964856292929, "69": 1.187964856292929, "70": 1.187964856292929, "71": 1.187964856292929, "72": 1.187964856292929, "73": 1.187964856292929, "74": 1.187964856292929, "75": 1.187964856292929, "76": 1.187964856292929, "77": 1.187964856292929, "78": 1.187964856292929, "79": 1.187964856292929, "80": 1.187964856292929, "81": 1.187964856292929, "82": 1.187964856292929, "83": 0.2685994902282154, "84": 0.2685994902282154, "85": 0.2685994902282154, "86": 0.2685994902282154, "87": 0.2685994902282154, "88": 0.2685994902282154, "89": 0.2685994902282154, "90": 0.2685994902282154, "91": 0.2685994902282154, "92": 0.2685994902282154, "93": 0.2685994902282154, "94": 0.2685994902282154, "95": 0.2685994902282154, "96": 0.2685994902282154, "97": 0.2685994902282154, "98": 0.2685994902282154, "99": 0.2685994902282154, "100": 0.2685994902282154}