{"0": 10.25143529704836, "1": 10.25143529704836, "2": 9.070194531714023, "3": 9.070194531714023, "4": 9.070194531714023, "5": 9.070194531714023, "6": 9.070194531714023, "7": 9.070194531714023, "8": 4.8580802471148985, "9": 4.8580802471148985, "10": 4.8580802471148985, "11": 4.8580802471148985, "12": 4.8580802471148985, "13": 4.241296172516176, "14": 4.241296172516176, "15": 4.241296172516176, "16": 4.241296172516176, "17": 4.241296172516176, "18": 4.241296172516176, "19": 1.270002658923108, "20": 1.270002658923108, "21": 1.270002658923108, "22": 1.270002658923108, "23": 1.270002658923108, "24": 1.270002658923108, "25": 1.270002658923108, "26": 1.270002658923108, "27": 1.270002658923108, "28": 1.270002658923108, "29": 1.270002658923108, "30": 1.270002658923108, "31": 1.270002658923108, "32": 1.270002658923108, "33": 1.270002658923108, "34": 1.270002658923108, "35": 1.270002658923108, "36": 1.270002658923108, "37": 1.270002658923108, "38": 1.270002658923108, "39": 1.270002658923108, "40": 1.270002658923108, "41": 1.270002658923108, "42": 1.270002658923108, "43": 1.270002658923108, "44": 1.270002658923108, "45": 1.270002658923108, "46": 1.270002658923108, "47": 1.270002658923108, "48": 1.270002658923108, "49": 1.270002658923108, "50": 1.270002658923108, "51": 1.270002658923108, "52": 1.270002658923108, "53": 1.270002658923108, "54": 1.270002658923108, "55": 1.270002658923108, "56": 1.270002658923108, "57": 1.270002658923108, "58": 1.270002658923108, "59": 1.270002658923108, "60": 1.270002658923108, "61": 1.270002658923108, "62": 1.270002658923108, "63": 1.270002658923108, "64": 1.270002658923108, "65": 1.270002658923108, "66": 1.270002658923108, "67": 1.270002658923108, "68": 1.270002658923108, "69": 1.270002658923108, "70": 1.270002658923108, "71": 1.270002658923108, "72": 1.270002658923108, "73": 1.270002658923108, "74": 1.270002658923108, "75": 1.270002658923108, "76": 1.270002658923108, "77": 1.270002658923108, "78": 1.270002658923108, "79": 1.270002658923108, "80": 1.270002658923108, "81": 1.270002658923108, "82": 1.270002658923108, "83": 1.270002658923108, "84": 1.270002658923108, "85": 1.270002658923108, "86": 1.270002658923108, "87": 1.270002658923108, "88": 1.270002658923108, "89": 1.270002658923108, "90": 1.270002658923108, "91": 1.270002658923108, "92": 1.270002658923108, "93": 1.270002658923108, "94": 1.270002658923108, "95": 1.270002658923108, "96": 1.270002658923108, "97": 1.270002658923108, "98": 1.270002658923108, "99": 1.270002658923108, "100": 1.270002658923108}