{"0": 21.394086308041146, "1": 19.79544656274481, "2": 12.03576098501101, "3": 12.03576098501101, "4": 12.03576098501101, "5": 12.03576098501101, "6": 12.03576098501101, "7": 12.01814731553783, "8": 6.222167342944136, "9": 6.222167342944136, "10": 6.222167342944136, "11": 6.222167342944136, "12": 6.222167342944136, "13": 6.222167342944136, "14": 6.222167342944136, "15": 6.222167342944136, "16": 6.222167342944136, "17": 6.222167342944136, "18": 6.222167342944136, "19": 6.222167342944136, "20": 6.222167342944136, "21": 6.222167342944136, "22": 6.222167342944136, "23": 6.222167342944136, "24": 6.222167342944136, "25": 2.7777674232749803, "26": 2.7777674232749803, "27": 2.7777674232749803, "28": 2.7777674232749803, "29": 2.7777674232749803, "30": 2.7777674232749803, "31": 2.7777674232749803, "32": 2.7777674232749803, "33": 2.7777674232749803, "34": 2.7777674232749803, "35": 2.7777674232749803, "36": 2.7777674232749803, "37": 2.7777674232749803, "38": 2.7777674232749803, "39": 2.7777674232749803, "40": 2.7777674232749803, "41": 2.7777674232749803, "42": 2.7777674232749803, "43": 2.7777674232749803, "44": 2.7777674232749803, "45": 2.7777674232749803, "46": 2.7777674232749803, "47": 2.7777674232749803, "48": 2.7777674232749803, "49": 2.7777674232749803, "50": 2.7777674232749803, "51": 2.7777674232749803, "52": 2.7777674232749803, "53": 2.7777674232749803, "54": 2.7777674232749803, "55": 2.7777674232749803, "56": 2.7777674232749803, "57": 2.7777674232749803, "58": 2.7777674232749803, "59": 2.7777674232749803, "60": 2.7777674232749803, "61": 2.7777674232749803, "62": 2.7777674232749803, "63": 2.7777674232749803, "64": 2.7777674232749803, "65": 2.7777674232749803, "66": 2.7777674232749803, "67": 2.7777674232749803, "68": 2.7777674232749803, "69": 2.7777674232749803, "70": 2.7777674232749803, "71": 2.7777674232749803, "72": 2.7777674232749803, "73": 2.7777674232749803, "74": 2.7777674232749803, "75": 2.7777674232749803, "76": 2.7777674232749803, "77": 2.7777674232749803, "78": 2.7777674232749803, "79": 2.7777674232749803, "80": 2.7777674232749803, "81": 2.7777674232749803, "82": 2.7777674232749803, "83": 2.7777674232749803, "84": 2.7777674232749803, "85": 2.7777674232749803, "86": 2.7777674232749803, "87": 2.7777674232749803, "88": 2.7777674232749803, "89": 2.7777674232749803, "90": 2.7777674232749803, "91": 2.7777674232749803, "92": 2.7777674232749803, "93": 2.7777674232749803, "94": 2.7777674232749803, "95": 2.7777674232749803, "96": 2.7777674232749803, "97": 2.7777674232749803, "98": 2.7777674232749803, "99": 2.7777674232749803, "100": 2.7777674232749803}