{"0": 10.677993161520007, "1": 10.677993161520007, "2": 10.677993161520007, "3": 10.677993161520007, "4": 10.677993161520007, "5": 7.3553863985222705, "6": 7.3553863985222705, "7": 2.6289647251282204, "8": 2.6289647251282204, "9": 2.6289647251282204, "10": 2.078834661045427, "11": 2.078834661045427, "12": 2.078834661045427, "13": 2.078834661045427, "14": 2.078834661045427, "15": 2.078834661045427, "16": 2.0206386212335765, "17": 2.0206386212335765, "18": 1.9253641046670218, "19": 1.9253641046670218, "20": 1.9253641046670218, "21": 1.9253641046670218, "22": 1.7179859483838982, "23": 1.7179859483838982, "24": 1.7179859483838982, "25": 1.7179859483838982, "26": 1.7179859483838982, "27": 1.7179859483838982, "28": 1.2338400222890442, "29": 1.2338400222890442, "30": 1.2338400222890442, "31": 1.2338400222890442, "32": 1.2338400222890442, "33": 1.2338400222890442, "34": 1.2338400222890442, "35": 1.2338400222890442, "36": 1.2338400222890442, "37": 1.2338400222890442, "38": 1.2338400222890442, "39": 1.2338400222890442, "40": 1.2338400222890442, "41": 1.2338400222890442, "42": 1.2338400222890442, "43": 1.2338400222890442, "44": 1.2338400222890442, "45": 1.2338400222890442, "46": 1.2338400222890442, "47": 1.2338400222890442, "48": 1.2338400222890442, "49": 1.2338400222890442, "50": 1.2338400222890442, "51": 1.2338400222890442, "52": 1.2338400222890442, "53": 1.2338400222890442, "54": 1.2338400222890442, "55": 1.2338400222890442, "56": 1.2338400222890442, "57": 1.2338400222890442, "58": 1.2338400222890442, "59": 1.2338400222890442, "60": 1.2338400222890442, "61": 1.2338400222890442, "62": 1.2338400222890442, "63": 1.2338400222890442, "64": 1.2338400222890442, "65": 1.2338400222890442, "66": 1.2338400222890442, "67": 1.2338400222890442, "68": 1.2338400222890442, "69": 1.2338400222890442, "70": 1.2338400222890442, "71": 1.2338400222890442, "72": 1.2338400222890442, "73": 1.2338400222890442, "74": 1.2338400222890442, "75": 0.032278969287339976, "76": 0.032278969287339976, "77": 0.032278969287339976, "78": 0.032278969287339976, "79": 0.032278969287339976, "80": 0.032278969287339976, "81": 0.032278969287339976, "82": 0.032278969287339976, "83": 0.032278969287339976, "84": 0.032278969287339976, "85": 0.032278969287339976, "86": 0.032278969287339976, "87": 0.032278969287339976, "88": 0.032278969287339976, "89": 0.032278969287339976, "90": 0.032278969287339976, "91": 0.032278969287339976, "92": 0.032278969287339976, "93": 0.032278969287339976, "94": 0.032278969287339976, "95": 0.032278969287339976, "96": 0.032278969287339976, "97": 0.032278969287339976, "98": 0.032278969287339976, "99": 0.032278969287339976, "100": 0.032278969287339976}