{"0": 21.750140318022968, "1": 11.775110066242684, "2": 3.775343472778303, "3": 3.775343472778303, "4": 3.775343472778303, "5": 3.775343472778303, "6": 3.775343472778303, "7": 3.775343472778303, "8": 3.775343472778303, "9": 3.775343472778303, "10": 3.775343472778303, "11": 3.775343472778303, "12": 3.188727869119507, "13": 2.1048251739375523, "14": 2.1048251739375523, "15": 2.1048251739375523, "16": 2.1048251739375523, "17": 2.1048251739375523, "18": 1.3563293149060769, "19": 1.3563293149060769, "20": 1.3563293149060769, "21": 1.3563293149060769, "22": 1.3563293149060769, "23": 1.3563293149060769, "24": 1.3563293149060769, "25": 1.3563293149060769, "26": 1.3563293149060769, "27": 1.3563293149060769, "28": 1.3563293149060769, "29": 1.3563293149060769, "30": 1.3563293149060769, "31": 1.3563293149060769, "32": 1.3563293149060769, "33": 1.3563293149060769, "34": 1.3563293149060769, "35": 1.3563293149060769, "36": 1.3563293149060769, "37": 1.3563293149060769, "38": 1.3563293149060769, "39": 1.3563293149060769, "40": 1.3563293149060769, "41": 1.3563293149060769, "42": 1.3563293149060769, "43": 1.3563293149060769, "44": 1.3563293149060769, "45": 1.3563293149060769, "46": 1.3563293149060769, "47": 1.3563293149060769, "48": 1.3563293149060769, "49": 1.3563293149060769, "50": 1.3563293149060769, "51": 1.3563293149060769, "52": 1.3563293149060769, "53": 1.3563293149060769, "54": 1.3563293149060769, "55": 1.3563293149060769, "56": 1.3563293149060769, "57": 1.3563293149060769, "58": 1.3563293149060769, "59": 1.3563293149060769, "60": 1.3563293149060769, "61": 1.3563293149060769, "62": 1.3563293149060769, "63": 1.3563293149060769, "64": 1.3563293149060769, "65": 1.3563293149060769, "66": 1.3563293149060769, "67": 1.3563293149060769, "68": 1.3563293149060769, "69": 1.3563293149060769, "70": 1.3563293149060769, "71": 1.3563293149060769, "72": 1.3563293149060769, "73": 1.3563293149060769, "74": 1.3563293149060769, "75": 1.3563293149060769, "76": 1.3563293149060769, "77": 1.3563293149060769, "78": 0.5495029988815574, "79": 0.5495029988815574, "80": 0.5495029988815574, "81": 0.5495029988815574, "82": 0.5495029988815574, "83": 0.5495029988815574, "84": 0.5495029988815574, "85": 0.5495029988815574, "86": 0.5495029988815574, "87": 0.5495029988815574, "88": 0.5495029988815574, "89": 0.21929342527284135, "90": 0.21929342527284135, "91": 0.21929342527284135, "92": 0.21929342527284135, "93": 0.21929342527284135, "94": 0.21929342527284135, "95": 0.21929342527284135, "96": 0.21929342527284135, "97": 0.21929342527284135, "98": 0.21929342527284135, "99": 0.21929342527284135, "100": 0.21929342527284135}