{"0": 16.02600912384901, "1": 15.95359925325156, "2": 11.436136663907536, "3": 11.436136663907536, "4": 10.637127429909846, "5": 10.637127429909846, "6": 10.637127429909846, "7": 6.010168137707346, "8": 6.010168137707346, "9": 6.010168137707346, "10": 6.010168137707346, "11": 6.010168137707346, "12": 6.010168137707346, "13": 5.968051559430323, "14": 5.968051559430323, "15": 5.968051559430323, "16": 5.968051559430323, "17": 5.968051559430323, "18": 5.790328182697738, "19": 5.344388802285703, "20": 4.451343005477158, "21": 4.451343005477158, "22": 4.451343005477158, "23": 4.451343005477158, "24": 4.451343005477158, "25": 4.451343005477158, "26": 4.451343005477158, "27": 4.451343005477158, "28": 4.451343005477158, "29": 4.451343005477158, "30": 4.451343005477158, "31": 4.451343005477158, "32": 3.7812595110509406, "33": 3.7812595110509406, "34": 3.7812595110509406, "35": 3.7812595110509406, "36": 3.7812595110509406, "37": 3.7812595110509406, "38": 3.7812595110509406, "39": 3.7812595110509406, "40": 3.7812595110509406, "41": 3.7812595110509406, "42": 3.7812595110509406, "43": 3.7812595110509406, "44": 3.7812595110509406, "45": 3.7812595110509406, "46": 3.7812595110509406, "47": 3.7812595110509406, "48": 3.7812595110509406, "49": 3.7812595110509406, "50": 3.7812595110509406, "51": 3.7812595110509406, "52": 3.7812595110509406, "53": 3.7812595110509406, "54": 3.7812595110509406, "55": 3.7812595110509406, "56": 3.7812595110509406, "57": 3.7812595110509406, "58": 3.7812595110509406, "59": 3.7812595110509406, "60": 3.7812595110509406, "61": 3.7812595110509406, "62": 3.7812595110509406, "63": 3.7812595110509406, "64": 3.7812595110509406, "65": 3.7812595110509406, "66": 3.7812595110509406, "67": 3.7812595110509406, "68": 3.7812595110509406, "69": 3.7812595110509406, "70": 3.7812595110509406, "71": 3.7812595110509406, "72": 3.7812595110509406, "73": 3.7812595110509406, "74": 3.7812595110509406, "75": 3.7812595110509406, "76": 3.262399341100764, "77": 3.262399341100764, "78": 3.262399341100764, "79": 3.262399341100764, "80": 3.262399341100764, "81": 3.262399341100764, "82": 3.262399341100764, "83": 3.262399341100764, "84": 3.262399341100764, "85": 3.262399341100764, "86": 3.262399341100764, "87": 3.262399341100764, "88": 3.262399341100764, "89": 3.262399341100764, "90": 3.262399341100764, "91": 3.262399341100764, "92": 3.262399341100764, "93": 3.262399341100764, "94": 3.262399341100764, "95": 3.262399341100764, "96": 3.262399341100764, "97": 3.262399341100764, "98": 3.262399341100764, "99": 3.262399341100764, "100": 3.262399341100764}