{"0": 25.29606297605846, "1": 11.059052659793545, "2": 11.059052659793545, "3": 11.059052659793545, "4": 11.059052659793545, "5": 11.059052659793545, "6": 11.059052659793545, "7": 11.059052659793545, "8": 11.059052659793545, "9": 11.059052659793545, "10": 11.059052659793545, "11": 7.92033513399366, "12": 7.92033513399366, "13": 6.353923597969176, "14": 6.353923597969176, "15": 6.353923597969176, "16": 3.8749828966276922, "17": 3.8749828966276922, "18": 3.8749828966276922, "19": 2.913907370581086, "20": 1.5487081609021516, "21": 1.5487081609021516, "22": 1.5487081609021516, "23": 1.5487081609021516, "24": 1.5487081609021516, "25": 1.5487081609021516, "26": 1.5487081609021516, "27": 1.5487081609021516, "28": 1.5487081609021516, "29": 1.5487081609021516, "30": 1.5487081609021516, "31": 1.5487081609021516, "32": 1.5487081609021516, "33": 1.5487081609021516, "34": 1.5487081609021516, "35": 1.5487081609021516, "36": 1.5487081609021516, "37": 1.5487081609021516, "38": 1.5487081609021516, "39": 1.5487081609021516, "40": 1.5487081609021516, "41": 1.5487081609021516, "42": 1.5487081609021516, "43": 1.5487081609021516, "44": 1.5487081609021516, "45": 1.5487081609021516, "46": 1.5487081609021516, "47": 1.5487081609021516, "48": 1.5487081609021516, "49": 1.5487081609021516, "50": 1.5487081609021516, "51": 1.5487081609021516, "52": 1.5487081609021516, "53": 1.5487081609021516, "54": 1.5487081609021516, "55": 1.5487081609021516, "56": 1.5487081609021516, "57": 1.5487081609021516, "58": 1.5487081609021516, "59": 1.5487081609021516, "60": 1.5487081609021516, "61": 1.5487081609021516, "62": 1.5487081609021516, "63": 1.5487081609021516, "64": 1.5487081609021516, "65": 1.5487081609021516, "66": 1.5487081609021516, "67": 1.5487081609021516, "68": 1.5487081609021516, "69": 1.5487081609021516, "70": 1.5487081609021516, "71": 1.5487081609021516, "72": 1.5487081609021516, "73": 1.5487081609021516, "74": 1.5487081609021516, "75": 1.5487081609021516, "76": 1.5487081609021516, "77": 1.5487081609021516, "78": 1.5487081609021516, "79": 1.5487081609021516, "80": 1.5487081609021516, "81": 1.5487081609021516, "82": 1.5487081609021516, "83": 1.5487081609021516, "84": 1.5487081609021516, "85": 1.5487081609021516, "86": 1.5487081609021516, "87": 1.5487081609021516, "88": 1.5487081609021516, "89": 1.5487081609021516, "90": 1.5487081609021516, "91": 1.5487081609021516, "92": 1.5487081609021516, "93": 1.5487081609021516, "94": 1.5487081609021516, "95": 1.5487081609021516, "96": 1.5487081609021516, "97": 1.5487081609021516, "98": 1.5487081609021516, "99": 1.5487081609021516, "100": 1.5487081609021516}