{"0": 16.679448512685724, "1": 11.754051880906104, "2": 11.754051880906104, "3": 11.754051880906104, "4": 11.153110933564808, "5": 11.153110933564808, "6": 4.061411507021999, "7": 4.061411507021999, "8": 4.061411507021999, "9": 4.061411507021999, "10": 4.061411507021999, "11": 4.061411507021999, "12": 2.3143097947832487, "13": 2.3143097947832487, "14": 2.3143097947832487, "15": 2.3143097947832487, "16": 2.3143097947832487, "17": 2.3143097947832487, "18": 2.3143097947832487, "19": 2.3143097947832487, "20": 2.3143097947832487, "21": 2.3143097947832487, "22": 2.3143097947832487, "23": 2.3143097947832487, "24": 2.3143097947832487, "25": 2.3143097947832487, "26": 2.3143097947832487, "27": 2.3143097947832487, "28": 2.3143097947832487, "29": 2.3143097947832487, "30": 2.3143097947832487, "31": 2.3143097947832487, "32": 2.3143097947832487, "33": 2.3143097947832487, "34": 2.3143097947832487, "35": 2.3143097947832487, "36": 2.041572987724564, "37": 2.041572987724564, "38": 2.041572987724564, "39": 2.041572987724564, "40": 2.041572987724564, "41": 2.041572987724564, "42": 2.041572987724564, "43": 2.041572987724564, "44": 2.041572987724564, "45": 2.041572987724564, "46": 2.041572987724564, "47": 2.041572987724564, "48": 2.041572987724564, "49": 2.041572987724564, "50": 2.041572987724564, "51": 2.041572987724564, "52": 1.9852962690877831, "53": 1.9852962690877831, "54": 1.9852962690877831, "55": 1.9852962690877831, "56": 1.9852962690877831, "57": 1.9852962690877831, "58": 1.9852962690877831, "59": 1.9852962690877831, "60": 1.9852962690877831, "61": 1.9852962690877831, "62": 1.9852962690877831, "63": 1.9852962690877831, "64": 1.9852962690877831, "65": 1.9852962690877831, "66": 1.9852962690877831, "67": 1.9852962690877831, "68": 1.9852962690877831, "69": 1.9852962690877831, "70": 1.9852962690877831, "71": 1.9852962690877831, "72": 1.9852962690877831, "73": 1.9852962690877831, "74": 1.9852962690877831, "75": 1.9852962690877831, "76": 1.9852962690877831, "77": 1.9852962690877831, "78": 1.9852962690877831, "79": 1.9852962690877831, "80": 1.9852962690877831, "81": 1.9852962690877831, "82": 1.9852962690877831, "83": 1.9852962690877831, "84": 1.9852962690877831, "85": 1.9852962690877831, "86": 1.9852962690877831, "87": 1.9852962690877831, "88": 1.9852962690877831, "89": 1.9852962690877831, "90": 1.9852962690877831, "91": 1.9852962690877831, "92": 1.9852962690877831, "93": 1.9852962690877831, "94": 1.9852962690877831, "95": 1.9852962690877831, "96": 1.9852962690877831, "97": 1.9852962690877831, "98": 1.9852962690877831, "99": 1.9852962690877831, "100": 1.9852962690877831}