{"0": 14.688306200407062, "1": 14.688306200407062, "2": 14.688306200407062, "3": 14.688306200407062, "4": 14.688306200407062, "5": 2.722123382008533, "6": 2.722123382008533, "7": 2.409096445061593, "8": 2.409096445061593, "9": 2.409096445061593, "10": 2.409096445061593, "11": 2.409096445061593, "12": 2.409096445061593, "13": 2.409096445061593, "14": 2.409096445061593, "15": 2.409096445061593, "16": 2.409096445061593, "17": 2.409096445061593, "18": 2.409096445061593, "19": 2.409096445061593, "20": 2.409096445061593, "21": 2.409096445061593, "22": 2.409096445061593, "23": 2.409096445061593, "24": 2.409096445061593, "25": 2.409096445061593, "26": 2.409096445061593, "27": 2.409096445061593, "28": 2.2628103875633734, "29": 2.2628103875633734, "30": 2.2628103875633734, "31": 2.2628103875633734, "32": 2.2628103875633734, "33": 2.2628103875633734, "34": 2.2628103875633734, "35": 2.2628103875633734, "36": 2.2628103875633734, "37": 2.2628103875633734, "38": 2.2628103875633734, "39": 2.2628103875633734, "40": 2.2628103875633734, "41": 2.2628103875633734, "42": 2.2628103875633734, "43": 2.2628103875633734, "44": 0.5761380385309849, "45": 0.5761380385309849, "46": 0.5761380385309849, "47": 0.5761380385309849, "48": 0.5761380385309849, "49": 0.5761380385309849, "50": 0.5761380385309849, "51": 0.5761380385309849, "52": 0.5761380385309849, "53": 0.5761380385309849, "54": 0.5761380385309849, "55": 0.5761380385309849, "56": 0.5761380385309849, "57": 0.5761380385309849, "58": 0.5761380385309849, "59": 0.5761380385309849, "60": 0.5761380385309849, "61": 0.5761380385309849, "62": 0.5761380385309849, "63": 0.5761380385309849, "64": 0.5761380385309849, "65": 0.5761380385309849, "66": 0.5761380385309849, "67": 0.5761380385309849, "68": 0.5761380385309849, "69": 0.5761380385309849, "70": 0.5761380385309849, "71": 0.5761380385309849, "72": 0.5761380385309849, "73": 0.5761380385309849, "74": 0.5761380385309849, "75": 0.5761380385309849, "76": 0.5761380385309849, "77": 0.5761380385309849, "78": 0.5761380385309849, "79": 0.5761380385309849, "80": 0.5761380385309849, "81": 0.5761380385309849, "82": 0.5761380385309849, "83": 0.5761380385309849, "84": 0.5761380385309849, "85": 0.5761380385309849, "86": 0.5761380385309849, "87": 0.5761380385309849, "88": 0.5761380385309849, "89": 0.5761380385309849, "90": 0.5761380385309849, "91": 0.5761380385309849, "92": 0.5761380385309849, "93": 0.5761380385309849, "94": 0.5761380385309849, "95": 0.5761380385309849, "96": 0.5761380385309849, "97": 0.5761380385309849, "98": 0.5761380385309849, "99": 0.5761380385309849, "100": 0.5761380385309849}