{"0": 27.72206623857397, "1": 17.590287971756393, "2": 17.590287971756393, "3": 17.590287971756393, "4": 12.31201836290882, "5": 12.31201836290882, "6": 12.31201836290882, "7": 12.31201836290882, "8": 12.31201836290882, "9": 7.709633686811008, "10": 4.7520102324143885, "11": 3.64460707527169, "12": 3.64460707527169, "13": 3.64460707527169, "14": 3.64460707527169, "15": 2.264446379346289, "16": 2.264446379346289, "17": 2.264446379346289, "18": 2.264446379346289, "19": 2.264446379346289, "20": 2.264446379346289, "21": 2.264446379346289, "22": 2.264446379346289, "23": 2.264446379346289, "24": 2.264446379346289, "25": 2.264446379346289, "26": 2.264446379346289, "27": 2.264446379346289, "28": 2.264446379346289, "29": 2.264446379346289, "30": 2.264446379346289, "31": 2.264446379346289, "32": 2.264446379346289, "33": 2.264446379346289, "34": 2.264446379346289, "35": 2.264446379346289, "36": 2.264446379346289, "37": 2.264446379346289, "38": 2.264446379346289, "39": 2.264446379346289, "40": 2.264446379346289, "41": 2.264446379346289, "42": 2.264446379346289, "43": 2.264446379346289, "44": 2.264446379346289, "45": 2.264446379346289, "46": 2.264446379346289, "47": 2.264446379346289, "48": 2.264446379346289, "49": 2.264446379346289, "50": 2.264446379346289, "51": 2.1442131636901394, "52": 2.1442131636901394, "53": 2.1442131636901394, "54": 2.1442131636901394, "55": 2.1442131636901394, "56": 2.1442131636901394, "57": 2.1442131636901394, "58": 2.1442131636901394, "59": 2.1442131636901394, "60": 2.1442131636901394, "61": 2.1442131636901394, "62": 2.1442131636901394, "63": 2.1442131636901394, "64": 2.1442131636901394, "65": 2.1442131636901394, "66": 2.1442131636901394, "67": 2.1442131636901394, "68": 2.1442131636901394, "69": 2.1442131636901394, "70": 2.1442131636901394, "71": 2.1442131636901394, "72": 2.1442131636901394, "73": 2.1442131636901394, "74": 2.1442131636901394, "75": 2.1442131636901394, "76": 2.1442131636901394, "77": 2.1442131636901394, "78": 2.1442131636901394, "79": 2.1442131636901394, "80": 2.1442131636901394, "81": 2.1442131636901394, "82": 2.1442131636901394, "83": 2.1442131636901394, "84": 2.1442131636901394, "85": 2.1442131636901394, "86": 2.1442131636901394, "87": 2.1442131636901394, "88": 2.1442131636901394, "89": 2.1442131636901394, "90": 2.1442131636901394, "91": 2.1442131636901394, "92": 2.1442131636901394, "93": 2.1442131636901394, "94": 2.1442131636901394, "95": 2.1442131636901394, "96": 2.1442131636901394, "97": 2.1442131636901394, "98": 2.1442131636901394, "99": 2.1442131636901394, "100": 2.1442131636901394}