{"0": 20.469884738418397, "1": 8.370141750095097, "2": 6.879118302898931, "3": 6.879118302898931, "4": 6.879118302898931, "5": 5.40942868863309, "6": 3.6476858749808407, "7": 3.6476858749808407, "8": 3.6476858749808407, "9": 3.6476858749808407, "10": 2.918536102866213, "11": 2.918536102866213, "12": 2.1427240683303452, "13": 2.1427240683303452, "14": 2.1427240683303452, "15": 2.1427240683303452, "16": 2.1335806398899066, "17": 2.1335806398899066, "18": 2.1335806398899066, "19": 2.1335806398899066, "20": 2.1335806398899066, "21": 2.1335806398899066, "22": 2.1335806398899066, "23": 2.1335806398899066, "24": 2.1335806398899066, "25": 2.1335806398899066, "26": 2.1335806398899066, "27": 2.1335806398899066, "28": 2.1335806398899066, "29": 2.1335806398899066, "30": 2.1335806398899066, "31": 1.1969690201379635, "32": 1.1969690201379635, "33": 1.1969690201379635, "34": 1.1969690201379635, "35": 1.1969690201379635, "36": 1.1969690201379635, "37": 1.1969690201379635, "38": 1.1969690201379635, "39": 1.1969690201379635, "40": 1.1969690201379635, "41": 1.1969690201379635, "42": 1.1969690201379635, "43": 1.1969690201379635, "44": 1.1969690201379635, "45": 1.1969690201379635, "46": 1.1969690201379635, "47": 1.1969690201379635, "48": 1.1969690201379635, "49": 1.1969690201379635, "50": 1.1969690201379635, "51": 1.1969690201379635, "52": 1.1969690201379635, "53": 1.1969690201379635, "54": 1.1969690201379635, "55": 1.1969690201379635, "56": 1.1969690201379635, "57": 1.1969690201379635, "58": 1.1969690201379635, "59": 1.1969690201379635, "60": 1.1969690201379635, "61": 1.1969690201379635, "62": 1.1969690201379635, "63": 1.1969690201379635, "64": 1.1969690201379635, "65": 1.1969690201379635, "66": 1.1969690201379635, "67": 1.1969690201379635, "68": 1.1969690201379635, "69": 1.1969690201379635, "70": 1.1969690201379635, "71": 1.1969690201379635, "72": 1.1969690201379635, "73": 1.1969690201379635, "74": 1.1969690201379635, "75": 1.1969690201379635, "76": 1.1969690201379635, "77": 1.1969690201379635, "78": 1.1969690201379635, "79": 1.1969690201379635, "80": 1.1969690201379635, "81": 1.1969690201379635, "82": 1.1969690201379635, "83": 1.1969690201379635, "84": 1.1969690201379635, "85": 1.1969690201379635, "86": 1.1969690201379635, "87": 1.1969690201379635, "88": 1.1969690201379635, "89": 1.1969690201379635, "90": 1.1969690201379635, "91": 1.1969690201379635, "92": 1.1969690201379635, "93": 1.1969690201379635, "94": 1.1969690201379635, "95": 1.1969690201379635, "96": 1.1969690201379635, "97": 1.1969690201379635, "98": 1.1969690201379635, "99": 0.03344714978354446, "100": 0.03344714978354446}