{"0": 21.476881314823615, "1": 21.476881314823615, "2": 18.922179787948735, "3": 9.893087271756183, "4": 7.247182602625081, "5": 2.1134191714878874, "6": 2.1134191714878874, "7": 2.1134191714878874, "8": 2.1134191714878874, "9": 2.1134191714878874, "10": 2.1134191714878874, "11": 2.1134191714878874, "12": 2.1134191714878874, "13": 2.1134191714878874, "14": 2.1134191714878874, "15": 2.1134191714878874, "16": 2.1134191714878874, "17": 2.1134191714878874, "18": 2.1134191714878874, "19": 2.1134191714878874, "20": 2.1134191714878874, "21": 2.1134191714878874, "22": 1.3847401666219241, "23": 1.3847401666219241, "24": 1.3847401666219241, "25": 1.3847401666219241, "26": 1.3847401666219241, "27": 1.3847401666219241, "28": 1.3847401666219241, "29": 1.3847401666219241, "30": 1.3847401666219241, "31": 1.3847401666219241, "32": 1.3847401666219241, "33": 1.3847401666219241, "34": 1.3847401666219241, "35": 1.3847401666219241, "36": 1.3847401666219241, "37": 1.3847401666219241, "38": 1.3847401666219241, "39": 1.3847401666219241, "40": 1.3847401666219241, "41": 1.3847401666219241, "42": 1.3847401666219241, "43": 1.3847401666219241, "44": 1.3847401666219241, "45": 1.3847401666219241, "46": 1.3847401666219241, "47": 1.3847401666219241, "48": 1.3847401666219241, "49": 1.3847401666219241, "50": 1.3847401666219241, "51": 1.3847401666219241, "52": 1.3847401666219241, "53": 1.3847401666219241, "54": 1.3847401666219241, "55": 1.3847401666219241, "56": 1.3847401666219241, "57": 1.3847401666219241, "58": 1.3847401666219241, "59": 1.3847401666219241, "60": 1.3847401666219241, "61": 1.3847401666219241, "62": 1.3847401666219241, "63": 1.3847401666219241, "64": 1.3847401666219241, "65": 1.3847401666219241, "66": 1.3847401666219241, "67": 1.3847401666219241, "68": 1.3847401666219241, "69": 1.3847401666219241, "70": 1.3847401666219241, "71": 1.3847401666219241, "72": 1.3847401666219241, "73": 1.3847401666219241, "74": 1.3847401666219241, "75": 1.3029972193858477, "76": 1.3029972193858477, "77": 1.3029972193858477, "78": 1.3029972193858477, "79": 1.3029972193858477, "80": 1.3029972193858477, "81": 1.3029972193858477, "82": 1.3029972193858477, "83": 1.3029972193858477, "84": 1.3029972193858477, "85": 1.3029972193858477, "86": 1.3029972193858477, "87": 1.3029972193858477, "88": 1.3029972193858477, "89": 1.3029972193858477, "90": 1.3029972193858477, "91": 1.3029972193858477, "92": 1.3029972193858477, "93": 1.3029972193858477, "94": 1.3029972193858477, "95": 1.3029972193858477, "96": 1.3029972193858477, "97": 1.3029972193858477, "98": 1.3029972193858477, "99": 1.3029972193858477, "100": 1.3029972193858477}