{"0": 29.647011677779357, "1": 5.936059460499113, "2": 5.936059460499113, "3": 5.936059460499113, "4": 5.936059460499113, "5": 5.936059460499113, "6": 4.982669050369399, "7": 4.982669050369399, "8": 4.982669050369399, "9": 4.982669050369399, "10": 4.982669050369399, "11": 4.982669050369399, "12": 4.982669050369399, "13": 4.982669050369399, "14": 2.1855283276180906, "15": 2.1855283276180906, "16": 2.1855283276180906, "17": 2.1855283276180906, "18": 1.0664071181358352, "19": 1.0664071181358352, "20": 1.0664071181358352, "21": 1.0664071181358352, "22": 1.0664071181358352, "23": 1.0664071181358352, "24": 1.0664071181358352, "25": 1.0664071181358352, "26": 1.0664071181358352, "27": 1.0664071181358352, "28": 1.0664071181358352, "29": 1.0664071181358352, "30": 1.0664071181358352, "31": 1.0664071181358352, "32": 1.0664071181358352, "33": 1.0664071181358352, "34": 1.0664071181358352, "35": 1.0664071181358352, "36": 1.0664071181358352, "37": 1.0664071181358352, "38": 1.0664071181358352, "39": 1.0664071181358352, "40": 1.0664071181358352, "41": 1.0664071181358352, "42": 1.0664071181358352, "43": 1.0664071181358352, "44": 1.0664071181358352, "45": 1.0664071181358352, "46": 1.0664071181358352, "47": 1.0664071181358352, "48": 1.0664071181358352, "49": 1.0664071181358352, "50": 1.0664071181358352, "51": 1.0664071181358352, "52": 1.0664071181358352, "53": 1.0664071181358352, "54": 1.0664071181358352, "55": 1.0664071181358352, "56": 1.0664071181358352, "57": 1.0664071181358352, "58": 1.0664071181358352, "59": 1.0664071181358352, "60": 1.0664071181358352, "61": 1.0664071181358352, "62": 1.0664071181358352, "63": 1.0664071181358352, "64": 1.0664071181358352, "65": 1.0664071181358352, "66": 1.0664071181358352, "67": 1.0664071181358352, "68": 1.0664071181358352, "69": 1.0664071181358352, "70": 1.0664071181358352, "71": 1.0664071181358352, "72": 1.0664071181358352, "73": 1.0664071181358352, "74": 1.0664071181358352, "75": 1.0664071181358352, "76": 1.0664071181358352, "77": 1.0664071181358352, "78": 1.0664071181358352, "79": 1.0664071181358352, "80": 1.0664071181358352, "81": 1.0664071181358352, "82": 1.0664071181358352, "83": 1.0664071181358352, "84": 1.0664071181358352, "85": 1.0664071181358352, "86": 1.0664071181358352, "87": 1.0664071181358352, "88": 1.0664071181358352, "89": 1.0664071181358352, "90": 1.0664071181358352, "91": 1.0664071181358352, "92": 1.0664071181358352, "93": 1.0664071181358352, "94": 1.0664071181358352, "95": 1.0664071181358352, "96": 1.0664071181358352, "97": 1.0664071181358352, "98": 1.0664071181358352, "99": 1.0664071181358352, "100": 1.0664071181358352}