{"0": 25.88319971200537, "1": 20.695293253040056, "2": 20.695293253040056, "3": 3.306051048948497, "4": 3.306051048948497, "5": 3.306051048948497, "6": 3.306051048948497, "7": 3.306051048948497, "8": 2.0971377100329534, "9": 2.0971377100329534, "10": 2.0971377100329534, "11": 2.0971377100329534, "12": 2.0971377100329534, "13": 2.0459167786005885, "14": 2.0459167786005885, "15": 2.016080228632781, "16": 2.016080228632781, "17": 2.016080228632781, "18": 2.016080228632781, "19": 2.016080228632781, "20": 2.016080228632781, "21": 2.016080228632781, "22": 1.6248264314624947, "23": 1.6248264314624947, "24": 1.6248264314624947, "25": 1.6248264314624947, "26": 1.6248264314624947, "27": 1.6248264314624947, "28": 1.6248264314624947, "29": 1.6248264314624947, "30": 1.6248264314624947, "31": 1.6248264314624947, "32": 1.6248264314624947, "33": 1.6248264314624947, "34": 1.6248264314624947, "35": 1.6248264314624947, "36": 1.6248264314624947, "37": 1.6248264314624947, "38": 1.6248264314624947, "39": 1.6248264314624947, "40": 1.6248264314624947, "41": 1.6248264314624947, "42": 1.6248264314624947, "43": 1.6248264314624947, "44": 1.6248264314624947, "45": 1.6248264314624947, "46": 1.6248264314624947, "47": 1.6248264314624947, "48": 1.6248264314624947, "49": 1.6248264314624947, "50": 1.6248264314624947, "51": 1.6248264314624947, "52": 1.6248264314624947, "53": 1.6248264314624947, "54": 1.6248264314624947, "55": 1.6248264314624947, "56": 1.6248264314624947, "57": 1.6248264314624947, "58": 1.367864259248666, "59": 1.367864259248666, "60": 1.367864259248666, "61": 1.367864259248666, "62": 1.367864259248666, "63": 1.367864259248666, "64": 1.367864259248666, "65": 1.367864259248666, "66": 1.367864259248666, "67": 1.367864259248666, "68": 1.367864259248666, "69": 1.367864259248666, "70": 1.367864259248666, "71": 1.367864259248666, "72": 1.367864259248666, "73": 1.367864259248666, "74": 1.367864259248666, "75": 1.367864259248666, "76": 1.367864259248666, "77": 1.367864259248666, "78": 1.367864259248666, "79": 1.367864259248666, "80": 1.367864259248666, "81": 1.367864259248666, "82": 1.367864259248666, "83": 1.367864259248666, "84": 1.367864259248666, "85": 1.367864259248666, "86": 1.367864259248666, "87": 1.367864259248666, "88": 1.367864259248666, "89": 1.367864259248666, "90": 1.367864259248666, "91": 1.367864259248666, "92": 1.367864259248666, "93": 1.367864259248666, "94": 1.367864259248666, "95": 1.367864259248666, "96": 1.367864259248666, "97": 1.367864259248666, "98": 1.367864259248666, "99": 1.367864259248666, "100": 1.367864259248666}