{"0": 18.120959731221074, "1": 15.129268840666377, "2": 15.129268840666377, "3": 11.371616846629555, "4": 11.371616846629555, "5": 11.371616846629555, "6": 5.193222201433294, "7": 5.193222201433294, "8": 5.193222201433294, "9": 5.193222201433294, "10": 5.193222201433294, "11": 5.193222201433294, "12": 5.193222201433294, "13": 5.193222201433294, "14": 5.193222201433294, "15": 5.193222201433294, "16": 2.8036667634099146, "17": 2.8036667634099146, "18": 2.8036667634099146, "19": 2.8036667634099146, "20": 2.0425096397641163, "21": 2.0425096397641163, "22": 2.0425096397641163, "23": 2.0425096397641163, "24": 2.0425096397641163, "25": 2.0425096397641163, "26": 2.0425096397641163, "27": 1.0573254582845806, "28": 1.0573254582845806, "29": 1.0573254582845806, "30": 1.0573254582845806, "31": 1.0573254582845806, "32": 1.0573254582845806, "33": 1.0573254582845806, "34": 1.0573254582845806, "35": 1.0573254582845806, "36": 1.0573254582845806, "37": 1.0573254582845806, "38": 1.0573254582845806, "39": 1.0573254582845806, "40": 1.0573254582845806, "41": 1.0573254582845806, "42": 1.0573254582845806, "43": 1.0573254582845806, "44": 1.0573254582845806, "45": 1.0573254582845806, "46": 1.0573254582845806, "47": 1.0573254582845806, "48": 1.0573254582845806, "49": 1.0573254582845806, "50": 1.0573254582845806, "51": 1.0573254582845806, "52": 1.0573254582845806, "53": 1.0573254582845806, "54": 1.0573254582845806, "55": 1.0573254582845806, "56": 1.0573254582845806, "57": 1.0573254582845806, "58": 1.0573254582845806, "59": 1.0573254582845806, "60": 1.0573254582845806, "61": 1.0573254582845806, "62": 1.0573254582845806, "63": 1.0573254582845806, "64": 1.0573254582845806, "65": 1.0573254582845806, "66": 1.0573254582845806, "67": 1.0573254582845806, "68": 1.0573254582845806, "69": 1.0573254582845806, "70": 1.0573254582845806, "71": 1.0573254582845806, "72": 1.0573254582845806, "73": 1.0573254582845806, "74": 1.0573254582845806, "75": 1.0573254582845806, "76": 1.0573254582845806, "77": 1.0573254582845806, "78": 1.0573254582845806, "79": 1.0573254582845806, "80": 1.0573254582845806, "81": 1.0573254582845806, "82": 1.0573254582845806, "83": 1.0573254582845806, "84": 1.0573254582845806, "85": 1.0573254582845806, "86": 1.0573254582845806, "87": 1.0573254582845806, "88": 1.0573254582845806, "89": 1.0573254582845806, "90": 1.0573254582845806, "91": 1.0573254582845806, "92": 1.0573254582845806, "93": 1.0573254582845806, "94": 1.0573254582845806, "95": 1.0573254582845806, "96": 1.0573254582845806, "97": 1.0573254582845806, "98": 1.0573254582845806, "99": 1.0573254582845806, "100": 1.0573254582845806}