{"0": 10.58780971548761, "1": 5.92855767016121, "2": 5.92855767016121, "3": 5.92855767016121, "4": 5.202799992943982, "5": 5.202799992943982, "6": 5.202799992943982, "7": 5.202799992943982, "8": 5.202799992943982, "9": 5.202799992943982, "10": 5.202799992943982, "11": 5.202799992943982, "12": 5.188876140372667, "13": 5.188876140372667, "14": 5.188876140372667, "15": 2.9901534662810434, "16": 2.9901534662810434, "17": 2.9901534662810434, "18": 2.9901534662810434, "19": 2.9901534662810434, "20": 2.9901534662810434, "21": 2.9901534662810434, "22": 2.357141308196013, "23": 2.357141308196013, "24": 2.357141308196013, "25": 2.357141308196013, "26": 2.357141308196013, "27": 2.357141308196013, "28": 2.357141308196013, "29": 2.357141308196013, "30": 2.357141308196013, "31": 2.357141308196013, "32": 2.357141308196013, "33": 2.357141308196013, "34": 2.357141308196013, "35": 2.357141308196013, "36": 2.357141308196013, "37": 2.357141308196013, "38": 2.357141308196013, "39": 2.357141308196013, "40": 2.357141308196013, "41": 2.357141308196013, "42": 2.357141308196013, "43": 2.357141308196013, "44": 2.357141308196013, "45": 2.357141308196013, "46": 2.357141308196013, "47": 2.357141308196013, "48": 2.357141308196013, "49": 2.357141308196013, "50": 2.357141308196013, "51": 2.357141308196013, "52": 2.357141308196013, "53": 2.357141308196013, "54": 2.357141308196013, "55": 2.357141308196013, "56": 2.357141308196013, "57": 2.357141308196013, "58": 2.357141308196013, "59": 2.357141308196013, "60": 2.357141308196013, "61": 2.357141308196013, "62": 2.357141308196013, "63": 2.357141308196013, "64": 2.357141308196013, "65": 2.357141308196013, "66": 2.357141308196013, "67": 2.357141308196013, "68": 2.357141308196013, "69": 2.357141308196013, "70": 2.357141308196013, "71": 2.357141308196013, "72": 2.357141308196013, "73": 2.357141308196013, "74": 2.357141308196013, "75": 2.357141308196013, "76": 2.357141308196013, "77": 2.357141308196013, "78": 2.357141308196013, "79": 2.357141308196013, "80": 2.357141308196013, "81": 2.357141308196013, "82": 2.357141308196013, "83": 2.357141308196013, "84": 2.357141308196013, "85": 2.357141308196013, "86": 2.357141308196013, "87": 2.357141308196013, "88": 2.357141308196013, "89": 2.357141308196013, "90": 2.357141308196013, "91": 2.357141308196013, "92": 2.136815889370194, "93": 2.136815889370194, "94": 2.136815889370194, "95": 2.136815889370194, "96": 2.136815889370194, "97": 2.136815889370194, "98": 2.136815889370194, "99": 2.136815889370194, "100": 2.136815889370194}