{"0": 27.066590994534643, "1": 22.516382872694656, "2": 22.516382872694656, "3": 11.949047071681512, "4": 10.10120696814639, "5": 7.648838732710773, "6": 7.648838732710773, "7": 6.1481979985046955, "8": 5.622153796446231, "9": 5.622153796446231, "10": 5.622153796446231, "11": 5.622153796446231, "12": 4.468701703992071, "13": 4.468701703992071, "14": 4.468701703992071, "15": 1.0633975502786797, "16": 1.0633975502786797, "17": 1.0633975502786797, "18": 1.0633975502786797, "19": 1.0633975502786797, "20": 1.0633975502786797, "21": 1.0633975502786797, "22": 1.0633975502786797, "23": 0.759413812293861, "24": 0.759413812293861, "25": 0.759413812293861, "26": 0.759413812293861, "27": 0.759413812293861, "28": 0.759413812293861, "29": 0.759413812293861, "30": 0.6787485652043372, "31": 0.12313425977519188, "32": 0.12313425977519188, "33": 0.12313425977519188, "34": 0.12313425977519188, "35": 0.12313425977519188, "36": 0.12313425977519188, "37": 0.12313425977519188, "38": 0.12313425977519188, "39": 0.12313425977519188, "40": 0.12313425977519188, "41": 0.12313425977519188, "42": 0.12313425977519188, "43": 0.12313425977519188, "44": 0.12313425977519188, "45": 0.12313425977519188, "46": 0.12313425977519188, "47": 0.12313425977519188, "48": 0.12313425977519188, "49": 0.12313425977519188, "50": 0.12313425977519188, "51": 0.12313425977519188, "52": 0.12313425977519188, "53": 0.12313425977519188, "54": 0.12313425977519188, "55": 0.12313425977519188, "56": 0.12313425977519188, "57": 0.12313425977519188, "58": 0.12313425977519188, "59": 0.12313425977519188, "60": 0.12313425977519188, "61": 0.12313425977519188, "62": 0.12313425977519188, "63": 0.12313425977519188, "64": 0.12313425977519188, "65": 0.12313425977519188, "66": 0.12313425977519188, "67": 0.12313425977519188, "68": 0.12313425977519188, "69": 0.12313425977519188, "70": 0.12313425977519188, "71": 0.12313425977519188, "72": 0.12313425977519188, "73": 0.12313425977519188, "74": 0.12313425977519188, "75": 0.12313425977519188, "76": 0.12313425977519188, "77": 0.12313425977519188, "78": 0.12313425977519188, "79": 0.12313425977519188, "80": 0.12313425977519188, "81": 0.12313425977519188, "82": 0.12313425977519188, "83": 0.12313425977519188, "84": 0.12313425977519188, "85": 0.12313425977519188, "86": 0.12313425977519188, "87": 0.12313425977519188, "88": 0.12313425977519188, "89": 0.12313425977519188, "90": 0.12313425977519188, "91": 0.12313425977519188, "92": 0.12313425977519188, "93": 0.12313425977519188, "94": 0.12313425977519188, "95": 0.12313425977519188, "96": 0.12313425977519188, "97": 0.12313425977519188, "98": 0.12313425977519188, "99": 0.12313425977519188, "100": 0.12313425977519188}