{"0": 24.214296403584953, "1": 22.44828827328404, "2": 21.215130903315185, "3": 21.215130903315185, "4": 14.516834420036425, "5": 14.516834420036425, "6": 3.9830350333839846, "7": 3.9830350333839846, "8": 2.7305531268473615, "9": 2.7305531268473615, "10": 2.7305531268473615, "11": 2.546394329840197, "12": 1.3496669505863146, "13": 1.3496669505863146, "14": 1.3496669505863146, "15": 1.3496669505863146, "16": 1.0309593563431996, "17": 1.0309593563431996, "18": 1.0309593563431996, "19": 1.0309593563431996, "20": 1.0309593563431996, "21": 1.0309593563431996, "22": 1.0309593563431996, "23": 1.0309593563431996, "24": 1.0309593563431996, "25": 1.0309593563431996, "26": 1.0309593563431996, "27": 1.0309593563431996, "28": 1.0309593563431996, "29": 1.0309593563431996, "30": 1.0309593563431996, "31": 1.0309593563431996, "32": 1.0309593563431996, "33": 1.0309593563431996, "34": 1.0309593563431996, "35": 1.0309593563431996, "36": 0.03361016049165855, "37": 0.03361016049165855, "38": 0.03361016049165855, "39": 0.03361016049165855, "40": 0.03361016049165855, "41": 0.03361016049165855, "42": 0.03361016049165855, "43": 0.03361016049165855, "44": 0.03361016049165855, "45": 0.03361016049165855, "46": 0.03361016049165855, "47": 0.03361016049165855, "48": 0.03361016049165855, "49": 0.03361016049165855, "50": 0.03361016049165855, "51": 0.03361016049165855, "52": 0.03361016049165855, "53": 0.03361016049165855, "54": 0.03361016049165855, "55": 0.03361016049165855, "56": 0.03361016049165855, "57": 0.03361016049165855, "58": 0.03361016049165855, "59": 0.03361016049165855, "60": 0.03361016049165855, "61": 0.03361016049165855, "62": 0.03361016049165855, "63": 0.03361016049165855, "64": 0.03361016049165855, "65": 0.03361016049165855, "66": 0.03361016049165855, "67": 0.03361016049165855, "68": 0.03361016049165855, "69": 0.03361016049165855, "70": 0.03361016049165855, "71": 0.03361016049165855, "72": 0.03361016049165855, "73": 0.03361016049165855, "74": 0.03361016049165855, "75": 0.03361016049165855, "76": 0.03361016049165855, "77": 0.03361016049165855, "78": 0.03361016049165855, "79": 0.03361016049165855, "80": 0.03361016049165855, "81": 0.03361016049165855, "82": 0.03361016049165855, "83": 0.03361016049165855, "84": 0.03361016049165855, "85": 0.03361016049165855, "86": 0.03361016049165855, "87": 0.03361016049165855, "88": 0.03361016049165855, "89": 0.03361016049165855, "90": 0.03361016049165855, "91": 0.03361016049165855, "92": 0.03361016049165855, "93": 0.03361016049165855, "94": 0.03361016049165855, "95": 0.03361016049165855, "96": 0.03361016049165855, "97": 0.03361016049165855, "98": 0.03361016049165855, "99": 0.03361016049165855, "100": 0.03361016049165855}