{"0": 10.210625689815544, "1": 10.210625689815544, "2": 10.210625689815544, "3": 10.210625689815544, "4": 10.210625689815544, "5": 9.60288929733634, "6": 9.60288929733634, "7": 6.751119098387225, "8": 6.751119098387225, "9": 1.0332124987562068, "10": 1.0332124987562068, "11": 1.0332124987562068, "12": 1.0332124987562068, "13": 1.0332124987562068, "14": 1.0332124987562068, "15": 1.0332124987562068, "16": 1.015330654552539, "17": 1.015330654552539, "18": 1.0004634816308347, "19": 1.0004634816308347, "20": 1.0004634816308347, "21": 1.0004634816308347, "22": 1.0004634816308347, "23": 1.0004634816308347, "24": 1.0004634816308347, "25": 1.0004634816308347, "26": 1.0004634816308347, "27": 1.0004634816308347, "28": 1.0004634816308347, "29": 1.0004634816308347, "30": 1.0004634816308347, "31": 1.0004634816308347, "32": 1.0004634816308347, "33": 1.0004634816308347, "34": 1.0004634816308347, "35": 1.0004634816308347, "36": 1.0004634816308347, "37": 1.0004634816308347, "38": 1.0004634816308347, "39": 1.0004634816308347, "40": 1.0004634816308347, "41": 1.0004634816308347, "42": 1.0004634816308347, "43": 1.0004634816308347, "44": 1.0004634816308347, "45": 1.0004634816308347, "46": 1.0004634816308347, "47": 1.0004634816308347, "48": 1.0004634816308347, "49": 1.0004634816308347, "50": 1.0004634816308347, "51": 1.0004634816308347, "52": 1.0004634816308347, "53": 1.0004634816308347, "54": 1.0004634816308347, "55": 1.0004634816308347, "56": 1.0004634816308347, "57": 1.0004634816308347, "58": 1.0004634816308347, "59": 1.0004634816308347, "60": 1.0004634816308347, "61": 1.0004634816308347, "62": 1.0004634816308347, "63": 1.0004634816308347, "64": 1.0004634816308347, "65": 1.0004634816308347, "66": 1.0004634816308347, "67": 1.0004634816308347, "68": 1.0004634816308347, "69": 1.0004634816308347, "70": 1.0004634816308347, "71": 1.0004634816308347, "72": 1.0004634816308347, "73": 1.0004634816308347, "74": 1.0004634816308347, "75": 1.0004634816308347, "76": 1.0004634816308347, "77": 1.0004634816308347, "78": 1.0004634816308347, "79": 1.0004634816308347, "80": 1.0004634816308347, "81": 1.0004634816308347, "82": 1.0004634816308347, "83": 1.0004634816308347, "84": 1.0004634816308347, "85": 1.0004634816308347, "86": 1.0004634816308347, "87": 1.0004634816308347, "88": 1.0004634816308347, "89": 1.0004634816308347, "90": 1.0004634816308347, "91": 1.0004634816308347, "92": 1.0004634816308347, "93": 1.0004634816308347, "94": 1.0004634816308347, "95": 1.0004634816308347, "96": 1.0004634816308347, "97": 1.0004634816308347, "98": 1.0004634816308347, "99": 1.0004634816308347, "100": 1.0004634816308347}