{"0": 26.959898417469592, "1": 26.959898417469592, "2": 21.837400863550126, "3": 20.655258330931122, "4": 20.655258330931122, "5": 15.033118798697272, "6": 15.033118798697272, "7": 4.177249317945883, "8": 4.177249317945883, "9": 4.177249317945883, "10": 4.177249317945883, "11": 4.177249317945883, "12": 4.177249317945883, "13": 4.177249317945883, "14": 4.177249317945883, "15": 2.494845289402484, "16": 2.494845289402484, "17": 2.494845289402484, "18": 2.494845289402484, "19": 2.494845289402484, "20": 2.494845289402484, "21": 2.494845289402484, "22": 2.494845289402484, "23": 2.494845289402484, "24": 2.494845289402484, "25": 2.494845289402484, "26": 2.494845289402484, "27": 2.494845289402484, "28": 2.494845289402484, "29": 2.494845289402484, "30": 2.494845289402484, "31": 2.494845289402484, "32": 2.494845289402484, "33": 2.494845289402484, "34": 2.494845289402484, "35": 2.494845289402484, "36": 2.494845289402484, "37": 2.494845289402484, "38": 2.494845289402484, "39": 1.844812670279154, "40": 1.844812670279154, "41": 1.844812670279154, "42": 1.844812670279154, "43": 1.844812670279154, "44": 1.844812670279154, "45": 1.844812670279154, "46": 1.844812670279154, "47": 1.844812670279154, "48": 1.844812670279154, "49": 1.844812670279154, "50": 1.844812670279154, "51": 1.844812670279154, "52": 1.844812670279154, "53": 1.844812670279154, "54": 1.844812670279154, "55": 1.844812670279154, "56": 1.844812670279154, "57": 1.844812670279154, "58": 1.844812670279154, "59": 1.844812670279154, "60": 1.844812670279154, "61": 1.844812670279154, "62": 1.844812670279154, "63": 1.844812670279154, "64": 1.844812670279154, "65": 1.844812670279154, "66": 1.844812670279154, "67": 1.844812670279154, "68": 1.844812670279154, "69": 1.844812670279154, "70": 1.844812670279154, "71": 1.844812670279154, "72": 1.844812670279154, "73": 1.844812670279154, "74": 1.844812670279154, "75": 1.844812670279154, "76": 1.844812670279154, "77": 1.820211541314059, "78": 1.820211541314059, "79": 1.820211541314059, "80": 1.820211541314059, "81": 1.820211541314059, "82": 1.820211541314059, "83": 1.820211541314059, "84": 1.820211541314059, "85": 1.820211541314059, "86": 1.820211541314059, "87": 1.820211541314059, "88": 1.820211541314059, "89": 1.820211541314059, "90": 1.820211541314059, "91": 1.820211541314059, "92": 1.820211541314059, "93": 1.820211541314059, "94": 1.820211541314059, "95": 1.820211541314059, "96": 1.820211541314059, "97": 1.820211541314059, "98": 1.820211541314059, "99": 1.820211541314059, "100": 1.820211541314059}