{"0": 10.900948554383106, "1": 10.900948554383106, "2": 10.900948554383106, "3": 2.333625870802539, "4": 2.333625870802539, "5": 2.333625870802539, "6": 2.333625870802539, "7": 1.6248152591724576, "8": 1.6248152591724576, "9": 0.6739928090361644, "10": 0.6739928090361644, "11": 0.6739928090361644, "12": 0.04198829403550164, "13": 0.04198829403550164, "14": 0.04198829403550164, "15": 0.04198829403550164, "16": 0.04198829403550164, "17": 0.04198829403550164, "18": 0.04198829403550164, "19": 0.04198829403550164, "20": 0.04198829403550164, "21": 0.038224631724759206, "22": 0.038224631724759206, "23": 0.038224631724759206, "24": 0.038224631724759206, "25": 0.038224631724759206, "26": 0.038224631724759206, "27": 0.038224631724759206, "28": 0.038224631724759206, "29": 0.038224631724759206, "30": 0.038224631724759206, "31": 0.038224631724759206, "32": 0.038224631724759206, "33": 0.038224631724759206, "34": 0.038224631724759206, "35": 0.038224631724759206, "36": 0.038224631724759206, "37": 0.038224631724759206, "38": 0.038224631724759206, "39": 0.038224631724759206, "40": 0.038224631724759206, "41": 0.038224631724759206, "42": 0.038224631724759206, "43": 0.038224631724759206, "44": 0.038224631724759206, "45": 0.038224631724759206, "46": 0.038224631724759206, "47": 0.038224631724759206, "48": 0.038224631724759206, "49": 0.038224631724759206, "50": 0.038224631724759206, "51": 0.038224631724759206, "52": 0.038224631724759206, "53": 0.038224631724759206, "54": 0.038224631724759206, "55": 0.038224631724759206, "56": 0.038224631724759206, "57": 0.038224631724759206, "58": 0.038224631724759206, "59": 0.038224631724759206, "60": 0.038224631724759206, "61": 0.038224631724759206, "62": 0.038224631724759206, "63": 0.038224631724759206, "64": 0.038224631724759206, "65": 0.038224631724759206, "66": 0.038224631724759206, "67": 0.038224631724759206, "68": 0.038224631724759206, "69": 0.038224631724759206, "70": 0.038224631724759206, "71": 0.038224631724759206, "72": 0.038224631724759206, "73": 0.038224631724759206, "74": 0.038224631724759206, "75": 0.038224631724759206, "76": 0.038224631724759206, "77": 0.038224631724759206, "78": 0.038224631724759206, "79": 0.038224631724759206, "80": 0.038224631724759206, "81": 0.038224631724759206, "82": 0.038224631724759206, "83": 0.038224631724759206, "84": 0.038224631724759206, "85": 0.038224631724759206, "86": 0.038224631724759206, "87": 0.038224631724759206, "88": 0.038224631724759206, "89": 0.038224631724759206, "90": 0.038224631724759206, "91": 0.038224631724759206, "92": 0.038224631724759206, "93": 0.038224631724759206, "94": 0.038224631724759206, "95": 0.038224631724759206, "96": 0.038224631724759206, "97": 0.038224631724759206, "98": 0.038224631724759206, "99": 0.038224631724759206, "100": 0.038224631724759206}