{"0": 20.440672426744243, "1": 9.781708338558891, "2": 9.781708338558891, "3": 8.189031284658398, "4": 2.6853658827297338, "5": 2.6853658827297338, "6": 2.6853658827297338, "7": 2.6853658827297338, "8": 2.6853658827297338, "9": 2.6853658827297338, "10": 2.6853658827297338, "11": 2.6853658827297338, "12": 2.6853658827297338, "13": 2.6853658827297338, "14": 2.6853658827297338, "15": 2.6853658827297338, "16": 2.6853658827297338, "17": 2.261667089628638, "18": 2.0785507688644387, "19": 2.0785507688644387, "20": 2.0785507688644387, "21": 2.0785507688644387, "22": 1.0143649756652486, "23": 1.0143649756652486, "24": 1.0143649756652486, "25": 1.0143649756652486, "26": 1.0143649756652486, "27": 1.0143649756652486, "28": 1.0143649756652486, "29": 1.0143649756652486, "30": 1.0143649756652486, "31": 1.0143649756652486, "32": 1.0143649756652486, "33": 1.0143649756652486, "34": 1.0143649756652486, "35": 1.0143649756652486, "36": 1.0143649756652486, "37": 1.0143649756652486, "38": 1.0143649756652486, "39": 1.0143649756652486, "40": 1.0143649756652486, "41": 1.0143649756652486, "42": 1.0143649756652486, "43": 1.0143649756652486, "44": 1.0143649756652486, "45": 1.0143649756652486, "46": 1.0143649756652486, "47": 1.0143649756652486, "48": 1.0143649756652486, "49": 1.0143649756652486, "50": 1.0143649756652486, "51": 1.0143649756652486, "52": 1.0143649756652486, "53": 1.0143649756652486, "54": 1.0143649756652486, "55": 1.0143649756652486, "56": 1.0143649756652486, "57": 1.0143649756652486, "58": 1.0143649756652486, "59": 1.0143649756652486, "60": 1.0143649756652486, "61": 1.0143649756652486, "62": 1.0143649756652486, "63": 1.0143649756652486, "64": 1.0143649756652486, "65": 1.0143649756652486, "66": 1.0143649756652486, "67": 1.0143649756652486, "68": 1.0143649756652486, "69": 1.0143649756652486, "70": 1.0143649756652486, "71": 1.0143649756652486, "72": 1.0143649756652486, "73": 1.0143649756652486, "74": 1.0143649756652486, "75": 1.0143649756652486, "76": 1.0143649756652486, "77": 1.0143649756652486, "78": 1.0143649756652486, "79": 1.0143649756652486, "80": 1.0143649756652486, "81": 1.0143649756652486, "82": 1.0143649756652486, "83": 1.0143649756652486, "84": 1.0143649756652486, "85": 1.0143649756652486, "86": 1.0143649756652486, "87": 1.0143649756652486, "88": 1.0143649756652486, "89": 1.0143649756652486, "90": 1.0143649756652486, "91": 1.0143649756652486, "92": 1.0143649756652486, "93": 1.0143649756652486, "94": 1.0143649756652486, "95": 1.0143649756652486, "96": 1.0143649756652486, "97": 1.0143649756652486, "98": 1.0143649756652486, "99": 1.0143649756652486, "100": 1.0143649756652486}