{"0": 25.21734556319071, "1": 23.253548840359286, "2": 23.253548840359286, "3": 23.253548840359286, "4": 12.294769803464206, "5": 12.294769803464206, "6": 4.671027256457872, "7": 4.671027256457872, "8": 4.671027256457872, "9": 4.671027256457872, "10": 4.671027256457872, "11": 4.608430490734925, "12": 3.9574034766882917, "13": 3.9574034766882917, "14": 3.9574034766882917, "15": 3.9574034766882917, "16": 3.9574034766882917, "17": 3.135342352939169, "18": 3.135342352939169, "19": 3.135342352939169, "20": 3.0919932168199864, "21": 3.0919932168199864, "22": 3.0919932168199864, "23": 3.0919932168199864, "24": 3.0919932168199864, "25": 3.0919932168199864, "26": 3.0919932168199864, "27": 3.0919932168199864, "28": 3.0919932168199864, "29": 3.0919932168199864, "30": 3.0919932168199864, "31": 2.886426141846666, "32": 2.886426141846666, "33": 2.886426141846666, "34": 2.886426141846666, "35": 2.886426141846666, "36": 2.5598147134549833, "37": 2.5598147134549833, "38": 2.1923397722505342, "39": 2.1923397722505342, "40": 2.1923397722505342, "41": 2.1923397722505342, "42": 2.1923397722505342, "43": 2.1923397722505342, "44": 2.1923397722505342, "45": 2.1923397722505342, "46": 2.1923397722505342, "47": 0.32527879821272876, "48": 0.32527879821272876, "49": 0.32527879821272876, "50": 0.32527879821272876, "51": 0.32527879821272876, "52": 0.32527879821272876, "53": 0.32527879821272876, "54": 0.32527879821272876, "55": 0.32527879821272876, "56": 0.32527879821272876, "57": 0.32527879821272876, "58": 0.32527879821272876, "59": 0.32527879821272876, "60": 0.32527879821272876, "61": 0.32527879821272876, "62": 0.32527879821272876, "63": 0.32527879821272876, "64": 0.32527879821272876, "65": 0.32527879821272876, "66": 0.32527879821272876, "67": 0.32527879821272876, "68": 0.32527879821272876, "69": 0.32527879821272876, "70": 0.32527879821272876, "71": 0.32527879821272876, "72": 0.32527879821272876, "73": 0.32527879821272876, "74": 0.32527879821272876, "75": 0.32527879821272876, "76": 0.32527879821272876, "77": 0.32527879821272876, "78": 0.32527879821272876, "79": 0.32527879821272876, "80": 0.32527879821272876, "81": 0.32527879821272876, "82": 0.32527879821272876, "83": 0.32527879821272876, "84": 0.32527879821272876, "85": 0.32527879821272876, "86": 0.32527879821272876, "87": 0.32527879821272876, "88": 0.32527879821272876, "89": 0.32527879821272876, "90": 0.32527879821272876, "91": 0.32527879821272876, "92": 0.32527879821272876, "93": 0.32527879821272876, "94": 0.32527879821272876, "95": 0.32527879821272876, "96": 0.32527879821272876, "97": 0.32527879821272876, "98": 0.32527879821272876, "99": 0.32527879821272876, "100": 0.32527879821272876}