{"0": 28.956815394808437, "1": 27.593734612899233, "2": 27.593734612899233, "3": 24.230551926507324, "4": 20.06822453415473, "5": 3.1024543973689127, "6": 3.1024543973689127, "7": 3.1024543973689127, "8": 3.1024543973689127, "9": 3.1024543973689127, "10": 3.1024543973689127, "11": 3.1024543973689127, "12": 1.6604232262997343, "13": 1.6604232262997343, "14": 1.6604232262997343, "15": 1.6604232262997343, "16": 1.6604232262997343, "17": 1.3775656838762202, "18": 1.3775656838762202, "19": 1.3775656838762202, "20": 1.3775656838762202, "21": 1.3775656838762202, "22": 1.3775656838762202, "23": 1.3775656838762202, "24": 1.3775656838762202, "25": 1.3775656838762202, "26": 1.3775656838762202, "27": 1.3775656838762202, "28": 1.3775656838762202, "29": 1.3775656838762202, "30": 1.3775656838762202, "31": 1.3775656838762202, "32": 1.3775656838762202, "33": 1.3775656838762202, "34": 1.3775656838762202, "35": 1.3775656838762202, "36": 1.3775656838762202, "37": 1.3775656838762202, "38": 1.3775656838762202, "39": 1.3775656838762202, "40": 1.3775656838762202, "41": 1.3775656838762202, "42": 1.3775656838762202, "43": 1.3775656838762202, "44": 1.3775656838762202, "45": 1.3775656838762202, "46": 1.3775656838762202, "47": 1.3775656838762202, "48": 0.1805626881321345, "49": 0.1805626881321345, "50": 0.1805626881321345, "51": 0.1805626881321345, "52": 0.1805626881321345, "53": 0.1805626881321345, "54": 0.1805626881321345, "55": 0.1805626881321345, "56": 0.1805626881321345, "57": 0.1805626881321345, "58": 0.1805626881321345, "59": 0.1805626881321345, "60": 0.1805626881321345, "61": 0.1805626881321345, "62": 0.1805626881321345, "63": 0.1805626881321345, "64": 0.1805626881321345, "65": 0.1805626881321345, "66": 0.1805626881321345, "67": 0.1805626881321345, "68": 0.1805626881321345, "69": 0.1805626881321345, "70": 0.1805626881321345, "71": 0.1805626881321345, "72": 0.1805626881321345, "73": 0.1805626881321345, "74": 0.1805626881321345, "75": 0.1805626881321345, "76": 0.1805626881321345, "77": 0.1805626881321345, "78": 0.1805626881321345, "79": 0.1805626881321345, "80": 0.1805626881321345, "81": 0.1805626881321345, "82": 0.1805626881321345, "83": 0.1805626881321345, "84": 0.1805626881321345, "85": 0.1805626881321345, "86": 0.1805626881321345, "87": 0.1805626881321345, "88": 0.1805626881321345, "89": 0.1805626881321345, "90": 0.1805626881321345, "91": 0.1805626881321345, "92": 0.1805626881321345, "93": 0.1805626881321345, "94": 0.1805626881321345, "95": 0.1805626881321345, "96": 0.1805626881321345, "97": 0.1805626881321345, "98": 0.1805626881321345, "99": 0.1805626881321345, "100": 0.1805626881321345}