{"0": 8.02969863716053, "1": 8.02969863716053, "2": 8.02969863716053, "3": 8.02969863716053, "4": 8.02969863716053, "5": 8.02969863716053, "6": 8.02969863716053, "7": 4.909443059242669, "8": 4.909443059242669, "9": 4.909443059242669, "10": 4.909443059242669, "11": 4.909443059242669, "12": 4.909443059242669, "13": 2.7885249439150144, "14": 2.7885249439150144, "15": 2.7885249439150144, "16": 2.7885249439150144, "17": 2.7885249439150144, "18": 2.7885249439150144, "19": 2.7885249439150144, "20": 2.7885249439150144, "21": 2.7885249439150144, "22": 2.7885249439150144, "23": 2.1064712190874033, "24": 2.1064712190874033, "25": 2.1064712190874033, "26": 2.0010227619214014, "27": 2.0010227619214014, "28": 2.0010227619214014, "29": 2.0010227619214014, "30": 2.0010227619214014, "31": 1.4217446115421382, "32": 1.4217446115421382, "33": 1.4217446115421382, "34": 1.4217446115421382, "35": 1.4217446115421382, "36": 1.4217446115421382, "37": 0.07225252836349227, "38": 0.07225252836349227, "39": 0.07225252836349227, "40": 0.07225252836349227, "41": 0.07225252836349227, "42": 0.07225252836349227, "43": 0.07225252836349227, "44": 0.07225252836349227, "45": 0.07225252836349227, "46": 0.07225252836349227, "47": 0.07225252836349227, "48": 0.07225252836349227, "49": 0.07225252836349227, "50": 0.07225252836349227, "51": 0.07225252836349227, "52": 0.07225252836349227, "53": 0.07225252836349227, "54": 0.07225252836349227, "55": 0.07225252836349227, "56": 0.07225252836349227, "57": 0.07225252836349227, "58": 0.07225252836349227, "59": 0.07225252836349227, "60": 0.07225252836349227, "61": 0.07225252836349227, "62": 0.07225252836349227, "63": 0.07225252836349227, "64": 0.07225252836349227, "65": 0.07225252836349227, "66": 0.07225252836349227, "67": 0.07225252836349227, "68": 0.07225252836349227, "69": 0.07225252836349227, "70": 0.07225252836349227, "71": 0.07225252836349227, "72": 0.07225252836349227, "73": 0.07225252836349227, "74": 0.07225252836349227, "75": 0.07225252836349227, "76": 0.07225252836349227, "77": 0.07225252836349227, "78": 0.07225252836349227, "79": 0.07225252836349227, "80": 0.07225252836349227, "81": 0.07225252836349227, "82": 0.07225252836349227, "83": 0.07225252836349227, "84": 0.07225252836349227, "85": 0.07225252836349227, "86": 0.07225252836349227, "87": 0.07225252836349227, "88": 0.07225252836349227, "89": 0.07225252836349227, "90": 0.07225252836349227, "91": 0.07225252836349227, "92": 0.07225252836349227, "93": 0.07225252836349227, "94": 0.07225252836349227, "95": 0.07225252836349227, "96": 0.07225252836349227, "97": 0.07225252836349227, "98": 0.07225252836349227, "99": 0.07225252836349227, "100": 0.07225252836349227}