{"0": 21.953819908505235, "1": 21.953819908505235, "2": 17.9143061578881, "3": 14.037186492949196, "4": 14.037186492949196, "5": 6.680103840577566, "6": 6.680103840577566, "7": 6.680103840577566, "8": 6.680103840577566, "9": 4.3684130242242425, "10": 4.062404519385343, "11": 4.062404519385343, "12": 4.062404519385343, "13": 4.062404519385343, "14": 4.062404519385343, "15": 4.062404519385343, "16": 4.062404519385343, "17": 4.062404519385343, "18": 4.062404519385343, "19": 4.062404519385343, "20": 4.062404519385343, "21": 4.0576319512705865, "22": 4.0576319512705865, "23": 4.0576319512705865, "24": 4.0576319512705865, "25": 4.0576319512705865, "26": 4.0576319512705865, "27": 4.0576319512705865, "28": 4.0576319512705865, "29": 4.0576319512705865, "30": 4.0576319512705865, "31": 4.0576319512705865, "32": 4.0576319512705865, "33": 4.0576319512705865, "34": 4.0576319512705865, "35": 4.0576319512705865, "36": 4.0576319512705865, "37": 4.0576319512705865, "38": 4.0576319512705865, "39": 4.0576319512705865, "40": 4.0576319512705865, "41": 4.0576319512705865, "42": 4.0576319512705865, "43": 4.0576319512705865, "44": 2.6763630564964913, "45": 2.6763630564964913, "46": 2.6763630564964913, "47": 2.6763630564964913, "48": 2.6763630564964913, "49": 2.6763630564964913, "50": 2.6763630564964913, "51": 2.6763630564964913, "52": 2.6763630564964913, "53": 2.6763630564964913, "54": 2.6763630564964913, "55": 2.6763630564964913, "56": 2.6763630564964913, "57": 2.6763630564964913, "58": 2.6763630564964913, "59": 2.6763630564964913, "60": 2.6763630564964913, "61": 2.6763630564964913, "62": 2.6763630564964913, "63": 2.6763630564964913, "64": 2.6763630564964913, "65": 2.6763630564964913, "66": 2.6763630564964913, "67": 2.6763630564964913, "68": 2.6763630564964913, "69": 2.6763630564964913, "70": 2.6763630564964913, "71": 2.6763630564964913, "72": 2.6763630564964913, "73": 2.6763630564964913, "74": 2.6763630564964913, "75": 2.6763630564964913, "76": 2.6763630564964913, "77": 2.6763630564964913, "78": 2.6763630564964913, "79": 2.6763630564964913, "80": 2.6763630564964913, "81": 2.6763630564964913, "82": 2.6763630564964913, "83": 2.6763630564964913, "84": 1.4696227369277466, "85": 1.4696227369277466, "86": 1.4696227369277466, "87": 1.4696227369277466, "88": 1.4696227369277466, "89": 1.4696227369277466, "90": 1.4696227369277466, "91": 1.4696227369277466, "92": 1.4696227369277466, "93": 1.4696227369277466, "94": 1.4696227369277466, "95": 1.4696227369277466, "96": 1.4696227369277466, "97": 1.4696227369277466, "98": 1.4696227369277466, "99": 1.4696227369277466, "100": 1.4696227369277466}