{"0": 19.68905777000208, "1": 17.435212207612114, "2": 17.435212207612114, "3": 10.949209388350646, "4": 10.949209388350646, "5": 10.949209388350646, "6": 10.949209388350646, "7": 10.949209388350646, "8": 10.949209388350646, "9": 5.169717633201358, "10": 5.169717633201358, "11": 5.169717633201358, "12": 5.169717633201358, "13": 1.9446585694599285, "14": 1.9446585694599285, "15": 1.9446585694599285, "16": 1.9446585694599285, "17": 1.4499832781123985, "18": 1.4499832781123985, "19": 1.4499832781123985, "20": 1.4499832781123985, "21": 1.4499832781123985, "22": 1.4499832781123985, "23": 1.4499832781123985, "24": 1.4499832781123985, "25": 1.4499832781123985, "26": 1.4499832781123985, "27": 1.4499832781123985, "28": 1.4499832781123985, "29": 1.4160304794016376, "30": 1.4160304794016376, "31": 1.4160304794016376, "32": 1.4160304794016376, "33": 1.4160304794016376, "34": 1.4160304794016376, "35": 1.4160304794016376, "36": 1.4160304794016376, "37": 1.4160304794016376, "38": 1.4160304794016376, "39": 1.4160304794016376, "40": 1.4160304794016376, "41": 1.4160304794016376, "42": 1.4160304794016376, "43": 1.4160304794016376, "44": 1.4160304794016376, "45": 1.4160304794016376, "46": 1.4160304794016376, "47": 1.4160304794016376, "48": 1.4160304794016376, "49": 1.4160304794016376, "50": 1.4160304794016376, "51": 1.4160304794016376, "52": 1.4160304794016376, "53": 1.4160304794016376, "54": 1.4160304794016376, "55": 1.4160304794016376, "56": 1.4160304794016376, "57": 1.4160304794016376, "58": 1.4160304794016376, "59": 1.4160304794016376, "60": 1.4160304794016376, "61": 1.4160304794016376, "62": 1.4160304794016376, "63": 1.4160304794016376, "64": 1.4160304794016376, "65": 1.4160304794016376, "66": 1.4160304794016376, "67": 1.4160304794016376, "68": 1.4160304794016376, "69": 1.4160304794016376, "70": 1.4160304794016376, "71": 1.4160304794016376, "72": 1.4160304794016376, "73": 1.4160304794016376, "74": 1.4160304794016376, "75": 1.4160304794016376, "76": 1.4160304794016376, "77": 1.4160304794016376, "78": 1.4160304794016376, "79": 1.4160304794016376, "80": 1.4160304794016376, "81": 1.4160304794016376, "82": 1.4160304794016376, "83": 1.4160304794016376, "84": 1.4160304794016376, "85": 1.4160304794016376, "86": 1.4160304794016376, "87": 1.4160304794016376, "88": 1.4160304794016376, "89": 1.4160304794016376, "90": 1.4160304794016376, "91": 1.4160304794016376, "92": 1.4160304794016376, "93": 1.4160304794016376, "94": 1.4160304794016376, "95": 1.4160304794016376, "96": 0.21886954023825922, "97": 0.21886954023825922, "98": 0.21886954023825922, "99": 0.21886954023825922, "100": 0.21886954023825922}