{"0": 15.503248991469226, "1": 15.503248991469226, "2": 15.503248991469226, "3": 15.457192080942713, "4": 1.9056245293988212, "5": 1.9056245293988212, "6": 1.9056245293988212, "7": 1.9056245293988212, "8": 1.9056245293988212, "9": 1.8770691899464396, "10": 1.8770691899464396, "11": 1.8770691899464396, "12": 1.8770691899464396, "13": 1.8770691899464396, "14": 1.8770691899464396, "15": 1.8770691899464396, "16": 1.8770691899464396, "17": 1.8770691899464396, "18": 1.8770691899464396, "19": 0.9350573809735394, "20": 0.9350573809735394, "21": 0.9350573809735394, "22": 0.9350573809735394, "23": 0.9350573809735394, "24": 0.9350573809735394, "25": 0.9350573809735394, "26": 0.9350573809735394, "27": 0.9350573809735394, "28": 0.9350573809735394, "29": 0.9350573809735394, "30": 0.8118549296660831, "31": 0.8118549296660831, "32": 0.8118549296660831, "33": 0.8118549296660831, "34": 0.8118549296660831, "35": 0.8118549296660831, "36": 0.8118549296660831, "37": 0.8118549296660831, "38": 0.8118549296660831, "39": 0.8118549296660831, "40": 0.10515584415402657, "41": 0.10515584415402657, "42": 0.10515584415402657, "43": 0.10515584415402657, "44": 0.10515584415402657, "45": 0.10515584415402657, "46": 0.10515584415402657, "47": 0.10515584415402657, "48": 0.10515584415402657, "49": 0.10515584415402657, "50": 0.10515584415402657, "51": 0.10515584415402657, "52": 0.10515584415402657, "53": 0.10515584415402657, "54": 0.10515584415402657, "55": 0.10515584415402657, "56": 0.10515584415402657, "57": 0.10515584415402657, "58": 0.10515584415402657, "59": 0.10515584415402657, "60": 0.10515584415402657, "61": 0.10515584415402657, "62": 0.10515584415402657, "63": 0.10515584415402657, "64": 0.10515584415402657, "65": 0.10515584415402657, "66": 0.10515584415402657, "67": 0.10515584415402657, "68": 0.10515584415402657, "69": 0.10515584415402657, "70": 0.10515584415402657, "71": 0.10515584415402657, "72": 0.10515584415402657, "73": 0.10515584415402657, "74": 0.10515584415402657, "75": 0.10515584415402657, "76": 0.10515584415402657, "77": 0.10515584415402657, "78": 0.10515584415402657, "79": 0.10515584415402657, "80": 0.10515584415402657, "81": 0.10515584415402657, "82": 0.10515584415402657, "83": 0.10515584415402657, "84": 0.10515584415402657, "85": 0.10515584415402657, "86": 0.10515584415402657, "87": 0.10515584415402657, "88": 0.10515584415402657, "89": 0.10515584415402657, "90": 0.10515584415402657, "91": 0.10515584415402657, "92": 0.10515584415402657, "93": 0.10515584415402657, "94": 0.10515584415402657, "95": 0.10515584415402657, "96": 0.10515584415402657, "97": 0.10515584415402657, "98": 0.10515584415402657, "99": 0.10515584415402657, "100": 0.10515584415402657}