{"0": 11.105258903299433, "1": 5.184248795790294, "2": 5.184248795790294, "3": 5.184248795790294, "4": 5.184248795790294, "5": 5.184248795790294, "6": 5.184248795790294, "7": 2.0436969419423434, "8": 2.0436969419423434, "9": 2.0436969419423434, "10": 2.0436969419423434, "11": 2.0436969419423434, "12": 2.0436969419423434, "13": 2.0436969419423434, "14": 2.0436969419423434, "15": 2.0436969419423434, "16": 2.0436969419423434, "17": 2.0436969419423434, "18": 2.0436969419423434, "19": 2.0436969419423434, "20": 2.0436969419423434, "21": 2.0436969419423434, "22": 2.0436969419423434, "23": 2.0436969419423434, "24": 2.0436969419423434, "25": 2.0436969419423434, "26": 2.0436969419423434, "27": 2.0436969419423434, "28": 2.0436969419423434, "29": 2.0436969419423434, "30": 2.0436969419423434, "31": 2.0436969419423434, "32": 2.0436969419423434, "33": 2.0436969419423434, "34": 2.0436969419423434, "35": 2.0436969419423434, "36": 2.0436969419423434, "37": 2.0436969419423434, "38": 2.0436969419423434, "39": 2.0436969419423434, "40": 2.0436969419423434, "41": 1.127035437343899, "42": 1.127035437343899, "43": 1.127035437343899, "44": 1.127035437343899, "45": 1.127035437343899, "46": 1.127035437343899, "47": 1.127035437343899, "48": 1.127035437343899, "49": 1.127035437343899, "50": 1.127035437343899, "51": 1.108962559458476, "52": 1.108962559458476, "53": 1.108962559458476, "54": 1.108962559458476, "55": 1.108962559458476, "56": 1.108962559458476, "57": 1.108962559458476, "58": 1.108962559458476, "59": 1.108962559458476, "60": 1.108962559458476, "61": 1.108962559458476, "62": 1.108962559458476, "63": 1.108962559458476, "64": 1.108962559458476, "65": 1.108962559458476, "66": 1.108962559458476, "67": 1.108962559458476, "68": 1.108962559458476, "69": 1.108962559458476, "70": 1.108962559458476, "71": 1.108962559458476, "72": 1.108962559458476, "73": 1.108962559458476, "74": 1.108962559458476, "75": 1.108962559458476, "76": 1.108962559458476, "77": 1.108962559458476, "78": 1.108962559458476, "79": 1.108962559458476, "80": 1.108962559458476, "81": 1.108962559458476, "82": 1.108962559458476, "83": 0.8082980475973152, "84": 0.8082980475973152, "85": 0.8082980475973152, "86": 0.8082980475973152, "87": 0.8082980475973152, "88": 0.8082980475973152, "89": 0.8082980475973152, "90": 0.8082980475973152, "91": 0.8082980475973152, "92": 0.8082980475973152, "93": 0.8082980475973152, "94": 0.8082980475973152, "95": 0.8082980475973152, "96": 0.8082980475973152, "97": 0.8082980475973152, "98": 0.8082980475973152, "99": 0.8082980475973152, "100": 0.8082980475973152}