{"0": 4.288700680914184, "1": 4.288700680914184, "2": 4.288700680914184, "3": 4.288700680914184, "4": 4.288700680914184, "5": 4.288700680914184, "6": 3.6974441466833667, "7": 1.9784252142992678, "8": 1.9784252142992678, "9": 1.9784252142992678, "10": 1.9784252142992678, "11": 1.9784252142992678, "12": 1.9784252142992678, "13": 1.2346663988648068, "14": 0.24779061380585432, "15": 0.24779061380585432, "16": 0.24779061380585432, "17": 0.24779061380585432, "18": 0.24779061380585432, "19": 0.24779061380585432, "20": 0.24779061380585432, "21": 0.24779061380585432, "22": 0.24779061380585432, "23": 0.24779061380585432, "24": 0.24779061380585432, "25": 0.24779061380585432, "26": 0.24779061380585432, "27": 0.24779061380585432, "28": 0.2421555584621089, "29": 0.2421555584621089, "30": 0.2421555584621089, "31": 0.2421555584621089, "32": 0.2421555584621089, "33": 0.2421555584621089, "34": 0.2421555584621089, "35": 0.2421555584621089, "36": 0.2421555584621089, "37": 0.2421555584621089, "38": 0.2421555584621089, "39": 0.2421555584621089, "40": 0.2421555584621089, "41": 0.2421555584621089, "42": 0.2421555584621089, "43": 0.2421555584621089, "44": 0.2421555584621089, "45": 0.2421555584621089, "46": 0.2421555584621089, "47": 0.05064419860337921, "48": 0.05064419860337921, "49": 0.05064419860337921, "50": 0.05064419860337921, "51": 0.05064419860337921, "52": 0.05064419860337921, "53": 0.05064419860337921, "54": 0.05064419860337921, "55": 0.05064419860337921, "56": 0.05064419860337921, "57": 0.05064419860337921, "58": 0.05064419860337921, "59": 0.05064419860337921, "60": 0.05064419860337921, "61": 0.05064419860337921, "62": 0.05064419860337921, "63": 0.05064419860337921, "64": 0.05064419860337921, "65": 0.05064419860337921, "66": 0.05064419860337921, "67": 0.05064419860337921, "68": 0.05064419860337921, "69": 0.05064419860337921, "70": 0.05064419860337921, "71": 0.05064419860337921, "72": 0.05064419860337921, "73": 0.05064419860337921, "74": 0.05064419860337921, "75": 0.05064419860337921, "76": 0.05064419860337921, "77": 0.05064419860337921, "78": 0.05064419860337921, "79": 0.05064419860337921, "80": 0.05064419860337921, "81": 0.05064419860337921, "82": 0.05064419860337921, "83": 0.05064419860337921, "84": 0.05064419860337921, "85": 0.05064419860337921, "86": 0.05064419860337921, "87": 0.05064419860337921, "88": 0.05064419860337921, "89": 0.05064419860337921, "90": 0.05064419860337921, "91": 0.05064419860337921, "92": 0.05064419860337921, "93": 0.05064419860337921, "94": 0.05064419860337921, "95": 0.05064419860337921, "96": 0.05064419860337921, "97": 0.05064419860337921, "98": 0.05064419860337921, "99": 0.05064419860337921, "100": 0.05064419860337921}