{"0": 15.150833800358594, "1": 15.150833800358594, "2": 14.422586683273957, "3": 14.422586683273957, "4": 7.347855287524897, "5": 5.734640418532145, "6": 5.734640418532145, "7": 5.734640418532145, "8": 5.734640418532145, "9": 5.198215918712531, "10": 5.198215918712531, "11": 5.198215918712531, "12": 4.340991397256749, "13": 4.340991397256749, "14": 4.340991397256749, "15": 4.340991397256749, "16": 4.340991397256749, "17": 4.340991397256749, "18": 3.0969913124699175, "19": 3.0969913124699175, "20": 3.0969913124699175, "21": 2.4551056327091665, "22": 2.4551056327091665, "23": 2.4551056327091665, "24": 2.4551056327091665, "25": 2.4551056327091665, "26": 2.4551056327091665, "27": 2.4551056327091665, "28": 2.4405314290303863, "29": 2.4405314290303863, "30": 2.4405314290303863, "31": 2.4405314290303863, "32": 2.4405314290303863, "33": 2.4405314290303863, "34": 2.4405314290303863, "35": 2.4405314290303863, "36": 2.4405314290303863, "37": 2.4405314290303863, "38": 2.4405314290303863, "39": 2.4405314290303863, "40": 2.4405314290303863, "41": 2.3968001209690186, "42": 2.3968001209690186, "43": 2.3968001209690186, "44": 2.3968001209690186, "45": 2.3968001209690186, "46": 2.3968001209690186, "47": 2.3968001209690186, "48": 2.3968001209690186, "49": 2.3968001209690186, "50": 2.3968001209690186, "51": 2.3968001209690186, "52": 2.3968001209690186, "53": 2.3968001209690186, "54": 2.3968001209690186, "55": 2.3968001209690186, "56": 2.3968001209690186, "57": 2.3968001209690186, "58": 2.3968001209690186, "59": 2.3968001209690186, "60": 2.3968001209690186, "61": 2.3968001209690186, "62": 2.3968001209690186, "63": 1.6374946190611155, "64": 1.5351725202147435, "65": 1.5351725202147435, "66": 1.5351725202147435, "67": 1.5351725202147435, "68": 1.5351725202147435, "69": 1.5351725202147435, "70": 1.5351725202147435, "71": 1.5351725202147435, "72": 1.5351725202147435, "73": 1.5351725202147435, "74": 1.5351725202147435, "75": 1.5351725202147435, "76": 1.5351725202147435, "77": 1.5351725202147435, "78": 1.5351725202147435, "79": 1.5351725202147435, "80": 1.2920096562884922, "81": 1.2920096562884922, "82": 1.2920096562884922, "83": 1.2920096562884922, "84": 1.2920096562884922, "85": 1.2920096562884922, "86": 1.2920096562884922, "87": 1.2920096562884922, "88": 1.2920096562884922, "89": 1.2920096562884922, "90": 1.2920096562884922, "91": 1.2920096562884922, "92": 1.2920096562884922, "93": 1.2920096562884922, "94": 1.2920096562884922, "95": 1.2920096562884922, "96": 1.2920096562884922, "97": 1.2920096562884922, "98": 1.2920096562884922, "99": 1.2920096562884922, "100": 1.2920096562884922}