{"0": 13.62539249909086, "1": 13.62539249909086, "2": 13.62539249909086, "3": 0.4714043177902951, "4": 0.4714043177902951, "5": 0.4714043177902951, "6": 0.4714043177902951, "7": 0.4714043177902951, "8": 0.4714043177902951, "9": 0.4714043177902951, "10": 0.4714043177902951, "11": 0.4714043177902951, "12": 0.4714043177902951, "13": 0.4714043177902951, "14": 0.4714043177902951, "15": 0.4714043177902951, "16": 0.13484324361363775, "17": 0.13484324361363775, "18": 0.13484324361363775, "19": 0.13484324361363775, "20": 0.13484324361363775, "21": 0.13484324361363775, "22": 0.13484324361363775, "23": 0.13484324361363775, "24": 0.13484324361363775, "25": 0.13484324361363775, "26": 0.13484324361363775, "27": 0.13484324361363775, "28": 0.13484324361363775, "29": 0.13484324361363775, "30": 0.13484324361363775, "31": 0.13484324361363775, "32": 0.13484324361363775, "33": 0.13484324361363775, "34": 0.13484324361363775, "35": 0.13484324361363775, "36": 0.13484324361363775, "37": 0.13484324361363775, "38": 0.13484324361363775, "39": 0.13484324361363775, "40": 0.13484324361363775, "41": 0.13484324361363775, "42": 0.13484324361363775, "43": 0.13484324361363775, "44": 0.13484324361363775, "45": 0.13484324361363775, "46": 0.13484324361363775, "47": 0.13484324361363775, "48": 0.13484324361363775, "49": 0.13484324361363775, "50": 0.13484324361363775, "51": 0.13484324361363775, "52": 0.13484324361363775, "53": 0.13484324361363775, "54": 0.13484324361363775, "55": 0.13484324361363775, "56": 0.13484324361363775, "57": 0.13484324361363775, "58": 0.13484324361363775, "59": 0.13484324361363775, "60": 0.13484324361363775, "61": 0.13484324361363775, "62": 0.13484324361363775, "63": 0.13484324361363775, "64": 0.13484324361363775, "65": 0.13484324361363775, "66": 0.13484324361363775, "67": 0.13484324361363775, "68": 0.13484324361363775, "69": 0.13484324361363775, "70": 0.13484324361363775, "71": 0.13484324361363775, "72": 0.13484324361363775, "73": 0.13484324361363775, "74": 0.13484324361363775, "75": 0.13484324361363775, "76": 0.13484324361363775, "77": 0.13484324361363775, "78": 0.13484324361363775, "79": 0.13484324361363775, "80": 0.13484324361363775, "81": 0.13484324361363775, "82": 0.13484324361363775, "83": 0.13484324361363775, "84": 0.13484324361363775, "85": 0.13484324361363775, "86": 0.13484324361363775, "87": 0.13484324361363775, "88": 0.13484324361363775, "89": 0.13484324361363775, "90": 0.13484324361363775, "91": 0.13484324361363775, "92": 0.13484324361363775, "93": 0.13484324361363775, "94": 0.13484324361363775, "95": 0.13484324361363775, "96": 0.13484324361363775, "97": 0.13484324361363775, "98": 0.13484324361363775, "99": 0.13484324361363775, "100": 0.13484324361363775}