{"0": 25.63975961715882, "1": 25.63975961715882, "2": 17.11291253386808, "3": 13.98327333941009, "4": 7.127489076316936, "5": 7.127489076316936, "6": 7.127489076316936, "7": 7.127489076316936, "8": 6.822834866873762, "9": 6.822834866873762, "10": 6.822834866873762, "11": 6.7595156540906824, "12": 6.7595156540906824, "13": 1.2511526032537716, "14": 1.2511526032537716, "15": 1.2511526032537716, "16": 1.2511526032537716, "17": 1.1511619628846432, "18": 1.1511619628846432, "19": 1.1511619628846432, "20": 1.1511619628846432, "21": 1.1511619628846432, "22": 1.1511619628846432, "23": 1.1511619628846432, "24": 1.1511619628846432, "25": 1.1511619628846432, "26": 1.1511619628846432, "27": 1.1511619628846432, "28": 1.1511619628846432, "29": 1.1511619628846432, "30": 1.0343212086433766, "31": 1.0343212086433766, "32": 1.0343212086433766, "33": 1.0343212086433766, "34": 1.0343212086433766, "35": 1.0343212086433766, "36": 1.0343212086433766, "37": 1.0343212086433766, "38": 1.0343212086433766, "39": 1.0343212086433766, "40": 1.0343212086433766, "41": 1.0343212086433766, "42": 1.0343212086433766, "43": 1.0343212086433766, "44": 1.0343212086433766, "45": 1.0343212086433766, "46": 1.0343212086433766, "47": 1.0343212086433766, "48": 1.0343212086433766, "49": 1.0343212086433766, "50": 1.0343212086433766, "51": 1.0343212086433766, "52": 1.0343212086433766, "53": 1.0343212086433766, "54": 1.0343212086433766, "55": 1.0343212086433766, "56": 1.0343212086433766, "57": 1.0343212086433766, "58": 1.0343212086433766, "59": 1.0343212086433766, "60": 1.0343212086433766, "61": 1.0343212086433766, "62": 1.0343212086433766, "63": 1.0343212086433766, "64": 1.0343212086433766, "65": 1.0343212086433766, "66": 1.0343212086433766, "67": 1.0343212086433766, "68": 1.0343212086433766, "69": 1.0343212086433766, "70": 1.0343212086433766, "71": 1.0343212086433766, "72": 1.0343212086433766, "73": 1.0343212086433766, "74": 1.0343212086433766, "75": 1.0343212086433766, "76": 1.0343212086433766, "77": 1.0343212086433766, "78": 1.0343212086433766, "79": 1.0343212086433766, "80": 1.0343212086433766, "81": 1.0343212086433766, "82": 1.0343212086433766, "83": 1.0343212086433766, "84": 1.0343212086433766, "85": 1.0343212086433766, "86": 1.0343212086433766, "87": 1.0343212086433766, "88": 1.0343212086433766, "89": 1.0343212086433766, "90": 1.0343212086433766, "91": 1.0343212086433766, "92": 1.0343212086433766, "93": 1.0343212086433766, "94": 1.0343212086433766, "95": 1.0343212086433766, "96": 1.0343212086433766, "97": 1.0343212086433766, "98": 1.0343212086433766, "99": 1.0343212086433766, "100": 1.0343212086433766}