{"0": 10.272234695245302, "1": 10.272234695245302, "2": 10.272234695245302, "3": 10.272234695245302, "4": 10.272234695245302, "5": 3.2713385536314092, "6": 3.2713385536314092, "7": 3.2713385536314092, "8": 2.6843336442831323, "9": 2.6843336442831323, "10": 1.0790276682880418, "11": 1.0790276682880418, "12": 1.0790276682880418, "13": 1.0790276682880418, "14": 1.0790276682880418, "15": 1.0790276682880418, "16": 1.0790276682880418, "17": 1.0790276682880418, "18": 1.0790276682880418, "19": 1.0790276682880418, "20": 1.0790276682880418, "21": 1.0790276682880418, "22": 1.0676345254508703, "23": 1.0676345254508703, "24": 1.0676345254508703, "25": 1.0484038499292296, "26": 1.0484038499292296, "27": 1.0484038499292296, "28": 1.0484038499292296, "29": 1.0484038499292296, "30": 1.0484038499292296, "31": 1.0484038499292296, "32": 1.0484038499292296, "33": 1.0484038499292296, "34": 1.0484038499292296, "35": 1.0484038499292296, "36": 1.0484038499292296, "37": 1.0484038499292296, "38": 1.0484038499292296, "39": 1.0484038499292296, "40": 1.0484038499292296, "41": 1.0484038499292296, "42": 1.0484038499292296, "43": 1.0484038499292296, "44": 1.0484038499292296, "45": 1.0484038499292296, "46": 1.0301406777503779, "47": 1.0301406777503779, "48": 1.0301406777503779, "49": 1.0301406777503779, "50": 1.0301406777503779, "51": 1.0301406777503779, "52": 1.0301406777503779, "53": 1.0301406777503779, "54": 1.0301406777503779, "55": 1.0301406777503779, "56": 1.0301406777503779, "57": 1.0046713191342107, "58": 1.0046713191342107, "59": 1.0046713191342107, "60": 1.0046713191342107, "61": 1.0046713191342107, "62": 1.0046713191342107, "63": 1.0046713191342107, "64": 1.0046713191342107, "65": 1.0046713191342107, "66": 1.0046713191342107, "67": 1.0046713191342107, "68": 1.0046713191342107, "69": 1.0046713191342107, "70": 1.0046713191342107, "71": 1.0046713191342107, "72": 1.0046713191342107, "73": 1.0046713191342107, "74": 1.0046713191342107, "75": 1.0046713191342107, "76": 1.0046713191342107, "77": 1.0046713191342107, "78": 1.0046713191342107, "79": 1.0046713191342107, "80": 1.0046713191342107, "81": 1.0046713191342107, "82": 1.0046713191342107, "83": 1.0046713191342107, "84": 1.0046713191342107, "85": 1.0046713191342107, "86": 1.0046713191342107, "87": 1.0046713191342107, "88": 1.0046713191342107, "89": 1.0046713191342107, "90": 1.0046713191342107, "91": 1.0046713191342107, "92": 1.0046713191342107, "93": 1.0046713191342107, "94": 1.0046713191342107, "95": 1.0046713191342107, "96": 1.0046713191342107, "97": 1.0046713191342107, "98": 1.0046713191342107, "99": 1.0046713191342107, "100": 1.0046713191342107}