{"0": 5.343707460385504, "1": 5.343707460385504, "2": 5.343707460385504, "3": 5.343707460385504, "4": 5.343707460385504, "5": 5.343707460385504, "6": 5.343707460385504, "7": 5.343707460385504, "8": 4.567024402346583, "9": 4.567024402346583, "10": 4.567024402346583, "11": 4.061851479398385, "12": 4.061851479398385, "13": 3.2172252337261042, "14": 3.2172252337261042, "15": 3.2172252337261042, "16": 3.2172252337261042, "17": 3.2172252337261042, "18": 3.2172252337261042, "19": 3.1801002210639204, "20": 3.1801002210639204, "21": 3.1801002210639204, "22": 3.0116376906299998, "23": 3.0116376906299998, "24": 3.0116376906299998, "25": 3.0116376906299998, "26": 3.0116376906299998, "27": 3.0116376906299998, "28": 3.0116376906299998, "29": 3.0116376906299998, "30": 3.0116376906299998, "31": 2.090850313489959, "32": 2.090850313489959, "33": 2.090850313489959, "34": 2.090850313489959, "35": 2.090850313489959, "36": 2.090850313489959, "37": 2.090850313489959, "38": 2.090850313489959, "39": 2.090850313489959, "40": 2.090850313489959, "41": 2.090850313489959, "42": 2.090850313489959, "43": 2.090850313489959, "44": 2.090850313489959, "45": 2.090850313489959, "46": 2.090850313489959, "47": 2.090850313489959, "48": 1.984673027556319, "49": 1.984673027556319, "50": 1.984673027556319, "51": 1.984673027556319, "52": 1.984673027556319, "53": 1.984673027556319, "54": 1.984673027556319, "55": 1.984673027556319, "56": 1.984673027556319, "57": 1.984673027556319, "58": 1.984673027556319, "59": 1.984673027556319, "60": 1.984673027556319, "61": 1.984673027556319, "62": 1.984673027556319, "63": 1.984673027556319, "64": 1.984673027556319, "65": 1.984673027556319, "66": 1.7780062496679534, "67": 1.7780062496679534, "68": 1.7780062496679534, "69": 1.7780062496679534, "70": 1.7780062496679534, "71": 1.7780062496679534, "72": 1.7780062496679534, "73": 1.7780062496679534, "74": 1.7780062496679534, "75": 1.7780062496679534, "76": 1.7780062496679534, "77": 1.7780062496679534, "78": 1.7780062496679534, "79": 1.7780062496679534, "80": 1.7780062496679534, "81": 1.7780062496679534, "82": 1.7780062496679534, "83": 1.7780062496679534, "84": 1.7780062496679534, "85": 1.0681869347272723, "86": 1.0681869347272723, "87": 1.0681869347272723, "88": 1.0681869347272723, "89": 1.0681869347272723, "90": 1.0681869347272723, "91": 1.0681869347272723, "92": 1.0681869347272723, "93": 1.0681869347272723, "94": 1.0681869347272723, "95": 1.0681869347272723, "96": 1.0681869347272723, "97": 1.0681869347272723, "98": 1.0681869347272723, "99": 1.0681869347272723, "100": 1.0681869347272723}