{"0": 12.29393312996088, "1": 12.29393312996088, "2": 9.804044805475794, "3": 9.804044805475794, "4": 3.8137211472508312, "5": 3.8137211472508312, "6": 3.8137211472508312, "7": 3.8137211472508312, "8": 3.8137211472508312, "9": 3.8137211472508312, "10": 3.7977798250406885, "11": 2.605378213253516, "12": 2.605378213253516, "13": 2.605378213253516, "14": 2.605378213253516, "15": 2.605378213253516, "16": 2.605378213253516, "17": 2.605378213253516, "18": 2.605378213253516, "19": 2.605378213253516, "20": 2.605378213253516, "21": 2.605378213253516, "22": 2.605378213253516, "23": 1.1035993535034763, "24": 1.1035993535034763, "25": 1.1035993535034763, "26": 1.1035993535034763, "27": 1.1035993535034763, "28": 1.1035993535034763, "29": 1.1035993535034763, "30": 1.1035993535034763, "31": 1.1035993535034763, "32": 1.1035993535034763, "33": 1.1035993535034763, "34": 1.1035993535034763, "35": 1.1035993535034763, "36": 1.1035993535034763, "37": 1.1035993535034763, "38": 1.1035993535034763, "39": 1.1035993535034763, "40": 1.1035993535034763, "41": 1.1035993535034763, "42": 1.1035993535034763, "43": 1.1035993535034763, "44": 1.1035993535034763, "45": 1.1035993535034763, "46": 1.1035993535034763, "47": 1.1035993535034763, "48": 1.1035993535034763, "49": 1.1035993535034763, "50": 1.1035993535034763, "51": 1.1035993535034763, "52": 1.1035993535034763, "53": 1.0515137477158873, "54": 1.0515137477158873, "55": 1.0515137477158873, "56": 1.0515137477158873, "57": 1.0515137477158873, "58": 1.0515137477158873, "59": 1.0515137477158873, "60": 1.0515137477158873, "61": 1.0515137477158873, "62": 1.0515137477158873, "63": 1.0515137477158873, "64": 1.0515137477158873, "65": 1.0515137477158873, "66": 1.0515137477158873, "67": 1.0515137477158873, "68": 1.0515137477158873, "69": 1.0515137477158873, "70": 1.0515137477158873, "71": 1.0515137477158873, "72": 1.0515137477158873, "73": 1.0515137477158873, "74": 1.0515137477158873, "75": 1.0515137477158873, "76": 1.0515137477158873, "77": 1.0515137477158873, "78": 1.0515137477158873, "79": 1.0515137477158873, "80": 1.0515137477158873, "81": 1.0515137477158873, "82": 1.0515137477158873, "83": 1.0515137477158873, "84": 1.0515137477158873, "85": 1.0515137477158873, "86": 1.0515137477158873, "87": 1.0515137477158873, "88": 1.0515137477158873, "89": 1.0515137477158873, "90": 1.0515137477158873, "91": 1.0515137477158873, "92": 1.0515137477158873, "93": 1.0515137477158873, "94": 1.0515137477158873, "95": 1.0515137477158873, "96": 1.0515137477158873, "97": 1.0515137477158873, "98": 1.0515137477158873, "99": 1.0515137477158873, "100": 1.0515137477158873}