{"0": 13.773331585342266, "1": 13.773331585342266, "2": 12.003689000089956, "3": 6.653371591334523, "4": 6.653371591334523, "5": 6.653371591334523, "6": 6.653371591334523, "7": 6.653371591334523, "8": 6.653371591334523, "9": 6.653371591334523, "10": 6.653371591334523, "11": 5.3543946776988705, "12": 5.3543946776988705, "13": 5.3543946776988705, "14": 2.556641690287883, "15": 2.556641690287883, "16": 2.556641690287883, "17": 2.556641690287883, "18": 2.556641690287883, "19": 2.556641690287883, "20": 1.1816046353219924, "21": 1.1816046353219924, "22": 1.1816046353219924, "23": 1.1816046353219924, "24": 1.1816046353219924, "25": 1.1816046353219924, "26": 1.1816046353219924, "27": 1.1816046353219924, "28": 1.1816046353219924, "29": 1.1816046353219924, "30": 1.1816046353219924, "31": 1.1816046353219924, "32": 1.1816046353219924, "33": 1.1816046353219924, "34": 1.1816046353219924, "35": 1.1816046353219924, "36": 0.3258873962578548, "37": 0.3258873962578548, "38": 0.3258873962578548, "39": 0.3258873962578548, "40": 0.3258873962578548, "41": 0.3258873962578548, "42": 0.3258873962578548, "43": 0.3258873962578548, "44": 0.3258873962578548, "45": 0.3258873962578548, "46": 0.3258873962578548, "47": 0.3258873962578548, "48": 0.3258873962578548, "49": 0.3258873962578548, "50": 0.3258873962578548, "51": 0.3258873962578548, "52": 0.3258873962578548, "53": 0.3258873962578548, "54": 0.3258873962578548, "55": 0.3258873962578548, "56": 0.3258873962578548, "57": 0.3258873962578548, "58": 0.3258873962578548, "59": 0.3258873962578548, "60": 0.3258873962578548, "61": 0.3258873962578548, "62": 0.3258873962578548, "63": 0.3258873962578548, "64": 0.3258873962578548, "65": 0.3258873962578548, "66": 0.3258873962578548, "67": 0.3258873962578548, "68": 0.3258873962578548, "69": 0.3258873962578548, "70": 0.3258873962578548, "71": 0.3258873962578548, "72": 0.3258873962578548, "73": 0.3258873962578548, "74": 0.3258873962578548, "75": 0.3258873962578548, "76": 0.3258873962578548, "77": 0.3258873962578548, "78": 0.3258873962578548, "79": 0.3258873962578548, "80": 0.3258873962578548, "81": 0.3258873962578548, "82": 0.3258873962578548, "83": 0.3258873962578548, "84": 0.3258873962578548, "85": 0.3258873962578548, "86": 0.3258873962578548, "87": 0.3258873962578548, "88": 0.3258873962578548, "89": 0.3258873962578548, "90": 0.3258873962578548, "91": 0.3258873962578548, "92": 0.3258873962578548, "93": 0.3258873962578548, "94": 0.3258873962578548, "95": 0.3258873962578548, "96": 0.3258873962578548, "97": 0.3258873962578548, "98": 0.3258873962578548, "99": 0.3258873962578548, "100": 0.3258873962578548}