{"0": 27.007268152375005, "1": 16.049805031346782, "2": 16.049805031346782, "3": 14.580791778726262, "4": 8.735041767531976, "5": 8.735041767531976, "6": 8.735041767531976, "7": 8.735041767531976, "8": 6.971262511959033, "9": 6.971262511959033, "10": 1.5739166241886906, "11": 1.5739166241886906, "12": 1.5739166241886906, "13": 1.5739166241886906, "14": 1.5739166241886906, "15": 1.5739166241886906, "16": 1.5739166241886906, "17": 1.5739166241886906, "18": 1.5739166241886906, "19": 1.5739166241886906, "20": 1.5739166241886906, "21": 1.5739166241886906, "22": 1.5739166241886906, "23": 1.5739166241886906, "24": 1.5739166241886906, "25": 1.5739166241886906, "26": 1.5739166241886906, "27": 1.5739166241886906, "28": 1.5739166241886906, "29": 1.5739166241886906, "30": 1.5739166241886906, "31": 1.5739166241886906, "32": 1.5739166241886906, "33": 1.5739166241886906, "34": 1.2702319987990727, "35": 1.2702319987990727, "36": 1.2702319987990727, "37": 1.2702319987990727, "38": 1.2702319987990727, "39": 1.2702319987990727, "40": 1.2702319987990727, "41": 1.2702319987990727, "42": 1.2702319987990727, "43": 1.2702319987990727, "44": 1.2702319987990727, "45": 1.2702319987990727, "46": 1.0318873822206243, "47": 1.0318873822206243, "48": 1.0318873822206243, "49": 1.0318873822206243, "50": 1.0318873822206243, "51": 1.0318873822206243, "52": 1.0318873822206243, "53": 1.0318873822206243, "54": 1.0318873822206243, "55": 1.0318873822206243, "56": 1.0318873822206243, "57": 1.0318873822206243, "58": 1.0318873822206243, "59": 1.0318873822206243, "60": 1.0318873822206243, "61": 1.0318873822206243, "62": 1.0318873822206243, "63": 1.0318873822206243, "64": 1.0318873822206243, "65": 1.0318873822206243, "66": 1.0318873822206243, "67": 1.0318873822206243, "68": 1.0318873822206243, "69": 1.0318873822206243, "70": 1.0318873822206243, "71": 1.0318873822206243, "72": 1.0318873822206243, "73": 1.0318873822206243, "74": 1.0318873822206243, "75": 1.0318873822206243, "76": 1.0318873822206243, "77": 1.0318873822206243, "78": 1.0318873822206243, "79": 1.0318873822206243, "80": 1.0318873822206243, "81": 1.0318873822206243, "82": 1.0318873822206243, "83": 1.0318873822206243, "84": 1.0318873822206243, "85": 1.0318873822206243, "86": 1.0318873822206243, "87": 1.0318873822206243, "88": 1.0318873822206243, "89": 1.0318873822206243, "90": 1.0318873822206243, "91": 1.0318873822206243, "92": 1.0318873822206243, "93": 1.0318873822206243, "94": 1.0318873822206243, "95": 1.0318873822206243, "96": 1.0318873822206243, "97": 1.0318873822206243, "98": 1.0318873822206243, "99": 1.0318873822206243, "100": 1.0318873822206243}