{"0": 17.293459407278455, "1": 8.960860805155606, "2": 6.900480733679203, "3": 6.900480733679203, "4": 6.900480733679203, "5": 6.900480733679203, "6": 6.900480733679203, "7": 4.291815675666967, "8": 4.291815675666967, "9": 4.291815675666967, "10": 4.291815675666967, "11": 4.291815675666967, "12": 4.291815675666967, "13": 4.291815675666967, "14": 4.291815675666967, "15": 4.291815675666967, "16": 4.291815675666967, "17": 4.291815675666967, "18": 3.8168341660295546, "19": 3.8168341660295546, "20": 3.8168341660295546, "21": 3.8168341660295546, "22": 3.8168341660295546, "23": 3.8168341660295546, "24": 3.8168341660295546, "25": 3.8168341660295546, "26": 3.8168341660295546, "27": 3.8168341660295546, "28": 3.8168341660295546, "29": 3.8168341660295546, "30": 3.8168341660295546, "31": 3.8168341660295546, "32": 3.8168341660295546, "33": 3.8168341660295546, "34": 3.8168341660295546, "35": 3.8168341660295546, "36": 3.8168341660295546, "37": 3.8168341660295546, "38": 3.7054942603540226, "39": 3.7054942603540226, "40": 3.7054942603540226, "41": 3.7054942603540226, "42": 3.7054942603540226, "43": 3.7054942603540226, "44": 3.7054942603540226, "45": 3.7054942603540226, "46": 3.2075233049297083, "47": 3.2075233049297083, "48": 3.2075233049297083, "49": 3.2075233049297083, "50": 3.2075233049297083, "51": 3.2075233049297083, "52": 3.2075233049297083, "53": 3.2075233049297083, "54": 3.2075233049297083, "55": 3.2075233049297083, "56": 3.2075233049297083, "57": 3.2075233049297083, "58": 3.2075233049297083, "59": 3.2075233049297083, "60": 3.2075233049297083, "61": 3.2075233049297083, "62": 3.2075233049297083, "63": 3.2075233049297083, "64": 3.2075233049297083, "65": 3.2075233049297083, "66": 3.2075233049297083, "67": 3.2075233049297083, "68": 3.2075233049297083, "69": 3.2075233049297083, "70": 3.2075233049297083, "71": 3.2075233049297083, "72": 3.2075233049297083, "73": 3.2075233049297083, "74": 3.2075233049297083, "75": 3.2075233049297083, "76": 3.2075233049297083, "77": 3.2075233049297083, "78": 3.2075233049297083, "79": 3.2075233049297083, "80": 3.2075233049297083, "81": 3.2075233049297083, "82": 1.7580373984246762, "83": 1.7580373984246762, "84": 1.7580373984246762, "85": 1.7580373984246762, "86": 1.7580373984246762, "87": 1.7580373984246762, "88": 1.7580373984246762, "89": 1.7580373984246762, "90": 1.7580373984246762, "91": 1.7580373984246762, "92": 1.7580373984246762, "93": 1.7580373984246762, "94": 1.7580373984246762, "95": 1.7580373984246762, "96": 1.7580373984246762, "97": 1.7580373984246762, "98": 1.7580373984246762, "99": 1.7580373984246762, "100": 1.7580373984246762}