{"0": 23.434871908175303, "1": 14.20600219710409, "2": 14.20600219710409, "3": 14.20600219710409, "4": 4.15615050722689, "5": 4.15615050722689, "6": 4.15615050722689, "7": 2.3027601556879844, "8": 2.3027601556879844, "9": 0.042151996379253376, "10": 0.042151996379253376, "11": 0.042151996379253376, "12": 0.042151996379253376, "13": 0.042151996379253376, "14": 0.042151996379253376, "15": 0.042151996379253376, "16": 0.042151996379253376, "17": 0.042151996379253376, "18": 0.042151996379253376, "19": 0.042151996379253376, "20": 0.042151996379253376, "21": 0.042151996379253376, "22": 0.042151996379253376, "23": 0.042151996379253376, "24": 0.042151996379253376, "25": 0.042151996379253376, "26": 0.03242505242888427, "27": 0.03242505242888427, "28": 0.03242505242888427, "29": 0.03242505242888427, "30": 0.03242505242888427, "31": 0.03242505242888427, "32": 0.03242505242888427, "33": 0.03242505242888427, "34": 0.03242505242888427, "35": 0.03242505242888427, "36": 0.03242505242888427, "37": 0.03242505242888427, "38": 0.03242505242888427, "39": 0.03242505242888427, "40": 0.03242505242888427, "41": 0.03242505242888427, "42": 0.03242505242888427, "43": 0.03242505242888427, "44": 0.03242505242888427, "45": 0.03242505242888427, "46": 0.03242505242888427, "47": 0.03242505242888427, "48": 0.03242505242888427, "49": 0.03242505242888427, "50": 0.03242505242888427, "51": 0.03242505242888427, "52": 0.03242505242888427, "53": 0.03242505242888427, "54": 0.03242505242888427, "55": 0.03242505242888427, "56": 0.03242505242888427, "57": 0.03242505242888427, "58": 0.03242505242888427, "59": 0.03242505242888427, "60": 0.03242505242888427, "61": 0.03242505242888427, "62": 0.03242505242888427, "63": 0.03242505242888427, "64": 0.03242505242888427, "65": 0.03242505242888427, "66": 0.03242505242888427, "67": 0.03242505242888427, "68": 0.03242505242888427, "69": 0.03242505242888427, "70": 0.03242505242888427, "71": 0.03242505242888427, "72": 0.03242505242888427, "73": 0.03242505242888427, "74": 0.03242505242888427, "75": 0.03242505242888427, "76": 0.03242505242888427, "77": 0.03242505242888427, "78": 0.03242505242888427, "79": 0.03242505242888427, "80": 0.03242505242888427, "81": 0.03242505242888427, "82": 0.03242505242888427, "83": 0.03242505242888427, "84": 0.03242505242888427, "85": 0.03242505242888427, "86": 0.03242505242888427, "87": 0.03242505242888427, "88": 0.03242505242888427, "89": 0.03242505242888427, "90": 0.03242505242888427, "91": 0.03242505242888427, "92": 0.03242505242888427, "93": 0.03242505242888427, "94": 0.03242505242888427, "95": 0.03242505242888427, "96": 0.03242505242888427, "97": 0.03242505242888427, "98": 0.03242505242888427, "99": 0.03242505242888427, "100": 0.03242505242888427}