{"0": 46.923940989693236, "1": 26.330295269445816, "2": 10.156875485282834, "3": 10.156875485282834, "4": 10.156875485282834, "5": 10.156875485282834, "6": 6.261154015812021, "7": 6.261154015812021, "8": 6.261154015812021, "9": 6.261154015812021, "10": 6.261154015812021, "11": 6.261154015812021, "12": 6.261154015812021, "13": 5.205839962659947, "14": 5.205839962659947, "15": 5.205839962659947, "16": 3.998745535822753, "17": 3.998745535822753, "18": 2.9691554670223113, "19": 2.9691554670223113, "20": 2.9691554670223113, "21": 2.9691554670223113, "22": 2.9691554670223113, "23": 2.9691554670223113, "24": 2.0377174364209196, "25": 2.0377174364209196, "26": 2.0377174364209196, "27": 2.0377174364209196, "28": 2.0377174364209196, "29": 2.0377174364209196, "30": 2.0377174364209196, "31": 2.0377174364209196, "32": 2.0377174364209196, "33": 2.0377174364209196, "34": 2.0377174364209196, "35": 2.0377174364209196, "36": 2.015216582636832, "37": 2.015216582636832, "38": 2.015216582636832, "39": 2.015216582636832, "40": 2.015216582636832, "41": 2.015216582636832, "42": 2.015216582636832, "43": 2.015216582636832, "44": 2.015216582636832, "45": 2.015216582636832, "46": 2.015216582636832, "47": 2.015216582636832, "48": 2.015216582636832, "49": 2.015216582636832, "50": 2.015216582636832, "51": 2.015216582636832, "52": 2.015216582636832, "53": 2.015216582636832, "54": 2.015216582636832, "55": 2.015216582636832, "56": 2.015216582636832, "57": 2.015216582636832, "58": 2.015216582636832, "59": 2.015216582636832, "60": 2.015216582636832, "61": 2.015216582636832, "62": 2.015216582636832, "63": 2.015216582636832, "64": 2.015216582636832, "65": 2.015216582636832, "66": 1.4730813333082864, "67": 1.4730813333082864, "68": 1.4730813333082864, "69": 1.4730813333082864, "70": 1.4730813333082864, "71": 1.4730813333082864, "72": 1.4730813333082864, "73": 1.4730813333082864, "74": 1.4730813333082864, "75": 1.4730813333082864, "76": 1.4730813333082864, "77": 1.4730813333082864, "78": 1.4730813333082864, "79": 1.4730813333082864, "80": 1.4730813333082864, "81": 1.4730813333082864, "82": 1.4730813333082864, "83": 1.4730813333082864, "84": 1.4730813333082864, "85": 1.4730813333082864, "86": 1.4730813333082864, "87": 1.4730813333082864, "88": 1.4730813333082864, "89": 1.4730813333082864, "90": 1.4730813333082864, "91": 1.4730813333082864, "92": 1.4730813333082864, "93": 1.4730813333082864, "94": 1.4730813333082864, "95": 1.4730813333082864, "96": 1.4730813333082864, "97": 1.4730813333082864, "98": 1.4730813333082864, "99": 1.4730813333082864, "100": 1.4730813333082864}