{"0": 38.594090495182975, "1": 26.62458046673641, "2": 6.668520445898444, "3": 6.668520445898444, "4": 6.668520445898444, "5": 6.668520445898444, "6": 6.668520445898444, "7": 3.25214195324709, "8": 3.25214195324709, "9": 3.25214195324709, "10": 2.726793880538125, "11": 2.726793880538125, "12": 2.4541048868959763, "13": 2.284152400478071, "14": 2.1503625003552074, "15": 2.1503625003552074, "16": 2.1503625003552074, "17": 2.1503625003552074, "18": 2.1503625003552074, "19": 2.1503625003552074, "20": 2.1503625003552074, "21": 2.1503625003552074, "22": 2.1503625003552074, "23": 2.1503625003552074, "24": 2.113060733982781, "25": 2.113060733982781, "26": 2.113060733982781, "27": 2.113060733982781, "28": 2.113060733982781, "29": 2.113060733982781, "30": 2.113060733982781, "31": 2.113060733982781, "32": 1.0753562019006253, "33": 1.0753562019006253, "34": 1.0753562019006253, "35": 1.0753562019006253, "36": 1.0753562019006253, "37": 1.0753562019006253, "38": 1.0753562019006253, "39": 1.0753562019006253, "40": 1.0753562019006253, "41": 1.0753562019006253, "42": 1.0753562019006253, "43": 1.0753562019006253, "44": 1.0753562019006253, "45": 1.0753562019006253, "46": 1.0753562019006253, "47": 1.0753562019006253, "48": 1.0753562019006253, "49": 1.0753562019006253, "50": 1.0753562019006253, "51": 1.0753562019006253, "52": 1.0753562019006253, "53": 1.0753562019006253, "54": 1.0753562019006253, "55": 0.1555512595182904, "56": 0.1555512595182904, "57": 0.1555512595182904, "58": 0.1555512595182904, "59": 0.1555512595182904, "60": 0.1555512595182904, "61": 0.1555512595182904, "62": 0.1555512595182904, "63": 0.1555512595182904, "64": 0.1555512595182904, "65": 0.1555512595182904, "66": 0.1555512595182904, "67": 0.1555512595182904, "68": 0.1555512595182904, "69": 0.1555512595182904, "70": 0.1555512595182904, "71": 0.1555512595182904, "72": 0.1555512595182904, "73": 0.1555512595182904, "74": 0.1555512595182904, "75": 0.1555512595182904, "76": 0.1555512595182904, "77": 0.1555512595182904, "78": 0.1555512595182904, "79": 0.1555512595182904, "80": 0.1555512595182904, "81": 0.1555512595182904, "82": 0.1555512595182904, "83": 0.1555512595182904, "84": 0.1555512595182904, "85": 0.1555512595182904, "86": 0.1555512595182904, "87": 0.1555512595182904, "88": 0.1555512595182904, "89": 0.1555512595182904, "90": 0.1555512595182904, "91": 0.1555512595182904, "92": 0.1555512595182904, "93": 0.1555512595182904, "94": 0.1555512595182904, "95": 0.1555512595182904, "96": 0.1555512595182904, "97": 0.1555512595182904, "98": 0.1555512595182904, "99": 0.1555512595182904, "100": 0.1555512595182904}