{"0": 16.800122765858976, "1": 16.800122765858976, "2": 16.800122765858976, "3": 16.800122765858976, "4": 12.2355750088281, "5": 12.2355750088281, "6": 12.2355750088281, "7": 12.2355750088281, "8": 8.926969891881438, "9": 8.926969891881438, "10": 8.926969891881438, "11": 2.2669712947692346, "12": 2.2669712947692346, "13": 2.2669712947692346, "14": 2.2669712947692346, "15": 1.0869831565409314, "16": 1.0869831565409314, "17": 1.0869831565409314, "18": 1.0869831565409314, "19": 1.0869831565409314, "20": 1.0815203140429475, "21": 1.0815203140429475, "22": 1.0815203140429475, "23": 1.0815203140429475, "24": 1.0815203140429475, "25": 1.0815203140429475, "26": 1.0815203140429475, "27": 1.0815203140429475, "28": 1.0815203140429475, "29": 1.0815203140429475, "30": 1.0815203140429475, "31": 1.0815203140429475, "32": 1.0815203140429475, "33": 1.0815203140429475, "34": 1.0815203140429475, "35": 1.0815203140429475, "36": 1.0815203140429475, "37": 1.0815203140429475, "38": 1.0815203140429475, "39": 1.0815203140429475, "40": 1.0815203140429475, "41": 1.0815203140429475, "42": 1.0815203140429475, "43": 1.0815203140429475, "44": 1.0815203140429475, "45": 1.0815203140429475, "46": 1.0815203140429475, "47": 1.0815203140429475, "48": 1.0815203140429475, "49": 1.0815203140429475, "50": 1.0815203140429475, "51": 1.0815203140429475, "52": 1.0815203140429475, "53": 1.0815203140429475, "54": 1.0815203140429475, "55": 1.0815203140429475, "56": 1.0815203140429475, "57": 1.0815203140429475, "58": 1.0815203140429475, "59": 1.0815203140429475, "60": 1.0815203140429475, "61": 1.0815203140429475, "62": 1.0815203140429475, "63": 1.0815203140429475, "64": 1.0815203140429475, "65": 1.0815203140429475, "66": 1.0815203140429475, "67": 1.0815203140429475, "68": 1.0815203140429475, "69": 1.0285213921125234, "70": 1.0285213921125234, "71": 1.0285213921125234, "72": 1.0285213921125234, "73": 1.0285213921125234, "74": 1.0285213921125234, "75": 1.0285213921125234, "76": 1.0285213921125234, "77": 1.0285213921125234, "78": 1.0285213921125234, "79": 1.0285213921125234, "80": 1.0285213921125234, "81": 1.0285213921125234, "82": 1.0285213921125234, "83": 1.0285213921125234, "84": 1.0285213921125234, "85": 1.0285213921125234, "86": 1.0285213921125234, "87": 1.0285213921125234, "88": 1.0285213921125234, "89": 1.0285213921125234, "90": 1.0285213921125234, "91": 1.0285213921125234, "92": 1.0285213921125234, "93": 1.0285213921125234, "94": 1.0285213921125234, "95": 1.0285213921125234, "96": 1.0285213921125234, "97": 1.0285213921125234, "98": 1.0285213921125234, "99": 1.0285213921125234, "100": 1.0285213921125234}