{"0": 16.90829006589043, "1": 6.717012158380541, "2": 2.1881307378487023, "3": 2.1881307378487023, "4": 2.1881307378487023, "5": 2.1881307378487023, "6": 2.1881307378487023, "7": 2.1881307378487023, "8": 2.1881307378487023, "9": 2.1881307378487023, "10": 2.1881307378487023, "11": 1.1548965555230737, "12": 1.1548965555230737, "13": 1.1548965555230737, "14": 1.1548965555230737, "15": 1.1548965555230737, "16": 1.1548965555230737, "17": 1.1548965555230737, "18": 1.1548965555230737, "19": 1.1548965555230737, "20": 1.1548965555230737, "21": 1.1548965555230737, "22": 1.1548965555230737, "23": 1.1548965555230737, "24": 1.1548965555230737, "25": 1.1548965555230737, "26": 1.1548965555230737, "27": 1.1548965555230737, "28": 1.1548965555230737, "29": 1.1548965555230737, "30": 1.1548965555230737, "31": 1.1548965555230737, "32": 1.1548965555230737, "33": 1.1548965555230737, "34": 1.1548965555230737, "35": 1.038859613850562, "36": 1.038859613850562, "37": 1.038859613850562, "38": 1.038859613850562, "39": 1.038859613850562, "40": 1.038859613850562, "41": 1.038859613850562, "42": 1.038859613850562, "43": 1.038859613850562, "44": 1.038859613850562, "45": 1.038859613850562, "46": 1.038859613850562, "47": 1.038859613850562, "48": 1.038859613850562, "49": 1.038859613850562, "50": 1.038859613850562, "51": 1.038859613850562, "52": 0.4999321671416581, "53": 0.4999321671416581, "54": 0.4999321671416581, "55": 0.4999321671416581, "56": 0.4999321671416581, "57": 0.4999321671416581, "58": 0.4999321671416581, "59": 0.4999321671416581, "60": 0.4999321671416581, "61": 0.4999321671416581, "62": 0.4999321671416581, "63": 0.4999321671416581, "64": 0.4999321671416581, "65": 0.4999321671416581, "66": 0.4999321671416581, "67": 0.4999321671416581, "68": 0.4999321671416581, "69": 0.4999321671416581, "70": 0.4999321671416581, "71": 0.4999321671416581, "72": 0.4999321671416581, "73": 0.4999321671416581, "74": 0.4999321671416581, "75": 0.4999321671416581, "76": 0.4999321671416581, "77": 0.4999321671416581, "78": 0.4999321671416581, "79": 0.4999321671416581, "80": 0.4999321671416581, "81": 0.4999321671416581, "82": 0.4999321671416581, "83": 0.4999321671416581, "84": 0.4999321671416581, "85": 0.4999321671416581, "86": 0.4999321671416581, "87": 0.4999321671416581, "88": 0.4999321671416581, "89": 0.4999321671416581, "90": 0.4999321671416581, "91": 0.4999321671416581, "92": 0.4999321671416581, "93": 0.4999321671416581, "94": 0.4999321671416581, "95": 0.4999321671416581, "96": 0.4999321671416581, "97": 0.4999321671416581, "98": 0.4999321671416581, "99": 0.4999321671416581, "100": 0.4999321671416581}