{"0": 20.107803531419627, "1": 20.107803531419627, "2": 15.402043643223493, "3": 15.402043643223493, "4": 10.340160842687865, "5": 7.290248283549669, "6": 7.290248283549669, "7": 7.290248283549669, "8": 7.290248283549669, "9": 5.7819388150024835, "10": 5.7819388150024835, "11": 5.7819388150024835, "12": 5.7819388150024835, "13": 5.7819388150024835, "14": 5.7819388150024835, "15": 3.031902330814045, "16": 3.031902330814045, "17": 3.031902330814045, "18": 3.031902330814045, "19": 1.4251822276403558, "20": 1.4251822276403558, "21": 1.4251822276403558, "22": 1.4251822276403558, "23": 1.4251822276403558, "24": 0.5955645296978389, "25": 0.5955645296978389, "26": 0.5955645296978389, "27": 0.5955645296978389, "28": 0.5955645296978389, "29": 0.5955645296978389, "30": 0.5955645296978389, "31": 0.5955645296978389, "32": 0.5955645296978389, "33": 0.5955645296978389, "34": 0.5955645296978389, "35": 0.044319860875774, "36": 0.044319860875774, "37": 0.044319860875774, "38": 0.044319860875774, "39": 0.044319860875774, "40": 0.044319860875774, "41": 0.044319860875774, "42": 0.044319860875774, "43": 0.044319860875774, "44": 0.044319860875774, "45": 0.044319860875774, "46": 0.044319860875774, "47": 0.044319860875774, "48": 0.044319860875774, "49": 0.044319860875774, "50": 0.044319860875774, "51": 0.044319860875774, "52": 0.044319860875774, "53": 0.044319860875774, "54": 0.044319860875774, "55": 0.044319860875774, "56": 0.044319860875774, "57": 0.044319860875774, "58": 0.044319860875774, "59": 0.044319860875774, "60": 0.044319860875774, "61": 0.044319860875774, "62": 0.044319860875774, "63": 0.044319860875774, "64": 0.044319860875774, "65": 0.044319860875774, "66": 0.044319860875774, "67": 0.044319860875774, "68": 0.044319860875774, "69": 0.044319860875774, "70": 0.044319860875774, "71": 0.044319860875774, "72": 0.044319860875774, "73": 0.044319860875774, "74": 0.044319860875774, "75": 0.044319860875774, "76": 0.044319860875774, "77": 0.044319860875774, "78": 0.044319860875774, "79": 0.044319860875774, "80": 0.044319860875774, "81": 0.044319860875774, "82": 0.044319860875774, "83": 0.044319860875774, "84": 0.044319860875774, "85": 0.044319860875774, "86": 0.044319860875774, "87": 0.044319860875774, "88": 0.044319860875774, "89": 0.044319860875774, "90": 0.044319860875774, "91": 0.044319860875774, "92": 0.044319860875774, "93": 0.044319860875774, "94": 0.044319860875774, "95": 0.044319860875774, "96": 0.044319860875774, "97": 0.044319860875774, "98": 0.044319860875774, "99": 0.044319860875774, "100": 0.044319860875774}