{"0": 8.369730705528776, "1": 8.369730705528776, "2": 5.961185664743777, "3": 5.961185664743777, "4": 5.961185664743777, "5": 5.961185664743777, "6": 5.961185664743777, "7": 5.961185664743777, "8": 5.961185664743777, "9": 5.004008215898185, "10": 5.004008215898185, "11": 1.1989229521305873, "12": 1.1989229521305873, "13": 1.1989229521305873, "14": 1.1989229521305873, "15": 1.1989229521305873, "16": 1.1989229521305873, "17": 1.1989229521305873, "18": 1.1989229521305873, "19": 1.1989229521305873, "20": 1.1989229521305873, "21": 1.1989229521305873, "22": 1.1989229521305873, "23": 1.1989229521305873, "24": 1.1989229521305873, "25": 1.1989229521305873, "26": 1.1989229521305873, "27": 1.1989229521305873, "28": 1.1989229521305873, "29": 1.1989229521305873, "30": 1.1989229521305873, "31": 1.1989229521305873, "32": 1.1989229521305873, "33": 1.1989229521305873, "34": 1.1989229521305873, "35": 1.1989229521305873, "36": 1.1989229521305873, "37": 1.1989229521305873, "38": 1.1989229521305873, "39": 1.1989229521305873, "40": 1.0930301672144687, "41": 1.0930301672144687, "42": 1.0930301672144687, "43": 1.0930301672144687, "44": 1.0930301672144687, "45": 1.0930301672144687, "46": 1.0930301672144687, "47": 1.0930301672144687, "48": 1.0930301672144687, "49": 1.0930301672144687, "50": 1.0930301672144687, "51": 1.0930301672144687, "52": 1.0930301672144687, "53": 1.0930301672144687, "54": 1.0930301672144687, "55": 1.0930301672144687, "56": 1.0930301672144687, "57": 1.0930301672144687, "58": 1.0359173498117897, "59": 1.0359173498117897, "60": 1.0359173498117897, "61": 1.0359173498117897, "62": 1.0359173498117897, "63": 1.0359173498117897, "64": 1.0359173498117897, "65": 1.0359173498117897, "66": 1.0359173498117897, "67": 1.0359173498117897, "68": 1.0359173498117897, "69": 1.0359173498117897, "70": 1.0359173498117897, "71": 1.0359173498117897, "72": 1.0359173498117897, "73": 1.0359173498117897, "74": 1.0359173498117897, "75": 1.0359173498117897, "76": 1.0359173498117897, "77": 1.0359173498117897, "78": 1.0359173498117897, "79": 1.0359173498117897, "80": 1.0359173498117897, "81": 1.0359173498117897, "82": 1.0359173498117897, "83": 1.0359173498117897, "84": 1.0359173498117897, "85": 1.0359173498117897, "86": 1.0359173498117897, "87": 1.0359173498117897, "88": 1.0359173498117897, "89": 1.0359173498117897, "90": 1.0359173498117897, "91": 1.0359173498117897, "92": 1.0359173498117897, "93": 1.0359173498117897, "94": 1.0359173498117897, "95": 1.0359173498117897, "96": 1.0359173498117897, "97": 1.0359173498117897, "98": 1.0359173498117897, "99": 1.0359173498117897, "100": 1.0359173498117897}