{"0": 9.93289424471109, "1": 2.150246696302176, "2": 2.150246696302176, "3": 2.150246696302176, "4": 2.150246696302176, "5": 2.150246696302176, "6": 2.150246696302176, "7": 2.150246696302176, "8": 1.3660157625634675, "9": 1.3660157625634675, "10": 1.3660157625634675, "11": 1.3660157625634675, "12": 1.3660157625634675, "13": 1.3660157625634675, "14": 1.3660157625634675, "15": 1.3660157625634675, "16": 1.3660157625634675, "17": 1.3660157625634675, "18": 1.3660157625634675, "19": 1.3660157625634675, "20": 1.3660157625634675, "21": 1.3660157625634675, "22": 1.3660157625634675, "23": 1.3660157625634675, "24": 1.3660157625634675, "25": 1.3660157625634675, "26": 1.3660157625634675, "27": 1.3660157625634675, "28": 1.3660157625634675, "29": 1.3660157625634675, "30": 1.3660157625634675, "31": 1.3660157625634675, "32": 1.3660157625634675, "33": 1.3660157625634675, "34": 1.3660157625634675, "35": 1.3660157625634675, "36": 1.3660157625634675, "37": 1.3660157625634675, "38": 1.3660157625634675, "39": 1.3660157625634675, "40": 1.3660157625634675, "41": 1.3660157625634675, "42": 1.3660157625634675, "43": 1.3660157625634675, "44": 1.3660157625634675, "45": 1.3660157625634675, "46": 1.3660157625634675, "47": 1.3660157625634675, "48": 1.3660157625634675, "49": 1.3660157625634675, "50": 1.3660157625634675, "51": 1.3660157625634675, "52": 1.3660157625634675, "53": 1.3660157625634675, "54": 1.3660157625634675, "55": 1.3660157625634675, "56": 1.3660157625634675, "57": 1.3660157625634675, "58": 1.3660157625634675, "59": 1.3660157625634675, "60": 1.3660157625634675, "61": 1.3660157625634675, "62": 1.3660157625634675, "63": 1.3660157625634675, "64": 1.3660157625634675, "65": 1.3660157625634675, "66": 1.3660157625634675, "67": 1.3660157625634675, "68": 1.3660157625634675, "69": 1.3660157625634675, "70": 1.3660157625634675, "71": 1.3660157625634675, "72": 1.3660157625634675, "73": 1.3660157625634675, "74": 1.3660157625634675, "75": 1.3660157625634675, "76": 1.3660157625634675, "77": 1.3660157625634675, "78": 1.3660157625634675, "79": 1.3660157625634675, "80": 1.3660157625634675, "81": 1.3660157625634675, "82": 1.3660157625634675, "83": 1.3660157625634675, "84": 1.3660157625634675, "85": 1.3660157625634675, "86": 1.3660157625634675, "87": 1.3660157625634675, "88": 1.3660157625634675, "89": 1.3660157625634675, "90": 1.3660157625634675, "91": 1.3660157625634675, "92": 1.3660157625634675, "93": 1.3660157625634675, "94": 1.3660157625634675, "95": 1.3660157625634675, "96": 1.3660157625634675, "97": 1.3660157625634675, "98": 1.3660157625634675, "99": 1.3660157625634675, "100": 1.3660157625634675}