{"0": 13.528053096714444, "1": 9.417105723748627, "2": 9.417105723748627, "3": 3.061850916823982, "4": 3.061850916823982, "5": 3.061850916823982, "6": 3.061850916823982, "7": 3.061850916823982, "8": 3.061850916823982, "9": 3.061850916823982, "10": 3.061850916823982, "11": 3.061850916823982, "12": 3.061850916823982, "13": 2.0635150942355587, "14": 2.0635150942355587, "15": 2.0635150942355587, "16": 2.0635150942355587, "17": 2.0635150942355587, "18": 2.0635150942355587, "19": 2.0635150942355587, "20": 2.0635150942355587, "21": 2.0635150942355587, "22": 2.0635150942355587, "23": 2.0635150942355587, "24": 2.0635150942355587, "25": 1.118523145458127, "26": 1.118523145458127, "27": 1.118523145458127, "28": 1.118523145458127, "29": 1.118523145458127, "30": 1.118523145458127, "31": 1.118523145458127, "32": 1.118523145458127, "33": 1.118523145458127, "34": 1.118523145458127, "35": 1.118523145458127, "36": 1.118523145458127, "37": 1.118523145458127, "38": 1.118523145458127, "39": 1.118523145458127, "40": 1.118523145458127, "41": 1.118523145458127, "42": 1.118523145458127, "43": 1.118523145458127, "44": 1.118523145458127, "45": 1.118523145458127, "46": 1.118523145458127, "47": 1.118523145458127, "48": 1.118523145458127, "49": 1.118523145458127, "50": 1.118523145458127, "51": 1.118523145458127, "52": 1.118523145458127, "53": 1.118523145458127, "54": 1.118523145458127, "55": 1.118523145458127, "56": 1.118523145458127, "57": 1.118523145458127, "58": 1.118523145458127, "59": 1.118523145458127, "60": 1.118523145458127, "61": 1.118523145458127, "62": 1.118523145458127, "63": 1.118523145458127, "64": 1.118523145458127, "65": 1.118523145458127, "66": 1.118523145458127, "67": 1.118523145458127, "68": 1.118523145458127, "69": 1.118523145458127, "70": 1.118523145458127, "71": 1.118523145458127, "72": 1.118523145458127, "73": 1.118523145458127, "74": 1.118523145458127, "75": 1.118523145458127, "76": 1.118523145458127, "77": 1.118523145458127, "78": 1.118523145458127, "79": 1.118523145458127, "80": 1.118523145458127, "81": 1.118523145458127, "82": 1.118523145458127, "83": 1.118523145458127, "84": 1.118523145458127, "85": 1.118523145458127, "86": 1.118523145458127, "87": 1.118523145458127, "88": 1.118523145458127, "89": 1.118523145458127, "90": 1.118523145458127, "91": 1.118523145458127, "92": 1.118523145458127, "93": 1.118523145458127, "94": 1.118523145458127, "95": 1.118523145458127, "96": 1.118523145458127, "97": 1.118523145458127, "98": 1.118523145458127, "99": 1.118523145458127, "100": 1.118523145458127}