{"0": 7.6227523959935475, "1": 7.6227523959935475, "2": 7.6227523959935475, "3": 7.6227523959935475, "4": 7.6227523959935475, "5": 7.6227523959935475, "6": 4.904307605371795, "7": 4.904307605371795, "8": 4.904307605371795, "9": 4.904307605371795, "10": 4.904307605371795, "11": 4.904307605371795, "12": 4.904307605371795, "13": 2.244267417896509, "14": 2.244267417896509, "15": 2.244267417896509, "16": 2.244267417896509, "17": 1.4250353847755335, "18": 1.4250353847755335, "19": 1.4250353847755335, "20": 1.4250353847755335, "21": 1.4250353847755335, "22": 1.4250353847755335, "23": 1.4250353847755335, "24": 1.4250353847755335, "25": 1.4250353847755335, "26": 1.4250353847755335, "27": 1.4250353847755335, "28": 1.1928402764081305, "29": 1.1928402764081305, "30": 1.1928402764081305, "31": 1.1928402764081305, "32": 1.1928402764081305, "33": 1.1928402764081305, "34": 1.1928402764081305, "35": 1.1928402764081305, "36": 1.1928402764081305, "37": 1.1928402764081305, "38": 1.1928402764081305, "39": 1.1928402764081305, "40": 1.1928402764081305, "41": 1.1928402764081305, "42": 1.1928402764081305, "43": 1.1928402764081305, "44": 1.1928402764081305, "45": 1.1928402764081305, "46": 1.1928402764081305, "47": 1.1928402764081305, "48": 1.1928402764081305, "49": 1.1928402764081305, "50": 1.1928402764081305, "51": 1.1928402764081305, "52": 1.1928402764081305, "53": 1.1928402764081305, "54": 1.1928402764081305, "55": 1.1928402764081305, "56": 1.1928402764081305, "57": 1.1928402764081305, "58": 1.1928402764081305, "59": 1.1928402764081305, "60": 1.1928402764081305, "61": 1.1928402764081305, "62": 1.1928402764081305, "63": 1.1928402764081305, "64": 1.1928402764081305, "65": 1.1928402764081305, "66": 1.1928402764081305, "67": 1.1928402764081305, "68": 0.1808483698774097, "69": 0.1808483698774097, "70": 0.1808483698774097, "71": 0.1808483698774097, "72": 0.1808483698774097, "73": 0.1808483698774097, "74": 0.1808483698774097, "75": 0.1808483698774097, "76": 0.1808483698774097, "77": 0.1808483698774097, "78": 0.1808483698774097, "79": 0.1808483698774097, "80": 0.1808483698774097, "81": 0.1808483698774097, "82": 0.1808483698774097, "83": 0.1808483698774097, "84": 0.1808483698774097, "85": 0.1808483698774097, "86": 0.1808483698774097, "87": 0.1808483698774097, "88": 0.1808483698774097, "89": 0.1808483698774097, "90": 0.1808483698774097, "91": 0.1808483698774097, "92": 0.1808483698774097, "93": 0.1808483698774097, "94": 0.1808483698774097, "95": 0.1808483698774097, "96": 0.1808483698774097, "97": 0.1808483698774097, "98": 0.1808483698774097, "99": 0.1808483698774097, "100": 0.1808483698774097}