{"0": 18.661459839522223, "1": 18.661459839522223, "2": 18.661459839522223, "3": 3.94919628822959, "4": 3.94919628822959, "5": 3.94919628822959, "6": 3.94919628822959, "7": 3.94919628822959, "8": 3.94919628822959, "9": 3.94919628822959, "10": 2.321876943577081, "11": 2.321876943577081, "12": 2.321876943577081, "13": 2.321876943577081, "14": 2.321876943577081, "15": 2.321876943577081, "16": 2.321876943577081, "17": 2.321876943577081, "18": 2.321876943577081, "19": 2.321876943577081, "20": 2.321876943577081, "21": 1.4453803694208212, "22": 1.4453803694208212, "23": 1.4453803694208212, "24": 1.4453803694208212, "25": 1.4453803694208212, "26": 1.4453803694208212, "27": 1.4453803694208212, "28": 1.4453803694208212, "29": 1.4453803694208212, "30": 1.4453803694208212, "31": 1.4453803694208212, "32": 1.4453803694208212, "33": 1.4453803694208212, "34": 1.4453803694208212, "35": 1.4453803694208212, "36": 1.4453803694208212, "37": 1.4453803694208212, "38": 1.4453803694208212, "39": 1.4453803694208212, "40": 1.4453803694208212, "41": 1.4453803694208212, "42": 1.4453803694208212, "43": 1.4453803694208212, "44": 1.4453803694208212, "45": 1.4453803694208212, "46": 1.4453803694208212, "47": 1.4453803694208212, "48": 1.4453803694208212, "49": 1.4453803694208212, "50": 1.4453803694208212, "51": 1.4453803694208212, "52": 1.4453803694208212, "53": 1.4453803694208212, "54": 1.4453803694208212, "55": 1.4453803694208212, "56": 1.4453803694208212, "57": 1.4453803694208212, "58": 1.4453803694208212, "59": 1.4453803694208212, "60": 1.4453803694208212, "61": 1.4453803694208212, "62": 1.4453803694208212, "63": 1.4453803694208212, "64": 1.4453803694208212, "65": 1.4453803694208212, "66": 1.4453803694208212, "67": 1.4453803694208212, "68": 1.4453803694208212, "69": 1.4453803694208212, "70": 1.4453803694208212, "71": 1.4453803694208212, "72": 1.4453803694208212, "73": 1.1257882393345469, "74": 1.1257882393345469, "75": 1.1257882393345469, "76": 1.1257882393345469, "77": 1.1257882393345469, "78": 1.1257882393345469, "79": 1.1257882393345469, "80": 1.1257882393345469, "81": 1.1257882393345469, "82": 1.1257882393345469, "83": 1.1257882393345469, "84": 1.1257882393345469, "85": 1.1257882393345469, "86": 1.1257882393345469, "87": 1.1257882393345469, "88": 1.1257882393345469, "89": 1.1257882393345469, "90": 1.1257882393345469, "91": 1.1257882393345469, "92": 1.1257882393345469, "93": 1.1257882393345469, "94": 1.1257882393345469, "95": 1.1257882393345469, "96": 1.1257882393345469, "97": 1.1257882393345469, "98": 1.1257882393345469, "99": 1.1257882393345469, "100": 1.1257882393345469}