{"0": 4.216603821894687, "1": 4.216603821894687, "2": 4.216603821894687, "3": 3.668130245122917, "4": 3.668130245122917, "5": 3.668130245122917, "6": 3.668130245122917, "7": 2.1551319684087495, "8": 2.1551319684087495, "9": 2.1551319684087495, "10": 2.1551319684087495, "11": 1.479694984138721, "12": 0.8593343362640624, "13": 0.21947034637337737, "14": 0.21947034637337737, "15": 0.21947034637337737, "16": 0.21947034637337737, "17": 0.21947034637337737, "18": 0.21947034637337737, "19": 0.18500640696042225, "20": 0.18500640696042225, "21": 0.18500640696042225, "22": 0.18500640696042225, "23": 0.18500640696042225, "24": 0.18500640696042225, "25": 0.157705861730566, "26": 0.157705861730566, "27": 0.157705861730566, "28": 0.157705861730566, "29": 0.157705861730566, "30": 0.157705861730566, "31": 0.157705861730566, "32": 0.157705861730566, "33": 0.157705861730566, "34": 0.157705861730566, "35": 0.157705861730566, "36": 0.157705861730566, "37": 0.157705861730566, "38": 0.157705861730566, "39": 0.157705861730566, "40": 0.157705861730566, "41": 0.157705861730566, "42": 0.157705861730566, "43": 0.157705861730566, "44": 0.157705861730566, "45": 0.157705861730566, "46": 0.157705861730566, "47": 0.157705861730566, "48": 0.157705861730566, "49": 0.157705861730566, "50": 0.157705861730566, "51": 0.157705861730566, "52": 0.157705861730566, "53": 0.157705861730566, "54": 0.157705861730566, "55": 0.157705861730566, "56": 0.157705861730566, "57": 0.157705861730566, "58": 0.157705861730566, "59": 0.157705861730566, "60": 0.157705861730566, "61": 0.157705861730566, "62": 0.157705861730566, "63": 0.157705861730566, "64": 0.157705861730566, "65": 0.157705861730566, "66": 0.157705861730566, "67": 0.157705861730566, "68": 0.157705861730566, "69": 0.157705861730566, "70": 0.157705861730566, "71": 0.157705861730566, "72": 0.157705861730566, "73": 0.157705861730566, "74": 0.157705861730566, "75": 0.157705861730566, "76": 0.157705861730566, "77": 0.157705861730566, "78": 0.157705861730566, "79": 0.157705861730566, "80": 0.157705861730566, "81": 0.157705861730566, "82": 0.157705861730566, "83": 0.157705861730566, "84": 0.157705861730566, "85": 0.157705861730566, "86": 0.157705861730566, "87": 0.157705861730566, "88": 0.157705861730566, "89": 0.157705861730566, "90": 0.157705861730566, "91": 0.157705861730566, "92": 0.157705861730566, "93": 0.157705861730566, "94": 0.157705861730566, "95": 0.157705861730566, "96": 0.157705861730566, "97": 0.157705861730566, "98": 0.157705861730566, "99": 0.157705861730566, "100": 0.157705861730566}