{"0": 21.7853279280428, "1": 17.34342530850623, "2": 17.34342530850623, "3": 17.34342530850623, "4": 17.34342530850623, "5": 5.219852105731764, "6": 1.2727063046974934, "7": 1.2727063046974934, "8": 1.2727063046974934, "9": 1.2727063046974934, "10": 1.2727063046974934, "11": 1.2727063046974934, "12": 1.2727063046974934, "13": 1.2727063046974934, "14": 1.2727063046974934, "15": 1.2727063046974934, "16": 1.2727063046974934, "17": 1.2727063046974934, "18": 1.2727063046974934, "19": 1.2727063046974934, "20": 1.2727063046974934, "21": 1.2727063046974934, "22": 1.2727063046974934, "23": 1.2727063046974934, "24": 1.2727063046974934, "25": 1.2727063046974934, "26": 1.2727063046974934, "27": 1.2727063046974934, "28": 1.2392228803157082, "29": 1.2392228803157082, "30": 1.2392228803157082, "31": 1.2392228803157082, "32": 1.2392228803157082, "33": 1.2392228803157082, "34": 1.2392228803157082, "35": 1.2392228803157082, "36": 1.2392228803157082, "37": 1.2392228803157082, "38": 1.2392228803157082, "39": 1.2392228803157082, "40": 1.2392228803157082, "41": 1.2392228803157082, "42": 1.2392228803157082, "43": 1.2392228803157082, "44": 1.2392228803157082, "45": 1.2392228803157082, "46": 1.2392228803157082, "47": 1.2392228803157082, "48": 1.2392228803157082, "49": 1.2392228803157082, "50": 1.2392228803157082, "51": 1.2392228803157082, "52": 1.2392228803157082, "53": 1.2392228803157082, "54": 1.2392228803157082, "55": 1.2392228803157082, "56": 1.2392228803157082, "57": 1.2392228803157082, "58": 1.2392228803157082, "59": 1.2392228803157082, "60": 1.2392228803157082, "61": 1.2392228803157082, "62": 1.2392228803157082, "63": 1.2392228803157082, "64": 1.2392228803157082, "65": 1.2392228803157082, "66": 1.2392228803157082, "67": 1.2392228803157082, "68": 1.2392228803157082, "69": 1.2392228803157082, "70": 1.2392228803157082, "71": 1.2392228803157082, "72": 1.2392228803157082, "73": 1.2392228803157082, "74": 1.2392228803157082, "75": 1.2392228803157082, "76": 1.2392228803157082, "77": 1.2392228803157082, "78": 1.2006978722354589, "79": 1.2006978722354589, "80": 1.2006978722354589, "81": 1.2006978722354589, "82": 1.2006978722354589, "83": 0.5406354951818955, "84": 0.5406354951818955, "85": 0.5406354951818955, "86": 0.5406354951818955, "87": 0.5406354951818955, "88": 0.5406354951818955, "89": 0.5406354951818955, "90": 0.5406354951818955, "91": 0.5406354951818955, "92": 0.5406354951818955, "93": 0.5406354951818955, "94": 0.5406354951818955, "95": 0.5406354951818955, "96": 0.5406354951818955, "97": 0.5406354951818955, "98": 0.5406354951818955, "99": 0.5406354951818955, "100": 0.5406354951818955}