{"0": 18.24266916901621, "1": 18.24266916901621, "2": 5.253871556642832, "3": 5.253871556642832, "4": 5.253871556642832, "5": 0.21768159385581498, "6": 0.21768159385581498, "7": 0.21768159385581498, "8": 0.21768159385581498, "9": 0.21768159385581498, "10": 0.21768159385581498, "11": 0.04911714756944008, "12": 0.04911714756944008, "13": 0.04911714756944008, "14": 0.04911714756944008, "15": 0.04911714756944008, "16": 0.04911714756944008, "17": 0.04911714756944008, "18": 0.04911714756944008, "19": 0.04911714756944008, "20": 0.04911714756944008, "21": 0.04911714756944008, "22": 0.04911714756944008, "23": 0.04911714756944008, "24": 0.04911714756944008, "25": 0.04911714756944008, "26": 0.04911714756944008, "27": 0.04911714756944008, "28": 0.04911714756944008, "29": 0.04911714756944008, "30": 0.04911714756944008, "31": 0.04911714756944008, "32": 0.04911714756944008, "33": 0.04911714756944008, "34": 0.04911714756944008, "35": 0.04911714756944008, "36": 0.04911714756944008, "37": 0.04911714756944008, "38": 0.04911714756944008, "39": 0.04911714756944008, "40": 0.04911714756944008, "41": 0.04911714756944008, "42": 0.04911714756944008, "43": 0.04911714756944008, "44": 0.04911714756944008, "45": 0.04911714756944008, "46": 0.04911714756944008, "47": 0.04911714756944008, "48": 0.04911714756944008, "49": 0.04911714756944008, "50": 0.04911714756944008, "51": 0.04911714756944008, "52": 0.04911714756944008, "53": 0.04911714756944008, "54": 0.04911714756944008, "55": 0.04911714756944008, "56": 0.04911714756944008, "57": 0.04911714756944008, "58": 0.04911714756944008, "59": 0.04911714756944008, "60": 0.04911714756944008, "61": 0.04911714756944008, "62": 0.04911714756944008, "63": 0.04911714756944008, "64": 0.04911714756944008, "65": 0.04911714756944008, "66": 0.04911714756944008, "67": 0.04911714756944008, "68": 0.04911714756944008, "69": 0.04911714756944008, "70": 0.04911714756944008, "71": 0.04911714756944008, "72": 0.04911714756944008, "73": 0.04911714756944008, "74": 0.04911714756944008, "75": 0.04911714756944008, "76": 0.04911714756944008, "77": 0.04911714756944008, "78": 0.04911714756944008, "79": 0.04911714756944008, "80": 0.04911714756944008, "81": 0.04911714756944008, "82": 0.04911714756944008, "83": 0.04911714756944008, "84": 0.04911714756944008, "85": 0.04911714756944008, "86": 0.04911714756944008, "87": 0.04911714756944008, "88": 0.04911714756944008, "89": 0.04911714756944008, "90": 0.04911714756944008, "91": 0.04911714756944008, "92": 0.04911714756944008, "93": 0.04911714756944008, "94": 0.04911714756944008, "95": 0.04911714756944008, "96": 0.04911714756944008, "97": 0.04911714756944008, "98": 0.04911714756944008, "99": 0.04911714756944008, "100": 0.04911714756944008}