{"0": 12.831750571841145, "1": 5.3501351119928895, "2": 5.3501351119928895, "3": 3.381977255374835, "4": 3.381977255374835, "5": 2.267333997744398, "6": 2.267333997744398, "7": 2.267333997744398, "8": 2.267333997744398, "9": 2.267333997744398, "10": 2.267333997744398, "11": 2.267333997744398, "12": 2.267333997744398, "13": 1.6891345844803922, "14": 1.6891345844803922, "15": 1.6891345844803922, "16": 1.6891345844803922, "17": 1.6891345844803922, "18": 1.6891345844803922, "19": 1.6891345844803922, "20": 1.6891345844803922, "21": 1.6891345844803922, "22": 1.6891345844803922, "23": 1.6891345844803922, "24": 1.6891345844803922, "25": 1.6891345844803922, "26": 1.6891345844803922, "27": 1.6891345844803922, "28": 1.6891345844803922, "29": 1.6891345844803922, "30": 1.6891345844803922, "31": 1.6891345844803922, "32": 1.6891345844803922, "33": 1.6891345844803922, "34": 1.6891345844803922, "35": 1.6891345844803922, "36": 1.6891345844803922, "37": 1.6891345844803922, "38": 1.6891345844803922, "39": 1.2491347802337032, "40": 1.2491347802337032, "41": 1.2491347802337032, "42": 1.2491347802337032, "43": 1.2491347802337032, "44": 1.2491347802337032, "45": 1.2491347802337032, "46": 1.2491347802337032, "47": 1.2491347802337032, "48": 1.2491347802337032, "49": 1.2491347802337032, "50": 1.2491347802337032, "51": 1.2491347802337032, "52": 1.2491347802337032, "53": 1.2491347802337032, "54": 1.2491347802337032, "55": 1.2491347802337032, "56": 1.2491347802337032, "57": 1.2491347802337032, "58": 1.2491347802337032, "59": 1.2491347802337032, "60": 1.2491347802337032, "61": 1.2491347802337032, "62": 1.2491347802337032, "63": 1.2491347802337032, "64": 1.2491347802337032, "65": 1.2491347802337032, "66": 1.2491347802337032, "67": 1.2491347802337032, "68": 1.2491347802337032, "69": 1.2491347802337032, "70": 1.2491347802337032, "71": 1.2491347802337032, "72": 1.2491347802337032, "73": 1.2491347802337032, "74": 1.2491347802337032, "75": 1.2491347802337032, "76": 1.2491347802337032, "77": 1.2491347802337032, "78": 1.2491347802337032, "79": 1.2491347802337032, "80": 1.2491347802337032, "81": 1.2491347802337032, "82": 1.2491347802337032, "83": 1.2491347802337032, "84": 1.2491347802337032, "85": 1.2491347802337032, "86": 1.2491347802337032, "87": 1.2491347802337032, "88": 1.2491347802337032, "89": 1.2491347802337032, "90": 1.2491347802337032, "91": 1.2491347802337032, "92": 1.2491347802337032, "93": 1.2491347802337032, "94": 1.2491347802337032, "95": 1.2491347802337032, "96": 1.2491347802337032, "97": 1.2491347802337032, "98": 1.2491347802337032, "99": 1.2491347802337032, "100": 1.2491347802337032}