{"0": 22.74136882482602, "1": 17.322551568478907, "2": 17.322551568478907, "3": 16.081784973505048, "4": 6.1230186212512265, "5": 6.1230186212512265, "6": 6.1230186212512265, "7": 1.3604951178900784, "8": 1.3604951178900784, "9": 1.3604951178900784, "10": 1.3604951178900784, "11": 1.3604951178900784, "12": 1.3604951178900784, "13": 1.3604951178900784, "14": 1.3604951178900784, "15": 1.3604951178900784, "16": 1.3604951178900784, "17": 1.3604951178900784, "18": 1.3604951178900784, "19": 0.7078676067605514, "20": 0.7078676067605514, "21": 0.7078676067605514, "22": 0.7078676067605514, "23": 0.7078676067605514, "24": 0.7078676067605514, "25": 0.7078676067605514, "26": 0.7078676067605514, "27": 0.7078676067605514, "28": 0.7078676067605514, "29": 0.7078676067605514, "30": 0.7078676067605514, "31": 0.7078676067605514, "32": 0.7078676067605514, "33": 0.7078676067605514, "34": 0.7078676067605514, "35": 0.7078676067605514, "36": 0.16138543045708076, "37": 0.16138543045708076, "38": 0.16138543045708076, "39": 0.16138543045708076, "40": 0.16138543045708076, "41": 0.16138543045708076, "42": 0.16138543045708076, "43": 0.16138543045708076, "44": 0.16138543045708076, "45": 0.16138543045708076, "46": 0.16138543045708076, "47": 0.16138543045708076, "48": 0.16138543045708076, "49": 0.16138543045708076, "50": 0.16138543045708076, "51": 0.16138543045708076, "52": 0.16138543045708076, "53": 0.16138543045708076, "54": 0.16138543045708076, "55": 0.16138543045708076, "56": 0.16138543045708076, "57": 0.16138543045708076, "58": 0.16138543045708076, "59": 0.16138543045708076, "60": 0.16138543045708076, "61": 0.16138543045708076, "62": 0.16138543045708076, "63": 0.16138543045708076, "64": 0.16138543045708076, "65": 0.16138543045708076, "66": 0.16138543045708076, "67": 0.16138543045708076, "68": 0.16138543045708076, "69": 0.16138543045708076, "70": 0.16138543045708076, "71": 0.16138543045708076, "72": 0.16138543045708076, "73": 0.16138543045708076, "74": 0.16138543045708076, "75": 0.16138543045708076, "76": 0.16138543045708076, "77": 0.16138543045708076, "78": 0.16138543045708076, "79": 0.16138543045708076, "80": 0.16138543045708076, "81": 0.16138543045708076, "82": 0.16138543045708076, "83": 0.16138543045708076, "84": 0.16138543045708076, "85": 0.16138543045708076, "86": 0.16138543045708076, "87": 0.16138543045708076, "88": 0.16138543045708076, "89": 0.16138543045708076, "90": 0.16138543045708076, "91": 0.16138543045708076, "92": 0.16138543045708076, "93": 0.16138543045708076, "94": 0.16138543045708076, "95": 0.16138543045708076, "96": 0.16138543045708076, "97": 0.16138543045708076, "98": 0.16138543045708076, "99": 0.16138543045708076, "100": 0.16138543045708076}