{"0": 14.006508347771863, "1": 14.006508347771863, "2": 14.006508347771863, "3": 5.9263998818014745, "4": 5.9263998818014745, "5": 2.4590249441247316, "6": 2.4590249441247316, "7": 2.4590249441247316, "8": 2.4590249441247316, "9": 2.4590249441247316, "10": 2.4590249441247316, "11": 2.4590249441247316, "12": 2.208885986079764, "13": 2.208885986079764, "14": 2.208885986079764, "15": 2.208885986079764, "16": 2.208885986079764, "17": 2.208885986079764, "18": 2.208885986079764, "19": 2.208885986079764, "20": 2.208885986079764, "21": 2.208885986079764, "22": 1.1978014975287472, "23": 1.1978014975287472, "24": 1.1978014975287472, "25": 1.1978014975287472, "26": 1.099231383334299, "27": 1.099231383334299, "28": 1.099231383334299, "29": 1.099231383334299, "30": 1.099231383334299, "31": 1.099231383334299, "32": 1.099231383334299, "33": 1.099231383334299, "34": 1.099231383334299, "35": 1.099231383334299, "36": 1.099231383334299, "37": 1.099231383334299, "38": 1.099231383334299, "39": 1.099231383334299, "40": 1.099231383334299, "41": 1.099231383334299, "42": 1.099231383334299, "43": 1.099231383334299, "44": 1.099231383334299, "45": 1.099231383334299, "46": 1.099231383334299, "47": 1.099231383334299, "48": 1.099231383334299, "49": 1.099231383334299, "50": 1.099231383334299, "51": 1.099231383334299, "52": 1.099231383334299, "53": 1.099231383334299, "54": 1.099231383334299, "55": 1.099231383334299, "56": 1.099231383334299, "57": 1.099231383334299, "58": 1.099231383334299, "59": 1.099231383334299, "60": 1.099231383334299, "61": 1.099231383334299, "62": 1.099231383334299, "63": 1.099231383334299, "64": 1.099231383334299, "65": 1.099231383334299, "66": 1.099231383334299, "67": 1.099231383334299, "68": 1.099231383334299, "69": 1.099231383334299, "70": 1.099231383334299, "71": 1.099231383334299, "72": 1.099231383334299, "73": 1.099231383334299, "74": 1.099231383334299, "75": 1.099231383334299, "76": 1.099231383334299, "77": 1.099231383334299, "78": 1.099231383334299, "79": 1.099231383334299, "80": 1.099231383334299, "81": 1.099231383334299, "82": 1.099231383334299, "83": 1.099231383334299, "84": 1.099231383334299, "85": 1.099231383334299, "86": 1.099231383334299, "87": 1.099231383334299, "88": 1.099231383334299, "89": 1.099231383334299, "90": 1.099231383334299, "91": 1.099231383334299, "92": 1.099231383334299, "93": 1.099231383334299, "94": 1.099231383334299, "95": 1.099231383334299, "96": 1.099231383334299, "97": 1.099231383334299, "98": 1.099231383334299, "99": 1.099231383334299, "100": 1.099231383334299}