{"0": 15.475625982825791, "1": 15.475625982825791, "2": 2.8165287729645634, "3": 2.8165287729645634, "4": 2.8165287729645634, "5": 2.8165287729645634, "6": 2.8165287729645634, "7": 2.8165287729645634, "8": 2.8165287729645634, "9": 2.8165287729645634, "10": 2.8165287729645634, "11": 2.8165287729645634, "12": 1.964569901483749, "13": 1.964569901483749, "14": 1.964569901483749, "15": 1.964569901483749, "16": 1.964569901483749, "17": 1.964569901483749, "18": 1.964569901483749, "19": 1.964569901483749, "20": 1.964569901483749, "21": 1.964569901483749, "22": 1.964569901483749, "23": 1.8118027170658912, "24": 1.8118027170658912, "25": 1.8118027170658912, "26": 1.8118027170658912, "27": 1.8118027170658912, "28": 1.8118027170658912, "29": 1.8118027170658912, "30": 1.8118027170658912, "31": 1.8118027170658912, "32": 1.8118027170658912, "33": 1.8118027170658912, "34": 1.8118027170658912, "35": 1.8118027170658912, "36": 1.8118027170658912, "37": 1.8118027170658912, "38": 1.8118027170658912, "39": 1.8118027170658912, "40": 1.8118027170658912, "41": 1.8118027170658912, "42": 1.8118027170658912, "43": 1.8118027170658912, "44": 1.8118027170658912, "45": 1.8118027170658912, "46": 1.8118027170658912, "47": 1.8118027170658912, "48": 1.8118027170658912, "49": 1.8118027170658912, "50": 1.8118027170658912, "51": 1.8118027170658912, "52": 1.8118027170658912, "53": 1.8118027170658912, "54": 1.8118027170658912, "55": 1.8118027170658912, "56": 1.8118027170658912, "57": 1.8118027170658912, "58": 1.8118027170658912, "59": 1.8118027170658912, "60": 1.8118027170658912, "61": 1.8118027170658912, "62": 1.8118027170658912, "63": 1.8118027170658912, "64": 1.8118027170658912, "65": 1.8118027170658912, "66": 1.8118027170658912, "67": 1.8118027170658912, "68": 1.8118027170658912, "69": 1.8118027170658912, "70": 1.8118027170658912, "71": 1.8118027170658912, "72": 1.8118027170658912, "73": 1.8118027170658912, "74": 1.8118027170658912, "75": 1.8118027170658912, "76": 1.8118027170658912, "77": 1.8118027170658912, "78": 1.8118027170658912, "79": 1.8118027170658912, "80": 1.8118027170658912, "81": 1.8118027170658912, "82": 1.8118027170658912, "83": 1.8118027170658912, "84": 1.8118027170658912, "85": 1.8118027170658912, "86": 1.8118027170658912, "87": 1.8118027170658912, "88": 1.8118027170658912, "89": 1.8118027170658912, "90": 1.8118027170658912, "91": 1.8118027170658912, "92": 1.8118027170658912, "93": 1.8118027170658912, "94": 1.8118027170658912, "95": 1.8118027170658912, "96": 1.8118027170658912, "97": 1.8118027170658912, "98": 1.8118027170658912, "99": 1.8118027170658912, "100": 1.8118027170658912}