{"0": 15.126327784380067, "1": 14.663501180743244, "2": 12.388926832980461, "3": 3.9546599872696717, "4": 3.9546599872696717, "5": 3.9546599872696717, "6": 3.9546599872696717, "7": 2.780158232973694, "8": 2.780158232973694, "9": 2.780158232973694, "10": 2.780158232973694, "11": 2.780158232973694, "12": 2.780158232973694, "13": 2.780158232973694, "14": 2.780158232973694, "15": 2.780158232973694, "16": 2.780158232973694, "17": 2.780158232973694, "18": 2.780158232973694, "19": 2.780158232973694, "20": 2.382537934041302, "21": 2.382537934041302, "22": 2.382537934041302, "23": 2.382537934041302, "24": 1.1211978980902586, "25": 1.1211978980902586, "26": 1.1211978980902586, "27": 1.0845726721086102, "28": 1.0845726721086102, "29": 1.0845726721086102, "30": 1.0845726721086102, "31": 1.0845726721086102, "32": 1.0845726721086102, "33": 1.0845726721086102, "34": 1.0845726721086102, "35": 1.0845726721086102, "36": 1.0845726721086102, "37": 1.0845726721086102, "38": 1.0845726721086102, "39": 1.0845726721086102, "40": 1.0845726721086102, "41": 1.0845726721086102, "42": 0.7717218464299442, "43": 0.7717218464299442, "44": 0.7717218464299442, "45": 0.7717218464299442, "46": 0.7717218464299442, "47": 0.7717218464299442, "48": 0.0986586102775675, "49": 0.0986586102775675, "50": 0.0986586102775675, "51": 0.0986586102775675, "52": 0.0986586102775675, "53": 0.0986586102775675, "54": 0.0986586102775675, "55": 0.0986586102775675, "56": 0.0986586102775675, "57": 0.0986586102775675, "58": 0.0986586102775675, "59": 0.0986586102775675, "60": 0.0986586102775675, "61": 0.0986586102775675, "62": 0.0986586102775675, "63": 0.0986586102775675, "64": 0.0986586102775675, "65": 0.0986586102775675, "66": 0.0986586102775675, "67": 0.0986586102775675, "68": 0.0986586102775675, "69": 0.0986586102775675, "70": 0.0986586102775675, "71": 0.0986586102775675, "72": 0.0986586102775675, "73": 0.0986586102775675, "74": 0.0986586102775675, "75": 0.0986586102775675, "76": 0.0986586102775675, "77": 0.0986586102775675, "78": 0.0986586102775675, "79": 0.0986586102775675, "80": 0.0986586102775675, "81": 0.0986586102775675, "82": 0.0986586102775675, "83": 0.0986586102775675, "84": 0.0986586102775675, "85": 0.0986586102775675, "86": 0.0986586102775675, "87": 0.0986586102775675, "88": 0.0986586102775675, "89": 0.0986586102775675, "90": 0.0986586102775675, "91": 0.0986586102775675, "92": 0.0986586102775675, "93": 0.0986586102775675, "94": 0.0986586102775675, "95": 0.0986586102775675, "96": 0.0986586102775675, "97": 0.0986586102775675, "98": 0.0986586102775675, "99": 0.0986586102775675, "100": 0.0986586102775675}