{"0": 23.846658199657337, "1": 18.480646242957597, "2": 18.480646242957597, "3": 7.773960887534255, "4": 7.773960887534255, "5": 7.773960887534255, "6": 7.773960887534255, "7": 7.773960887534255, "8": 7.773960887534255, "9": 7.773960887534255, "10": 7.773960887534255, "11": 7.773960887534255, "12": 7.773960887534255, "13": 6.884464646507556, "14": 1.0041008941555347, "15": 1.0041008941555347, "16": 1.0041008941555347, "17": 1.0041008941555347, "18": 1.0041008941555347, "19": 1.0041008941555347, "20": 1.0041008941555347, "21": 1.0041008941555347, "22": 1.0041008941555347, "23": 1.0041008941555347, "24": 1.0041008941555347, "25": 1.0041008941555347, "26": 1.0041008941555347, "27": 1.0041008941555347, "28": 1.0041008941555347, "29": 1.0041008941555347, "30": 1.0041008941555347, "31": 1.0041008941555347, "32": 1.0041008941555347, "33": 1.0041008941555347, "34": 1.0041008941555347, "35": 1.0041008941555347, "36": 1.0041008941555347, "37": 1.0041008941555347, "38": 1.0041008941555347, "39": 1.0041008941555347, "40": 1.0041008941555347, "41": 1.0041008941555347, "42": 1.0041008941555347, "43": 1.0041008941555347, "44": 1.0041008941555347, "45": 1.0041008941555347, "46": 1.0041008941555347, "47": 1.0041008941555347, "48": 1.0041008941555347, "49": 1.0041008941555347, "50": 1.0041008941555347, "51": 1.0041008941555347, "52": 1.0041008941555347, "53": 1.0041008941555347, "54": 1.0041008941555347, "55": 1.0041008941555347, "56": 1.0041008941555347, "57": 1.0041008941555347, "58": 1.0041008941555347, "59": 1.0041008941555347, "60": 1.0041008941555347, "61": 1.0041008941555347, "62": 1.0041008941555347, "63": 1.0041008941555347, "64": 1.0041008941555347, "65": 1.0041008941555347, "66": 1.0041008941555347, "67": 1.0041008941555347, "68": 1.0041008941555347, "69": 1.0041008941555347, "70": 1.0041008941555347, "71": 1.0041008941555347, "72": 1.0041008941555347, "73": 1.0041008941555347, "74": 1.0041008941555347, "75": 1.0041008941555347, "76": 1.0041008941555347, "77": 1.0041008941555347, "78": 1.0041008941555347, "79": 1.0041008941555347, "80": 1.0041008941555347, "81": 1.0041008941555347, "82": 1.0041008941555347, "83": 1.0041008941555347, "84": 1.0041008941555347, "85": 1.0041008941555347, "86": 1.0041008941555347, "87": 1.0041008941555347, "88": 1.0041008941555347, "89": 1.0041008941555347, "90": 1.0041008941555347, "91": 1.0041008941555347, "92": 1.0041008941555347, "93": 1.0041008941555347, "94": 1.0041008941555347, "95": 1.0041008941555347, "96": 1.0041008941555347, "97": 1.0041008941555347, "98": 1.0041008941555347, "99": 1.0041008941555347, "100": 1.0041008941555347}