{"0": 15.541388780410156, "1": 10.571387551264223, "2": 10.571387551264223, "3": 4.471226308035099, "4": 4.471226308035099, "5": 4.228669794118389, "6": 3.9912817454475444, "7": 3.9912817454475444, "8": 3.9912817454475444, "9": 3.9912817454475444, "10": 3.9912817454475444, "11": 3.9912817454475444, "12": 3.9912817454475444, "13": 3.9912817454475444, "14": 3.9912817454475444, "15": 3.9912817454475444, "16": 3.9912817454475444, "17": 3.0043562062175653, "18": 3.0043562062175653, "19": 3.0043562062175653, "20": 3.0043562062175653, "21": 3.0043562062175653, "22": 3.0043562062175653, "23": 3.0043562062175653, "24": 3.0043562062175653, "25": 3.0043562062175653, "26": 3.0043562062175653, "27": 3.0043562062175653, "28": 3.0043562062175653, "29": 3.0043562062175653, "30": 3.0043562062175653, "31": 2.504154953709481, "32": 2.504154953709481, "33": 2.504154953709481, "34": 2.504154953709481, "35": 2.504154953709481, "36": 2.504154953709481, "37": 2.504154953709481, "38": 2.504154953709481, "39": 2.504154953709481, "40": 2.504154953709481, "41": 2.504154953709481, "42": 2.504154953709481, "43": 2.504154953709481, "44": 2.504154953709481, "45": 2.504154953709481, "46": 2.504154953709481, "47": 2.504154953709481, "48": 2.504154953709481, "49": 2.504154953709481, "50": 2.504154953709481, "51": 2.504154953709481, "52": 2.504154953709481, "53": 2.504154953709481, "54": 2.504154953709481, "55": 2.504154953709481, "56": 2.504154953709481, "57": 2.504154953709481, "58": 2.504154953709481, "59": 2.504154953709481, "60": 2.504154953709481, "61": 2.504154953709481, "62": 2.504154953709481, "63": 2.504154953709481, "64": 2.504154953709481, "65": 2.504154953709481, "66": 2.504154953709481, "67": 2.504154953709481, "68": 2.504154953709481, "69": 2.504154953709481, "70": 2.504154953709481, "71": 2.504154953709481, "72": 2.504154953709481, "73": 2.504154953709481, "74": 2.504154953709481, "75": 2.504154953709481, "76": 2.504154953709481, "77": 2.504154953709481, "78": 2.504154953709481, "79": 2.504154953709481, "80": 2.504154953709481, "81": 2.504154953709481, "82": 2.504154953709481, "83": 2.504154953709481, "84": 2.504154953709481, "85": 2.504154953709481, "86": 2.504154953709481, "87": 2.504154953709481, "88": 2.504154953709481, "89": 2.504154953709481, "90": 2.504154953709481, "91": 2.504154953709481, "92": 2.504154953709481, "93": 2.504154953709481, "94": 2.504154953709481, "95": 2.504154953709481, "96": 2.504154953709481, "97": 2.504154953709481, "98": 2.504154953709481, "99": 2.504154953709481, "100": 2.504154953709481}