{"0": 15.484260112001476, "1": 15.484260112001476, "2": 7.140976166768976, "3": 7.140976166768976, "4": 7.140976166768976, "5": 7.140976166768976, "6": 7.140976166768976, "7": 2.7976375345202626, "8": 2.7976375345202626, "9": 2.7976375345202626, "10": 2.7976375345202626, "11": 2.443105282671091, "12": 2.443105282671091, "13": 2.443105282671091, "14": 2.443105282671091, "15": 2.236791307734883, "16": 1.4836264125986887, "17": 1.4836264125986887, "18": 1.4836264125986887, "19": 1.4836264125986887, "20": 1.4836264125986887, "21": 1.3014867292767107, "22": 1.3014867292767107, "23": 1.3014867292767107, "24": 1.3014867292767107, "25": 1.3014867292767107, "26": 1.3014867292767107, "27": 1.3014867292767107, "28": 1.2572015514114767, "29": 1.2572015514114767, "30": 1.2572015514114767, "31": 1.2572015514114767, "32": 1.2572015514114767, "33": 1.2572015514114767, "34": 1.2572015514114767, "35": 1.2572015514114767, "36": 1.2572015514114767, "37": 1.2572015514114767, "38": 1.2572015514114767, "39": 1.2572015514114767, "40": 1.2572015514114767, "41": 1.2572015514114767, "42": 1.2572015514114767, "43": 1.2572015514114767, "44": 1.1812437432993335, "45": 1.1812437432993335, "46": 1.1812437432993335, "47": 1.1812437432993335, "48": 1.1812437432993335, "49": 1.1812437432993335, "50": 1.1812437432993335, "51": 1.1812437432993335, "52": 1.1812437432993335, "53": 1.1812437432993335, "54": 1.1812437432993335, "55": 1.1812437432993335, "56": 1.1812437432993335, "57": 1.1812437432993335, "58": 1.1812437432993335, "59": 1.1812437432993335, "60": 1.1812437432993335, "61": 1.1812437432993335, "62": 1.1812437432993335, "63": 1.1812437432993335, "64": 1.1812437432993335, "65": 1.1812437432993335, "66": 1.1812437432993335, "67": 1.1812437432993335, "68": 1.1812437432993335, "69": 1.1812437432993335, "70": 1.1812437432993335, "71": 1.1812437432993335, "72": 1.1812437432993335, "73": 1.1812437432993335, "74": 1.1812437432993335, "75": 1.1812437432993335, "76": 1.1812437432993335, "77": 1.1812437432993335, "78": 1.1812437432993335, "79": 1.0617725494498629, "80": 1.0617725494498629, "81": 1.0617725494498629, "82": 1.0617725494498629, "83": 1.0617725494498629, "84": 1.0617725494498629, "85": 1.0617725494498629, "86": 1.0617725494498629, "87": 1.0617725494498629, "88": 1.0617725494498629, "89": 1.0617725494498629, "90": 1.0617725494498629, "91": 1.0617725494498629, "92": 1.0617725494498629, "93": 1.0617725494498629, "94": 1.0617725494498629, "95": 1.0617725494498629, "96": 1.0617725494498629, "97": 1.0617725494498629, "98": 1.0617725494498629, "99": 1.0617725494498629, "100": 1.0617725494498629}