{"0": 19.373975456790014, "1": 19.373975456790014, "2": 5.024199349508294, "3": 5.024199349508294, "4": 5.024199349508294, "5": 5.024199349508294, "6": 5.024199349508294, "7": 5.024199349508294, "8": 5.024199349508294, "9": 5.024199349508294, "10": 3.825245716178838, "11": 3.825245716178838, "12": 2.269408892241877, "13": 2.269408892241877, "14": 2.269408892241877, "15": 2.1935870253915652, "16": 2.1935870253915652, "17": 2.1935870253915652, "18": 2.1935870253915652, "19": 2.1935870253915652, "20": 2.1935870253915652, "21": 2.1935870253915652, "22": 2.1935870253915652, "23": 2.1935870253915652, "24": 2.1935870253915652, "25": 1.2376607307933654, "26": 1.2376607307933654, "27": 1.2376607307933654, "28": 1.2376607307933654, "29": 1.2376607307933654, "30": 1.2376607307933654, "31": 1.2376607307933654, "32": 1.2376607307933654, "33": 1.2376607307933654, "34": 1.2376607307933654, "35": 1.1895332684835438, "36": 1.1895332684835438, "37": 1.1895332684835438, "38": 1.1895332684835438, "39": 1.1895332684835438, "40": 1.1895332684835438, "41": 1.1895332684835438, "42": 1.1895332684835438, "43": 1.1895332684835438, "44": 1.1895332684835438, "45": 1.1895332684835438, "46": 1.1895332684835438, "47": 1.1895332684835438, "48": 1.0673945325608258, "49": 1.0673945325608258, "50": 1.0673945325608258, "51": 1.0673945325608258, "52": 1.0673945325608258, "53": 1.0673945325608258, "54": 1.0673945325608258, "55": 1.0673945325608258, "56": 1.0673945325608258, "57": 1.0673945325608258, "58": 1.0673945325608258, "59": 1.0673945325608258, "60": 1.0068751589080094, "61": 1.0068751589080094, "62": 1.0068751589080094, "63": 1.0068751589080094, "64": 1.0068751589080094, "65": 1.0068751589080094, "66": 1.0068751589080094, "67": 1.0068751589080094, "68": 1.0068751589080094, "69": 1.0068751589080094, "70": 1.0068751589080094, "71": 1.0068751589080094, "72": 1.0068751589080094, "73": 1.0068751589080094, "74": 1.0068751589080094, "75": 1.0068751589080094, "76": 1.0068751589080094, "77": 1.0068751589080094, "78": 1.0068751589080094, "79": 1.0068751589080094, "80": 1.0068751589080094, "81": 1.0055660311859071, "82": 1.0055660311859071, "83": 1.0055660311859071, "84": 1.0055660311859071, "85": 1.0055660311859071, "86": 1.0055660311859071, "87": 1.0055660311859071, "88": 1.0055660311859071, "89": 1.0055660311859071, "90": 1.0055660311859071, "91": 1.0055660311859071, "92": 1.0055660311859071, "93": 1.0055660311859071, "94": 1.0055660311859071, "95": 1.0055660311859071, "96": 1.0055660311859071, "97": 1.0055660311859071, "98": 1.0055660311859071, "99": 1.0055660311859071, "100": 1.0055660311859071}