{"0": 8.440068913350798, "1": 8.440068913350798, "2": 8.440068913350798, "3": 7.943645912449799, "4": 7.943645912449799, "5": 7.943645912449799, "6": 7.943645912449799, "7": 7.943645912449799, "8": 6.38157381262144, "9": 6.38157381262144, "10": 6.38157381262144, "11": 6.175407112798842, "12": 6.175407112798842, "13": 4.67945669957826, "14": 4.67945669957826, "15": 4.67945669957826, "16": 4.67945669957826, "17": 2.3271488996035643, "18": 1.544733654564645, "19": 1.544733654564645, "20": 1.544733654564645, "21": 1.544733654564645, "22": 1.544733654564645, "23": 1.544733654564645, "24": 1.544733654564645, "25": 1.544733654564645, "26": 1.544733654564645, "27": 1.544733654564645, "28": 1.544733654564645, "29": 1.544733654564645, "30": 1.544733654564645, "31": 1.544733654564645, "32": 0.46153899087121886, "33": 0.46153899087121886, "34": 0.46153899087121886, "35": 0.46153899087121886, "36": 0.46153899087121886, "37": 0.46153899087121886, "38": 0.46153899087121886, "39": 0.46153899087121886, "40": 0.46153899087121886, "41": 0.46153899087121886, "42": 0.46153899087121886, "43": 0.46153899087121886, "44": 0.46153899087121886, "45": 0.46153899087121886, "46": 0.46153899087121886, "47": 0.46153899087121886, "48": 0.46153899087121886, "49": 0.46153899087121886, "50": 0.46153899087121886, "51": 0.46153899087121886, "52": 0.46153899087121886, "53": 0.46153899087121886, "54": 0.46153899087121886, "55": 0.46153899087121886, "56": 0.46153899087121886, "57": 0.46153899087121886, "58": 0.46153899087121886, "59": 0.46153899087121886, "60": 0.46153899087121886, "61": 0.46153899087121886, "62": 0.46153899087121886, "63": 0.46153899087121886, "64": 0.46153899087121886, "65": 0.46153899087121886, "66": 0.46153899087121886, "67": 0.46153899087121886, "68": 0.46153899087121886, "69": 0.21294355095167816, "70": 0.21294355095167816, "71": 0.21294355095167816, "72": 0.21294355095167816, "73": 0.21294355095167816, "74": 0.21294355095167816, "75": 0.21294355095167816, "76": 0.21294355095167816, "77": 0.21294355095167816, "78": 0.21294355095167816, "79": 0.21294355095167816, "80": 0.21294355095167816, "81": 0.21294355095167816, "82": 0.21294355095167816, "83": 0.21294355095167816, "84": 0.21294355095167816, "85": 0.21294355095167816, "86": 0.21294355095167816, "87": 0.21294355095167816, "88": 0.21294355095167816, "89": 0.21294355095167816, "90": 0.21294355095167816, "91": 0.21294355095167816, "92": 0.21294355095167816, "93": 0.21294355095167816, "94": 0.21294355095167816, "95": 0.21294355095167816, "96": 0.21294355095167816, "97": 0.21294355095167816, "98": 0.21294355095167816, "99": 0.21294355095167816, "100": 0.21294355095167816}