{"0": 17.57741114034152, "1": 17.57741114034152, "2": 17.57741114034152, "3": 8.140193301214822, "4": 8.140193301214822, "5": 8.140193301214822, "6": 5.4929413099759685, "7": 5.4929413099759685, "8": 5.4929413099759685, "9": 5.4929413099759685, "10": 5.4929413099759685, "11": 5.4929413099759685, "12": 4.245763497539375, "13": 4.245763497539375, "14": 2.802085276285119, "15": 2.802085276285119, "16": 2.802085276285119, "17": 2.802085276285119, "18": 2.802085276285119, "19": 2.802085276285119, "20": 2.802085276285119, "21": 2.3024330330324396, "22": 2.3024330330324396, "23": 2.3024330330324396, "24": 2.3024330330324396, "25": 1.2887553753000773, "26": 1.2887553753000773, "27": 1.2887553753000773, "28": 1.2887553753000773, "29": 1.2887553753000773, "30": 1.2887553753000773, "31": 1.2887553753000773, "32": 1.2887553753000773, "33": 1.2887553753000773, "34": 1.2887553753000773, "35": 1.2887553753000773, "36": 1.2887553753000773, "37": 1.2887553753000773, "38": 1.2887553753000773, "39": 1.2887553753000773, "40": 1.2887553753000773, "41": 1.2887553753000773, "42": 1.2887553753000773, "43": 1.2887553753000773, "44": 1.2887553753000773, "45": 1.2887553753000773, "46": 1.2887553753000773, "47": 1.2887553753000773, "48": 1.2887553753000773, "49": 1.2887553753000773, "50": 1.2887553753000773, "51": 1.2887553753000773, "52": 1.2887553753000773, "53": 1.2887553753000773, "54": 1.2887553753000773, "55": 1.2838063972691138, "56": 1.2838063972691138, "57": 1.2838063972691138, "58": 1.2838063972691138, "59": 1.2838063972691138, "60": 1.2838063972691138, "61": 1.2838063972691138, "62": 1.2838063972691138, "63": 1.2838063972691138, "64": 1.2838063972691138, "65": 1.2838063972691138, "66": 1.2838063972691138, "67": 1.2838063972691138, "68": 1.2838063972691138, "69": 0.8128276059954374, "70": 0.8128276059954374, "71": 0.8128276059954374, "72": 0.8128276059954374, "73": 0.8128276059954374, "74": 0.8128276059954374, "75": 0.8128276059954374, "76": 0.8128276059954374, "77": 0.8128276059954374, "78": 0.8128276059954374, "79": 0.8128276059954374, "80": 0.8128276059954374, "81": 0.8128276059954374, "82": 0.27514011975961594, "83": 0.27514011975961594, "84": 0.27514011975961594, "85": 0.27514011975961594, "86": 0.27514011975961594, "87": 0.27514011975961594, "88": 0.27514011975961594, "89": 0.27514011975961594, "90": 0.27514011975961594, "91": 0.27514011975961594, "92": 0.27514011975961594, "93": 0.27514011975961594, "94": 0.27514011975961594, "95": 0.27514011975961594, "96": 0.27514011975961594, "97": 0.27514011975961594, "98": 0.27514011975961594, "99": 0.27514011975961594, "100": 0.27514011975961594}