{"0": 25.670577967652275, "1": 25.670577967652275, "2": 14.685443479263874, "3": 13.827099848123014, "4": 13.781630188185243, "5": 13.781630188185243, "6": 13.198451189633907, "7": 4.579198028665111, "8": 4.579198028665111, "9": 4.579198028665111, "10": 4.579198028665111, "11": 4.579198028665111, "12": 4.579198028665111, "13": 4.579198028665111, "14": 4.579198028665111, "15": 4.579198028665111, "16": 4.579198028665111, "17": 4.579198028665111, "18": 4.579198028665111, "19": 4.579198028665111, "20": 4.579198028665111, "21": 4.579198028665111, "22": 3.110970138006053, "23": 3.110970138006053, "24": 3.110970138006053, "25": 3.110970138006053, "26": 3.110970138006053, "27": 3.110970138006053, "28": 3.0882760895287262, "29": 3.0882760895287262, "30": 3.0882760895287262, "31": 3.0882760895287262, "32": 3.0882760895287262, "33": 3.0882760895287262, "34": 3.0882760895287262, "35": 3.053825865275982, "36": 3.053825865275982, "37": 3.053825865275982, "38": 3.053825865275982, "39": 3.053825865275982, "40": 2.203629069549315, "41": 2.203629069549315, "42": 2.203629069549315, "43": 2.203629069549315, "44": 2.203629069549315, "45": 2.203629069549315, "46": 2.203629069549315, "47": 2.203629069549315, "48": 2.203629069549315, "49": 1.9424937689679567, "50": 1.9424937689679567, "51": 1.9424937689679567, "52": 1.9424937689679567, "53": 1.9424937689679567, "54": 1.9424937689679567, "55": 1.9424937689679567, "56": 1.9424937689679567, "57": 1.9424937689679567, "58": 1.9424937689679567, "59": 1.9424937689679567, "60": 1.9424937689679567, "61": 1.9424937689679567, "62": 1.9424937689679567, "63": 1.9424937689679567, "64": 1.9424937689679567, "65": 1.9424937689679567, "66": 1.9424937689679567, "67": 1.9424937689679567, "68": 1.9424937689679567, "69": 0.9625059239591884, "70": 0.9625059239591884, "71": 0.9625059239591884, "72": 0.9625059239591884, "73": 0.9625059239591884, "74": 0.9625059239591884, "75": 0.9625059239591884, "76": 0.2420435594884438, "77": 0.2420435594884438, "78": 0.2420435594884438, "79": 0.2420435594884438, "80": 0.2420435594884438, "81": 0.2420435594884438, "82": 0.2420435594884438, "83": 0.2420435594884438, "84": 0.2420435594884438, "85": 0.2420435594884438, "86": 0.2420435594884438, "87": 0.2420435594884438, "88": 0.2420435594884438, "89": 0.2420435594884438, "90": 0.2420435594884438, "91": 0.2420435594884438, "92": 0.2420435594884438, "93": 0.2420435594884438, "94": 0.2420435594884438, "95": 0.2420435594884438, "96": 0.2420435594884438, "97": 0.2420435594884438, "98": 0.2420435594884438, "99": 0.2420435594884438, "100": 0.2420435594884438}