{"0": 25.839685406826685, "1": 20.40850399301007, "2": 4.761500110669415, "3": 4.761500110669415, "4": 4.761500110669415, "5": 4.761500110669415, "6": 4.761500110669415, "7": 3.9187924249388644, "8": 3.9187924249388644, "9": 3.9187924249388644, "10": 3.9187924249388644, "11": 3.9187924249388644, "12": 3.9187924249388644, "13": 2.596232991096528, "14": 2.324910817719619, "15": 2.324910817719619, "16": 2.324910817719619, "17": 1.5244640290251787, "18": 1.5244640290251787, "19": 1.5244640290251787, "20": 1.259995936730924, "21": 1.259995936730924, "22": 1.259995936730924, "23": 1.259995936730924, "24": 1.259995936730924, "25": 1.259995936730924, "26": 1.259995936730924, "27": 1.259995936730924, "28": 1.259995936730924, "29": 1.259995936730924, "30": 1.259995936730924, "31": 1.259995936730924, "32": 1.259995936730924, "33": 1.259995936730924, "34": 1.259995936730924, "35": 1.259995936730924, "36": 1.259995936730924, "37": 1.259995936730924, "38": 1.259995936730924, "39": 1.259995936730924, "40": 1.259995936730924, "41": 1.259995936730924, "42": 1.259995936730924, "43": 1.259995936730924, "44": 1.259995936730924, "45": 1.259995936730924, "46": 1.259995936730924, "47": 0.5838812564865705, "48": 0.5838812564865705, "49": 0.5838812564865705, "50": 0.5838812564865705, "51": 0.5838812564865705, "52": 0.5838812564865705, "53": 0.5838812564865705, "54": 0.5838812564865705, "55": 0.5838812564865705, "56": 0.5838812564865705, "57": 0.5838812564865705, "58": 0.5838812564865705, "59": 0.20320670855464584, "60": 0.20320670855464584, "61": 0.20320670855464584, "62": 0.20320670855464584, "63": 0.20320670855464584, "64": 0.20320670855464584, "65": 0.20320670855464584, "66": 0.20320670855464584, "67": 0.20320670855464584, "68": 0.20320670855464584, "69": 0.20320670855464584, "70": 0.20320670855464584, "71": 0.20320670855464584, "72": 0.20320670855464584, "73": 0.20320670855464584, "74": 0.20320670855464584, "75": 0.20320670855464584, "76": 0.20320670855464584, "77": 0.20320670855464584, "78": 0.20320670855464584, "79": 0.20320670855464584, "80": 0.20320670855464584, "81": 0.20320670855464584, "82": 0.20320670855464584, "83": 0.20320670855464584, "84": 0.20320670855464584, "85": 0.20320670855464584, "86": 0.20320670855464584, "87": 0.20320670855464584, "88": 0.20320670855464584, "89": 0.20320670855464584, "90": 0.20320670855464584, "91": 0.20320670855464584, "92": 0.20320670855464584, "93": 0.20320670855464584, "94": 0.20320670855464584, "95": 0.20320670855464584, "96": 0.20320670855464584, "97": 0.20320670855464584, "98": 0.20320670855464584, "99": 0.20320670855464584, "100": 0.20320670855464584}