{"0": 27.421081359684102, "1": 2.1628181658851133, "2": 2.1628181658851133, "3": 2.1628181658851133, "4": 2.1628181658851133, "5": 2.1628181658851133, "6": 1.7375919493862497, "7": 1.7375919493862497, "8": 1.7375919493862497, "9": 1.7375919493862497, "10": 1.3536171142019882, "11": 1.3536171142019882, "12": 1.3536171142019882, "13": 1.3536171142019882, "14": 1.3536171142019882, "15": 0.7414154007788945, "16": 0.7414154007788945, "17": 0.7414154007788945, "18": 0.7414154007788945, "19": 0.7414154007788945, "20": 0.7414154007788945, "21": 0.7414154007788945, "22": 0.7414154007788945, "23": 0.7414154007788945, "24": 0.7414154007788945, "25": 0.7414154007788945, "26": 0.6197167283953107, "27": 0.6197167283953107, "28": 0.6197167283953107, "29": 0.6197167283953107, "30": 0.6197167283953107, "31": 0.6197167283953107, "32": 0.6197167283953107, "33": 0.6197167283953107, "34": 0.6197167283953107, "35": 0.6197167283953107, "36": 0.6197167283953107, "37": 0.6197167283953107, "38": 0.6197167283953107, "39": 0.6197167283953107, "40": 0.6197167283953107, "41": 0.6197167283953107, "42": 0.6197167283953107, "43": 0.15210258203558524, "44": 0.15210258203558524, "45": 0.15210258203558524, "46": 0.15210258203558524, "47": 0.15210258203558524, "48": 0.15210258203558524, "49": 0.15210258203558524, "50": 0.15210258203558524, "51": 0.15210258203558524, "52": 0.15210258203558524, "53": 0.15210258203558524, "54": 0.15210258203558524, "55": 0.15210258203558524, "56": 0.15210258203558524, "57": 0.15210258203558524, "58": 0.15210258203558524, "59": 0.15210258203558524, "60": 0.15210258203558524, "61": 0.15210258203558524, "62": 0.15210258203558524, "63": 0.15210258203558524, "64": 0.15210258203558524, "65": 0.15210258203558524, "66": 0.15210258203558524, "67": 0.15210258203558524, "68": 0.15210258203558524, "69": 0.15210258203558524, "70": 0.15210258203558524, "71": 0.15210258203558524, "72": 0.15210258203558524, "73": 0.15210258203558524, "74": 0.15210258203558524, "75": 0.15210258203558524, "76": 0.15210258203558524, "77": 0.15210258203558524, "78": 0.15210258203558524, "79": 0.15210258203558524, "80": 0.15210258203558524, "81": 0.15210258203558524, "82": 0.15210258203558524, "83": 0.15210258203558524, "84": 0.15210258203558524, "85": 0.15210258203558524, "86": 0.15210258203558524, "87": 0.15210258203558524, "88": 0.15210258203558524, "89": 0.15210258203558524, "90": 0.15210258203558524, "91": 0.15210258203558524, "92": 0.15210258203558524, "93": 0.15210258203558524, "94": 0.15210258203558524, "95": 0.15210258203558524, "96": 0.15210258203558524, "97": 0.15210258203558524, "98": 0.15210258203558524, "99": 0.15210258203558524, "100": 0.15210258203558524}