{"0": 25.658662514528963, "1": 7.834082761844398, "2": 7.834082761844398, "3": 7.834082761844398, "4": 7.834082761844398, "5": 4.198636648131966, "6": 4.198636648131966, "7": 4.198636648131966, "8": 0.04736389410445696, "9": 0.04736389410445696, "10": 0.04736389410445696, "11": 0.04736389410445696, "12": 0.04736389410445696, "13": 0.04736389410445696, "14": 0.04736389410445696, "15": 0.04736389410445696, "16": 0.04736389410445696, "17": 0.04736389410445696, "18": 0.04736389410445696, "19": 0.04736389410445696, "20": 0.04736389410445696, "21": 0.04736389410445696, "22": 0.04736389410445696, "23": 0.04736389410445696, "24": 0.04736389410445696, "25": 0.04736389410445696, "26": 0.04736389410445696, "27": 0.04736389410445696, "28": 0.04736389410445696, "29": 0.04736389410445696, "30": 0.04736389410445696, "31": 0.04736389410445696, "32": 0.04736389410445696, "33": 0.04736389410445696, "34": 0.04736389410445696, "35": 0.04736389410445696, "36": 0.04736389410445696, "37": 0.04736389410445696, "38": 0.04736389410445696, "39": 0.04736389410445696, "40": 0.04736389410445696, "41": 0.04736389410445696, "42": 0.04736389410445696, "43": 0.04736389410445696, "44": 0.04736389410445696, "45": 0.04736389410445696, "46": 0.04736389410445696, "47": 0.04736389410445696, "48": 0.04736389410445696, "49": 0.04736389410445696, "50": 0.04736389410445696, "51": 0.04736389410445696, "52": 0.04736389410445696, "53": 0.04736389410445696, "54": 0.04736389410445696, "55": 0.04736389410445696, "56": 0.04736389410445696, "57": 0.04736389410445696, "58": 0.04736389410445696, "59": 0.04736389410445696, "60": 0.04736389410445696, "61": 0.04736389410445696, "62": 0.04736389410445696, "63": 0.04736389410445696, "64": 0.04736389410445696, "65": 0.04736389410445696, "66": 0.04736389410445696, "67": 0.04736389410445696, "68": 0.04736389410445696, "69": 0.04736389410445696, "70": 0.04736389410445696, "71": 0.04736389410445696, "72": 0.04736389410445696, "73": 0.04736389410445696, "74": 0.04736389410445696, "75": 0.04736389410445696, "76": 0.04736389410445696, "77": 0.04736389410445696, "78": 0.04736389410445696, "79": 0.04736389410445696, "80": 0.04736389410445696, "81": 0.04736389410445696, "82": 0.04736389410445696, "83": 0.04736389410445696, "84": 0.04736389410445696, "85": 0.04736389410445696, "86": 0.04736389410445696, "87": 0.04736389410445696, "88": 0.04736389410445696, "89": 0.04736389410445696, "90": 0.04736389410445696, "91": 0.04736389410445696, "92": 0.04736389410445696, "93": 0.04736389410445696, "94": 0.04736389410445696, "95": 0.04736389410445696, "96": 0.04736389410445696, "97": 0.04736389410445696, "98": 0.04736389410445696, "99": 0.04736389410445696, "100": 0.04736389410445696}