{"0": 15.388786291985888, "1": 15.388786291985888, "2": 13.110983089472075, "3": 13.110983089472075, "4": 13.110983089472075, "5": 5.290016216337323, "6": 5.290016216337323, "7": 4.1687839828602655, "8": 0.998315380761106, "9": 0.998315380761106, "10": 0.998315380761106, "11": 0.998315380761106, "12": 0.998315380761106, "13": 0.998315380761106, "14": 0.998315380761106, "15": 0.998315380761106, "16": 0.998315380761106, "17": 0.998315380761106, "18": 0.998315380761106, "19": 0.998315380761106, "20": 0.998315380761106, "21": 0.998315380761106, "22": 0.998315380761106, "23": 0.998315380761106, "24": 0.998315380761106, "25": 0.998315380761106, "26": 0.998315380761106, "27": 0.998315380761106, "28": 0.998315380761106, "29": 0.998315380761106, "30": 0.998315380761106, "31": 0.998315380761106, "32": 0.998315380761106, "33": 0.998315380761106, "34": 0.998315380761106, "35": 0.998315380761106, "36": 0.998315380761106, "37": 0.998315380761106, "38": 0.998315380761106, "39": 0.998315380761106, "40": 0.998315380761106, "41": 0.998315380761106, "42": 0.998315380761106, "43": 0.998315380761106, "44": 0.998315380761106, "45": 0.998315380761106, "46": 0.998315380761106, "47": 0.998315380761106, "48": 0.998315380761106, "49": 0.998315380761106, "50": 0.998315380761106, "51": 0.998315380761106, "52": 0.998315380761106, "53": 0.998315380761106, "54": 0.998315380761106, "55": 0.998315380761106, "56": 0.998315380761106, "57": 0.998315380761106, "58": 0.998315380761106, "59": 0.998315380761106, "60": 0.998315380761106, "61": 0.998315380761106, "62": 0.998315380761106, "63": 0.998315380761106, "64": 0.998315380761106, "65": 0.998315380761106, "66": 0.998315380761106, "67": 0.998315380761106, "68": 0.998315380761106, "69": 0.998315380761106, "70": 0.998315380761106, "71": 0.998315380761106, "72": 0.998315380761106, "73": 0.998315380761106, "74": 0.998315380761106, "75": 0.998315380761106, "76": 0.998315380761106, "77": 0.998315380761106, "78": 0.998315380761106, "79": 0.998315380761106, "80": 0.998315380761106, "81": 0.998315380761106, "82": 0.998315380761106, "83": 0.998315380761106, "84": 0.998315380761106, "85": 0.998315380761106, "86": 0.998315380761106, "87": 0.998315380761106, "88": 0.998315380761106, "89": 0.998315380761106, "90": 0.998315380761106, "91": 0.998315380761106, "92": 0.998315380761106, "93": 0.998315380761106, "94": 0.998315380761106, "95": 0.998315380761106, "96": 0.998315380761106, "97": 0.998315380761106, "98": 0.998315380761106, "99": 0.998315380761106, "100": 0.998315380761106}