{"0": 12.644240068195185, "1": 12.644240068195185, "2": 7.432909838518302, "3": 7.432909838518302, "4": 7.432909838518302, "5": 7.432909838518302, "6": 7.432909838518302, "7": 7.432909838518302, "8": 7.432909838518302, "9": 7.432909838518302, "10": 7.432909838518302, "11": 7.432909838518302, "12": 7.432909838518302, "13": 5.47647756693803, "14": 5.47647756693803, "15": 5.47647756693803, "16": 2.6007203577390925, "17": 2.6007203577390925, "18": 2.6007203577390925, "19": 2.6007203577390925, "20": 2.6007203577390925, "21": 2.6007203577390925, "22": 2.6007203577390925, "23": 2.6007203577390925, "24": 2.6007203577390925, "25": 2.233468219930117, "26": 2.233468219930117, "27": 2.233468219930117, "28": 2.233468219930117, "29": 2.233468219930117, "30": 2.233468219930117, "31": 2.233468219930117, "32": 2.233468219930117, "33": 2.233468219930117, "34": 2.1099750629544047, "35": 2.1099750629544047, "36": 2.1099750629544047, "37": 2.1099750629544047, "38": 2.1099750629544047, "39": 2.1099750629544047, "40": 2.1099750629544047, "41": 2.1099750629544047, "42": 2.1099750629544047, "43": 2.1099750629544047, "44": 2.1099750629544047, "45": 2.1099750629544047, "46": 2.1099750629544047, "47": 2.1099750629544047, "48": 2.1099750629544047, "49": 2.1099750629544047, "50": 2.1099750629544047, "51": 2.1099750629544047, "52": 2.1099750629544047, "53": 2.1099750629544047, "54": 2.1099750629544047, "55": 2.1099750629544047, "56": 2.1099750629544047, "57": 2.1099750629544047, "58": 2.1099750629544047, "59": 2.1099750629544047, "60": 2.1099750629544047, "61": 2.1099750629544047, "62": 2.1099750629544047, "63": 2.1099750629544047, "64": 2.1099750629544047, "65": 2.1099750629544047, "66": 2.1099750629544047, "67": 2.1099750629544047, "68": 2.1099750629544047, "69": 2.1099750629544047, "70": 2.1099750629544047, "71": 2.1099750629544047, "72": 2.1099750629544047, "73": 2.1099750629544047, "74": 0.189094349256834, "75": 0.189094349256834, "76": 0.189094349256834, "77": 0.189094349256834, "78": 0.189094349256834, "79": 0.189094349256834, "80": 0.189094349256834, "81": 0.189094349256834, "82": 0.189094349256834, "83": 0.189094349256834, "84": 0.189094349256834, "85": 0.189094349256834, "86": 0.189094349256834, "87": 0.189094349256834, "88": 0.189094349256834, "89": 0.189094349256834, "90": 0.189094349256834, "91": 0.189094349256834, "92": 0.189094349256834, "93": 0.189094349256834, "94": 0.189094349256834, "95": 0.189094349256834, "96": 0.189094349256834, "97": 0.189094349256834, "98": 0.189094349256834, "99": 0.189094349256834, "100": 0.189094349256834}