{"0": 15.732422352132485, "1": 14.406370488523276, "2": 14.406370488523276, "3": 14.406370488523276, "4": 14.406370488523276, "5": 14.406370488523276, "6": 5.538274651905459, "7": 5.538274651905459, "8": 5.538274651905459, "9": 5.538274651905459, "10": 3.554593102462949, "11": 3.554593102462949, "12": 3.554593102462949, "13": 3.554593102462949, "14": 3.554593102462949, "15": 3.554593102462949, "16": 3.554593102462949, "17": 3.554593102462949, "18": 2.7272557000355633, "19": 2.7272557000355633, "20": 2.7272557000355633, "21": 2.7272557000355633, "22": 2.7272557000355633, "23": 2.7272557000355633, "24": 2.7272557000355633, "25": 2.7272557000355633, "26": 2.7272557000355633, "27": 2.7272557000355633, "28": 1.128502204477158, "29": 1.128502204477158, "30": 1.128502204477158, "31": 1.128502204477158, "32": 1.128502204477158, "33": 1.128502204477158, "34": 1.128502204477158, "35": 1.128502204477158, "36": 1.128502204477158, "37": 1.128502204477158, "38": 1.128502204477158, "39": 1.128502204477158, "40": 1.128502204477158, "41": 1.128502204477158, "42": 1.128502204477158, "43": 1.128502204477158, "44": 1.128502204477158, "45": 1.128502204477158, "46": 1.128502204477158, "47": 1.128502204477158, "48": 1.128502204477158, "49": 1.128502204477158, "50": 1.128502204477158, "51": 1.128502204477158, "52": 1.128502204477158, "53": 1.128502204477158, "54": 1.128502204477158, "55": 1.128502204477158, "56": 1.128502204477158, "57": 1.128502204477158, "58": 1.128502204477158, "59": 1.128502204477158, "60": 1.128502204477158, "61": 1.128502204477158, "62": 1.128502204477158, "63": 1.128502204477158, "64": 1.128502204477158, "65": 1.128502204477158, "66": 1.128502204477158, "67": 1.128502204477158, "68": 1.128502204477158, "69": 1.128502204477158, "70": 1.128502204477158, "71": 1.128502204477158, "72": 1.128502204477158, "73": 1.128502204477158, "74": 1.128502204477158, "75": 1.128502204477158, "76": 1.128502204477158, "77": 1.128502204477158, "78": 1.128502204477158, "79": 1.128502204477158, "80": 1.128502204477158, "81": 1.128502204477158, "82": 1.128502204477158, "83": 1.128502204477158, "84": 1.128502204477158, "85": 1.128502204477158, "86": 1.128502204477158, "87": 1.128502204477158, "88": 1.128502204477158, "89": 1.128502204477158, "90": 1.128502204477158, "91": 1.128502204477158, "92": 1.128502204477158, "93": 1.128502204477158, "94": 1.128502204477158, "95": 1.128502204477158, "96": 1.128502204477158, "97": 1.128502204477158, "98": 1.128502204477158, "99": 1.128502204477158, "100": 1.128502204477158}