{"0": 14.642144051342488, "1": 14.642144051342488, "2": 5.891628594834923, "3": 5.891628594834923, "4": 5.891628594834923, "5": 5.891628594834923, "6": 5.891628594834923, "7": 5.103454316188339, "8": 5.103454316188339, "9": 5.103454316188339, "10": 5.103454316188339, "11": 5.103454316188339, "12": 5.103454316188339, "13": 2.8340659009856957, "14": 2.8340659009856957, "15": 2.8340659009856957, "16": 2.8340659009856957, "17": 2.8340659009856957, "18": 2.8340659009856957, "19": 2.8340659009856957, "20": 2.5770094567351443, "21": 2.5770094567351443, "22": 2.5770094567351443, "23": 2.5770094567351443, "24": 2.5770094567351443, "25": 2.5770094567351443, "26": 2.5770094567351443, "27": 2.5770094567351443, "28": 2.5770094567351443, "29": 2.5770094567351443, "30": 2.5770094567351443, "31": 2.5770094567351443, "32": 2.5770094567351443, "33": 2.5770094567351443, "34": 2.5770094567351443, "35": 2.5770094567351443, "36": 2.5770094567351443, "37": 2.5770094567351443, "38": 2.5770094567351443, "39": 2.5770094567351443, "40": 2.5770094567351443, "41": 2.5770094567351443, "42": 2.5770094567351443, "43": 2.5770094567351443, "44": 2.5770094567351443, "45": 2.5770094567351443, "46": 2.5770094567351443, "47": 2.5770094567351443, "48": 2.5770094567351443, "49": 2.5770094567351443, "50": 1.986625692835652, "51": 1.986625692835652, "52": 1.986625692835652, "53": 1.986625692835652, "54": 1.986625692835652, "55": 1.986625692835652, "56": 1.986625692835652, "57": 1.986625692835652, "58": 1.986625692835652, "59": 1.986625692835652, "60": 1.986625692835652, "61": 1.986625692835652, "62": 1.986625692835652, "63": 1.0638561906472006, "64": 1.0638561906472006, "65": 1.0638561906472006, "66": 1.0638561906472006, "67": 1.0638561906472006, "68": 1.0638561906472006, "69": 1.0638561906472006, "70": 1.0638561906472006, "71": 1.0638561906472006, "72": 1.0638561906472006, "73": 1.0638561906472006, "74": 1.0638561906472006, "75": 1.0638561906472006, "76": 1.0638561906472006, "77": 1.0638561906472006, "78": 1.0638561906472006, "79": 1.0638561906472006, "80": 1.0638561906472006, "81": 1.0638561906472006, "82": 1.0638561906472006, "83": 1.0638561906472006, "84": 1.0638561906472006, "85": 1.0638561906472006, "86": 1.0638561906472006, "87": 1.0638561906472006, "88": 1.0638561906472006, "89": 1.0638561906472006, "90": 1.0638561906472006, "91": 1.0638561906472006, "92": 1.0638561906472006, "93": 1.0638561906472006, "94": 1.0638561906472006, "95": 1.0638561906472006, "96": 1.0638561906472006, "97": 1.0638561906472006, "98": 1.0638561906472006, "99": 1.0638561906472006, "100": 1.0638561906472006}