{"0": 25.172807323614265, "1": 22.36967297348441, "2": 22.36967297348441, "3": 5.024652325216806, "4": 5.024652325216806, "5": 5.024652325216806, "6": 5.024652325216806, "7": 5.024652325216806, "8": 4.786806694378624, "9": 4.786806694378624, "10": 4.786806694378624, "11": 4.786806694378624, "12": 4.786806694378624, "13": 4.786806694378624, "14": 4.775505430234947, "15": 2.668542871760774, "16": 2.668542871760774, "17": 2.668542871760774, "18": 2.668542871760774, "19": 2.668542871760774, "20": 2.668542871760774, "21": 2.668542871760774, "22": 2.668542871760774, "23": 2.668542871760774, "24": 2.668542871760774, "25": 2.668542871760774, "26": 2.668542871760774, "27": 2.668542871760774, "28": 2.668542871760774, "29": 2.668542871760774, "30": 1.3193877065102413, "31": 1.3193877065102413, "32": 1.3193877065102413, "33": 1.3193877065102413, "34": 1.3193877065102413, "35": 1.3193877065102413, "36": 1.3193877065102413, "37": 1.3193877065102413, "38": 1.3193877065102413, "39": 1.3193877065102413, "40": 1.3193877065102413, "41": 1.3193877065102413, "42": 1.3193877065102413, "43": 1.3193877065102413, "44": 1.3193877065102413, "45": 1.3193877065102413, "46": 1.3193877065102413, "47": 1.3193877065102413, "48": 1.3193877065102413, "49": 1.3193877065102413, "50": 1.3193877065102413, "51": 1.3193877065102413, "52": 1.3193877065102413, "53": 1.3193877065102413, "54": 1.3193877065102413, "55": 1.3193877065102413, "56": 1.3193877065102413, "57": 1.3193877065102413, "58": 1.3193877065102413, "59": 1.3193877065102413, "60": 1.3193877065102413, "61": 1.3193877065102413, "62": 1.3193877065102413, "63": 1.3193877065102413, "64": 1.3193877065102413, "65": 1.3193877065102413, "66": 1.3193877065102413, "67": 1.3193877065102413, "68": 1.3193877065102413, "69": 0.5107445833593758, "70": 0.5107445833593758, "71": 0.5107445833593758, "72": 0.5107445833593758, "73": 0.5107445833593758, "74": 0.5107445833593758, "75": 0.5107445833593758, "76": 0.5107445833593758, "77": 0.5107445833593758, "78": 0.5107445833593758, "79": 0.5107445833593758, "80": 0.5107445833593758, "81": 0.5107445833593758, "82": 0.5107445833593758, "83": 0.5107445833593758, "84": 0.5107445833593758, "85": 0.5107445833593758, "86": 0.5107445833593758, "87": 0.5107445833593758, "88": 0.5107445833593758, "89": 0.5107445833593758, "90": 0.5107445833593758, "91": 0.5107445833593758, "92": 0.5107445833593758, "93": 0.5107445833593758, "94": 0.5107445833593758, "95": 0.5107445833593758, "96": 0.5107445833593758, "97": 0.5107445833593758, "98": 0.5107445833593758, "99": 0.5107445833593758, "100": 0.5107445833593758}