{"0": 6.415469130711623, "1": 6.415469130711623, "2": 6.415469130711623, "3": 4.4205849147615375, "4": 1.3876945999292403, "5": 1.3876945999292403, "6": 1.3876945999292403, "7": 1.3876945999292403, "8": 1.3876945999292403, "9": 1.3876945999292403, "10": 1.3876945999292403, "11": 1.3876945999292403, "12": 0.1118849435793905, "13": 0.1118849435793905, "14": 0.1118849435793905, "15": 0.1118849435793905, "16": 0.1118849435793905, "17": 0.1118849435793905, "18": 0.1118849435793905, "19": 0.1118849435793905, "20": 0.1118849435793905, "21": 0.1118849435793905, "22": 0.1118849435793905, "23": 0.1118849435793905, "24": 0.1118849435793905, "25": 0.1118849435793905, "26": 0.1118849435793905, "27": 0.1118849435793905, "28": 0.1118849435793905, "29": 0.1118849435793905, "30": 0.1118849435793905, "31": 0.1118849435793905, "32": 0.1118849435793905, "33": 0.1118849435793905, "34": 0.1118849435793905, "35": 0.1118849435793905, "36": 0.1118849435793905, "37": 0.1118849435793905, "38": 0.1118849435793905, "39": 0.1118849435793905, "40": 0.1118849435793905, "41": 0.1118849435793905, "42": 0.1118849435793905, "43": 0.1118849435793905, "44": 0.1118849435793905, "45": 0.1118849435793905, "46": 0.1118849435793905, "47": 0.1118849435793905, "48": 0.1118849435793905, "49": 0.1118849435793905, "50": 0.1118849435793905, "51": 0.1118849435793905, "52": 0.1118849435793905, "53": 0.1118849435793905, "54": 0.1118849435793905, "55": 0.1118849435793905, "56": 0.1118849435793905, "57": 0.1118849435793905, "58": 0.1118849435793905, "59": 0.1118849435793905, "60": 0.1118849435793905, "61": 0.1118849435793905, "62": 0.1118849435793905, "63": 0.1118849435793905, "64": 0.1118849435793905, "65": 0.1118849435793905, "66": 0.1118849435793905, "67": 0.1118849435793905, "68": 0.1118849435793905, "69": 0.1118849435793905, "70": 0.1118849435793905, "71": 0.1118849435793905, "72": 0.1118849435793905, "73": 0.1118849435793905, "74": 0.1118849435793905, "75": 0.1118849435793905, "76": 0.1118849435793905, "77": 0.1118849435793905, "78": 0.1118849435793905, "79": 0.1118849435793905, "80": 0.1118849435793905, "81": 0.1118849435793905, "82": 0.1118849435793905, "83": 0.1118849435793905, "84": 0.1118849435793905, "85": 0.1118849435793905, "86": 0.1118849435793905, "87": 0.1118849435793905, "88": 0.1118849435793905, "89": 0.1118849435793905, "90": 0.1118849435793905, "91": 0.1118849435793905, "92": 0.1118849435793905, "93": 0.1118849435793905, "94": 0.1118849435793905, "95": 0.1118849435793905, "96": 0.1118849435793905, "97": 0.1118849435793905, "98": 0.1118849435793905, "99": 0.1118849435793905, "100": 0.1118849435793905}