{"0": 31.929315097931152, "1": 8.714507141060832, "2": 8.714507141060832, "3": 8.714507141060832, "4": 8.714507141060832, "5": 8.714507141060832, "6": 8.714507141060832, "7": 8.714507141060832, "8": 8.714507141060832, "9": 8.404338456849416, "10": 4.282887676041112, "11": 2.4361580051699576, "12": 2.4361580051699576, "13": 2.4361580051699576, "14": 2.4361580051699576, "15": 2.4361580051699576, "16": 2.4361580051699576, "17": 2.4361580051699576, "18": 2.4361580051699576, "19": 2.4361580051699576, "20": 2.4361580051699576, "21": 1.1175148299263462, "22": 1.1175148299263462, "23": 1.1175148299263462, "24": 1.1175148299263462, "25": 1.1175148299263462, "26": 1.1175148299263462, "27": 1.1175148299263462, "28": 1.1175148299263462, "29": 1.1175148299263462, "30": 1.1175148299263462, "31": 1.1175148299263462, "32": 1.1175148299263462, "33": 1.1175148299263462, "34": 1.1175148299263462, "35": 1.1175148299263462, "36": 1.1175148299263462, "37": 1.1175148299263462, "38": 1.1175148299263462, "39": 1.1175148299263462, "40": 1.1175148299263462, "41": 1.1175148299263462, "42": 1.1175148299263462, "43": 1.1175148299263462, "44": 1.1175148299263462, "45": 1.1175148299263462, "46": 1.1175148299263462, "47": 1.1175148299263462, "48": 1.1175148299263462, "49": 1.1175148299263462, "50": 1.1175148299263462, "51": 1.1175148299263462, "52": 1.1175148299263462, "53": 1.1175148299263462, "54": 1.1175148299263462, "55": 1.1175148299263462, "56": 1.1175148299263462, "57": 1.1175148299263462, "58": 1.1175148299263462, "59": 1.1175148299263462, "60": 1.1175148299263462, "61": 1.1175148299263462, "62": 1.1175148299263462, "63": 1.1175148299263462, "64": 1.1175148299263462, "65": 1.1175148299263462, "66": 1.1175148299263462, "67": 1.1175148299263462, "68": 1.1175148299263462, "69": 1.1175148299263462, "70": 1.1175148299263462, "71": 1.1175148299263462, "72": 1.1175148299263462, "73": 1.1175148299263462, "74": 1.1175148299263462, "75": 1.1175148299263462, "76": 1.1175148299263462, "77": 1.1175148299263462, "78": 1.1175148299263462, "79": 1.1175148299263462, "80": 1.1175148299263462, "81": 1.1175148299263462, "82": 1.1175148299263462, "83": 1.1175148299263462, "84": 1.1175148299263462, "85": 1.1175148299263462, "86": 1.1175148299263462, "87": 1.1175148299263462, "88": 1.1175148299263462, "89": 1.1175148299263462, "90": 1.1175148299263462, "91": 1.1175148299263462, "92": 1.1175148299263462, "93": 1.1175148299263462, "94": 1.1175148299263462, "95": 1.1175148299263462, "96": 1.1175148299263462, "97": 1.1175148299263462, "98": 1.1175148299263462, "99": 1.1175148299263462, "100": 1.1175148299263462}