{"0": 38.9937833912323, "1": 13.599416981587375, "2": 13.599416981587375, "3": 9.982327821875929, "4": 9.965382724591503, "5": 5.071441915605535, "6": 5.071441915605535, "7": 5.071441915605535, "8": 5.071441915605535, "9": 5.071441915605535, "10": 1.6933069517856154, "11": 1.6933069517856154, "12": 1.6933069517856154, "13": 1.6377416557794078, "14": 1.6377416557794078, "15": 1.6377416557794078, "16": 1.6377416557794078, "17": 1.6377416557794078, "18": 0.8147406841658835, "19": 0.8147406841658835, "20": 0.8147406841658835, "21": 0.8147406841658835, "22": 0.8147406841658835, "23": 0.8147406841658835, "24": 0.8147406841658835, "25": 0.8147406841658835, "26": 0.8147406841658835, "27": 0.8147406841658835, "28": 0.8147406841658835, "29": 0.8147406841658835, "30": 0.8147406841658835, "31": 0.8147406841658835, "32": 0.8147406841658835, "33": 0.8147406841658835, "34": 0.8147406841658835, "35": 0.8147406841658835, "36": 0.8147406841658835, "37": 0.8147406841658835, "38": 0.8147406841658835, "39": 0.8147406841658835, "40": 0.8147406841658835, "41": 0.8147406841658835, "42": 0.8147406841658835, "43": 0.8147406841658835, "44": 0.8147406841658835, "45": 0.8147406841658835, "46": 0.8147406841658835, "47": 0.8147406841658835, "48": 0.8147406841658835, "49": 0.8147406841658835, "50": 0.8147406841658835, "51": 0.8147406841658835, "52": 0.8147406841658835, "53": 0.8147406841658835, "54": 0.8147406841658835, "55": 0.8147406841658835, "56": 0.8147406841658835, "57": 0.8147406841658835, "58": 0.8147406841658835, "59": 0.8147406841658835, "60": 0.8147406841658835, "61": 0.8147406841658835, "62": 0.8147406841658835, "63": 0.8147406841658835, "64": 0.8147406841658835, "65": 0.8147406841658835, "66": 0.8147406841658835, "67": 0.8147406841658835, "68": 0.8147406841658835, "69": 0.8147406841658835, "70": 0.8147406841658835, "71": 0.8147406841658835, "72": 0.8147406841658835, "73": 0.8147406841658835, "74": 0.8147406841658835, "75": 0.8147406841658835, "76": 0.8147406841658835, "77": 0.8147406841658835, "78": 0.8147406841658835, "79": 0.8147406841658835, "80": 0.8147406841658835, "81": 0.8147406841658835, "82": 0.8147406841658835, "83": 0.8147406841658835, "84": 0.8147406841658835, "85": 0.8147406841658835, "86": 0.8147406841658835, "87": 0.8147406841658835, "88": 0.8147406841658835, "89": 0.8147406841658835, "90": 0.8147406841658835, "91": 0.8147406841658835, "92": 0.8147406841658835, "93": 0.8147406841658835, "94": 0.8147406841658835, "95": 0.8147406841658835, "96": 0.8147406841658835, "97": 0.8147406841658835, "98": 0.8147406841658835, "99": 0.8147406841658835, "100": 0.8147406841658835}