{"0": 20.825584402873318, "1": 8.916727298271905, "2": 8.916727298271905, "3": 8.916727298271905, "4": 8.916727298271905, "5": 8.916727298271905, "6": 8.916727298271905, "7": 8.916727298271905, "8": 8.916727298271905, "9": 8.916727298271905, "10": 8.916727298271905, "11": 8.916727298271905, "12": 8.916727298271905, "13": 8.916727298271905, "14": 1.4701056630496439, "15": 1.4701056630496439, "16": 1.4701056630496439, "17": 1.4701056630496439, "18": 1.4701056630496439, "19": 1.4701056630496439, "20": 1.4701056630496439, "21": 1.4701056630496439, "22": 1.4701056630496439, "23": 1.4701056630496439, "24": 1.4701056630496439, "25": 1.4701056630496439, "26": 1.4701056630496439, "27": 1.4701056630496439, "28": 1.4701056630496439, "29": 1.4701056630496439, "30": 1.4701056630496439, "31": 1.4701056630496439, "32": 1.4701056630496439, "33": 1.4701056630496439, "34": 1.369526912563252, "35": 1.369526912563252, "36": 1.369526912563252, "37": 1.369526912563252, "38": 1.369526912563252, "39": 1.369526912563252, "40": 1.369526912563252, "41": 1.369526912563252, "42": 1.369526912563252, "43": 1.369526912563252, "44": 1.369526912563252, "45": 1.369526912563252, "46": 1.369526912563252, "47": 1.369526912563252, "48": 1.369526912563252, "49": 1.369526912563252, "50": 1.369526912563252, "51": 1.369526912563252, "52": 1.369526912563252, "53": 1.369526912563252, "54": 1.369526912563252, "55": 1.369526912563252, "56": 1.369526912563252, "57": 1.369526912563252, "58": 1.369526912563252, "59": 1.369526912563252, "60": 1.369526912563252, "61": 1.369526912563252, "62": 1.369526912563252, "63": 1.369526912563252, "64": 1.369526912563252, "65": 1.369526912563252, "66": 1.369526912563252, "67": 1.369526912563252, "68": 1.369526912563252, "69": 1.369526912563252, "70": 1.369526912563252, "71": 1.369526912563252, "72": 1.369526912563252, "73": 1.369526912563252, "74": 1.369526912563252, "75": 1.369526912563252, "76": 1.369526912563252, "77": 1.369526912563252, "78": 1.369526912563252, "79": 1.369526912563252, "80": 1.369526912563252, "81": 1.369526912563252, "82": 1.369526912563252, "83": 1.369526912563252, "84": 1.369526912563252, "85": 1.369526912563252, "86": 1.369526912563252, "87": 1.369526912563252, "88": 1.369526912563252, "89": 1.369526912563252, "90": 1.369526912563252, "91": 1.369526912563252, "92": 1.369526912563252, "93": 1.369526912563252, "94": 1.369526912563252, "95": 1.369526912563252, "96": 1.369526912563252, "97": 1.369526912563252, "98": 1.369526912563252, "99": 1.369526912563252, "100": 1.369526912563252}