{"0": 12.981015145228003, "1": 7.5706430947031205, "2": 7.5706430947031205, "3": 6.262935014146539, "4": 6.262935014146539, "5": 6.262935014146539, "6": 6.262935014146539, "7": 3.7191154898638104, "8": 3.7191154898638104, "9": 3.7191154898638104, "10": 1.867517772280884, "11": 1.867517772280884, "12": 1.867517772280884, "13": 1.867517772280884, "14": 1.867517772280884, "15": 1.867517772280884, "16": 1.867517772280884, "17": 1.867517772280884, "18": 1.867517772280884, "19": 1.867517772280884, "20": 1.867517772280884, "21": 1.867517772280884, "22": 1.867517772280884, "23": 1.867517772280884, "24": 1.867517772280884, "25": 1.867517772280884, "26": 1.867517772280884, "27": 1.867517772280884, "28": 1.867517772280884, "29": 1.867517772280884, "30": 1.867517772280884, "31": 1.867517772280884, "32": 1.867517772280884, "33": 1.867517772280884, "34": 1.867517772280884, "35": 1.867517772280884, "36": 1.867517772280884, "37": 1.867517772280884, "38": 1.867517772280884, "39": 1.867517772280884, "40": 1.867517772280884, "41": 1.867517772280884, "42": 1.867517772280884, "43": 1.867517772280884, "44": 1.867517772280884, "45": 1.867517772280884, "46": 1.867517772280884, "47": 1.8520255716306586, "48": 1.8520255716306586, "49": 1.8520255716306586, "50": 1.8520255716306586, "51": 1.8520255716306586, "52": 1.8520255716306586, "53": 1.8520255716306586, "54": 1.8520255716306586, "55": 1.8520255716306586, "56": 1.8520255716306586, "57": 1.8520255716306586, "58": 1.8520255716306586, "59": 1.8520255716306586, "60": 1.8520255716306586, "61": 1.8520255716306586, "62": 0.8198192829827065, "63": 0.8198192829827065, "64": 0.8198192829827065, "65": 0.8198192829827065, "66": 0.8198192829827065, "67": 0.8198192829827065, "68": 0.8198192829827065, "69": 0.8198192829827065, "70": 0.8198192829827065, "71": 0.8198192829827065, "72": 0.8198192829827065, "73": 0.8198192829827065, "74": 0.8198192829827065, "75": 0.8198192829827065, "76": 0.8198192829827065, "77": 0.8198192829827065, "78": 0.8198192829827065, "79": 0.8198192829827065, "80": 0.8198192829827065, "81": 0.8198192829827065, "82": 0.8198192829827065, "83": 0.8198192829827065, "84": 0.8198192829827065, "85": 0.8198192829827065, "86": 0.8198192829827065, "87": 0.8198192829827065, "88": 0.8198192829827065, "89": 0.8198192829827065, "90": 0.8198192829827065, "91": 0.8198192829827065, "92": 0.8198192829827065, "93": 0.8198192829827065, "94": 0.8198192829827065, "95": 0.8198192829827065, "96": 0.8198192829827065, "97": 0.8198192829827065, "98": 0.8198192829827065, "99": 0.8198192829827065, "100": 0.8198192829827065}