{"0": 28.16064889664188, "1": 2.5472294102101642, "2": 1.5176576138083604, "3": 1.5176576138083604, "4": 1.5176576138083604, "5": 1.5176576138083604, "6": 1.5176576138083604, "7": 1.5176576138083604, "8": 1.5176576138083604, "9": 1.5176576138083604, "10": 1.5176576138083604, "11": 1.5176576138083604, "12": 1.5176576138083604, "13": 1.5176576138083604, "14": 1.5176576138083604, "15": 1.5176576138083604, "16": 1.5176576138083604, "17": 1.5176576138083604, "18": 1.5176576138083604, "19": 1.5176576138083604, "20": 1.5176576138083604, "21": 1.5176576138083604, "22": 1.5176576138083604, "23": 1.2829380801174537, "24": 1.2829380801174537, "25": 1.2829380801174537, "26": 1.2829380801174537, "27": 1.2829380801174537, "28": 1.2829380801174537, "29": 1.2829380801174537, "30": 1.2829380801174537, "31": 0.73877737359458, "32": 0.73877737359458, "33": 0.73877737359458, "34": 0.73877737359458, "35": 0.73877737359458, "36": 0.73877737359458, "37": 0.73877737359458, "38": 0.73877737359458, "39": 0.73877737359458, "40": 0.73877737359458, "41": 0.73877737359458, "42": 0.73877737359458, "43": 0.73877737359458, "44": 0.73877737359458, "45": 0.73877737359458, "46": 0.73877737359458, "47": 0.73877737359458, "48": 0.73877737359458, "49": 0.73877737359458, "50": 0.73877737359458, "51": 0.73877737359458, "52": 0.73877737359458, "53": 0.73877737359458, "54": 0.73877737359458, "55": 0.73877737359458, "56": 0.73877737359458, "57": 0.73877737359458, "58": 0.73877737359458, "59": 0.73877737359458, "60": 0.73877737359458, "61": 0.73877737359458, "62": 0.73877737359458, "63": 0.73877737359458, "64": 0.73877737359458, "65": 0.73877737359458, "66": 0.73877737359458, "67": 0.73877737359458, "68": 0.73877737359458, "69": 0.73877737359458, "70": 0.73877737359458, "71": 0.73877737359458, "72": 0.73877737359458, "73": 0.73877737359458, "74": 0.73877737359458, "75": 0.73877737359458, "76": 0.73877737359458, "77": 0.73877737359458, "78": 0.73877737359458, "79": 0.73877737359458, "80": 0.73877737359458, "81": 0.73877737359458, "82": 0.73877737359458, "83": 0.73877737359458, "84": 0.73877737359458, "85": 0.73877737359458, "86": 0.73877737359458, "87": 0.73877737359458, "88": 0.73877737359458, "89": 0.73877737359458, "90": 0.73877737359458, "91": 0.73877737359458, "92": 0.73877737359458, "93": 0.73877737359458, "94": 0.73877737359458, "95": 0.73877737359458, "96": 0.73877737359458, "97": 0.73877737359458, "98": 0.73877737359458, "99": 0.73877737359458, "100": 0.73877737359458}