{"0": 21.590341291989624, "1": 10.543010937470157, "2": 6.738890666459543, "3": 6.738890666459543, "4": 6.738890666459543, "5": 6.738890666459543, "6": 6.738890666459543, "7": 4.6927908545935395, "8": 4.347828699332483, "9": 4.347828699332483, "10": 4.347828699332483, "11": 4.347828699332483, "12": 4.347828699332483, "13": 4.279705720286051, "14": 4.279705720286051, "15": 4.279705720286051, "16": 4.279705720286051, "17": 4.279705720286051, "18": 4.279705720286051, "19": 4.279705720286051, "20": 4.279705720286051, "21": 4.279705720286051, "22": 4.279705720286051, "23": 4.279705720286051, "24": 4.279705720286051, "25": 4.279705720286051, "26": 4.279705720286051, "27": 4.279705720286051, "28": 4.279705720286051, "29": 4.279705720286051, "30": 4.279705720286051, "31": 3.682947504868526, "32": 3.682947504868526, "33": 3.682947504868526, "34": 3.682947504868526, "35": 3.682947504868526, "36": 3.682947504868526, "37": 3.682947504868526, "38": 3.682947504868526, "39": 3.682947504868526, "40": 3.682947504868526, "41": 3.682947504868526, "42": 3.682947504868526, "43": 3.682947504868526, "44": 3.682947504868526, "45": 3.682947504868526, "46": 3.682947504868526, "47": 3.682947504868526, "48": 3.682947504868526, "49": 3.682947504868526, "50": 3.682947504868526, "51": 3.5509376222071936, "52": 3.5509376222071936, "53": 3.5509376222071936, "54": 3.5509376222071936, "55": 3.5509376222071936, "56": 3.5509376222071936, "57": 3.4424663191055416, "58": 3.4424663191055416, "59": 3.4424663191055416, "60": 3.4424663191055416, "61": 3.4424663191055416, "62": 1.9329380762274866, "63": 1.9329380762274866, "64": 1.9329380762274866, "65": 1.9329380762274866, "66": 1.9329380762274866, "67": 1.9329380762274866, "68": 1.9329380762274866, "69": 1.9329380762274866, "70": 1.9329380762274866, "71": 1.9329380762274866, "72": 1.9329380762274866, "73": 1.9329380762274866, "74": 1.9329380762274866, "75": 1.9329380762274866, "76": 1.9329380762274866, "77": 1.9329380762274866, "78": 1.9329380762274866, "79": 1.9329380762274866, "80": 1.9329380762274866, "81": 1.9329380762274866, "82": 1.9329380762274866, "83": 1.9329380762274866, "84": 1.9329380762274866, "85": 1.9329380762274866, "86": 1.9329380762274866, "87": 1.9329380762274866, "88": 1.9329380762274866, "89": 1.9329380762274866, "90": 1.9329380762274866, "91": 1.9329380762274866, "92": 1.9329380762274866, "93": 1.9329380762274866, "94": 1.9329380762274866, "95": 1.9329380762274866, "96": 1.9329380762274866, "97": 1.9329380762274866, "98": 1.9329380762274866, "99": 1.9329380762274866, "100": 1.9329380762274866}