{"0": 9.127516089980308, "1": 9.127516089980308, "2": 9.127516089980308, "3": 9.127516089980308, "4": 5.95743368875393, "5": 5.95743368875393, "6": 5.95743368875393, "7": 5.95743368875393, "8": 5.95743368875393, "9": 5.95743368875393, "10": 5.95743368875393, "11": 5.95743368875393, "12": 5.95743368875393, "13": 5.95743368875393, "14": 1.9799485911532457, "15": 1.9799485911532457, "16": 1.9799485911532457, "17": 1.9799485911532457, "18": 1.9799485911532457, "19": 1.9799485911532457, "20": 1.9799485911532457, "21": 1.9799485911532457, "22": 1.9799485911532457, "23": 1.9799485911532457, "24": 1.9799485911532457, "25": 1.9799485911532457, "26": 1.9799485911532457, "27": 1.9799485911532457, "28": 1.9799485911532457, "29": 1.449914419859823, "30": 1.449914419859823, "31": 1.449914419859823, "32": 1.449914419859823, "33": 1.449914419859823, "34": 1.449914419859823, "35": 1.449914419859823, "36": 1.449914419859823, "37": 1.449914419859823, "38": 1.449914419859823, "39": 1.449914419859823, "40": 1.1829101351527633, "41": 1.1829101351527633, "42": 1.1829101351527633, "43": 1.1829101351527633, "44": 1.1829101351527633, "45": 1.1829101351527633, "46": 1.1829101351527633, "47": 1.1829101351527633, "48": 1.1829101351527633, "49": 1.1829101351527633, "50": 1.1829101351527633, "51": 1.1829101351527633, "52": 1.1829101351527633, "53": 1.1829101351527633, "54": 1.1829101351527633, "55": 1.1829101351527633, "56": 1.1829101351527633, "57": 1.1829101351527633, "58": 1.1829101351527633, "59": 1.1166397312267975, "60": 1.1166397312267975, "61": 1.1166397312267975, "62": 1.1166397312267975, "63": 1.1166397312267975, "64": 1.1166397312267975, "65": 1.1166397312267975, "66": 1.1166397312267975, "67": 1.1166397312267975, "68": 1.1166397312267975, "69": 1.1166397312267975, "70": 1.1166397312267975, "71": 1.1166397312267975, "72": 1.1166397312267975, "73": 0.4532705678609972, "74": 0.4532705678609972, "75": 0.4532705678609972, "76": 0.4532705678609972, "77": 0.4532705678609972, "78": 0.4532705678609972, "79": 0.4532705678609972, "80": 0.4532705678609972, "81": 0.4532705678609972, "82": 0.4532705678609972, "83": 0.4532705678609972, "84": 0.4532705678609972, "85": 0.4532705678609972, "86": 0.4532705678609972, "87": 0.4532705678609972, "88": 0.4532705678609972, "89": 0.4532705678609972, "90": 0.4532705678609972, "91": 0.4532705678609972, "92": 0.4532705678609972, "93": 0.4532705678609972, "94": 0.4532705678609972, "95": 0.4532705678609972, "96": 0.4532705678609972, "97": 0.4532705678609972, "98": 0.4532705678609972, "99": 0.4532705678609972, "100": 0.4532705678609972}