{"0": 18.843823055236765, "1": 18.843823055236765, "2": 13.889787869562515, "3": 12.408542898201182, "4": 12.408542898201182, "5": 12.408542898201182, "6": 5.698663866653238, "7": 5.698663866653238, "8": 5.698663866653238, "9": 5.698663866653238, "10": 2.3797820987348004, "11": 2.3797820987348004, "12": 2.3797820987348004, "13": 2.3797820987348004, "14": 2.3797820987348004, "15": 2.3797820987348004, "16": 2.3797820987348004, "17": 2.3797820987348004, "18": 2.3797820987348004, "19": 2.3797820987348004, "20": 2.3797820987348004, "21": 2.3797820987348004, "22": 2.3797820987348004, "23": 0.6465546681833416, "24": 0.6465546681833416, "25": 0.6465546681833416, "26": 0.6465546681833416, "27": 0.6465546681833416, "28": 0.6465546681833416, "29": 0.6465546681833416, "30": 0.6465546681833416, "31": 0.6465546681833416, "32": 0.6465546681833416, "33": 0.6465546681833416, "34": 0.6465546681833416, "35": 0.15051922128903072, "36": 0.15051922128903072, "37": 0.15051922128903072, "38": 0.15051922128903072, "39": 0.15051922128903072, "40": 0.15051922128903072, "41": 0.15051922128903072, "42": 0.15051922128903072, "43": 0.15051922128903072, "44": 0.15051922128903072, "45": 0.15051922128903072, "46": 0.15051922128903072, "47": 0.15051922128903072, "48": 0.15051922128903072, "49": 0.15051922128903072, "50": 0.15051922128903072, "51": 0.15051922128903072, "52": 0.15051922128903072, "53": 0.15051922128903072, "54": 0.15051922128903072, "55": 0.15051922128903072, "56": 0.15051922128903072, "57": 0.15051922128903072, "58": 0.15051922128903072, "59": 0.15051922128903072, "60": 0.15051922128903072, "61": 0.15051922128903072, "62": 0.15051922128903072, "63": 0.15051922128903072, "64": 0.15051922128903072, "65": 0.15051922128903072, "66": 0.15051922128903072, "67": 0.15051922128903072, "68": 0.15051922128903072, "69": 0.15051922128903072, "70": 0.15051922128903072, "71": 0.15051922128903072, "72": 0.15051922128903072, "73": 0.15051922128903072, "74": 0.15051922128903072, "75": 0.15051922128903072, "76": 0.15051922128903072, "77": 0.15051922128903072, "78": 0.15051922128903072, "79": 0.15051922128903072, "80": 0.15051922128903072, "81": 0.15051922128903072, "82": 0.15051922128903072, "83": 0.15051922128903072, "84": 0.15051922128903072, "85": 0.15051922128903072, "86": 0.15051922128903072, "87": 0.15051922128903072, "88": 0.15051922128903072, "89": 0.15051922128903072, "90": 0.15051922128903072, "91": 0.15051922128903072, "92": 0.15051922128903072, "93": 0.15051922128903072, "94": 0.15051922128903072, "95": 0.15051922128903072, "96": 0.15051922128903072, "97": 0.15051922128903072, "98": 0.15051922128903072, "99": 0.15051922128903072, "100": 0.15051922128903072}