{"0": 30.89616345633377, "1": 26.08493718713226, "2": 17.630271272092372, "3": 17.630271272092372, "4": 3.6632629439604827, "5": 3.6632629439604827, "6": 1.706692705835863, "7": 1.706692705835863, "8": 1.706692705835863, "9": 1.706692705835863, "10": 1.706692705835863, "11": 1.706692705835863, "12": 1.268245173860528, "13": 1.268245173860528, "14": 1.268245173860528, "15": 1.268245173860528, "16": 1.268245173860528, "17": 1.268245173860528, "18": 1.268245173860528, "19": 1.268245173860528, "20": 1.268245173860528, "21": 1.268245173860528, "22": 1.268245173860528, "23": 1.268245173860528, "24": 1.268245173860528, "25": 1.268245173860528, "26": 1.268245173860528, "27": 1.268245173860528, "28": 1.268245173860528, "29": 1.268245173860528, "30": 1.268245173860528, "31": 1.268245173860528, "32": 1.268245173860528, "33": 1.268245173860528, "34": 1.268245173860528, "35": 1.268245173860528, "36": 1.268245173860528, "37": 1.268245173860528, "38": 1.268245173860528, "39": 1.268245173860528, "40": 1.268245173860528, "41": 1.268245173860528, "42": 1.268245173860528, "43": 1.2537263080007968, "44": 1.2537263080007968, "45": 1.2537263080007968, "46": 1.2537263080007968, "47": 1.2537263080007968, "48": 1.2537263080007968, "49": 1.2537263080007968, "50": 1.2537263080007968, "51": 1.2537263080007968, "52": 1.2537263080007968, "53": 1.2537263080007968, "54": 1.2537263080007968, "55": 1.2537263080007968, "56": 1.2537263080007968, "57": 1.2537263080007968, "58": 1.2537263080007968, "59": 1.2537263080007968, "60": 1.2537263080007968, "61": 1.2537263080007968, "62": 1.2537263080007968, "63": 1.2537263080007968, "64": 1.2537263080007968, "65": 1.2537263080007968, "66": 1.2537263080007968, "67": 1.2537263080007968, "68": 1.2537263080007968, "69": 1.2537263080007968, "70": 1.2537263080007968, "71": 1.2537263080007968, "72": 1.2537263080007968, "73": 1.2537263080007968, "74": 1.2537263080007968, "75": 1.2537263080007968, "76": 1.2537263080007968, "77": 1.2537263080007968, "78": 1.2537263080007968, "79": 1.2537263080007968, "80": 1.2537263080007968, "81": 1.2537263080007968, "82": 1.2537263080007968, "83": 1.2537263080007968, "84": 1.2537263080007968, "85": 1.2537263080007968, "86": 1.2537263080007968, "87": 1.2537263080007968, "88": 1.2537263080007968, "89": 1.2537263080007968, "90": 1.2537263080007968, "91": 1.2537263080007968, "92": 1.2537263080007968, "93": 1.2537263080007968, "94": 1.2537263080007968, "95": 1.2537263080007968, "96": 1.2537263080007968, "97": 1.2537263080007968, "98": 1.2537263080007968, "99": 1.2537263080007968, "100": 1.2537263080007968}