{"0": 11.731645927697919, "1": 11.731645927697919, "2": 10.879370195431726, "3": 10.879370195431726, "4": 10.879370195431726, "5": 9.363101865578058, "6": 8.023459041483742, "7": 8.023459041483742, "8": 6.615937984054977, "9": 5.090332713604203, "10": 5.090332713604203, "11": 5.090332713604203, "12": 5.090332713604203, "13": 5.090332713604203, "14": 5.090332713604203, "15": 5.090332713604203, "16": 5.090332713604203, "17": 5.090332713604203, "18": 5.090332713604203, "19": 5.090332713604203, "20": 3.96899362970381, "21": 3.96899362970381, "22": 3.8834886575042873, "23": 3.8834886575042873, "24": 3.8834886575042873, "25": 3.8834886575042873, "26": 3.8834886575042873, "27": 3.728053151208563, "28": 3.6921027400535777, "29": 3.6921027400535777, "30": 3.6921027400535777, "31": 3.6921027400535777, "32": 3.6921027400535777, "33": 3.6921027400535777, "34": 3.6921027400535777, "35": 3.6921027400535777, "36": 3.6921027400535777, "37": 3.0634867977651936, "38": 3.0634867977651936, "39": 3.0634867977651936, "40": 3.0634867977651936, "41": 3.0634867977651936, "42": 2.7704588069598515, "43": 2.7704588069598515, "44": 2.7704588069598515, "45": 2.7704588069598515, "46": 2.7704588069598515, "47": 2.7704588069598515, "48": 2.7704588069598515, "49": 2.7704588069598515, "50": 2.7704588069598515, "51": 2.7704588069598515, "52": 2.7704588069598515, "53": 2.269972571170392, "54": 2.269972571170392, "55": 2.269972571170392, "56": 2.269972571170392, "57": 2.269972571170392, "58": 2.269972571170392, "59": 2.269972571170392, "60": 2.269972571170392, "61": 2.269972571170392, "62": 2.269972571170392, "63": 2.269972571170392, "64": 2.269972571170392, "65": 2.269972571170392, "66": 2.269972571170392, "67": 2.269972571170392, "68": 2.269972571170392, "69": 2.269972571170392, "70": 2.269972571170392, "71": 2.269972571170392, "72": 2.269972571170392, "73": 2.269972571170392, "74": 2.269972571170392, "75": 2.269972571170392, "76": 2.269972571170392, "77": 2.269972571170392, "78": 2.269972571170392, "79": 2.269972571170392, "80": 2.269972571170392, "81": 2.269972571170392, "82": 2.269972571170392, "83": 2.269972571170392, "84": 2.269972571170392, "85": 2.269972571170392, "86": 2.269972571170392, "87": 2.269972571170392, "88": 2.269972571170392, "89": 2.269972571170392, "90": 2.269972571170392, "91": 2.269972571170392, "92": 2.269972571170392, "93": 2.269972571170392, "94": 2.269972571170392, "95": 2.269972571170392, "96": 2.269972571170392, "97": 2.269972571170392, "98": 2.269972571170392, "99": 2.269972571170392, "100": 2.269972571170392}