{"0": 8.064562304066314, "1": 8.064562304066314, "2": 7.812428410851226, "3": 7.812428410851226, "4": 7.812428410851226, "5": 7.812428410851226, "6": 7.812428410851226, "7": 1.6078946494578688, "8": 1.6078946494578688, "9": 1.6078946494578688, "10": 1.6078946494578688, "11": 1.2857400344803729, "12": 1.2857400344803729, "13": 1.2857400344803729, "14": 1.2857400344803729, "15": 1.2857400344803729, "16": 1.2857400344803729, "17": 1.2857400344803729, "18": 1.2857400344803729, "19": 1.2857400344803729, "20": 1.2857400344803729, "21": 1.2857400344803729, "22": 1.2857400344803729, "23": 1.2857400344803729, "24": 1.2857400344803729, "25": 1.2054832941917617, "26": 1.2054832941917617, "27": 1.2054832941917617, "28": 1.2054832941917617, "29": 1.2054832941917617, "30": 1.2054832941917617, "31": 1.2054832941917617, "32": 1.075407540724818, "33": 1.075407540724818, "34": 1.075407540724818, "35": 1.075407540724818, "36": 1.075407540724818, "37": 1.075407540724818, "38": 1.075407540724818, "39": 1.0064415217739153, "40": 1.0064415217739153, "41": 1.0064415217739153, "42": 1.0064415217739153, "43": 1.0064415217739153, "44": 1.0064415217739153, "45": 1.0064415217739153, "46": 1.0064415217739153, "47": 1.0064415217739153, "48": 0.5472393239750488, "49": 0.5472393239750488, "50": 0.5472393239750488, "51": 0.5472393239750488, "52": 0.5472393239750488, "53": 0.5472393239750488, "54": 0.5472393239750488, "55": 0.5472393239750488, "56": 0.5472393239750488, "57": 0.5472393239750488, "58": 0.5472393239750488, "59": 0.5472393239750488, "60": 0.5472393239750488, "61": 0.5472393239750488, "62": 0.5472393239750488, "63": 0.5472393239750488, "64": 0.5472393239750488, "65": 0.5472393239750488, "66": 0.5472393239750488, "67": 0.5472393239750488, "68": 0.5472393239750488, "69": 0.5472393239750488, "70": 0.5472393239750488, "71": 0.5472393239750488, "72": 0.5472393239750488, "73": 0.5472393239750488, "74": 0.5472393239750488, "75": 0.5472393239750488, "76": 0.5472393239750488, "77": 0.5472393239750488, "78": 0.5472393239750488, "79": 0.5472393239750488, "80": 0.5472393239750488, "81": 0.5472393239750488, "82": 0.5472393239750488, "83": 0.5472393239750488, "84": 0.5472393239750488, "85": 0.5472393239750488, "86": 0.5472393239750488, "87": 0.5472393239750488, "88": 0.5472393239750488, "89": 0.5472393239750488, "90": 0.5472393239750488, "91": 0.5472393239750488, "92": 0.5472393239750488, "93": 0.5472393239750488, "94": 0.5472393239750488, "95": 0.5472393239750488, "96": 0.5472393239750488, "97": 0.5472393239750488, "98": 0.5472393239750488, "99": 0.5472393239750488, "100": 0.5472393239750488}