{"0": 11.491423145947664, "1": 11.491423145947664, "2": 11.491423145947664, "3": 11.491423145947664, "4": 11.491423145947664, "5": 11.491423145947664, "6": 11.491423145947664, "7": 11.491423145947664, "8": 11.491423145947664, "9": 6.29967106733384, "10": 6.29967106733384, "11": 6.29967106733384, "12": 6.29967106733384, "13": 6.29967106733384, "14": 6.29967106733384, "15": 6.29967106733384, "16": 6.29967106733384, "17": 6.29967106733384, "18": 6.29967106733384, "19": 6.29967106733384, "20": 5.375621531847008, "21": 5.375621531847008, "22": 5.375621531847008, "23": 5.375621531847008, "24": 5.375621531847008, "25": 5.375621531847008, "26": 3.363277704799465, "27": 3.363277704799465, "28": 3.363277704799465, "29": 3.363277704799465, "30": 2.3907952008343543, "31": 2.3907952008343543, "32": 2.3907952008343543, "33": 2.3907952008343543, "34": 2.3907952008343543, "35": 2.3907952008343543, "36": 1.6498060334834754, "37": 1.6498060334834754, "38": 1.6498060334834754, "39": 1.6498060334834754, "40": 1.6498060334834754, "41": 1.6498060334834754, "42": 1.6498060334834754, "43": 1.6498060334834754, "44": 1.6498060334834754, "45": 1.6498060334834754, "46": 1.6498060334834754, "47": 1.6498060334834754, "48": 1.6498060334834754, "49": 1.6498060334834754, "50": 1.6498060334834754, "51": 1.6498060334834754, "52": 1.6498060334834754, "53": 1.6498060334834754, "54": 1.6498060334834754, "55": 1.6498060334834754, "56": 1.6498060334834754, "57": 1.6498060334834754, "58": 1.6498060334834754, "59": 1.6498060334834754, "60": 1.6498060334834754, "61": 1.6498060334834754, "62": 1.6498060334834754, "63": 1.6498060334834754, "64": 1.6498060334834754, "65": 1.6498060334834754, "66": 1.6498060334834754, "67": 1.6498060334834754, "68": 1.6498060334834754, "69": 1.6498060334834754, "70": 1.6498060334834754, "71": 1.6498060334834754, "72": 1.6498060334834754, "73": 1.6498060334834754, "74": 1.6498060334834754, "75": 1.6498060334834754, "76": 1.6498060334834754, "77": 1.6498060334834754, "78": 1.6498060334834754, "79": 1.6498060334834754, "80": 1.6498060334834754, "81": 1.6498060334834754, "82": 1.6498060334834754, "83": 1.6498060334834754, "84": 1.6498060334834754, "85": 1.6498060334834754, "86": 1.6498060334834754, "87": 1.6498060334834754, "88": 1.6498060334834754, "89": 1.6498060334834754, "90": 1.6498060334834754, "91": 1.6498060334834754, "92": 1.6498060334834754, "93": 1.6498060334834754, "94": 1.6498060334834754, "95": 1.6498060334834754, "96": 1.6498060334834754, "97": 1.6498060334834754, "98": 1.6498060334834754, "99": 1.6498060334834754, "100": 1.6498060334834754}