{"0": 15.200481058332986, "1": 15.200481058332986, "2": 15.200481058332986, "3": 15.200481058332986, "4": 6.973685951940787, "5": 6.973685951940787, "6": 6.973685951940787, "7": 6.973685951940787, "8": 6.524214440656964, "9": 5.664877328399964, "10": 5.664877328399964, "11": 5.664877328399964, "12": 1.446769041306986, "13": 1.446769041306986, "14": 1.446769041306986, "15": 1.432526752192544, "16": 1.432526752192544, "17": 1.432526752192544, "18": 1.432526752192544, "19": 1.432526752192544, "20": 1.432526752192544, "21": 1.432526752192544, "22": 0.7514601016582247, "23": 0.7514601016582247, "24": 0.7514601016582247, "25": 0.7514601016582247, "26": 0.7514601016582247, "27": 0.7514601016582247, "28": 0.7514601016582247, "29": 0.7514601016582247, "30": 0.7514601016582247, "31": 0.7514601016582247, "32": 0.7514601016582247, "33": 0.7514601016582247, "34": 0.7514601016582247, "35": 0.7514601016582247, "36": 0.7514601016582247, "37": 0.7514601016582247, "38": 0.7514601016582247, "39": 0.7514601016582247, "40": 0.7514601016582247, "41": 0.7514601016582247, "42": 0.7514601016582247, "43": 0.7514601016582247, "44": 0.7514601016582247, "45": 0.7514601016582247, "46": 0.7514601016582247, "47": 0.7514601016582247, "48": 0.7514601016582247, "49": 0.7514601016582247, "50": 0.7514601016582247, "51": 0.7514601016582247, "52": 0.7514601016582247, "53": 0.7514601016582247, "54": 0.7514601016582247, "55": 0.7514601016582247, "56": 0.7514601016582247, "57": 0.7514601016582247, "58": 0.7514601016582247, "59": 0.7514601016582247, "60": 0.7514601016582247, "61": 0.7514601016582247, "62": 0.7514601016582247, "63": 0.7514601016582247, "64": 0.7514601016582247, "65": 0.7514601016582247, "66": 0.4962120068387037, "67": 0.4962120068387037, "68": 0.4962120068387037, "69": 0.4962120068387037, "70": 0.4962120068387037, "71": 0.4962120068387037, "72": 0.4962120068387037, "73": 0.4962120068387037, "74": 0.4962120068387037, "75": 0.4962120068387037, "76": 0.4962120068387037, "77": 0.4962120068387037, "78": 0.4962120068387037, "79": 0.4962120068387037, "80": 0.4962120068387037, "81": 0.4962120068387037, "82": 0.4962120068387037, "83": 0.4962120068387037, "84": 0.4962120068387037, "85": 0.4962120068387037, "86": 0.4962120068387037, "87": 0.4962120068387037, "88": 0.4962120068387037, "89": 0.4962120068387037, "90": 0.4962120068387037, "91": 0.4962120068387037, "92": 0.4962120068387037, "93": 0.4962120068387037, "94": 0.4962120068387037, "95": 0.4962120068387037, "96": 0.4962120068387037, "97": 0.4962120068387037, "98": 0.4962120068387037, "99": 0.4962120068387037, "100": 0.4962120068387037}