{"0": 13.946415679139086, "1": 13.946415679139086, "2": 4.780166920089142, "3": 4.780166920089142, "4": 4.780166920089142, "5": 4.780166920089142, "6": 4.780166920089142, "7": 4.780166920089142, "8": 4.780166920089142, "9": 4.780166920089142, "10": 4.259749732591821, "11": 3.950233804935422, "12": 3.7453725785342478, "13": 3.7453725785342478, "14": 3.7453725785342478, "15": 3.7453725785342478, "16": 3.7453725785342478, "17": 3.7453725785342478, "18": 2.3004408454800327, "19": 2.0052369243312995, "20": 0.8893724156924421, "21": 0.8893724156924421, "22": 0.8893724156924421, "23": 0.8893724156924421, "24": 0.8893724156924421, "25": 0.22098893544303522, "26": 0.22098893544303522, "27": 0.22098893544303522, "28": 0.22098893544303522, "29": 0.22098893544303522, "30": 0.22098893544303522, "31": 0.22098893544303522, "32": 0.22098893544303522, "33": 0.22098893544303522, "34": 0.21772737186432067, "35": 0.21772737186432067, "36": 0.21772737186432067, "37": 0.21772737186432067, "38": 0.21772737186432067, "39": 0.0891236199310903, "40": 0.0891236199310903, "41": 0.0891236199310903, "42": 0.0891236199310903, "43": 0.0891236199310903, "44": 0.0891236199310903, "45": 0.0891236199310903, "46": 0.0891236199310903, "47": 0.0891236199310903, "48": 0.0891236199310903, "49": 0.0891236199310903, "50": 0.0891236199310903, "51": 0.0891236199310903, "52": 0.0891236199310903, "53": 0.0891236199310903, "54": 0.0891236199310903, "55": 0.0891236199310903, "56": 0.0891236199310903, "57": 0.0891236199310903, "58": 0.0891236199310903, "59": 0.0891236199310903, "60": 0.0891236199310903, "61": 0.0891236199310903, "62": 0.0891236199310903, "63": 0.0891236199310903, "64": 0.0891236199310903, "65": 0.0891236199310903, "66": 0.0891236199310903, "67": 0.0891236199310903, "68": 0.0891236199310903, "69": 0.0891236199310903, "70": 0.0891236199310903, "71": 0.0891236199310903, "72": 0.0891236199310903, "73": 0.0891236199310903, "74": 0.0891236199310903, "75": 0.0891236199310903, "76": 0.0891236199310903, "77": 0.0891236199310903, "78": 0.0891236199310903, "79": 0.0891236199310903, "80": 0.0891236199310903, "81": 0.0891236199310903, "82": 0.0891236199310903, "83": 0.0891236199310903, "84": 0.0891236199310903, "85": 0.0891236199310903, "86": 0.0891236199310903, "87": 0.0891236199310903, "88": 0.0891236199310903, "89": 0.0891236199310903, "90": 0.0891236199310903, "91": 0.0891236199310903, "92": 0.0891236199310903, "93": 0.0891236199310903, "94": 0.0891236199310903, "95": 0.0891236199310903, "96": 0.0891236199310903, "97": 0.0891236199310903, "98": 0.0891236199310903, "99": 0.0891236199310903, "100": 0.0891236199310903}