{"0": 31.285063183174405, "1": 13.885015637261347, "2": 11.792657192208711, "3": 11.792657192208711, "4": 11.792657192208711, "5": 11.507551493251643, "6": 11.507551493251643, "7": 6.561925991965282, "8": 6.561925991965282, "9": 6.561925991965282, "10": 6.561925991965282, "11": 6.561925991965282, "12": 6.561925991965282, "13": 6.312685751994767, "14": 2.256560144923146, "15": 2.256560144923146, "16": 2.256560144923146, "17": 2.256560144923146, "18": 2.256560144923146, "19": 2.256560144923146, "20": 2.256560144923146, "21": 2.256560144923146, "22": 2.256560144923146, "23": 2.256560144923146, "24": 2.256560144923146, "25": 2.256560144923146, "26": 2.256560144923146, "27": 2.256560144923146, "28": 2.256560144923146, "29": 2.256560144923146, "30": 2.256560144923146, "31": 2.256560144923146, "32": 2.256560144923146, "33": 2.256560144923146, "34": 2.256560144923146, "35": 2.256560144923146, "36": 1.4573817018110056, "37": 1.4573817018110056, "38": 1.4573817018110056, "39": 1.4573817018110056, "40": 1.4573817018110056, "41": 1.4573817018110056, "42": 1.4573817018110056, "43": 1.4573817018110056, "44": 1.4573817018110056, "45": 1.4573817018110056, "46": 1.4573817018110056, "47": 1.4573817018110056, "48": 1.4573817018110056, "49": 1.4573817018110056, "50": 1.4573817018110056, "51": 1.4573817018110056, "52": 1.4573817018110056, "53": 1.4573817018110056, "54": 1.4573817018110056, "55": 1.1165580406390418, "56": 1.1165580406390418, "57": 1.1165580406390418, "58": 1.1165580406390418, "59": 1.1165580406390418, "60": 1.1165580406390418, "61": 1.1165580406390418, "62": 1.1165580406390418, "63": 1.1165580406390418, "64": 1.1165580406390418, "65": 1.1165580406390418, "66": 1.1165580406390418, "67": 1.1165580406390418, "68": 1.1165580406390418, "69": 1.1165580406390418, "70": 1.1165580406390418, "71": 1.1165580406390418, "72": 1.1165580406390418, "73": 1.1165580406390418, "74": 1.1165580406390418, "75": 1.1165580406390418, "76": 1.1165580406390418, "77": 1.1165580406390418, "78": 1.1165580406390418, "79": 1.1165580406390418, "80": 1.1165580406390418, "81": 1.1165580406390418, "82": 1.1165580406390418, "83": 1.1165580406390418, "84": 1.1165580406390418, "85": 1.1165580406390418, "86": 1.1165580406390418, "87": 1.1165580406390418, "88": 1.1165580406390418, "89": 1.1165580406390418, "90": 1.1165580406390418, "91": 1.1165580406390418, "92": 1.1165580406390418, "93": 1.1165580406390418, "94": 1.1165580406390418, "95": 1.1165580406390418, "96": 1.1165580406390418, "97": 1.1165580406390418, "98": 1.1165580406390418, "99": 1.1165580406390418, "100": 1.1165580406390418}