{"0": 13.618252339830972, "1": 13.618252339830972, "2": 13.618252339830972, "3": 7.547735440923844, "4": 7.547735440923844, "5": 6.6750592655036645, "6": 2.149048853488818, "7": 2.149048853488818, "8": 2.149048853488818, "9": 2.149048853488818, "10": 2.149048853488818, "11": 2.149048853488818, "12": 2.149048853488818, "13": 2.149048853488818, "14": 2.1003609504813348, "15": 2.1003609504813348, "16": 2.1003609504813348, "17": 2.1003609504813348, "18": 2.1003609504813348, "19": 2.1003609504813348, "20": 2.1003609504813348, "21": 2.1003609504813348, "22": 2.1003609504813348, "23": 2.1003609504813348, "24": 2.1003609504813348, "25": 2.1003609504813348, "26": 2.1003609504813348, "27": 2.1003609504813348, "28": 1.223542359098282, "29": 1.223542359098282, "30": 1.223542359098282, "31": 1.223542359098282, "32": 1.223542359098282, "33": 1.223542359098282, "34": 1.223542359098282, "35": 1.1726575284448089, "36": 1.1726575284448089, "37": 1.1726575284448089, "38": 1.1726575284448089, "39": 1.1462881473298552, "40": 1.1462881473298552, "41": 1.1462881473298552, "42": 1.1462881473298552, "43": 1.1462881473298552, "44": 1.1462881473298552, "45": 1.1462881473298552, "46": 1.1462881473298552, "47": 1.1462881473298552, "48": 1.1462881473298552, "49": 1.1462881473298552, "50": 1.1462881473298552, "51": 1.1462881473298552, "52": 1.1462881473298552, "53": 1.1462881473298552, "54": 1.1462881473298552, "55": 1.1462881473298552, "56": 1.1462881473298552, "57": 1.1462881473298552, "58": 1.1462881473298552, "59": 1.1462881473298552, "60": 1.1462881473298552, "61": 1.1462881473298552, "62": 1.1462881473298552, "63": 1.1462881473298552, "64": 1.1462881473298552, "65": 1.1462881473298552, "66": 1.1462881473298552, "67": 1.1462881473298552, "68": 1.1462881473298552, "69": 1.1462881473298552, "70": 1.1462881473298552, "71": 1.1462881473298552, "72": 1.1462881473298552, "73": 1.1462881473298552, "74": 1.1462881473298552, "75": 1.1462881473298552, "76": 1.1462881473298552, "77": 1.1462881473298552, "78": 1.1462881473298552, "79": 1.1462881473298552, "80": 1.1462881473298552, "81": 1.1462881473298552, "82": 1.1462881473298552, "83": 1.1462881473298552, "84": 1.1462881473298552, "85": 1.1462881473298552, "86": 1.1462881473298552, "87": 1.1462881473298552, "88": 1.1462881473298552, "89": 1.1462881473298552, "90": 1.1462881473298552, "91": 1.1462881473298552, "92": 1.1462881473298552, "93": 1.1462881473298552, "94": 1.1462881473298552, "95": 1.1462881473298552, "96": 1.1462881473298552, "97": 1.1462881473298552, "98": 1.1462881473298552, "99": 1.1462881473298552, "100": 1.1462881473298552}