{"0": 32.92776954393361, "1": 16.684473597869005, "2": 16.684473597869005, "3": 14.600990025455769, "4": 14.600990025455769, "5": 14.03726113828495, "6": 14.03726113828495, "7": 7.604282922608576, "8": 7.604282922608576, "9": 7.604282922608576, "10": 2.1958651964414457, "11": 2.1958651964414457, "12": 2.1958651964414457, "13": 2.0352871743079035, "14": 2.0352871743079035, "15": 2.0352871743079035, "16": 2.0352871743079035, "17": 2.0352871743079035, "18": 2.0352871743079035, "19": 2.0352871743079035, "20": 2.0352871743079035, "21": 2.0352871743079035, "22": 2.0352871743079035, "23": 2.0352871743079035, "24": 1.3087772887236646, "25": 1.3087772887236646, "26": 1.3087772887236646, "27": 1.3087772887236646, "28": 1.0500040497761738, "29": 1.0500040497761738, "30": 1.0500040497761738, "31": 1.0500040497761738, "32": 1.0500040497761738, "33": 1.0500040497761738, "34": 1.0500040497761738, "35": 1.0500040497761738, "36": 1.0500040497761738, "37": 1.0500040497761738, "38": 1.0500040497761738, "39": 1.0500040497761738, "40": 1.0500040497761738, "41": 1.0500040497761738, "42": 1.0500040497761738, "43": 1.0500040497761738, "44": 1.0500040497761738, "45": 1.0500040497761738, "46": 1.0500040497761738, "47": 1.0500040497761738, "48": 1.0500040497761738, "49": 1.0500040497761738, "50": 1.0500040497761738, "51": 1.0500040497761738, "52": 1.0500040497761738, "53": 1.0500040497761738, "54": 1.0500040497761738, "55": 1.0500040497761738, "56": 1.0500040497761738, "57": 1.0500040497761738, "58": 1.0500040497761738, "59": 1.0500040497761738, "60": 1.0500040497761738, "61": 1.0500040497761738, "62": 1.0500040497761738, "63": 1.0500040497761738, "64": 1.0500040497761738, "65": 1.0500040497761738, "66": 1.0500040497761738, "67": 1.0500040497761738, "68": 1.0500040497761738, "69": 1.0500040497761738, "70": 1.0500040497761738, "71": 1.0500040497761738, "72": 1.0500040497761738, "73": 1.0500040497761738, "74": 1.0500040497761738, "75": 1.0500040497761738, "76": 1.0500040497761738, "77": 1.0500040497761738, "78": 1.0500040497761738, "79": 1.0500040497761738, "80": 1.0500040497761738, "81": 1.0500040497761738, "82": 1.0500040497761738, "83": 1.0500040497761738, "84": 1.0500040497761738, "85": 1.0500040497761738, "86": 1.0500040497761738, "87": 1.0500040497761738, "88": 1.0500040497761738, "89": 1.0500040497761738, "90": 1.0500040497761738, "91": 1.0500040497761738, "92": 1.0500040497761738, "93": 1.0500040497761738, "94": 1.0500040497761738, "95": 1.0500040497761738, "96": 1.0500040497761738, "97": 1.0500040497761738, "98": 1.0500040497761738, "99": 1.0500040497761738, "100": 1.0500040497761738}