{"0": 11.101204177586196, "1": 11.101204177586196, "2": 4.393555958733627, "3": 4.393555958733627, "4": 4.393555958733627, "5": 4.393555958733627, "6": 4.393555958733627, "7": 4.393555958733627, "8": 4.393555958733627, "9": 4.393555958733627, "10": 4.393555958733627, "11": 4.393555958733627, "12": 4.393555958733627, "13": 4.393555958733627, "14": 4.393555958733627, "15": 4.393555958733627, "16": 4.207798876910612, "17": 1.0386786429477013, "18": 1.0386786429477013, "19": 1.0386786429477013, "20": 1.0386786429477013, "21": 1.0386786429477013, "22": 1.0386786429477013, "23": 1.0386786429477013, "24": 1.0386786429477013, "25": 1.0386786429477013, "26": 1.0386786429477013, "27": 1.0386786429477013, "28": 1.0386786429477013, "29": 1.0386786429477013, "30": 0.5078965204582815, "31": 0.5078965204582815, "32": 0.5078965204582815, "33": 0.5078965204582815, "34": 0.5078965204582815, "35": 0.4166335252766018, "36": 0.4166335252766018, "37": 0.4166335252766018, "38": 0.4166335252766018, "39": 0.4166335252766018, "40": 0.4166335252766018, "41": 0.4166335252766018, "42": 0.4166335252766018, "43": 0.4166335252766018, "44": 0.4166335252766018, "45": 0.4166335252766018, "46": 0.4166335252766018, "47": 0.4166335252766018, "48": 0.4166335252766018, "49": 0.4166335252766018, "50": 0.06992090539457863, "51": 0.06992090539457863, "52": 0.06992090539457863, "53": 0.06992090539457863, "54": 0.06992090539457863, "55": 0.06992090539457863, "56": 0.06992090539457863, "57": 0.06992090539457863, "58": 0.06992090539457863, "59": 0.06992090539457863, "60": 0.06992090539457863, "61": 0.06992090539457863, "62": 0.06992090539457863, "63": 0.06992090539457863, "64": 0.06992090539457863, "65": 0.06992090539457863, "66": 0.06992090539457863, "67": 0.06992090539457863, "68": 0.06992090539457863, "69": 0.06992090539457863, "70": 0.06992090539457863, "71": 0.06992090539457863, "72": 0.06992090539457863, "73": 0.06992090539457863, "74": 0.06992090539457863, "75": 0.06992090539457863, "76": 0.06992090539457863, "77": 0.06992090539457863, "78": 0.06992090539457863, "79": 0.06992090539457863, "80": 0.06992090539457863, "81": 0.06992090539457863, "82": 0.06992090539457863, "83": 0.06992090539457863, "84": 0.06992090539457863, "85": 0.06992090539457863, "86": 0.06992090539457863, "87": 0.06992090539457863, "88": 0.06992090539457863, "89": 0.06992090539457863, "90": 0.06992090539457863, "91": 0.06992090539457863, "92": 0.06992090539457863, "93": 0.06992090539457863, "94": 0.06992090539457863, "95": 0.06992090539457863, "96": 0.06992090539457863, "97": 0.06992090539457863, "98": 0.06992090539457863, "99": 0.06992090539457863, "100": 0.06992090539457863}