{"0": 12.956302145235172, "1": 12.956302145235172, "2": 12.956302145235172, "3": 12.956302145235172, "4": 12.956302145235172, "5": 12.956302145235172, "6": 3.151832200500859, "7": 3.151832200500859, "8": 3.151832200500859, "9": 3.151832200500859, "10": 3.151832200500859, "11": 3.151832200500859, "12": 3.151832200500859, "13": 3.151832200500859, "14": 2.382721914220703, "15": 2.382721914220703, "16": 1.2143389215640283, "17": 1.2143389215640283, "18": 1.2143389215640283, "19": 1.2143389215640283, "20": 1.2143389215640283, "21": 1.2143389215640283, "22": 1.2143389215640283, "23": 1.2143389215640283, "24": 1.2143389215640283, "25": 1.2143389215640283, "26": 1.2143389215640283, "27": 1.2143389215640283, "28": 1.2143389215640283, "29": 1.2143389215640283, "30": 1.2143389215640283, "31": 1.2143389215640283, "32": 1.2143389215640283, "33": 1.2143389215640283, "34": 1.2143389215640283, "35": 1.2143389215640283, "36": 1.2143389215640283, "37": 1.2143389215640283, "38": 1.2143389215640283, "39": 1.2143389215640283, "40": 1.2143389215640283, "41": 1.2143389215640283, "42": 1.2143389215640283, "43": 1.2143389215640283, "44": 1.2143389215640283, "45": 1.2143389215640283, "46": 1.2143389215640283, "47": 1.2143389215640283, "48": 1.2143389215640283, "49": 1.2143389215640283, "50": 1.2143389215640283, "51": 1.2143389215640283, "52": 1.2143389215640283, "53": 1.2143389215640283, "54": 1.2143389215640283, "55": 1.2143389215640283, "56": 1.2143389215640283, "57": 1.2143389215640283, "58": 1.2143389215640283, "59": 1.2143389215640283, "60": 1.2143389215640283, "61": 1.2143389215640283, "62": 1.2143389215640283, "63": 1.2143389215640283, "64": 1.2143389215640283, "65": 1.2143389215640283, "66": 1.2143389215640283, "67": 1.2143389215640283, "68": 1.2143389215640283, "69": 0.9958594576033732, "70": 0.9958594576033732, "71": 0.9958594576033732, "72": 0.9958594576033732, "73": 0.9958594576033732, "74": 0.9958594576033732, "75": 0.9958594576033732, "76": 0.9958594576033732, "77": 0.9958594576033732, "78": 0.9958594576033732, "79": 0.9958594576033732, "80": 0.9958594576033732, "81": 0.9958594576033732, "82": 0.9958594576033732, "83": 0.9958594576033732, "84": 0.9958594576033732, "85": 0.9958594576033732, "86": 0.9958594576033732, "87": 0.9958594576033732, "88": 0.9958594576033732, "89": 0.9958594576033732, "90": 0.9958594576033732, "91": 0.9958594576033732, "92": 0.9958594576033732, "93": 0.9958594576033732, "94": 0.9958594576033732, "95": 0.9958594576033732, "96": 0.9958594576033732, "97": 0.9958594576033732, "98": 0.9958594576033732, "99": 0.9958594576033732, "100": 0.9958594576033732}