{"0": 15.532647473824566, "1": 4.495003741552761, "2": 4.495003741552761, "3": 4.040193053512665, "4": 4.040193053512665, "5": 4.040193053512665, "6": 4.040193053512665, "7": 4.040193053512665, "8": 3.9434271550489193, "9": 3.9434271550489193, "10": 3.9434271550489193, "11": 3.9434271550489193, "12": 3.9434271550489193, "13": 3.9434271550489193, "14": 3.9434271550489193, "15": 3.9434271550489193, "16": 3.9434271550489193, "17": 3.9434271550489193, "18": 3.9434271550489193, "19": 2.6832679571154117, "20": 2.6832679571154117, "21": 2.6832679571154117, "22": 2.6832679571154117, "23": 1.4164187930558967, "24": 1.4164187930558967, "25": 1.4164187930558967, "26": 1.4164187930558967, "27": 1.4164187930558967, "28": 1.4164187930558967, "29": 1.4164187930558967, "30": 1.4164187930558967, "31": 1.2002031337295804, "32": 1.2002031337295804, "33": 1.2002031337295804, "34": 1.2002031337295804, "35": 1.2002031337295804, "36": 1.2002031337295804, "37": 1.2002031337295804, "38": 1.2002031337295804, "39": 1.2002031337295804, "40": 1.2002031337295804, "41": 1.2002031337295804, "42": 1.2002031337295804, "43": 1.2002031337295804, "44": 1.2002031337295804, "45": 1.2002031337295804, "46": 1.2002031337295804, "47": 1.2002031337295804, "48": 1.2002031337295804, "49": 1.2002031337295804, "50": 1.2002031337295804, "51": 1.2002031337295804, "52": 1.2002031337295804, "53": 1.0204716112562906, "54": 1.0204716112562906, "55": 1.0204716112562906, "56": 1.0204716112562906, "57": 1.0204716112562906, "58": 1.0204716112562906, "59": 1.0204716112562906, "60": 1.0204716112562906, "61": 1.0204716112562906, "62": 1.0204716112562906, "63": 1.0204716112562906, "64": 1.0204716112562906, "65": 1.0204716112562906, "66": 1.0204716112562906, "67": 1.0204716112562906, "68": 1.0204716112562906, "69": 1.0204716112562906, "70": 1.0204716112562906, "71": 1.0204716112562906, "72": 1.0204716112562906, "73": 1.0204716112562906, "74": 1.0204716112562906, "75": 1.0204716112562906, "76": 1.0204716112562906, "77": 1.0204716112562906, "78": 1.0204716112562906, "79": 1.0204716112562906, "80": 1.0204716112562906, "81": 1.0204716112562906, "82": 1.0204716112562906, "83": 1.0204716112562906, "84": 1.0204716112562906, "85": 1.0204716112562906, "86": 1.0204716112562906, "87": 1.0204716112562906, "88": 1.0204716112562906, "89": 1.0204716112562906, "90": 1.0204716112562906, "91": 1.0204716112562906, "92": 1.0204716112562906, "93": 1.0204716112562906, "94": 1.0204716112562906, "95": 1.0204716112562906, "96": 1.0204716112562906, "97": 1.0204716112562906, "98": 1.0204716112562906, "99": 1.0204716112562906, "100": 1.0204716112562906}