{"0": 6.083180971682136, "1": 6.083180971682136, "2": 6.083180971682136, "3": 6.083180971682136, "4": 6.083180971682136, "5": 6.083180971682136, "6": 5.331476762827169, "7": 5.331476762827169, "8": 2.2920557011349842, "9": 2.2920557011349842, "10": 2.2920557011349842, "11": 2.2920557011349842, "12": 2.2920557011349842, "13": 2.1880996071192342, "14": 2.1085098492795957, "15": 2.1085098492795957, "16": 2.1085098492795957, "17": 2.1085098492795957, "18": 2.1085098492795957, "19": 2.1085098492795957, "20": 2.1085098492795957, "21": 2.1085098492795957, "22": 2.1085098492795957, "23": 2.1085098492795957, "24": 2.1085098492795957, "25": 1.6806846339981618, "26": 1.6806846339981618, "27": 1.6806846339981618, "28": 1.6806846339981618, "29": 1.6806846339981618, "30": 1.6806846339981618, "31": 1.6806846339981618, "32": 1.6806846339981618, "33": 1.6806846339981618, "34": 1.6806846339981618, "35": 1.6806846339981618, "36": 1.6806846339981618, "37": 1.6806846339981618, "38": 1.6806846339981618, "39": 1.6806846339981618, "40": 0.9557923882644594, "41": 0.9557923882644594, "42": 0.9557923882644594, "43": 0.9557923882644594, "44": 0.9557923882644594, "45": 0.9557923882644594, "46": 0.9557923882644594, "47": 0.9557923882644594, "48": 0.9557923882644594, "49": 0.9557923882644594, "50": 0.9557923882644594, "51": 0.9557923882644594, "52": 0.9557923882644594, "53": 0.9557923882644594, "54": 0.9557923882644594, "55": 0.9557923882644594, "56": 0.9557923882644594, "57": 0.9557923882644594, "58": 0.9557923882644594, "59": 0.9557923882644594, "60": 0.9557923882644594, "61": 0.9557923882644594, "62": 0.9557923882644594, "63": 0.9557923882644594, "64": 0.9557923882644594, "65": 0.9557923882644594, "66": 0.9557923882644594, "67": 0.9557923882644594, "68": 0.9557923882644594, "69": 0.9557923882644594, "70": 0.9557923882644594, "71": 0.9557923882644594, "72": 0.9557923882644594, "73": 0.9557923882644594, "74": 0.9557923882644594, "75": 0.9557923882644594, "76": 0.9557923882644594, "77": 0.9557923882644594, "78": 0.9557923882644594, "79": 0.9557923882644594, "80": 0.9557923882644594, "81": 0.9557923882644594, "82": 0.9557923882644594, "83": 0.9557923882644594, "84": 0.9557923882644594, "85": 0.9557923882644594, "86": 0.9557923882644594, "87": 0.9557923882644594, "88": 0.9557923882644594, "89": 0.9557923882644594, "90": 0.9557923882644594, "91": 0.9557923882644594, "92": 0.9557923882644594, "93": 0.9557923882644594, "94": 0.9557923882644594, "95": 0.9557923882644594, "96": 0.9557923882644594, "97": 0.9557923882644594, "98": 0.9557923882644594, "99": 0.9557923882644594, "100": 0.9557923882644594}