{"0": 17.77931669269931, "1": 17.77931669269931, "2": 5.45236491770558, "3": 5.45236491770558, "4": 5.45236491770558, "5": 5.45236491770558, "6": 5.45236491770558, "7": 5.45236491770558, "8": 5.45236491770558, "9": 5.124927890020629, "10": 5.124927890020629, "11": 4.078597608023685, "12": 4.078597608023685, "13": 2.4131506465285675, "14": 2.4131506465285675, "15": 2.4131506465285675, "16": 2.4131506465285675, "17": 2.4131506465285675, "18": 2.4131506465285675, "19": 2.4131506465285675, "20": 2.4131506465285675, "21": 2.4131506465285675, "22": 2.4131506465285675, "23": 2.4131506465285675, "24": 2.4131506465285675, "25": 2.4131506465285675, "26": 2.4131506465285675, "27": 2.4131506465285675, "28": 2.4131506465285675, "29": 2.4131506465285675, "30": 2.4131506465285675, "31": 2.4131506465285675, "32": 2.4131506465285675, "33": 2.4131506465285675, "34": 2.4131506465285675, "35": 2.4131506465285675, "36": 2.4131506465285675, "37": 2.4131506465285675, "38": 2.4131506465285675, "39": 2.4131506465285675, "40": 2.4131506465285675, "41": 2.4131506465285675, "42": 2.4131506465285675, "43": 2.4131506465285675, "44": 2.4131506465285675, "45": 2.4131506465285675, "46": 2.4131506465285675, "47": 2.4131506465285675, "48": 2.4131506465285675, "49": 2.4131506465285675, "50": 2.4131506465285675, "51": 2.4131506465285675, "52": 2.4131506465285675, "53": 2.4131506465285675, "54": 2.4131506465285675, "55": 2.146999638877041, "56": 2.146999638877041, "57": 2.146999638877041, "58": 2.146999638877041, "59": 2.146999638877041, "60": 2.146999638877041, "61": 2.146999638877041, "62": 2.146999638877041, "63": 2.146999638877041, "64": 2.146999638877041, "65": 2.146999638877041, "66": 2.146999638877041, "67": 2.146999638877041, "68": 2.146999638877041, "69": 2.146999638877041, "70": 2.146999638877041, "71": 2.075878207330767, "72": 2.075878207330767, "73": 2.075878207330767, "74": 2.075878207330767, "75": 2.075878207330767, "76": 2.075878207330767, "77": 2.075878207330767, "78": 2.075878207330767, "79": 2.075878207330767, "80": 2.075878207330767, "81": 2.075878207330767, "82": 2.075878207330767, "83": 2.075878207330767, "84": 2.075878207330767, "85": 2.075878207330767, "86": 2.075878207330767, "87": 2.075878207330767, "88": 2.075878207330767, "89": 2.075878207330767, "90": 2.075878207330767, "91": 2.075878207330767, "92": 2.075878207330767, "93": 2.075878207330767, "94": 2.075878207330767, "95": 2.075878207330767, "96": 2.075878207330767, "97": 2.075878207330767, "98": 2.075878207330767, "99": 2.075878207330767, "100": 2.075878207330767}