{"0": 20.975651742736428, "1": 5.08993406042652, "2": 5.08993406042652, "3": 4.704074882869282, "4": 4.704074882869282, "5": 4.704074882869282, "6": 2.7765822032489034, "7": 2.7765822032489034, "8": 2.7765822032489034, "9": 2.7765822032489034, "10": 2.7765822032489034, "11": 2.7765822032489034, "12": 2.7765822032489034, "13": 2.7765822032489034, "14": 2.7765822032489034, "15": 1.9998172290777596, "16": 1.9998172290777596, "17": 1.9998172290777596, "18": 1.9998172290777596, "19": 1.9998172290777596, "20": 1.9998172290777596, "21": 1.9998172290777596, "22": 1.9998172290777596, "23": 1.9998172290777596, "24": 1.39437384662709, "25": 1.39437384662709, "26": 1.39437384662709, "27": 1.39437384662709, "28": 1.39437384662709, "29": 1.39437384662709, "30": 1.39437384662709, "31": 1.39437384662709, "32": 1.39437384662709, "33": 0.931692794784464, "34": 0.931692794784464, "35": 0.931692794784464, "36": 0.931692794784464, "37": 0.931692794784464, "38": 0.931692794784464, "39": 0.931692794784464, "40": 0.931692794784464, "41": 0.931692794784464, "42": 0.931692794784464, "43": 0.931692794784464, "44": 0.931692794784464, "45": 0.931692794784464, "46": 0.931692794784464, "47": 0.931692794784464, "48": 0.931692794784464, "49": 0.931692794784464, "50": 0.7259485055403871, "51": 0.7259485055403871, "52": 0.7259485055403871, "53": 0.7259485055403871, "54": 0.7259485055403871, "55": 0.7259485055403871, "56": 0.7259485055403871, "57": 0.7259485055403871, "58": 0.7259485055403871, "59": 0.7259485055403871, "60": 0.7259485055403871, "61": 0.7259485055403871, "62": 0.7259485055403871, "63": 0.7259485055403871, "64": 0.7259485055403871, "65": 0.7259485055403871, "66": 0.7259485055403871, "67": 0.7259485055403871, "68": 0.7259485055403871, "69": 0.7259485055403871, "70": 0.7259485055403871, "71": 0.7259485055403871, "72": 0.7259485055403871, "73": 0.7259485055403871, "74": 0.7259485055403871, "75": 0.7259485055403871, "76": 0.7259485055403871, "77": 0.7259485055403871, "78": 0.7259485055403871, "79": 0.7259485055403871, "80": 0.7259485055403871, "81": 0.7259485055403871, "82": 0.7259485055403871, "83": 0.7259485055403871, "84": 0.7259485055403871, "85": 0.7259485055403871, "86": 0.7259485055403871, "87": 0.7259485055403871, "88": 0.7259485055403871, "89": 0.7259485055403871, "90": 0.7259485055403871, "91": 0.7259485055403871, "92": 0.7259485055403871, "93": 0.7259485055403871, "94": 0.7259485055403871, "95": 0.7259485055403871, "96": 0.7259485055403871, "97": 0.7259485055403871, "98": 0.7259485055403871, "99": 0.7259485055403871, "100": 0.7259485055403871}