{"0": 17.986982973020076, "1": 11.613239783748789, "2": 4.044526351045189, "3": 4.044526351045189, "4": 4.044526351045189, "5": 4.044526351045189, "6": 4.044526351045189, "7": 4.044526351045189, "8": 4.044526351045189, "9": 4.044526351045189, "10": 4.044526351045189, "11": 3.4279383324693384, "12": 3.4279383324693384, "13": 3.4279383324693384, "14": 3.4279383324693384, "15": 3.4279383324693384, "16": 3.4279383324693384, "17": 3.4279383324693384, "18": 3.4279383324693384, "19": 3.4279383324693384, "20": 3.4279383324693384, "21": 3.4279383324693384, "22": 3.4279383324693384, "23": 3.4279383324693384, "24": 3.4279383324693384, "25": 3.4279383324693384, "26": 3.4279383324693384, "27": 3.4279383324693384, "28": 3.4279383324693384, "29": 3.4279383324693384, "30": 3.4279383324693384, "31": 3.4279383324693384, "32": 3.4279383324693384, "33": 3.4279383324693384, "34": 3.4279383324693384, "35": 3.4279383324693384, "36": 3.4279383324693384, "37": 3.4279383324693384, "38": 3.4279383324693384, "39": 3.4279383324693384, "40": 3.4279383324693384, "41": 3.4279383324693384, "42": 3.4279383324693384, "43": 3.4279383324693384, "44": 3.4279383324693384, "45": 3.4279383324693384, "46": 3.4279383324693384, "47": 3.2959389531824534, "48": 3.2959389531824534, "49": 3.2959389531824534, "50": 3.2959389531824534, "51": 3.2959389531824534, "52": 3.2959389531824534, "53": 3.2959389531824534, "54": 3.2959389531824534, "55": 3.2959389531824534, "56": 3.2959389531824534, "57": 3.2959389531824534, "58": 3.2959389531824534, "59": 3.2959389531824534, "60": 3.2959389531824534, "61": 3.2959389531824534, "62": 2.0952350911780755, "63": 2.0952350911780755, "64": 2.0077819010253286, "65": 2.0077819010253286, "66": 2.0077819010253286, "67": 2.0077819010253286, "68": 2.0077819010253286, "69": 2.0077819010253286, "70": 2.0077819010253286, "71": 2.0077819010253286, "72": 2.0077819010253286, "73": 2.0077819010253286, "74": 2.0077819010253286, "75": 2.0077819010253286, "76": 2.0077819010253286, "77": 2.0077819010253286, "78": 2.0077819010253286, "79": 2.0077819010253286, "80": 2.0077819010253286, "81": 2.0077819010253286, "82": 2.0077819010253286, "83": 2.0077819010253286, "84": 2.0077819010253286, "85": 2.0077819010253286, "86": 2.0077819010253286, "87": 2.0077819010253286, "88": 2.0077819010253286, "89": 2.0077819010253286, "90": 2.0077819010253286, "91": 2.0077819010253286, "92": 2.0077819010253286, "93": 2.0077819010253286, "94": 2.0077819010253286, "95": 2.0077819010253286, "96": 1.3238186308829683, "97": 1.3238186308829683, "98": 1.3238186308829683, "99": 1.3238186308829683, "100": 1.3238186308829683}