{"0": 23.774479006411024, "1": 12.547641193191485, "2": 12.547641193191485, "3": 12.547641193191485, "4": 12.547641193191485, "5": 5.756516177763498, "6": 5.756516177763498, "7": 5.756516177763498, "8": 5.756516177763498, "9": 3.6388846766873364, "10": 3.6388846766873364, "11": 3.6388846766873364, "12": 3.6388846766873364, "13": 3.6388846766873364, "14": 0.5569737475059036, "15": 0.5569737475059036, "16": 0.5569737475059036, "17": 0.5569737475059036, "18": 0.5569737475059036, "19": 0.5569737475059036, "20": 0.5569737475059036, "21": 0.5569737475059036, "22": 0.5569737475059036, "23": 0.5569737475059036, "24": 0.5569737475059036, "25": 0.5569737475059036, "26": 0.5569737475059036, "27": 0.5569737475059036, "28": 0.5569737475059036, "29": 0.5569737475059036, "30": 0.5569737475059036, "31": 0.5569737475059036, "32": 0.5569737475059036, "33": 0.5569737475059036, "34": 0.5569737475059036, "35": 0.5569737475059036, "36": 0.5569737475059036, "37": 0.5569737475059036, "38": 0.5569737475059036, "39": 0.5569737475059036, "40": 0.5569737475059036, "41": 0.5569737475059036, "42": 0.5569737475059036, "43": 0.5569737475059036, "44": 0.5569737475059036, "45": 0.5569737475059036, "46": 0.5569737475059036, "47": 0.30686059051465264, "48": 0.30686059051465264, "49": 0.30686059051465264, "50": 0.30686059051465264, "51": 0.30686059051465264, "52": 0.30686059051465264, "53": 0.30686059051465264, "54": 0.30686059051465264, "55": 0.30686059051465264, "56": 0.30686059051465264, "57": 0.30686059051465264, "58": 0.30686059051465264, "59": 0.30686059051465264, "60": 0.30686059051465264, "61": 0.30686059051465264, "62": 0.30686059051465264, "63": 0.30686059051465264, "64": 0.30686059051465264, "65": 0.30686059051465264, "66": 0.30686059051465264, "67": 0.30686059051465264, "68": 0.30686059051465264, "69": 0.30686059051465264, "70": 0.30686059051465264, "71": 0.30686059051465264, "72": 0.30686059051465264, "73": 0.30686059051465264, "74": 0.30686059051465264, "75": 0.30686059051465264, "76": 0.30686059051465264, "77": 0.30686059051465264, "78": 0.30686059051465264, "79": 0.30686059051465264, "80": 0.30686059051465264, "81": 0.30686059051465264, "82": 0.30686059051465264, "83": 0.30686059051465264, "84": 0.30686059051465264, "85": 0.30686059051465264, "86": 0.30686059051465264, "87": 0.30686059051465264, "88": 0.30686059051465264, "89": 0.30686059051465264, "90": 0.30686059051465264, "91": 0.30686059051465264, "92": 0.30686059051465264, "93": 0.30686059051465264, "94": 0.30686059051465264, "95": 0.30686059051465264, "96": 0.30686059051465264, "97": 0.30686059051465264, "98": 0.30686059051465264, "99": 0.30686059051465264, "100": 0.30686059051465264}