{"0": 26.0695559822231, "1": 25.094988576235973, "2": 20.40871063264788, "3": 20.40871063264788, "4": 20.40871063264788, "5": 12.308663280783058, "6": 9.835384295500837, "7": 9.835384295500837, "8": 9.835384295500837, "9": 9.835384295500837, "10": 9.835384295500837, "11": 8.249941928030212, "12": 2.806745496262195, "13": 2.806745496262195, "14": 2.806745496262195, "15": 2.806745496262195, "16": 2.806745496262195, "17": 1.495803559019265, "18": 1.495803559019265, "19": 1.495803559019265, "20": 1.495803559019265, "21": 1.2234787257803497, "22": 1.2234787257803497, "23": 1.2234787257803497, "24": 1.2234787257803497, "25": 1.2234787257803497, "26": 1.2234787257803497, "27": 1.2234787257803497, "28": 1.2234787257803497, "29": 1.2234787257803497, "30": 1.2234787257803497, "31": 1.1014339804659485, "32": 1.1014339804659485, "33": 1.1014339804659485, "34": 1.1014339804659485, "35": 1.1014339804659485, "36": 1.1014339804659485, "37": 1.1014339804659485, "38": 1.1014339804659485, "39": 1.1014339804659485, "40": 1.1014339804659485, "41": 1.1014339804659485, "42": 1.1014339804659485, "43": 1.1014339804659485, "44": 1.1014339804659485, "45": 1.0178531351818876, "46": 1.0178531351818876, "47": 1.0178531351818876, "48": 1.0178531351818876, "49": 1.0178531351818876, "50": 1.0178531351818876, "51": 1.0178531351818876, "52": 1.0178531351818876, "53": 1.0178531351818876, "54": 1.0178531351818876, "55": 1.0178531351818876, "56": 1.0178531351818876, "57": 1.0178531351818876, "58": 1.0178531351818876, "59": 1.0178531351818876, "60": 1.0178531351818876, "61": 1.0178531351818876, "62": 1.0178531351818876, "63": 1.0178531351818876, "64": 1.0178531351818876, "65": 1.0178531351818876, "66": 1.0178531351818876, "67": 1.0178531351818876, "68": 1.0178531351818876, "69": 1.0178531351818876, "70": 1.0178531351818876, "71": 1.0178531351818876, "72": 1.0178531351818876, "73": 1.0178531351818876, "74": 1.0178531351818876, "75": 1.0178531351818876, "76": 1.0178531351818876, "77": 1.0178531351818876, "78": 1.0178531351818876, "79": 1.0178531351818876, "80": 1.0178531351818876, "81": 1.0178531351818876, "82": 1.0178531351818876, "83": 1.0178531351818876, "84": 1.0178531351818876, "85": 1.0178531351818876, "86": 1.0178531351818876, "87": 1.0178531351818876, "88": 1.0178531351818876, "89": 1.0178531351818876, "90": 1.0178531351818876, "91": 1.0178531351818876, "92": 1.0178531351818876, "93": 1.0178531351818876, "94": 1.0178531351818876, "95": 1.0178531351818876, "96": 1.0178531351818876, "97": 1.0178531351818876, "98": 1.0178531351818876, "99": 1.0178531351818876, "100": 1.0178531351818876}