{"0": 35.01269850166341, "1": 3.4508203340932937, "2": 3.4508203340932937, "3": 3.4508203340932937, "4": 3.4508203340932937, "5": 3.4508203340932937, "6": 3.4508203340932937, "7": 3.4508203340932937, "8": 3.1289463327409557, "9": 3.1289463327409557, "10": 2.8203944275211157, "11": 2.8203944275211157, "12": 1.0245167197746312, "13": 1.0245167197746312, "14": 1.0245167197746312, "15": 1.0245167197746312, "16": 1.0245167197746312, "17": 1.0245167197746312, "18": 1.0245167197746312, "19": 1.0245167197746312, "20": 1.0245167197746312, "21": 1.0245167197746312, "22": 1.0245167197746312, "23": 1.0245167197746312, "24": 1.0245167197746312, "25": 1.0245167197746312, "26": 1.0245167197746312, "27": 1.0245167197746312, "28": 1.0245167197746312, "29": 1.0245167197746312, "30": 1.0245167197746312, "31": 1.0245167197746312, "32": 1.0245167197746312, "33": 1.0245167197746312, "34": 1.0245167197746312, "35": 1.0245167197746312, "36": 1.0245167197746312, "37": 1.0245167197746312, "38": 1.0245167197746312, "39": 1.0245167197746312, "40": 1.0245167197746312, "41": 1.0245167197746312, "42": 1.0245167197746312, "43": 1.0245167197746312, "44": 1.0245167197746312, "45": 1.0245167197746312, "46": 0.9992971201930985, "47": 0.9992971201930985, "48": 0.9992971201930985, "49": 0.9992971201930985, "50": 0.9992971201930985, "51": 0.9992971201930985, "52": 0.9992971201930985, "53": 0.9992971201930985, "54": 0.9992971201930985, "55": 0.9992971201930985, "56": 0.9992971201930985, "57": 0.9992971201930985, "58": 0.9992971201930985, "59": 0.9992971201930985, "60": 0.9992971201930985, "61": 0.9992971201930985, "62": 0.9992971201930985, "63": 0.9992971201930985, "64": 0.9992971201930985, "65": 0.9992971201930985, "66": 0.9992971201930985, "67": 0.9992971201930985, "68": 0.9992971201930985, "69": 0.9992971201930985, "70": 0.9992971201930985, "71": 0.9992971201930985, "72": 0.9992971201930985, "73": 0.9992971201930985, "74": 0.9992971201930985, "75": 0.9992971201930985, "76": 0.9992971201930985, "77": 0.9992971201930985, "78": 0.9992971201930985, "79": 0.9992971201930985, "80": 0.9992971201930985, "81": 0.9992971201930985, "82": 0.9992971201930985, "83": 0.9992971201930985, "84": 0.9992971201930985, "85": 0.9992971201930985, "86": 0.9992971201930985, "87": 0.9992971201930985, "88": 0.9992971201930985, "89": 0.9992971201930985, "90": 0.9992971201930985, "91": 0.9992971201930985, "92": 0.9992971201930985, "93": 0.9992971201930985, "94": 0.9992971201930985, "95": 0.9992971201930985, "96": 0.9992971201930985, "97": 0.9992971201930985, "98": 0.9992971201930985, "99": 0.9992971201930985, "100": 0.9992971201930985}