{"0": 21.30292331884695, "1": 11.952989724096714, "2": 11.952989724096714, "3": 11.952989724096714, "4": 9.551995193848011, "5": 2.101874796636597, "6": 2.101874796636597, "7": 2.101874796636597, "8": 1.1533040119787685, "9": 1.1533040119787685, "10": 1.1533040119787685, "11": 1.1533040119787685, "12": 1.1533040119787685, "13": 1.1533040119787685, "14": 1.1533040119787685, "15": 1.1533040119787685, "16": 1.1533040119787685, "17": 1.1533040119787685, "18": 1.1533040119787685, "19": 1.1533040119787685, "20": 1.1533040119787685, "21": 1.1533040119787685, "22": 1.1533040119787685, "23": 1.1533040119787685, "24": 1.1533040119787685, "25": 1.1533040119787685, "26": 1.1533040119787685, "27": 1.1533040119787685, "28": 1.1533040119787685, "29": 1.1533040119787685, "30": 1.1533040119787685, "31": 1.1533040119787685, "32": 1.1533040119787685, "33": 1.1533040119787685, "34": 1.1533040119787685, "35": 1.1533040119787685, "36": 1.1533040119787685, "37": 1.1533040119787685, "38": 1.1533040119787685, "39": 1.1533040119787685, "40": 1.1533040119787685, "41": 1.1533040119787685, "42": 1.1533040119787685, "43": 1.1533040119787685, "44": 1.1533040119787685, "45": 1.1533040119787685, "46": 1.1533040119787685, "47": 1.1533040119787685, "48": 1.1533040119787685, "49": 1.1533040119787685, "50": 1.1533040119787685, "51": 1.1533040119787685, "52": 1.1533040119787685, "53": 1.1533040119787685, "54": 1.1533040119787685, "55": 1.1533040119787685, "56": 1.1533040119787685, "57": 1.1533040119787685, "58": 0.9594701793419134, "59": 0.9594701793419134, "60": 0.9594701793419134, "61": 0.9594701793419134, "62": 0.9594701793419134, "63": 0.9594701793419134, "64": 0.9594701793419134, "65": 0.9594701793419134, "66": 0.9594701793419134, "67": 0.9594701793419134, "68": 0.9594701793419134, "69": 0.9594701793419134, "70": 0.9594701793419134, "71": 0.9594701793419134, "72": 0.9594701793419134, "73": 0.9594701793419134, "74": 0.9594701793419134, "75": 0.9594701793419134, "76": 0.9594701793419134, "77": 0.9594701793419134, "78": 0.9594701793419134, "79": 0.9594701793419134, "80": 0.9594701793419134, "81": 0.9594701793419134, "82": 0.9594701793419134, "83": 0.9594701793419134, "84": 0.9594701793419134, "85": 0.9594701793419134, "86": 0.9594701793419134, "87": 0.9594701793419134, "88": 0.9594701793419134, "89": 0.9594701793419134, "90": 0.9594701793419134, "91": 0.9594701793419134, "92": 0.9594701793419134, "93": 0.9594701793419134, "94": 0.9594701793419134, "95": 0.9594701793419134, "96": 0.9594701793419134, "97": 0.9594701793419134, "98": 0.9594701793419134, "99": 0.9594701793419134, "100": 0.9594701793419134}