{"0": 33.059280355510325, "1": 28.22607692414686, "2": 12.255343549671101, "3": 1.550180989514736, "4": 1.550180989514736, "5": 1.1368803275427268, "6": 1.1368803275427268, "7": 1.1368803275427268, "8": 1.1368803275427268, "9": 1.1368803275427268, "10": 1.1368803275427268, "11": 1.1368803275427268, "12": 1.1368803275427268, "13": 1.1368803275427268, "14": 1.1368803275427268, "15": 1.1055356303665533, "16": 1.1055356303665533, "17": 1.1055356303665533, "18": 1.1055356303665533, "19": 1.1055356303665533, "20": 1.1055356303665533, "21": 1.1055356303665533, "22": 1.1055356303665533, "23": 1.1055356303665533, "24": 1.1055356303665533, "25": 1.1055356303665533, "26": 1.1055356303665533, "27": 1.1055356303665533, "28": 1.1055356303665533, "29": 1.1055356303665533, "30": 1.1055356303665533, "31": 1.1055356303665533, "32": 1.1055356303665533, "33": 1.1055356303665533, "34": 1.1055356303665533, "35": 1.1055356303665533, "36": 1.1055356303665533, "37": 1.1055356303665533, "38": 1.1055356303665533, "39": 1.1055356303665533, "40": 1.1055356303665533, "41": 1.1055356303665533, "42": 1.1055356303665533, "43": 1.1055356303665533, "44": 1.1055356303665533, "45": 1.1055356303665533, "46": 1.1055356303665533, "47": 1.1055356303665533, "48": 1.1055356303665533, "49": 1.1055356303665533, "50": 1.1055356303665533, "51": 1.1055356303665533, "52": 0.13788727684232072, "53": 0.13788727684232072, "54": 0.13788727684232072, "55": 0.13788727684232072, "56": 0.13788727684232072, "57": 0.13788727684232072, "58": 0.13788727684232072, "59": 0.13788727684232072, "60": 0.13788727684232072, "61": 0.13788727684232072, "62": 0.13788727684232072, "63": 0.13788727684232072, "64": 0.13788727684232072, "65": 0.13788727684232072, "66": 0.13788727684232072, "67": 0.13788727684232072, "68": 0.13788727684232072, "69": 0.13788727684232072, "70": 0.13788727684232072, "71": 0.13788727684232072, "72": 0.13788727684232072, "73": 0.13788727684232072, "74": 0.13788727684232072, "75": 0.13788727684232072, "76": 0.13788727684232072, "77": 0.13788727684232072, "78": 0.13788727684232072, "79": 0.13788727684232072, "80": 0.13788727684232072, "81": 0.13788727684232072, "82": 0.13788727684232072, "83": 0.13788727684232072, "84": 0.13788727684232072, "85": 0.13788727684232072, "86": 0.13788727684232072, "87": 0.13788727684232072, "88": 0.13788727684232072, "89": 0.13788727684232072, "90": 0.13788727684232072, "91": 0.13788727684232072, "92": 0.13788727684232072, "93": 0.13788727684232072, "94": 0.13788727684232072, "95": 0.13788727684232072, "96": 0.13788727684232072, "97": 0.13788727684232072, "98": 0.13788727684232072, "99": 0.13788727684232072, "100": 0.13788727684232072}