{"0": 10.461749092066896, "1": 5.375854590862787, "2": 5.375854590862787, "3": 5.375854590862787, "4": 5.375854590862787, "5": 5.375854590862787, "6": 5.375854590862787, "7": 5.375854590862787, "8": 5.375854590862787, "9": 4.4931020988048935, "10": 4.4931020988048935, "11": 4.4931020988048935, "12": 0.45810903699014105, "13": 0.45810903699014105, "14": 0.45810903699014105, "15": 0.45810903699014105, "16": 0.45810903699014105, "17": 0.09256335840164809, "18": 0.04669347594249729, "19": 0.04669347594249729, "20": 0.04669347594249729, "21": 0.04669347594249729, "22": 0.04669347594249729, "23": 0.04669347594249729, "24": 0.04669347594249729, "25": 0.04669347594249729, "26": 0.04669347594249729, "27": 0.04669347594249729, "28": 0.04669347594249729, "29": 0.04669347594249729, "30": 0.04669347594249729, "31": 0.04669347594249729, "32": 0.04669347594249729, "33": 0.04669347594249729, "34": 0.04669347594249729, "35": 0.04669347594249729, "36": 0.04669347594249729, "37": 0.04669347594249729, "38": 0.04669347594249729, "39": 0.04669347594249729, "40": 0.04669347594249729, "41": 0.04669347594249729, "42": 0.04669347594249729, "43": 0.04669347594249729, "44": 0.04669347594249729, "45": 0.04669347594249729, "46": 0.04669347594249729, "47": 0.04669347594249729, "48": 0.04669347594249729, "49": 0.0023111810406675204, "50": 0.0023111810406675204, "51": 0.0023111810406675204, "52": 0.0023111810406675204, "53": 0.0023111810406675204, "54": 0.0023111810406675204, "55": 0.0023111810406675204, "56": 0.0023111810406675204, "57": 0.0023111810406675204, "58": 0.0023111810406675204, "59": 0.0023111810406675204, "60": 0.0023111810406675204, "61": 0.0023111810406675204, "62": 0.0023111810406675204, "63": 0.0023111810406675204, "64": 0.0023111810406675204, "65": 0.0023111810406675204, "66": 0.0023111810406675204, "67": 0.0023111810406675204, "68": 0.0023111810406675204, "69": 0.0023111810406675204, "70": 0.0023111810406675204, "71": 0.0023111810406675204, "72": 0.0023111810406675204, "73": 0.0023111810406675204, "74": 0.0023111810406675204, "75": 0.0023111810406675204, "76": 0.0023111810406675204, "77": 0.0023111810406675204, "78": 0.0023111810406675204, "79": 0.0023111810406675204, "80": 0.0023111810406675204, "81": 0.0023111810406675204, "82": 0.0023111810406675204, "83": 0.0023111810406675204, "84": 0.0023111810406675204, "85": 0.0023111810406675204, "86": 0.0023111810406675204, "87": 0.0023111810406675204, "88": 0.0023111810406675204, "89": 0.0023111810406675204, "90": 0.0023111810406675204, "91": 0.0023111810406675204, "92": 0.0023111810406675204, "93": 0.0023111810406675204, "94": 0.0023111810406675204, "95": 0.0023111810406675204, "96": 0.0023111810406675204, "97": 0.0023111810406675204, "98": 0.0023111810406675204, "99": 0.0023111810406675204, "100": 0.0023111810406675204}