{"0": 16.012498212861797, "1": 16.012498212861797, "2": 7.747998057253323, "3": 7.747998057253323, "4": 7.747998057253323, "5": 7.747998057253323, "6": 1.895761413174771, "7": 1.895761413174771, "8": 1.895761413174771, "9": 1.895761413174771, "10": 1.895761413174771, "11": 1.895761413174771, "12": 1.895761413174771, "13": 1.895761413174771, "14": 1.0944817454475455, "15": 1.0944817454475455, "16": 1.0944817454475455, "17": 1.0944817454475455, "18": 1.0944817454475455, "19": 1.0944817454475455, "20": 1.0944817454475455, "21": 1.0944817454475455, "22": 1.0944817454475455, "23": 1.0944817454475455, "24": 1.0944817454475455, "25": 1.0944817454475455, "26": 1.0130776144079796, "27": 1.0130776144079796, "28": 1.0130776144079796, "29": 1.0130776144079796, "30": 1.0130776144079796, "31": 1.0130776144079796, "32": 1.0130776144079796, "33": 1.0130776144079796, "34": 1.0130776144079796, "35": 1.0130776144079796, "36": 1.0130776144079796, "37": 1.0130776144079796, "38": 1.0130776144079796, "39": 1.0130776144079796, "40": 1.0130776144079796, "41": 1.0130776144079796, "42": 1.0130776144079796, "43": 1.0130776144079796, "44": 1.0130776144079796, "45": 1.0130776144079796, "46": 1.0130776144079796, "47": 1.0130776144079796, "48": 1.0130776144079796, "49": 0.37879076251446975, "50": 0.37879076251446975, "51": 0.37879076251446975, "52": 0.37879076251446975, "53": 0.37879076251446975, "54": 0.37879076251446975, "55": 0.37879076251446975, "56": 0.37879076251446975, "57": 0.1371160745560971, "58": 0.1371160745560971, "59": 0.1371160745560971, "60": 0.1371160745560971, "61": 0.1371160745560971, "62": 0.1371160745560971, "63": 0.1371160745560971, "64": 0.1371160745560971, "65": 0.1371160745560971, "66": 0.1371160745560971, "67": 0.1371160745560971, "68": 0.1371160745560971, "69": 0.1371160745560971, "70": 0.1371160745560971, "71": 0.1371160745560971, "72": 0.1371160745560971, "73": 0.1371160745560971, "74": 0.1371160745560971, "75": 0.1371160745560971, "76": 0.1371160745560971, "77": 0.1371160745560971, "78": 0.1371160745560971, "79": 0.1371160745560971, "80": 0.1371160745560971, "81": 0.1371160745560971, "82": 0.1371160745560971, "83": 0.1371160745560971, "84": 0.1371160745560971, "85": 0.1371160745560971, "86": 0.1371160745560971, "87": 0.1371160745560971, "88": 0.1371160745560971, "89": 0.1371160745560971, "90": 0.1371160745560971, "91": 0.1371160745560971, "92": 0.1371160745560971, "93": 0.1371160745560971, "94": 0.1371160745560971, "95": 0.1371160745560971, "96": 0.1371160745560971, "97": 0.1371160745560971, "98": 0.1371160745560971, "99": 0.1371160745560971, "100": 0.1371160745560971}