{"0": 12.133450630991318, "1": 7.239614125424755, "2": 7.239614125424755, "3": 7.239614125424755, "4": 7.239614125424755, "5": 4.582504625718201, "6": 4.582504625718201, "7": 4.582504625718201, "8": 4.582504625718201, "9": 4.582504625718201, "10": 4.582504625718201, "11": 3.245232526655375, "12": 3.245232526655375, "13": 2.933616742275696, "14": 2.933616742275696, "15": 2.933616742275696, "16": 2.933616742275696, "17": 2.933616742275696, "18": 2.933616742275696, "19": 2.5007465506493496, "20": 0.2223717551369191, "21": 0.2223717551369191, "22": 0.2223717551369191, "23": 0.2223717551369191, "24": 0.2223717551369191, "25": 0.2223717551369191, "26": 0.2223717551369191, "27": 0.2223717551369191, "28": 0.2223717551369191, "29": 0.2223717551369191, "30": 0.2223717551369191, "31": 0.2223717551369191, "32": 0.2223717551369191, "33": 0.2223717551369191, "34": 0.2223717551369191, "35": 0.2223717551369191, "36": 0.2223717551369191, "37": 0.2223717551369191, "38": 0.2223717551369191, "39": 0.2223717551369191, "40": 0.2223717551369191, "41": 0.2223717551369191, "42": 0.2223717551369191, "43": 0.2223717551369191, "44": 0.2223717551369191, "45": 0.2223717551369191, "46": 0.2223717551369191, "47": 0.2223717551369191, "48": 0.2223717551369191, "49": 0.2223717551369191, "50": 0.2223717551369191, "51": 0.2223717551369191, "52": 0.2223717551369191, "53": 0.2223717551369191, "54": 0.2223717551369191, "55": 0.2223717551369191, "56": 0.2223717551369191, "57": 0.2223717551369191, "58": 0.2223717551369191, "59": 0.2223717551369191, "60": 0.2223717551369191, "61": 0.2223717551369191, "62": 0.2223717551369191, "63": 0.2223717551369191, "64": 0.2223717551369191, "65": 0.2223717551369191, "66": 0.2223717551369191, "67": 0.2223717551369191, "68": 0.2223717551369191, "69": 0.2223717551369191, "70": 0.2223717551369191, "71": 0.2223717551369191, "72": 0.2223717551369191, "73": 0.2223717551369191, "74": 0.2223717551369191, "75": 0.2223717551369191, "76": 0.2223717551369191, "77": 0.2223717551369191, "78": 0.2223717551369191, "79": 0.2223717551369191, "80": 0.2223717551369191, "81": 0.2223717551369191, "82": 0.2223717551369191, "83": 0.2223717551369191, "84": 0.2223717551369191, "85": 0.2223717551369191, "86": 0.2223717551369191, "87": 0.2223717551369191, "88": 0.2223717551369191, "89": 0.2223717551369191, "90": 0.2223717551369191, "91": 0.2223717551369191, "92": 0.2223717551369191, "93": 0.2223717551369191, "94": 0.2223717551369191, "95": 0.2223717551369191, "96": 0.2223717551369191, "97": 0.2223717551369191, "98": 0.2223717551369191, "99": 0.2223717551369191, "100": 0.2223717551369191}