{"0": 21.221960816351334, "1": 21.221960816351334, "2": 11.39655073513968, "3": 11.39655073513968, "4": 2.160660072365836, "5": 2.160660072365836, "6": 1.2714333600561787, "7": 1.2714333600561787, "8": 1.2714333600561787, "9": 1.2714333600561787, "10": 1.2714333600561787, "11": 1.2714333600561787, "12": 1.2714333600561787, "13": 1.2714333600561787, "14": 1.2714333600561787, "15": 1.2714333600561787, "16": 1.2714333600561787, "17": 1.2714333600561787, "18": 1.2714333600561787, "19": 1.2714333600561787, "20": 1.2714333600561787, "21": 1.2714333600561787, "22": 1.2714333600561787, "23": 1.2714333600561787, "24": 1.2714333600561787, "25": 1.2714333600561787, "26": 1.2714333600561787, "27": 1.2714333600561787, "28": 1.2714333600561787, "29": 0.19611255424068474, "30": 0.19611255424068474, "31": 0.19611255424068474, "32": 0.19611255424068474, "33": 0.19611255424068474, "34": 0.19611255424068474, "35": 0.19611255424068474, "36": 0.19611255424068474, "37": 0.19611255424068474, "38": 0.19611255424068474, "39": 0.19611255424068474, "40": 0.19611255424068474, "41": 0.19611255424068474, "42": 0.19611255424068474, "43": 0.19611255424068474, "44": 0.19611255424068474, "45": 0.19611255424068474, "46": 0.19611255424068474, "47": 0.19611255424068474, "48": 0.19611255424068474, "49": 0.19611255424068474, "50": 0.19611255424068474, "51": 0.19611255424068474, "52": 0.19611255424068474, "53": 0.19611255424068474, "54": 0.19611255424068474, "55": 0.19611255424068474, "56": 0.19611255424068474, "57": 0.19611255424068474, "58": 0.19611255424068474, "59": 0.19611255424068474, "60": 0.19611255424068474, "61": 0.19611255424068474, "62": 0.19611255424068474, "63": 0.19611255424068474, "64": 0.19611255424068474, "65": 0.19611255424068474, "66": 0.19611255424068474, "67": 0.19611255424068474, "68": 0.19611255424068474, "69": 0.19611255424068474, "70": 0.19611255424068474, "71": 0.19611255424068474, "72": 0.19611255424068474, "73": 0.19611255424068474, "74": 0.19611255424068474, "75": 0.19611255424068474, "76": 0.19611255424068474, "77": 0.19611255424068474, "78": 0.19611255424068474, "79": 0.19611255424068474, "80": 0.19611255424068474, "81": 0.19611255424068474, "82": 0.19611255424068474, "83": 0.19611255424068474, "84": 0.19611255424068474, "85": 0.19611255424068474, "86": 0.19611255424068474, "87": 0.19611255424068474, "88": 0.19611255424068474, "89": 0.19611255424068474, "90": 0.19611255424068474, "91": 0.19611255424068474, "92": 0.19611255424068474, "93": 0.19611255424068474, "94": 0.19611255424068474, "95": 0.19611255424068474, "96": 0.19611255424068474, "97": 0.19611255424068474, "98": 0.19611255424068474, "99": 0.19611255424068474, "100": 0.19611255424068474}