{"0": 29.557246723516478, "1": 14.621994346034437, "2": 9.48522320213873, "3": 8.273795738744138, "4": 8.273795738744138, "5": 7.867648064027829, "6": 7.867648064027829, "7": 5.618562206284814, "8": 5.618562206284814, "9": 5.618562206284814, "10": 5.618562206284814, "11": 4.460089368889484, "12": 1.9374903722887922, "13": 1.9374903722887922, "14": 1.9374903722887922, "15": 1.9374903722887922, "16": 1.3691284040747362, "17": 1.3691284040747362, "18": 1.3691284040747362, "19": 1.3691284040747362, "20": 1.3691284040747362, "21": 1.3691284040747362, "22": 1.3691284040747362, "23": 1.3691284040747362, "24": 1.3691284040747362, "25": 1.3691284040747362, "26": 1.3691284040747362, "27": 1.3691284040747362, "28": 1.3691284040747362, "29": 1.3691284040747362, "30": 1.3691284040747362, "31": 1.3691284040747362, "32": 1.3691284040747362, "33": 1.3691284040747362, "34": 1.3691284040747362, "35": 1.3691284040747362, "36": 1.3691284040747362, "37": 1.3691284040747362, "38": 1.3691284040747362, "39": 1.3691284040747362, "40": 1.3691284040747362, "41": 1.3691284040747362, "42": 1.3691284040747362, "43": 1.3691284040747362, "44": 0.7664088798624746, "45": 0.7664088798624746, "46": 0.7664088798624746, "47": 0.7664088798624746, "48": 0.7664088798624746, "49": 0.7664088798624746, "50": 0.7664088798624746, "51": 0.7664088798624746, "52": 0.7664088798624746, "53": 0.7664088798624746, "54": 0.7664088798624746, "55": 0.7664088798624746, "56": 0.7664088798624746, "57": 0.7664088798624746, "58": 0.43203698880379093, "59": 0.43203698880379093, "60": 0.43203698880379093, "61": 0.43203698880379093, "62": 0.43203698880379093, "63": 0.43203698880379093, "64": 0.43203698880379093, "65": 0.43203698880379093, "66": 0.43203698880379093, "67": 0.43203698880379093, "68": 0.43203698880379093, "69": 0.43203698880379093, "70": 0.43203698880379093, "71": 0.43203698880379093, "72": 0.43203698880379093, "73": 0.43203698880379093, "74": 0.43203698880379093, "75": 0.43203698880379093, "76": 0.020010123194246887, "77": 0.020010123194246887, "78": 0.020010123194246887, "79": 0.020010123194246887, "80": 0.020010123194246887, "81": 0.020010123194246887, "82": 0.020010123194246887, "83": 0.020010123194246887, "84": 0.020010123194246887, "85": 0.020010123194246887, "86": 0.020010123194246887, "87": 0.020010123194246887, "88": 0.020010123194246887, "89": 0.020010123194246887, "90": 0.020010123194246887, "91": 0.020010123194246887, "92": 0.020010123194246887, "93": 0.020010123194246887, "94": 0.020010123194246887, "95": 0.020010123194246887, "96": 0.020010123194246887, "97": 0.020010123194246887, "98": 0.020010123194246887, "99": 0.020010123194246887, "100": 0.020010123194246887}