{"0": 16.323301994154036, "1": 16.323301994154036, "2": 9.052823239340142, "3": 9.052823239340142, "4": 8.721297593077901, "5": 8.721297593077901, "6": 6.205524681285805, "7": 6.205524681285805, "8": 5.472301432169154, "9": 5.391420100689196, "10": 5.391420100689196, "11": 5.391420100689196, "12": 5.391420100689196, "13": 5.391420100689196, "14": 5.191559588419244, "15": 5.191559588419244, "16": 5.191559588419244, "17": 4.3956499578283665, "18": 4.3956499578283665, "19": 4.3956499578283665, "20": 4.3956499578283665, "21": 4.3956499578283665, "22": 3.1645059689882586, "23": 3.0354343352712014, "24": 3.0354343352712014, "25": 3.0354343352712014, "26": 3.0354343352712014, "27": 3.0354343352712014, "28": 3.0354343352712014, "29": 3.0354343352712014, "30": 2.177146504409791, "31": 2.177146504409791, "32": 2.177146504409791, "33": 2.177146504409791, "34": 2.177146504409791, "35": 2.177146504409791, "36": 2.177146504409791, "37": 2.177146504409791, "38": 2.177146504409791, "39": 2.177146504409791, "40": 2.177146504409791, "41": 1.1998039149624304, "42": 1.1998039149624304, "43": 1.1998039149624304, "44": 1.1998039149624304, "45": 1.1998039149624304, "46": 1.1998039149624304, "47": 1.1998039149624304, "48": 1.1998039149624304, "49": 1.1998039149624304, "50": 1.1998039149624304, "51": 1.1998039149624304, "52": 1.1998039149624304, "53": 1.1998039149624304, "54": 1.1998039149624304, "55": 1.1998039149624304, "56": 1.1998039149624304, "57": 1.1998039149624304, "58": 1.1998039149624304, "59": 1.1998039149624304, "60": 1.1998039149624304, "61": 1.1998039149624304, "62": 1.1998039149624304, "63": 1.1998039149624304, "64": 1.1998039149624304, "65": 1.1998039149624304, "66": 1.1998039149624304, "67": 1.1998039149624304, "68": 1.1998039149624304, "69": 1.1998039149624304, "70": 1.1998039149624304, "71": 1.1998039149624304, "72": 1.1998039149624304, "73": 1.1998039149624304, "74": 1.1998039149624304, "75": 1.1998039149624304, "76": 0.533271178485073, "77": 0.533271178485073, "78": 0.533271178485073, "79": 0.533271178485073, "80": 0.533271178485073, "81": 0.533271178485073, "82": 0.533271178485073, "83": 0.533271178485073, "84": 0.533271178485073, "85": 0.533271178485073, "86": 0.533271178485073, "87": 0.533271178485073, "88": 0.533271178485073, "89": 0.533271178485073, "90": 0.533271178485073, "91": 0.533271178485073, "92": 0.533271178485073, "93": 0.533271178485073, "94": 0.533271178485073, "95": 0.533271178485073, "96": 0.533271178485073, "97": 0.533271178485073, "98": 0.533271178485073, "99": 0.533271178485073, "100": 0.533271178485073}