{"0": 10.273560862227466, "1": 10.273560862227466, "2": 10.273560862227466, "3": 1.4149258174353214, "4": 1.4149258174353214, "5": 1.4149258174353214, "6": 1.4149258174353214, "7": 1.4149258174353214, "8": 1.4149258174353214, "9": 1.4149258174353214, "10": 0.6886087326228534, "11": 0.6886087326228534, "12": 0.6886087326228534, "13": 0.6886087326228534, "14": 0.1187291332991336, "15": 0.1187291332991336, "16": 0.1187291332991336, "17": 0.1187291332991336, "18": 0.1187291332991336, "19": 0.1187291332991336, "20": 0.1187291332991336, "21": 0.1187291332991336, "22": 0.011617657814547044, "23": 0.011617657814547044, "24": 0.011617657814547044, "25": 0.011617657814547044, "26": 0.011617657814547044, "27": 0.011617657814547044, "28": 0.011617657814547044, "29": 0.011617657814547044, "30": 0.011617657814547044, "31": 0.011617657814547044, "32": 0.011617657814547044, "33": 0.011617657814547044, "34": 0.011617657814547044, "35": 0.011617657814547044, "36": 0.011617657814547044, "37": 0.011617657814547044, "38": 0.011617657814547044, "39": 0.011617657814547044, "40": 0.011617657814547044, "41": 0.011617657814547044, "42": 0.011617657814547044, "43": 0.011617657814547044, "44": 0.011617657814547044, "45": 0.011617657814547044, "46": 0.011617657814547044, "47": 0.011617657814547044, "48": 0.011617657814547044, "49": 0.011617657814547044, "50": 0.011617657814547044, "51": 0.011617657814547044, "52": 0.011617657814547044, "53": 0.011617657814547044, "54": 0.011617657814547044, "55": 0.011617657814547044, "56": 0.011617657814547044, "57": 0.011617657814547044, "58": 0.011617657814547044, "59": 0.011617657814547044, "60": 0.011617657814547044, "61": 0.011617657814547044, "62": 0.011617657814547044, "63": 0.011617657814547044, "64": 0.011617657814547044, "65": 0.011617657814547044, "66": 0.011617657814547044, "67": 0.011617657814547044, "68": 0.011617657814547044, "69": 0.011617657814547044, "70": 0.011617657814547044, "71": 0.011617657814547044, "72": 0.011617657814547044, "73": 0.011617657814547044, "74": 0.011617657814547044, "75": 0.011617657814547044, "76": 0.011617657814547044, "77": 0.011617657814547044, "78": 0.011617657814547044, "79": 0.011617657814547044, "80": 0.011617657814547044, "81": 0.011617657814547044, "82": 0.011617657814547044, "83": 0.011617657814547044, "84": 0.011617657814547044, "85": 0.011617657814547044, "86": 0.011617657814547044, "87": 0.011617657814547044, "88": 0.011617657814547044, "89": 0.011617657814547044, "90": 0.011617657814547044, "91": 0.011617657814547044, "92": 0.011617657814547044, "93": 0.011617657814547044, "94": 0.011617657814547044, "95": 0.011617657814547044, "96": 0.011617657814547044, "97": 0.011617657814547044, "98": 0.011617657814547044, "99": 0.011617657814547044, "100": 0.011617657814547044}