{"0": 24.75249805641231, "1": 10.174162181175078, "2": 10.174162181175078, "3": 8.514056785822964, "4": 8.514056785822964, "5": 3.4938026253197023, "6": 3.4938026253197023, "7": 1.2834139863507552, "8": 1.2834139863507552, "9": 1.2834139863507552, "10": 1.2834139863507552, "11": 1.2834139863507552, "12": 1.0661952610998995, "13": 1.0661952610998995, "14": 1.0180764515995087, "15": 1.0180764515995087, "16": 1.0180764515995087, "17": 1.0180764515995087, "18": 1.0180764515995087, "19": 1.0180764515995087, "20": 1.0180764515995087, "21": 1.0180764515995087, "22": 1.0180764515995087, "23": 1.0180764515995087, "24": 1.0180764515995087, "25": 1.0180764515995087, "26": 0.8538089570220997, "27": 0.8538089570220997, "28": 0.8538089570220997, "29": 0.8538089570220997, "30": 0.8538089570220997, "31": 0.8538089570220997, "32": 0.8130776181380668, "33": 0.8130776181380668, "34": 0.8130776181380668, "35": 0.8130776181380668, "36": 0.8130776181380668, "37": 0.8130776181380668, "38": 0.8130776181380668, "39": 0.8130776181380668, "40": 0.8130776181380668, "41": 0.8130776181380668, "42": 0.8130776181380668, "43": 0.8130776181380668, "44": 0.8130776181380668, "45": 0.8130776181380668, "46": 0.8130776181380668, "47": 0.8130776181380668, "48": 0.8130776181380668, "49": 0.8130776181380668, "50": 0.8130776181380668, "51": 0.8130776181380668, "52": 0.8130776181380668, "53": 0.8130776181380668, "54": 0.8130776181380668, "55": 0.8130776181380668, "56": 0.8130776181380668, "57": 0.8130776181380668, "58": 0.8130776181380668, "59": 0.8130776181380668, "60": 0.8130776181380668, "61": 0.8130776181380668, "62": 0.8130776181380668, "63": 0.8130776181380668, "64": 0.8130776181380668, "65": 0.8130776181380668, "66": 0.8130776181380668, "67": 0.8130776181380668, "68": 0.8130776181380668, "69": 0.8130776181380668, "70": 0.8130776181380668, "71": 0.8130776181380668, "72": 0.8130776181380668, "73": 0.8130776181380668, "74": 0.8130776181380668, "75": 0.8130776181380668, "76": 0.8130776181380668, "77": 0.8130776181380668, "78": 0.8130776181380668, "79": 0.8130776181380668, "80": 0.8130776181380668, "81": 0.8130776181380668, "82": 0.8130776181380668, "83": 0.8130776181380668, "84": 0.8130776181380668, "85": 0.8130776181380668, "86": 0.8130776181380668, "87": 0.8130776181380668, "88": 0.8130776181380668, "89": 0.8130776181380668, "90": 0.8130776181380668, "91": 0.8130776181380668, "92": 0.8130776181380668, "93": 0.8130776181380668, "94": 0.8130776181380668, "95": 0.8130776181380668, "96": 0.8130776181380668, "97": 0.8130776181380668, "98": 0.8130776181380668, "99": 0.8130776181380668, "100": 0.8130776181380668}