{"0": 15.078529031995721, "1": 15.078529031995721, "2": 11.289973064295275, "3": 11.289973064295275, "4": 11.289973064295275, "5": 11.289973064295275, "6": 9.955182358102496, "7": 9.955182358102496, "8": 9.955182358102496, "9": 9.955182358102496, "10": 9.955182358102496, "11": 9.955182358102496, "12": 8.839033401744066, "13": 8.839033401744066, "14": 8.839033401744066, "15": 8.839033401744066, "16": 8.839033401744066, "17": 1.8499598391901984, "18": 1.8499598391901984, "19": 1.8499598391901984, "20": 1.8499598391901984, "21": 0.8400156913672419, "22": 0.8400156913672419, "23": 0.8400156913672419, "24": 0.8400156913672419, "25": 0.8400156913672419, "26": 0.8400156913672419, "27": 0.8400156913672419, "28": 0.8400156913672419, "29": 0.8400156913672419, "30": 0.8400156913672419, "31": 0.8400156913672419, "32": 0.8400156913672419, "33": 0.8400156913672419, "34": 0.8400156913672419, "35": 0.8400156913672419, "36": 0.8400156913672419, "37": 0.8400156913672419, "38": 0.8400156913672419, "39": 0.8400156913672419, "40": 0.8400156913672419, "41": 0.8400156913672419, "42": 0.8400156913672419, "43": 0.8400156913672419, "44": 0.8400156913672419, "45": 0.5957160402814878, "46": 0.5957160402814878, "47": 0.5957160402814878, "48": 0.5957160402814878, "49": 0.5957160402814878, "50": 0.5957160402814878, "51": 0.5957160402814878, "52": 0.5957160402814878, "53": 0.5957160402814878, "54": 0.5957160402814878, "55": 0.5957160402814878, "56": 0.5957160402814878, "57": 0.5957160402814878, "58": 0.5957160402814878, "59": 0.5957160402814878, "60": 0.5957160402814878, "61": 0.5957160402814878, "62": 0.5957160402814878, "63": 0.5957160402814878, "64": 0.5957160402814878, "65": 0.5957160402814878, "66": 0.5957160402814878, "67": 0.5957160402814878, "68": 0.5957160402814878, "69": 0.5957160402814878, "70": 0.5957160402814878, "71": 0.5957160402814878, "72": 0.5957160402814878, "73": 0.5957160402814878, "74": 0.5957160402814878, "75": 0.5957160402814878, "76": 0.5957160402814878, "77": 0.5957160402814878, "78": 0.5957160402814878, "79": 0.5957160402814878, "80": 0.5957160402814878, "81": 0.5957160402814878, "82": 0.5957160402814878, "83": 0.5957160402814878, "84": 0.5957160402814878, "85": 0.5957160402814878, "86": 0.5957160402814878, "87": 0.5957160402814878, "88": 0.5957160402814878, "89": 0.5957160402814878, "90": 0.5957160402814878, "91": 0.5957160402814878, "92": 0.5957160402814878, "93": 0.5957160402814878, "94": 0.5957160402814878, "95": 0.5957160402814878, "96": 0.5957160402814878, "97": 0.5957160402814878, "98": 0.5957160402814878, "99": 0.5957160402814878, "100": 0.5957160402814878}