{"0": 8.648432166823415, "1": 8.648432166823415, "2": 4.03761413480251, "3": 4.03761413480251, "4": 4.03761413480251, "5": 4.03761413480251, "6": 4.03761413480251, "7": 4.03761413480251, "8": 4.03761413480251, "9": 4.03761413480251, "10": 4.03761413480251, "11": 4.03761413480251, "12": 4.03761413480251, "13": 4.03761413480251, "14": 1.7367644278099377, "15": 1.7367644278099377, "16": 1.7367644278099377, "17": 1.7367644278099377, "18": 1.7367644278099377, "19": 1.7367644278099377, "20": 1.7367644278099377, "21": 1.7367644278099377, "22": 1.7367644278099377, "23": 1.7367644278099377, "24": 1.7367644278099377, "25": 1.7367644278099377, "26": 1.7367644278099377, "27": 1.7367644278099377, "28": 1.7367644278099377, "29": 1.7367644278099377, "30": 1.7367644278099377, "31": 1.7367644278099377, "32": 1.7367644278099377, "33": 1.7367644278099377, "34": 1.7367644278099377, "35": 1.3495269005242747, "36": 1.3495269005242747, "37": 1.3495269005242747, "38": 1.3495269005242747, "39": 1.3495269005242747, "40": 1.3495269005242747, "41": 1.3495269005242747, "42": 1.3495269005242747, "43": 1.3495269005242747, "44": 1.3495269005242747, "45": 1.3495269005242747, "46": 1.3495269005242747, "47": 1.3495269005242747, "48": 1.3495269005242747, "49": 1.3495269005242747, "50": 1.3495269005242747, "51": 1.3495269005242747, "52": 1.3495269005242747, "53": 1.3495269005242747, "54": 1.3495269005242747, "55": 1.3495269005242747, "56": 1.3495269005242747, "57": 1.3495269005242747, "58": 1.3495269005242747, "59": 1.3495269005242747, "60": 1.3495269005242747, "61": 1.3495269005242747, "62": 1.3495269005242747, "63": 1.3495269005242747, "64": 1.3495269005242747, "65": 1.3495269005242747, "66": 1.3495269005242747, "67": 1.3495269005242747, "68": 1.3495269005242747, "69": 1.3495269005242747, "70": 1.3495269005242747, "71": 1.3495269005242747, "72": 1.3495269005242747, "73": 1.3495269005242747, "74": 1.3495269005242747, "75": 1.3495269005242747, "76": 1.3495269005242747, "77": 1.3495269005242747, "78": 1.3495269005242747, "79": 1.3495269005242747, "80": 1.3495269005242747, "81": 1.3495269005242747, "82": 1.3495269005242747, "83": 1.3495269005242747, "84": 1.3495269005242747, "85": 1.3495269005242747, "86": 1.3495269005242747, "87": 1.3495269005242747, "88": 1.3495269005242747, "89": 1.3495269005242747, "90": 1.3495269005242747, "91": 1.3495269005242747, "92": 1.3495269005242747, "93": 1.3495269005242747, "94": 1.3495269005242747, "95": 1.3495269005242747, "96": 1.3495269005242747, "97": 1.3495269005242747, "98": 1.3495269005242747, "99": 1.3495269005242747, "100": 1.3495269005242747}