{"0": 34.340618758199284, "1": 18.975433039095655, "2": 18.975433039095655, "3": 13.133411663847273, "4": 13.133411663847273, "5": 13.133411663847273, "6": 13.133411663847273, "7": 5.644173957362899, "8": 5.644173957362899, "9": 5.644173957362899, "10": 5.644173957362899, "11": 5.644173957362899, "12": 5.644173957362899, "13": 5.644173957362899, "14": 5.644173957362899, "15": 5.644173957362899, "16": 5.644173957362899, "17": 5.644173957362899, "18": 5.644173957362899, "19": 5.113469979484222, "20": 3.9555815537067573, "21": 3.9555815537067573, "22": 3.9555815537067573, "23": 2.090918838466557, "24": 2.090918838466557, "25": 2.090918838466557, "26": 2.090918838466557, "27": 2.090918838466557, "28": 2.090918838466557, "29": 1.8009669790442402, "30": 1.085228492150378, "31": 1.085228492150378, "32": 1.085228492150378, "33": 1.085228492150378, "34": 1.085228492150378, "35": 1.085228492150378, "36": 1.085228492150378, "37": 1.085228492150378, "38": 1.085228492150378, "39": 1.085228492150378, "40": 1.000707207046446, "41": 1.000707207046446, "42": 1.000707207046446, "43": 1.000707207046446, "44": 1.000707207046446, "45": 1.000707207046446, "46": 1.000707207046446, "47": 1.000707207046446, "48": 1.000707207046446, "49": 1.000707207046446, "50": 1.000707207046446, "51": 1.000707207046446, "52": 1.000707207046446, "53": 1.000707207046446, "54": 1.000707207046446, "55": 1.000707207046446, "56": 1.000707207046446, "57": 1.000707207046446, "58": 1.000707207046446, "59": 1.000707207046446, "60": 1.000707207046446, "61": 1.000707207046446, "62": 1.000707207046446, "63": 1.000707207046446, "64": 1.000707207046446, "65": 1.000707207046446, "66": 1.000707207046446, "67": 1.000707207046446, "68": 1.000707207046446, "69": 1.000707207046446, "70": 1.000707207046446, "71": 1.000707207046446, "72": 1.000707207046446, "73": 1.000707207046446, "74": 1.000707207046446, "75": 1.000707207046446, "76": 1.000707207046446, "77": 1.000707207046446, "78": 1.000707207046446, "79": 1.000707207046446, "80": 1.000707207046446, "81": 1.000707207046446, "82": 1.000707207046446, "83": 1.000707207046446, "84": 1.000707207046446, "85": 1.000707207046446, "86": 1.000707207046446, "87": 1.000707207046446, "88": 1.000707207046446, "89": 1.000707207046446, "90": 1.000707207046446, "91": 1.000707207046446, "92": 1.000707207046446, "93": 1.000707207046446, "94": 1.000707207046446, "95": 1.000707207046446, "96": 1.000707207046446, "97": 1.000707207046446, "98": 1.000707207046446, "99": 1.000707207046446, "100": 1.000707207046446}