{"0": 4.895851183065073, "1": 4.895851183065073, "2": 4.895851183065073, "3": 4.895851183065073, "4": 4.895851183065073, "5": 1.2203461995736475, "6": 1.2203461995736475, "7": 1.2203461995736475, "8": 1.2203461995736475, "9": 1.2203461995736475, "10": 1.2203461995736475, "11": 1.0272215861849645, "12": 1.0272215861849645, "13": 1.0272215861849645, "14": 1.0272215861849645, "15": 1.0272215861849645, "16": 1.0272215861849645, "17": 1.0272215861849645, "18": 1.0272215861849645, "19": 1.0272215861849645, "20": 1.0272215861849645, "21": 1.0272215861849645, "22": 1.0272215861849645, "23": 1.0272215861849645, "24": 1.0272215861849645, "25": 1.0272215861849645, "26": 1.0272215861849645, "27": 1.0272215861849645, "28": 1.0272215861849645, "29": 1.0272215861849645, "30": 1.0272215861849645, "31": 1.0272215861849645, "32": 1.0272215861849645, "33": 1.0272215861849645, "34": 1.0272215861849645, "35": 1.0272215861849645, "36": 1.0272215861849645, "37": 1.0272215861849645, "38": 1.0272215861849645, "39": 1.0272215861849645, "40": 1.0272215861849645, "41": 1.0272215861849645, "42": 1.0272215861849645, "43": 1.0272215861849645, "44": 1.0272215861849645, "45": 1.0272215861849645, "46": 1.0272215861849645, "47": 1.0272215861849645, "48": 1.0272215861849645, "49": 1.0272215861849645, "50": 1.0272215861849645, "51": 1.0272215861849645, "52": 1.0272215861849645, "53": 1.0272215861849645, "54": 1.0272215861849645, "55": 1.0272215861849645, "56": 1.0272215861849645, "57": 1.0272215861849645, "58": 1.0272215861849645, "59": 1.0272215861849645, "60": 1.0272215861849645, "61": 1.0272215861849645, "62": 1.0272215861849645, "63": 1.0272215861849645, "64": 1.0272215861849645, "65": 1.0272215861849645, "66": 1.0272215861849645, "67": 1.0272215861849645, "68": 1.0272215861849645, "69": 1.0272215861849645, "70": 1.0272215861849645, "71": 1.0272215861849645, "72": 1.0272215861849645, "73": 1.0272215861849645, "74": 1.0272215861849645, "75": 1.0272215861849645, "76": 1.0272215861849645, "77": 1.0272215861849645, "78": 1.0272215861849645, "79": 1.0272215861849645, "80": 1.0272215861849645, "81": 1.0272215861849645, "82": 1.0272215861849645, "83": 1.0272215861849645, "84": 1.0272215861849645, "85": 1.0272215861849645, "86": 1.0272215861849645, "87": 1.0272215861849645, "88": 1.0272215861849645, "89": 1.0272215861849645, "90": 1.0272215861849645, "91": 1.0272215861849645, "92": 1.0272215861849645, "93": 1.0272215861849645, "94": 1.0272215861849645, "95": 1.0272215861849645, "96": 1.0272215861849645, "97": 1.0272215861849645, "98": 1.0272215861849645, "99": 1.0272215861849645, "100": 1.0272215861849645}