{"0": 21.4500500602895, "1": 11.073719753666243, "2": 11.073719753666243, "3": 11.073719753666243, "4": 11.073719753666243, "5": 11.073719753666243, "6": 6.764822356010004, "7": 5.629697154406074, "8": 5.629697154406074, "9": 5.629697154406074, "10": 5.629697154406074, "11": 5.629697154406074, "12": 5.629697154406074, "13": 5.629697154406074, "14": 5.629697154406074, "15": 5.476166680779501, "16": 5.476166680779501, "17": 5.476166680779501, "18": 5.319230781055182, "19": 5.319230781055182, "20": 5.319230781055182, "21": 5.319230781055182, "22": 2.1800513524908425, "23": 2.1800513524908425, "24": 2.1800513524908425, "25": 2.1800513524908425, "26": 0.2726540714748289, "27": 0.2726540714748289, "28": 0.2726540714748289, "29": 0.2726540714748289, "30": 0.2726540714748289, "31": 0.2726540714748289, "32": 0.2726540714748289, "33": 0.2726540714748289, "34": 0.2726540714748289, "35": 0.2726540714748289, "36": 0.2726540714748289, "37": 0.2726540714748289, "38": 0.2726540714748289, "39": 0.2726540714748289, "40": 0.2726540714748289, "41": 0.2726540714748289, "42": 0.2726540714748289, "43": 0.2726540714748289, "44": 0.2726540714748289, "45": 0.2726540714748289, "46": 0.2726540714748289, "47": 0.2726540714748289, "48": 0.2726540714748289, "49": 0.2726540714748289, "50": 0.2726540714748289, "51": 0.2726540714748289, "52": 0.2726540714748289, "53": 0.2726540714748289, "54": 0.2726540714748289, "55": 0.2726540714748289, "56": 0.2726540714748289, "57": 0.2726540714748289, "58": 0.2726540714748289, "59": 0.2726540714748289, "60": 0.2726540714748289, "61": 0.2726540714748289, "62": 0.2726540714748289, "63": 0.2726540714748289, "64": 0.2726540714748289, "65": 0.2726540714748289, "66": 0.2726540714748289, "67": 0.2726540714748289, "68": 0.2726540714748289, "69": 0.2726540714748289, "70": 0.2726540714748289, "71": 0.2726540714748289, "72": 0.2726540714748289, "73": 0.2726540714748289, "74": 0.2726540714748289, "75": 0.2726540714748289, "76": 0.2726540714748289, "77": 0.2726540714748289, "78": 0.2726540714748289, "79": 0.2726540714748289, "80": 0.2726540714748289, "81": 0.2726540714748289, "82": 0.2726540714748289, "83": 0.2726540714748289, "84": 0.2726540714748289, "85": 0.2726540714748289, "86": 0.2726540714748289, "87": 0.2726540714748289, "88": 0.2726540714748289, "89": 0.2726540714748289, "90": 0.2726540714748289, "91": 0.2726540714748289, "92": 0.2726540714748289, "93": 0.2726540714748289, "94": 0.2726540714748289, "95": 0.2726540714748289, "96": 0.2726540714748289, "97": 0.2726540714748289, "98": 0.2726540714748289, "99": 0.2726540714748289, "100": 0.2726540714748289}