{"0": 22.800128036183388, "1": 22.800128036183388, "2": 22.800128036183388, "3": 18.68893368098246, "4": 14.335743857471984, "5": 14.335743857471984, "6": 5.28979089949069, "7": 5.28979089949069, "8": 5.28979089949069, "9": 5.28979089949069, "10": 5.28979089949069, "11": 5.28979089949069, "12": 1.1066044011060896, "13": 1.1066044011060896, "14": 1.1066044011060896, "15": 1.1066044011060896, "16": 1.1066044011060896, "17": 1.1066044011060896, "18": 1.1066044011060896, "19": 1.1066044011060896, "20": 1.1066044011060896, "21": 1.1066044011060896, "22": 1.1066044011060896, "23": 1.1066044011060896, "24": 1.1066044011060896, "25": 1.1066044011060896, "26": 1.1066044011060896, "27": 1.1066044011060896, "28": 1.1066044011060896, "29": 1.1066044011060896, "30": 1.1066044011060896, "31": 1.1066044011060896, "32": 1.1066044011060896, "33": 1.1066044011060896, "34": 1.1066044011060896, "35": 1.1066044011060896, "36": 1.1066044011060896, "37": 1.1066044011060896, "38": 1.1066044011060896, "39": 1.1066044011060896, "40": 1.1066044011060896, "41": 1.1066044011060896, "42": 1.1066044011060896, "43": 1.1066044011060896, "44": 1.1066044011060896, "45": 1.1066044011060896, "46": 1.1066044011060896, "47": 1.1066044011060896, "48": 1.1066044011060896, "49": 1.0516479251634792, "50": 1.0516479251634792, "51": 1.0516479251634792, "52": 1.0516479251634792, "53": 1.0516479251634792, "54": 1.0516479251634792, "55": 1.0516479251634792, "56": 1.0516479251634792, "57": 1.0516479251634792, "58": 1.0516479251634792, "59": 1.0516479251634792, "60": 1.0516479251634792, "61": 1.0516479251634792, "62": 1.0516479251634792, "63": 1.0516479251634792, "64": 1.0516479251634792, "65": 1.0516479251634792, "66": 1.0516479251634792, "67": 1.0516479251634792, "68": 1.0516479251634792, "69": 1.0516479251634792, "70": 1.0516479251634792, "71": 1.0516479251634792, "72": 1.0516479251634792, "73": 1.0516479251634792, "74": 1.0516479251634792, "75": 1.0516479251634792, "76": 1.0516479251634792, "77": 1.0516479251634792, "78": 1.0516479251634792, "79": 1.0516479251634792, "80": 1.0516479251634792, "81": 1.0516479251634792, "82": 1.0516479251634792, "83": 1.0516479251634792, "84": 1.0516479251634792, "85": 1.0516479251634792, "86": 1.0516479251634792, "87": 1.0516479251634792, "88": 1.0516479251634792, "89": 1.0516479251634792, "90": 1.0516479251634792, "91": 1.0516479251634792, "92": 1.0516479251634792, "93": 1.0516479251634792, "94": 1.0516479251634792, "95": 1.0516479251634792, "96": 1.0516479251634792, "97": 1.0516479251634792, "98": 1.0516479251634792, "99": 1.0516479251634792, "100": 1.0516479251634792}