{"0": 8.190139202194047, "1": 8.190139202194047, "2": 8.190139202194047, "3": 8.190139202194047, "4": 8.190139202194047, "5": 6.962234904957576, "6": 6.962234904957576, "7": 6.858316853570717, "8": 6.858316853570717, "9": 6.858316853570717, "10": 6.858316853570717, "11": 6.858316853570717, "12": 6.858316853570717, "13": 6.341356862066892, "14": 5.831794918370154, "15": 5.831794918370154, "16": 5.831794918370154, "17": 4.39203565752382, "18": 2.5569634195326714, "19": 2.5569634195326714, "20": 2.5569634195326714, "21": 2.5569634195326714, "22": 2.5569634195326714, "23": 2.5569634195326714, "24": 2.5569634195326714, "25": 2.5569634195326714, "26": 2.1021998218241897, "27": 2.1021998218241897, "28": 2.1021998218241897, "29": 2.1021998218241897, "30": 2.1021998218241897, "31": 2.1021998218241897, "32": 2.1021998218241897, "33": 1.07325112542134, "34": 1.07325112542134, "35": 1.07325112542134, "36": 1.07325112542134, "37": 1.07325112542134, "38": 1.07325112542134, "39": 1.07325112542134, "40": 1.07325112542134, "41": 1.07325112542134, "42": 1.07325112542134, "43": 1.07325112542134, "44": 1.07325112542134, "45": 1.07325112542134, "46": 1.07325112542134, "47": 1.07325112542134, "48": 1.07325112542134, "49": 1.07325112542134, "50": 1.07325112542134, "51": 1.07325112542134, "52": 1.07325112542134, "53": 1.07325112542134, "54": 1.07325112542134, "55": 1.07325112542134, "56": 1.07325112542134, "57": 1.07325112542134, "58": 1.07325112542134, "59": 1.07325112542134, "60": 1.07325112542134, "61": 1.07325112542134, "62": 1.07325112542134, "63": 1.07325112542134, "64": 1.07325112542134, "65": 1.07325112542134, "66": 1.07325112542134, "67": 1.07325112542134, "68": 1.07325112542134, "69": 1.07325112542134, "70": 1.07325112542134, "71": 1.07325112542134, "72": 1.07325112542134, "73": 1.07325112542134, "74": 1.07325112542134, "75": 1.07325112542134, "76": 1.07325112542134, "77": 1.07325112542134, "78": 1.07325112542134, "79": 1.07325112542134, "80": 1.07325112542134, "81": 1.07325112542134, "82": 1.07325112542134, "83": 1.07325112542134, "84": 1.07325112542134, "85": 1.07325112542134, "86": 1.07325112542134, "87": 1.07325112542134, "88": 1.07325112542134, "89": 1.07325112542134, "90": 1.07325112542134, "91": 1.07325112542134, "92": 1.07325112542134, "93": 1.07325112542134, "94": 1.07325112542134, "95": 1.07325112542134, "96": 1.07325112542134, "97": 1.07325112542134, "98": 1.07325112542134, "99": 1.07325112542134, "100": 1.07325112542134}