{"0": 5.162408582417884, "1": 5.162408582417884, "2": 5.162408582417884, "3": 5.162408582417884, "4": 5.162408582417884, "5": 5.162408582417884, "6": 5.162408582417884, "7": 5.162408582417884, "8": 5.162408582417884, "9": 4.635250749723902, "10": 4.635250749723902, "11": 4.635250749723902, "12": 4.635250749723902, "13": 4.635250749723902, "14": 4.635250749723902, "15": 4.635250749723902, "16": 4.635250749723902, "17": 4.635250749723902, "18": 4.635250749723902, "19": 4.540850313032845, "20": 4.540850313032845, "21": 4.465464403401553, "22": 4.465464403401553, "23": 4.20473345130171, "24": 3.5751311836879545, "25": 3.5751311836879545, "26": 1.3619663432697564, "27": 1.3619663432697564, "28": 1.0782578311093616, "29": 1.0782578311093616, "30": 1.0782578311093616, "31": 1.0782578311093616, "32": 1.0782578311093616, "33": 1.0782578311093616, "34": 1.0782578311093616, "35": 1.0782578311093616, "36": 1.0782578311093616, "37": 1.0782578311093616, "38": 1.0782578311093616, "39": 1.0782578311093616, "40": 1.0782578311093616, "41": 1.0782578311093616, "42": 1.0782578311093616, "43": 1.0782578311093616, "44": 1.0782578311093616, "45": 1.0782578311093616, "46": 1.0782578311093616, "47": 1.057179034193247, "48": 1.057179034193247, "49": 1.057179034193247, "50": 1.057179034193247, "51": 1.057179034193247, "52": 1.057179034193247, "53": 1.057179034193247, "54": 1.057179034193247, "55": 1.057179034193247, "56": 1.057179034193247, "57": 0.8197821301812169, "58": 0.8197821301812169, "59": 0.8197821301812169, "60": 0.7876040629706154, "61": 0.7876040629706154, "62": 0.7876040629706154, "63": 0.7876040629706154, "64": 0.7876040629706154, "65": 0.7876040629706154, "66": 0.7876040629706154, "67": 0.7876040629706154, "68": 0.7876040629706154, "69": 0.7876040629706154, "70": 0.7876040629706154, "71": 0.7876040629706154, "72": 0.7876040629706154, "73": 0.7876040629706154, "74": 0.7876040629706154, "75": 0.7876040629706154, "76": 0.7876040629706154, "77": 0.7876040629706154, "78": 0.7876040629706154, "79": 0.7876040629706154, "80": 0.7876040629706154, "81": 0.7876040629706154, "82": 0.7876040629706154, "83": 0.7876040629706154, "84": 0.7876040629706154, "85": 0.7876040629706154, "86": 0.7876040629706154, "87": 0.7876040629706154, "88": 0.7876040629706154, "89": 0.7876040629706154, "90": 0.7876040629706154, "91": 0.7876040629706154, "92": 0.7876040629706154, "93": 0.7876040629706154, "94": 0.7876040629706154, "95": 0.7876040629706154, "96": 0.7876040629706154, "97": 0.7876040629706154, "98": 0.7876040629706154, "99": 0.7876040629706154, "100": 0.7876040629706154}