{"0": 20.655333493508497, "1": 20.655333493508497, "2": 20.655333493508497, "3": 10.171346054695706, "4": 10.171346054695706, "5": 10.171346054695706, "6": 10.171346054695706, "7": 10.171346054695706, "8": 10.171346054695706, "9": 6.46839555865969, "10": 6.46839555865969, "11": 6.46839555865969, "12": 6.46839555865969, "13": 3.2048450935218256, "14": 3.2048450935218256, "15": 3.2048450935218256, "16": 3.2048450935218256, "17": 3.2048450935218256, "18": 3.2048450935218256, "19": 3.2048450935218256, "20": 3.2048450935218256, "21": 1.6165005029611237, "22": 1.6165005029611237, "23": 1.6165005029611237, "24": 1.6165005029611237, "25": 1.6165005029611237, "26": 1.6165005029611237, "27": 1.6165005029611237, "28": 0.573171338236584, "29": 0.573171338236584, "30": 0.573171338236584, "31": 0.573171338236584, "32": 0.573171338236584, "33": 0.573171338236584, "34": 0.573171338236584, "35": 0.573171338236584, "36": 0.573171338236584, "37": 0.573171338236584, "38": 0.573171338236584, "39": 0.573171338236584, "40": 0.573171338236584, "41": 0.573171338236584, "42": 0.573171338236584, "43": 0.573171338236584, "44": 0.573171338236584, "45": 0.573171338236584, "46": 0.573171338236584, "47": 0.1808483698774097, "48": 0.1808483698774097, "49": 0.1808483698774097, "50": 0.1808483698774097, "51": 0.1808483698774097, "52": 0.1808483698774097, "53": 0.1808483698774097, "54": 0.1808483698774097, "55": 0.1808483698774097, "56": 0.1808483698774097, "57": 0.1808483698774097, "58": 0.1808483698774097, "59": 0.1808483698774097, "60": 0.1808483698774097, "61": 0.1808483698774097, "62": 0.1808483698774097, "63": 0.1808483698774097, "64": 0.1808483698774097, "65": 0.1808483698774097, "66": 0.1808483698774097, "67": 0.1808483698774097, "68": 0.1808483698774097, "69": 0.1808483698774097, "70": 0.1808483698774097, "71": 0.1808483698774097, "72": 0.1808483698774097, "73": 0.1808483698774097, "74": 0.1808483698774097, "75": 0.1808483698774097, "76": 0.1808483698774097, "77": 0.1808483698774097, "78": 0.1808483698774097, "79": 0.1808483698774097, "80": 0.1808483698774097, "81": 0.1808483698774097, "82": 0.1808483698774097, "83": 0.1808483698774097, "84": 0.1808483698774097, "85": 0.1808483698774097, "86": 0.1808483698774097, "87": 0.1808483698774097, "88": 0.1808483698774097, "89": 0.1808483698774097, "90": 0.1808483698774097, "91": 0.1808483698774097, "92": 0.1808483698774097, "93": 0.1808483698774097, "94": 0.1808483698774097, "95": 0.1808483698774097, "96": 0.1808483698774097, "97": 0.1808483698774097, "98": 0.1808483698774097, "99": 0.1808483698774097, "100": 0.1808483698774097}