{"0": 7.119909320905595, "1": 7.119909320905595, "2": 7.119909320905595, "3": 5.753397607267239, "4": 5.753397607267239, "5": 5.753397607267239, "6": 5.753397607267239, "7": 3.2045664997662335, "8": 3.2045664997662335, "9": 3.2045664997662335, "10": 3.2045664997662335, "11": 3.2045664997662335, "12": 3.2045664997662335, "13": 3.2045664997662335, "14": 3.2045664997662335, "15": 3.2045664997662335, "16": 3.2045664997662335, "17": 3.2045664997662335, "18": 2.21255617553728, "19": 2.21255617553728, "20": 1.996669755013194, "21": 1.996669755013194, "22": 1.996669755013194, "23": 1.996669755013194, "24": 1.996669755013194, "25": 1.996669755013194, "26": 1.996669755013194, "27": 1.996669755013194, "28": 1.996669755013194, "29": 1.996669755013194, "30": 1.996669755013194, "31": 1.996669755013194, "32": 1.996669755013194, "33": 1.996669755013194, "34": 1.996669755013194, "35": 1.996669755013194, "36": 1.996669755013194, "37": 1.996669755013194, "38": 1.996669755013194, "39": 1.996669755013194, "40": 1.996669755013194, "41": 1.996669755013194, "42": 1.996669755013194, "43": 1.996669755013194, "44": 1.996669755013194, "45": 1.996669755013194, "46": 1.996669755013194, "47": 1.996669755013194, "48": 1.996669755013194, "49": 1.996669755013194, "50": 1.6089708785279235, "51": 1.6089708785279235, "52": 1.6089708785279235, "53": 1.6089708785279235, "54": 1.6089708785279235, "55": 1.6089708785279235, "56": 1.6089708785279235, "57": 1.6089708785279235, "58": 1.6089708785279235, "59": 1.6089708785279235, "60": 1.6089708785279235, "61": 1.6089708785279235, "62": 1.6089708785279235, "63": 1.6089708785279235, "64": 1.6089708785279235, "65": 1.6089708785279235, "66": 1.6089708785279235, "67": 1.6089708785279235, "68": 1.6089708785279235, "69": 1.6089708785279235, "70": 1.6089708785279235, "71": 1.6089708785279235, "72": 1.6089708785279235, "73": 1.6089708785279235, "74": 1.6089708785279235, "75": 1.6089708785279235, "76": 1.6089708785279235, "77": 1.6089708785279235, "78": 1.6089708785279235, "79": 1.6089708785279235, "80": 1.6089708785279235, "81": 1.6089708785279235, "82": 1.6089708785279235, "83": 1.6089708785279235, "84": 1.6089708785279235, "85": 1.6089708785279235, "86": 1.6089708785279235, "87": 1.6089708785279235, "88": 1.6089708785279235, "89": 1.6089708785279235, "90": 1.6089708785279235, "91": 1.6089708785279235, "92": 1.6089708785279235, "93": 1.6089708785279235, "94": 1.6089708785279235, "95": 1.6089708785279235, "96": 1.6089708785279235, "97": 1.6089708785279235, "98": 1.6089708785279235, "99": 1.6089708785279235, "100": 1.6089708785279235}