{"0": 15.888218147954923, "1": 15.888218147954923, "2": 15.888218147954923, "3": 12.800238549960822, "4": 12.800238549960822, "5": 6.646847226930529, "6": 6.646847226930529, "7": 6.646847226930529, "8": 3.6606482550316386, "9": 3.6606482550316386, "10": 3.6606482550316386, "11": 3.6606482550316386, "12": 3.6606482550316386, "13": 3.6606482550316386, "14": 2.761493007606859, "15": 2.761493007606859, "16": 2.761493007606859, "17": 2.761493007606859, "18": 2.761493007606859, "19": 2.197678278783812, "20": 2.197678278783812, "21": 2.197678278783812, "22": 2.197678278783812, "23": 2.197678278783812, "24": 2.197678278783812, "25": 2.197678278783812, "26": 2.197678278783812, "27": 2.197678278783812, "28": 2.197678278783812, "29": 2.197678278783812, "30": 2.197678278783812, "31": 2.197678278783812, "32": 2.197678278783812, "33": 1.370006432960487, "34": 1.370006432960487, "35": 1.370006432960487, "36": 1.370006432960487, "37": 1.370006432960487, "38": 1.370006432960487, "39": 1.370006432960487, "40": 1.370006432960487, "41": 1.370006432960487, "42": 1.370006432960487, "43": 1.370006432960487, "44": 1.370006432960487, "45": 1.370006432960487, "46": 1.370006432960487, "47": 1.370006432960487, "48": 1.370006432960487, "49": 1.370006432960487, "50": 1.370006432960487, "51": 1.370006432960487, "52": 1.370006432960487, "53": 1.370006432960487, "54": 1.370006432960487, "55": 0.3011975031274119, "56": 0.3011975031274119, "57": 0.3011975031274119, "58": 0.3011975031274119, "59": 0.3011975031274119, "60": 0.3011975031274119, "61": 0.3011975031274119, "62": 0.3011975031274119, "63": 0.3011975031274119, "64": 0.3011975031274119, "65": 0.3011975031274119, "66": 0.3011975031274119, "67": 0.3011975031274119, "68": 0.3011975031274119, "69": 0.3011975031274119, "70": 0.3011975031274119, "71": 0.3011975031274119, "72": 0.3011975031274119, "73": 0.3011975031274119, "74": 0.3011975031274119, "75": 0.3011975031274119, "76": 0.3011975031274119, "77": 0.3011975031274119, "78": 0.3011975031274119, "79": 0.3011975031274119, "80": 0.3011975031274119, "81": 0.3011975031274119, "82": 0.3011975031274119, "83": 0.3011975031274119, "84": 0.3011975031274119, "85": 0.3011975031274119, "86": 0.3011975031274119, "87": 0.3011975031274119, "88": 0.3011975031274119, "89": 0.3011975031274119, "90": 0.3011975031274119, "91": 0.3011975031274119, "92": 0.3011975031274119, "93": 0.3011975031274119, "94": 0.3011975031274119, "95": 0.3011975031274119, "96": 0.3011975031274119, "97": 0.3011975031274119, "98": 0.3011975031274119, "99": 0.3011975031274119, "100": 0.3011975031274119}