{"0": 10.600386465301124, "1": 10.600386465301124, "2": 10.600386465301124, "3": 10.600386465301124, "4": 10.600386465301124, "5": 10.600386465301124, "6": 10.600386465301124, "7": 10.600386465301124, "8": 10.600386465301124, "9": 4.018240353511992, "10": 4.018240353511992, "11": 4.018240353511992, "12": 4.018240353511992, "13": 4.018240353511992, "14": 4.018240353511992, "15": 4.018240353511992, "16": 4.018240353511992, "17": 4.018240353511992, "18": 4.018240353511992, "19": 4.018240353511992, "20": 4.018240353511992, "21": 4.018240353511992, "22": 4.018240353511992, "23": 4.018240353511992, "24": 3.8193312421305627, "25": 3.8193312421305627, "26": 3.8193312421305627, "27": 3.8193312421305627, "28": 3.8193312421305627, "29": 3.8193312421305627, "30": 2.4268369706560335, "31": 2.4268369706560335, "32": 2.4268369706560335, "33": 2.4268369706560335, "34": 2.4268369706560335, "35": 2.4268369706560335, "36": 1.7860885391657924, "37": 1.7860885391657924, "38": 1.7860885391657924, "39": 1.7860885391657924, "40": 1.7860885391657924, "41": 1.7860885391657924, "42": 1.7860885391657924, "43": 1.0458932237571155, "44": 1.0458932237571155, "45": 1.0458932237571155, "46": 1.0458932237571155, "47": 1.0458932237571155, "48": 1.0458932237571155, "49": 1.0458932237571155, "50": 1.0458932237571155, "51": 1.0458932237571155, "52": 1.0458932237571155, "53": 1.0458932237571155, "54": 1.0458932237571155, "55": 1.0458932237571155, "56": 1.0458932237571155, "57": 1.0458932237571155, "58": 1.0458932237571155, "59": 1.0458932237571155, "60": 1.0458932237571155, "61": 1.0458932237571155, "62": 1.0458932237571155, "63": 1.0458932237571155, "64": 1.0458932237571155, "65": 1.0458932237571155, "66": 1.0458932237571155, "67": 1.0458932237571155, "68": 1.0458932237571155, "69": 1.0458932237571155, "70": 1.0458932237571155, "71": 1.0458932237571155, "72": 1.0458932237571155, "73": 1.0458932237571155, "74": 1.0458932237571155, "75": 1.0458932237571155, "76": 1.0458932237571155, "77": 1.0458932237571155, "78": 1.0458932237571155, "79": 1.0458932237571155, "80": 1.0458932237571155, "81": 1.0458932237571155, "82": 1.0458932237571155, "83": 1.0458932237571155, "84": 1.0458932237571155, "85": 1.0458932237571155, "86": 1.0458932237571155, "87": 1.0458932237571155, "88": 1.0458932237571155, "89": 1.0458932237571155, "90": 1.0458932237571155, "91": 1.0458932237571155, "92": 1.0458932237571155, "93": 1.0458932237571155, "94": 1.0458932237571155, "95": 1.0458932237571155, "96": 1.0458932237571155, "97": 1.0458932237571155, "98": 0.7267900152864577, "99": 0.7267900152864577, "100": 0.7267900152864577}