{"0": 18.826989472866117, "1": 18.826989472866117, "2": 7.340277463954333, "3": 7.340277463954333, "4": 7.340277463954333, "5": 7.340277463954333, "6": 7.340277463954333, "7": 7.340277463954333, "8": 7.340277463954333, "9": 7.340277463954333, "10": 5.8238917157987125, "11": 5.8238917157987125, "12": 5.8238917157987125, "13": 5.8238917157987125, "14": 5.8238917157987125, "15": 0.9398727387835919, "16": 0.9398727387835919, "17": 0.9398727387835919, "18": 0.3221247748779277, "19": 0.3221247748779277, "20": 0.3221247748779277, "21": 0.3221247748779277, "22": 0.3221247748779277, "23": 0.3221247748779277, "24": 0.3221247748779277, "25": 0.3221247748779277, "26": 0.3221247748779277, "27": 0.3221247748779277, "28": 0.3221247748779277, "29": 0.3221247748779277, "30": 0.3221247748779277, "31": 0.3221247748779277, "32": 0.3221247748779277, "33": 0.3221247748779277, "34": 0.3221247748779277, "35": 0.3221247748779277, "36": 0.3221247748779277, "37": 0.3221247748779277, "38": 0.3221247748779277, "39": 0.3221247748779277, "40": 0.3221247748779277, "41": 0.3221247748779277, "42": 0.3221247748779277, "43": 0.3221247748779277, "44": 0.3221247748779277, "45": 0.3221247748779277, "46": 0.1119853814267735, "47": 0.1119853814267735, "48": 0.1119853814267735, "49": 0.1119853814267735, "50": 0.1119853814267735, "51": 0.1119853814267735, "52": 0.1119853814267735, "53": 0.1119853814267735, "54": 0.1119853814267735, "55": 0.1119853814267735, "56": 0.1119853814267735, "57": 0.1119853814267735, "58": 0.1119853814267735, "59": 0.1119853814267735, "60": 0.1119853814267735, "61": 0.1119853814267735, "62": 0.1119853814267735, "63": 0.1119853814267735, "64": 0.1119853814267735, "65": 0.1119853814267735, "66": 0.1119853814267735, "67": 0.1119853814267735, "68": 0.1119853814267735, "69": 0.1119853814267735, "70": 0.1119853814267735, "71": 0.1119853814267735, "72": 0.1119853814267735, "73": 0.1119853814267735, "74": 0.1119853814267735, "75": 0.1119853814267735, "76": 0.1119853814267735, "77": 0.1119853814267735, "78": 0.1119853814267735, "79": 0.1119853814267735, "80": 0.1119853814267735, "81": 0.1119853814267735, "82": 0.1119853814267735, "83": 0.1119853814267735, "84": 0.1119853814267735, "85": 0.1119853814267735, "86": 0.1119853814267735, "87": 0.1119853814267735, "88": 0.1119853814267735, "89": 0.1119853814267735, "90": 0.1119853814267735, "91": 0.1119853814267735, "92": 0.1119853814267735, "93": 0.1119853814267735, "94": 0.1119853814267735, "95": 0.1119853814267735, "96": 0.1119853814267735, "97": 0.1119853814267735, "98": 0.1119853814267735, "99": 0.1119853814267735, "100": 0.1119853814267735}