{"0": 32.345673881251734, "1": 16.781204751600086, "2": 13.820348474175486, "3": 13.820348474175486, "4": 13.820348474175486, "5": 13.820348474175486, "6": 13.820348474175486, "7": 7.755891631812922, "8": 7.755891631812922, "9": 7.572798455377139, "10": 7.572798455377139, "11": 6.035672535066183, "12": 5.939466651115026, "13": 5.939466651115026, "14": 5.276069687397051, "15": 5.276069687397051, "16": 5.276069687397051, "17": 5.142466896416028, "18": 5.142466896416028, "19": 5.142466896416028, "20": 5.142466896416028, "21": 5.142466896416028, "22": 5.142466896416028, "23": 5.142466896416028, "24": 5.142466896416028, "25": 5.142466896416028, "26": 4.681493931495755, "27": 4.681493931495755, "28": 4.681493931495755, "29": 4.681493931495755, "30": 4.681493931495755, "31": 1.196884341788543, "32": 1.196884341788543, "33": 1.196884341788543, "34": 1.196884341788543, "35": 1.196884341788543, "36": 1.196884341788543, "37": 1.196884341788543, "38": 1.196884341788543, "39": 1.196884341788543, "40": 1.196884341788543, "41": 1.196884341788543, "42": 1.196884341788543, "43": 1.196884341788543, "44": 1.196884341788543, "45": 1.196884341788543, "46": 1.196884341788543, "47": 1.196884341788543, "48": 1.196884341788543, "49": 1.196884341788543, "50": 1.196884341788543, "51": 1.196884341788543, "52": 1.196884341788543, "53": 1.196884341788543, "54": 1.196884341788543, "55": 1.196884341788543, "56": 1.196884341788543, "57": 1.196884341788543, "58": 1.196884341788543, "59": 1.196884341788543, "60": 1.196884341788543, "61": 1.196884341788543, "62": 1.196884341788543, "63": 1.196884341788543, "64": 1.196884341788543, "65": 1.196884341788543, "66": 1.196884341788543, "67": 1.196884341788543, "68": 1.196884341788543, "69": 1.196884341788543, "70": 1.196884341788543, "71": 1.196884341788543, "72": 1.196884341788543, "73": 1.196884341788543, "74": 1.196884341788543, "75": 1.196884341788543, "76": 1.196884341788543, "77": 1.196884341788543, "78": 1.196884341788543, "79": 1.196884341788543, "80": 1.196884341788543, "81": 1.196884341788543, "82": 1.196884341788543, "83": 1.196884341788543, "84": 1.196884341788543, "85": 1.196884341788543, "86": 1.196884341788543, "87": 1.196884341788543, "88": 1.196884341788543, "89": 1.196884341788543, "90": 1.196884341788543, "91": 1.196884341788543, "92": 1.196884341788543, "93": 1.196884341788543, "94": 1.196884341788543, "95": 1.196884341788543, "96": 1.196884341788543, "97": 1.196884341788543, "98": 1.196884341788543, "99": 1.196884341788543, "100": 1.196884341788543}