{"0": 17.76875803067717, "1": 17.76875803067717, "2": 15.980717720341346, "3": 15.980717720341346, "4": 9.28782456511367, "5": 9.28782456511367, "6": 9.28782456511367, "7": 0.2999591139099067, "8": 0.2999591139099067, "9": 0.2999591139099067, "10": 0.2999591139099067, "11": 0.2999591139099067, "12": 0.2999591139099067, "13": 0.2999591139099067, "14": 0.2999591139099067, "15": 0.07000428108860035, "16": 0.07000428108860035, "17": 0.008395371654714268, "18": 0.008395371654714268, "19": 0.008395371654714268, "20": 0.008395371654714268, "21": 0.008395371654714268, "22": 0.008395371654714268, "23": 0.008395371654714268, "24": 0.008395371654714268, "25": 0.008395371654714268, "26": 0.008395371654714268, "27": 0.008395371654714268, "28": 0.008395371654714268, "29": 0.008395371654714268, "30": 0.008395371654714268, "31": 0.008395371654714268, "32": 0.008395371654714268, "33": 0.008395371654714268, "34": 0.008395371654714268, "35": 0.008395371654714268, "36": 0.008395371654714268, "37": 0.008395371654714268, "38": 0.008395371654714268, "39": 0.008395371654714268, "40": 0.008395371654714268, "41": 0.008395371654714268, "42": 0.008395371654714268, "43": 0.008395371654714268, "44": 0.008395371654714268, "45": 0.008395371654714268, "46": 0.008395371654714268, "47": 0.008395371654714268, "48": 0.008395371654714268, "49": 0.008395371654714268, "50": 0.008395371654714268, "51": 0.008395371654714268, "52": 0.008395371654714268, "53": 0.008395371654714268, "54": 0.008395371654714268, "55": 0.008395371654714268, "56": 0.008395371654714268, "57": 0.008395371654714268, "58": 0.008395371654714268, "59": 0.008395371654714268, "60": 0.008395371654714268, "61": 0.008395371654714268, "62": 0.008395371654714268, "63": 0.008395371654714268, "64": 0.008395371654714268, "65": 0.008395371654714268, "66": 0.008395371654714268, "67": 0.008395371654714268, "68": 0.008395371654714268, "69": 0.008395371654714268, "70": 0.008395371654714268, "71": 0.008395371654714268, "72": 0.008395371654714268, "73": 0.008395371654714268, "74": 0.008395371654714268, "75": 0.008395371654714268, "76": 0.008395371654714268, "77": 0.008395371654714268, "78": 0.008395371654714268, "79": 0.008395371654714268, "80": 0.008395371654714268, "81": 0.008395371654714268, "82": 0.008395371654714268, "83": 0.008395371654714268, "84": 0.008395371654714268, "85": 0.008395371654714268, "86": 0.008395371654714268, "87": 0.008395371654714268, "88": 0.008395371654714268, "89": 0.008395371654714268, "90": 0.008395371654714268, "91": 0.008395371654714268, "92": 0.008395371654714268, "93": 0.008395371654714268, "94": 0.008395371654714268, "95": 0.008395371654714268, "96": 0.008395371654714268, "97": 0.008395371654714268, "98": 0.008395371654714268, "99": 0.008395371654714268, "100": 0.008395371654714268}