{"0": 2.832750847096065, "1": 2.832750847096065, "2": 2.832750847096065, "3": 2.832750847096065, "4": 2.832750847096065, "5": 2.832750847096065, "6": 2.832750847096065, "7": 2.832750847096065, "8": 2.832750847096065, "9": 2.832750847096065, "10": 2.832750847096065, "11": 2.832750847096065, "12": 1.7830343595889104, "13": 1.7830343595889104, "14": 1.7830343595889104, "15": 1.7830343595889104, "16": 1.7830343595889104, "17": 1.7830343595889104, "18": 1.7830343595889104, "19": 1.7830343595889104, "20": 1.7830343595889104, "21": 1.7830343595889104, "22": 1.7830343595889104, "23": 1.7830343595889104, "24": 1.7830343595889104, "25": 1.7830343595889104, "26": 1.7726988869013027, "27": 1.7726988869013027, "28": 1.7726988869013027, "29": 1.7726988869013027, "30": 1.7726988869013027, "31": 1.7726988869013027, "32": 1.7726988869013027, "33": 1.7726988869013027, "34": 1.7726988869013027, "35": 0.277426639589585, "36": 0.277426639589585, "37": 0.277426639589585, "38": 0.277426639589585, "39": 0.277426639589585, "40": 0.277426639589585, "41": 0.277426639589585, "42": 0.277426639589585, "43": 0.277426639589585, "44": 0.277426639589585, "45": 0.277426639589585, "46": 0.277426639589585, "47": 0.277426639589585, "48": 0.277426639589585, "49": 0.277426639589585, "50": 0.277426639589585, "51": 0.277426639589585, "52": 0.277426639589585, "53": 0.277426639589585, "54": 0.277426639589585, "55": 0.277426639589585, "56": 0.277426639589585, "57": 0.277426639589585, "58": 0.277426639589585, "59": 0.277426639589585, "60": 0.277426639589585, "61": 0.277426639589585, "62": 0.277426639589585, "63": 0.277426639589585, "64": 0.277426639589585, "65": 0.277426639589585, "66": 0.277426639589585, "67": 0.277426639589585, "68": 0.277426639589585, "69": 0.277426639589585, "70": 0.277426639589585, "71": 0.277426639589585, "72": 0.277426639589585, "73": 0.277426639589585, "74": 0.277426639589585, "75": 0.277426639589585, "76": 0.277426639589585, "77": 0.277426639589585, "78": 0.277426639589585, "79": 0.277426639589585, "80": 0.277426639589585, "81": 0.277426639589585, "82": 0.277426639589585, "83": 0.277426639589585, "84": 0.277426639589585, "85": 0.277426639589585, "86": 0.277426639589585, "87": 0.277426639589585, "88": 0.277426639589585, "89": 0.277426639589585, "90": 0.277426639589585, "91": 0.277426639589585, "92": 0.277426639589585, "93": 0.277426639589585, "94": 0.277426639589585, "95": 0.277426639589585, "96": 0.277426639589585, "97": 0.277426639589585, "98": 0.277426639589585, "99": 0.277426639589585, "100": 0.277426639589585}