{"0": 7.030459562872075, "1": 7.030459562872075, "2": 7.030459562872075, "3": 7.030459562872075, "4": 7.030459562872075, "5": 7.030459562872075, "6": 6.939330673307198, "7": 5.107406231064097, "8": 3.8588188937465127, "9": 3.8588188937465127, "10": 3.8588188937465127, "11": 1.3606571951165236, "12": 1.3606571951165236, "13": 1.3604336155328056, "14": 1.332385798503772, "15": 1.332385798503772, "16": 1.332385798503772, "17": 1.1011907697498202, "18": 1.1011907697498202, "19": 1.1011907697498202, "20": 1.1011907697498202, "21": 1.1011907697498202, "22": 1.1011907697498202, "23": 1.1011907697498202, "24": 1.1011907697498202, "25": 1.1011907697498202, "26": 1.1011907697498202, "27": 1.0313573847023036, "28": 1.0313573847023036, "29": 1.0313573847023036, "30": 1.0313573847023036, "31": 1.0313573847023036, "32": 1.0313573847023036, "33": 1.0313573847023036, "34": 1.0313573847023036, "35": 1.0313573847023036, "36": 1.0313573847023036, "37": 1.0313573847023036, "38": 1.0313573847023036, "39": 1.0313573847023036, "40": 1.0313573847023036, "41": 1.0313573847023036, "42": 1.0313573847023036, "43": 1.0313573847023036, "44": 1.0313573847023036, "45": 1.0313573847023036, "46": 1.0313573847023036, "47": 1.0313573847023036, "48": 1.0313573847023036, "49": 1.0313573847023036, "50": 1.0313573847023036, "51": 1.0313573847023036, "52": 1.0313573847023036, "53": 1.0313573847023036, "54": 1.0313573847023036, "55": 1.0313573847023036, "56": 1.0313573847023036, "57": 1.0313573847023036, "58": 1.0313573847023036, "59": 1.0313573847023036, "60": 1.0313573847023036, "61": 1.0313573847023036, "62": 1.0313573847023036, "63": 1.0313573847023036, "64": 1.0313573847023036, "65": 1.0313573847023036, "66": 1.0313573847023036, "67": 1.0313573847023036, "68": 1.0313573847023036, "69": 1.0313573847023036, "70": 1.0313573847023036, "71": 1.0313573847023036, "72": 1.0313573847023036, "73": 1.0313573847023036, "74": 1.0313573847023036, "75": 1.0313573847023036, "76": 1.0313573847023036, "77": 1.0313573847023036, "78": 1.0313573847023036, "79": 1.0313573847023036, "80": 1.0313573847023036, "81": 1.0313573847023036, "82": 1.0313573847023036, "83": 1.0313573847023036, "84": 1.0313573847023036, "85": 1.0313573847023036, "86": 1.0313573847023036, "87": 1.0313573847023036, "88": 1.0313573847023036, "89": 1.0313573847023036, "90": 1.0313573847023036, "91": 1.0313573847023036, "92": 1.0313573847023036, "93": 1.0313573847023036, "94": 1.0313573847023036, "95": 1.0313573847023036, "96": 1.0313573847023036, "97": 1.0313573847023036, "98": 1.0313573847023036, "99": 1.0313573847023036, "100": 1.0313573847023036}