{"0": 34.85642024693942, "1": 7.5844589127387465, "2": 7.5844589127387465, "3": 7.5844589127387465, "4": 7.122832808686489, "5": 5.236073735001396, "6": 2.550789962388258, "7": 2.550789962388258, "8": 2.550789962388258, "9": 1.7045807458238755, "10": 1.7045807458238755, "11": 1.7045807458238755, "12": 1.7045807458238755, "13": 1.7045807458238755, "14": 1.7045807458238755, "15": 1.7045807458238755, "16": 1.7045807458238755, "17": 1.7045807458238755, "18": 1.7045807458238755, "19": 1.0219588196075904, "20": 1.0219588196075904, "21": 1.0219588196075904, "22": 1.0219588196075904, "23": 1.0219588196075904, "24": 1.0219588196075904, "25": 1.0219588196075904, "26": 1.0219588196075904, "27": 1.0219588196075904, "28": 1.0219588196075904, "29": 1.0219588196075904, "30": 1.0219588196075904, "31": 1.0219588196075904, "32": 1.0219588196075904, "33": 1.0219588196075904, "34": 1.0219588196075904, "35": 1.0219588196075904, "36": 1.0219588196075904, "37": 1.0219588196075904, "38": 1.0219588196075904, "39": 1.0219588196075904, "40": 1.0219588196075904, "41": 1.0219588196075904, "42": 1.0219588196075904, "43": 1.0219588196075904, "44": 1.0219588196075904, "45": 1.0219588196075904, "46": 1.0219588196075904, "47": 1.0219588196075904, "48": 1.0219588196075904, "49": 1.0219588196075904, "50": 1.0219588196075904, "51": 1.0219588196075904, "52": 1.0219588196075904, "53": 1.0219588196075904, "54": 1.0219588196075904, "55": 1.0219588196075904, "56": 1.0219588196075904, "57": 1.0219588196075904, "58": 1.0219588196075904, "59": 1.0219588196075904, "60": 1.0219588196075904, "61": 1.0219588196075904, "62": 1.0219588196075904, "63": 1.0219588196075904, "64": 1.0219588196075904, "65": 1.0219588196075904, "66": 1.0219588196075904, "67": 1.0219588196075904, "68": 1.0219588196075904, "69": 1.0219588196075904, "70": 1.0219588196075904, "71": 1.0219588196075904, "72": 1.0219588196075904, "73": 1.0219588196075904, "74": 1.0219588196075904, "75": 1.0219588196075904, "76": 1.0219588196075904, "77": 1.0219588196075904, "78": 1.0219588196075904, "79": 1.0219588196075904, "80": 1.0219588196075904, "81": 1.0219588196075904, "82": 1.0219588196075904, "83": 1.0219588196075904, "84": 1.0219588196075904, "85": 1.0219588196075904, "86": 1.0219588196075904, "87": 1.0219588196075904, "88": 1.0219588196075904, "89": 1.0219588196075904, "90": 1.0219588196075904, "91": 1.0219588196075904, "92": 1.0219588196075904, "93": 1.0219588196075904, "94": 1.0219588196075904, "95": 1.0219588196075904, "96": 1.0219588196075904, "97": 1.0219588196075904, "98": 1.0219588196075904, "99": 1.0219588196075904, "100": 1.0219588196075904}