{"0": 2.0859584314806874, "1": 2.0859584314806874, "2": 2.0859584314806874, "3": 2.0859584314806874, "4": 2.0859584314806874, "5": 2.0859584314806874, "6": 2.0859584314806874, "7": 2.0859584314806874, "8": 2.0859584314806874, "9": 2.0859584314806874, "10": 2.0859584314806874, "11": 2.0859584314806874, "12": 2.0859584314806874, "13": 1.0690435627530768, "14": 1.0690435627530768, "15": 1.0395759629623527, "16": 1.0259535216618758, "17": 1.0259535216618758, "18": 1.0259535216618758, "19": 1.0259535216618758, "20": 1.0259535216618758, "21": 1.0259535216618758, "22": 1.0259535216618758, "23": 1.0259535216618758, "24": 1.0259535216618758, "25": 1.0259535216618758, "26": 1.0259535216618758, "27": 1.0259535216618758, "28": 1.0259535216618758, "29": 1.0259535216618758, "30": 1.0259535216618758, "31": 1.0259535216618758, "32": 1.0259535216618758, "33": 1.0259535216618758, "34": 1.0259535216618758, "35": 1.0259535216618758, "36": 1.0259535216618758, "37": 1.0259535216618758, "38": 1.0259535216618758, "39": 1.0259535216618758, "40": 1.0259535216618758, "41": 1.0259535216618758, "42": 1.0259535216618758, "43": 1.0259535216618758, "44": 1.0259535216618758, "45": 1.0259535216618758, "46": 1.0259535216618758, "47": 1.0259535216618758, "48": 1.0259535216618758, "49": 1.0259535216618758, "50": 1.0259535216618758, "51": 1.0259535216618758, "52": 1.0259535216618758, "53": 1.0259535216618758, "54": 1.0259535216618758, "55": 1.0259535216618758, "56": 1.0259535216618758, "57": 1.0259535216618758, "58": 1.0259535216618758, "59": 1.0259535216618758, "60": 1.0259535216618758, "61": 1.0259535216618758, "62": 1.0259535216618758, "63": 1.0259535216618758, "64": 1.0259535216618758, "65": 1.0259535216618758, "66": 1.0259535216618758, "67": 1.0259535216618758, "68": 1.0259535216618758, "69": 1.0259535216618758, "70": 1.0259535216618758, "71": 1.0259535216618758, "72": 1.0259535216618758, "73": 1.0259535216618758, "74": 1.0259535216618758, "75": 1.0259535216618758, "76": 1.0259535216618758, "77": 1.0259535216618758, "78": 1.0259535216618758, "79": 1.0259535216618758, "80": 1.0259535216618758, "81": 1.0259535216618758, "82": 1.0259535216618758, "83": 1.0259535216618758, "84": 1.0259535216618758, "85": 1.0259535216618758, "86": 1.0259535216618758, "87": 1.0259535216618758, "88": 1.0259535216618758, "89": 1.0259535216618758, "90": 1.0259535216618758, "91": 1.0259535216618758, "92": 1.0259535216618758, "93": 1.0259535216618758, "94": 1.0259535216618758, "95": 1.0259535216618758, "96": 1.0259535216618758, "97": 1.0259535216618758, "98": 1.0259535216618758, "99": 1.0259535216618758, "100": 1.0259535216618758}