{"0": 20.38929250302345, "1": 20.38929250302345, "2": 17.059372150168876, "3": 14.151647527495353, "4": 14.151647527495353, "5": 6.482068147218989, "6": 6.482068147218989, "7": 6.482068147218989, "8": 6.482068147218989, "9": 4.981381901025328, "10": 4.981381901025328, "11": 4.981381901025328, "12": 4.981381901025328, "13": 4.981381901025328, "14": 4.981381901025328, "15": 4.981381901025328, "16": 4.981381901025328, "17": 4.981381901025328, "18": 3.7536074627708444, "19": 3.7536074627708444, "20": 3.7536074627708444, "21": 3.7536074627708444, "22": 2.826176911110533, "23": 2.826176911110533, "24": 2.826176911110533, "25": 2.826176911110533, "26": 2.826176911110533, "27": 2.826176911110533, "28": 2.826176911110533, "29": 2.826176911110533, "30": 2.0565412093423205, "31": 2.0565412093423205, "32": 2.0565412093423205, "33": 2.0565412093423205, "34": 2.0565412093423205, "35": 2.0565412093423205, "36": 1.7926497040847167, "37": 1.7926497040847167, "38": 1.7926497040847167, "39": 1.7926497040847167, "40": 1.7926497040847167, "41": 1.7926497040847167, "42": 1.7926497040847167, "43": 1.7926497040847167, "44": 1.7926497040847167, "45": 1.7926497040847167, "46": 1.7926497040847167, "47": 1.7926497040847167, "48": 1.7926497040847167, "49": 1.7926497040847167, "50": 1.7926497040847167, "51": 1.7926497040847167, "52": 1.7926497040847167, "53": 1.7926497040847167, "54": 1.7926497040847167, "55": 1.7926497040847167, "56": 1.7926497040847167, "57": 1.7926497040847167, "58": 1.7926497040847167, "59": 1.7926497040847167, "60": 1.7926497040847167, "61": 1.7926497040847167, "62": 1.7926497040847167, "63": 1.7926497040847167, "64": 1.7926497040847167, "65": 1.242320079587703, "66": 1.242320079587703, "67": 1.242320079587703, "68": 1.242320079587703, "69": 1.242320079587703, "70": 1.242320079587703, "71": 1.242320079587703, "72": 1.242320079587703, "73": 1.242320079587703, "74": 1.242320079587703, "75": 1.242320079587703, "76": 1.242320079587703, "77": 1.242320079587703, "78": 1.242320079587703, "79": 1.242320079587703, "80": 1.242320079587703, "81": 1.242320079587703, "82": 1.242320079587703, "83": 1.242320079587703, "84": 1.242320079587703, "85": 1.242320079587703, "86": 1.242320079587703, "87": 1.242320079587703, "88": 1.242320079587703, "89": 1.242320079587703, "90": 1.242320079587703, "91": 1.242320079587703, "92": 1.242320079587703, "93": 1.242320079587703, "94": 1.242320079587703, "95": 1.242320079587703, "96": 1.242320079587703, "97": 1.242320079587703, "98": 1.242320079587703, "99": 1.242320079587703, "100": 1.242320079587703}