{"0": 18.825073285333367, "1": 7.802127232264793, "2": 7.802127232264793, "3": 3.851856147113992, "4": 3.851856147113992, "5": 3.851856147113992, "6": 3.851856147113992, "7": 3.851856147113992, "8": 3.851856147113992, "9": 3.851856147113992, "10": 3.851856147113992, "11": 3.851856147113992, "12": 3.851856147113992, "13": 3.851856147113992, "14": 3.851856147113992, "15": 3.851856147113992, "16": 3.851856147113992, "17": 3.851856147113992, "18": 3.851856147113992, "19": 3.851856147113992, "20": 3.851856147113992, "21": 3.851856147113992, "22": 1.4638546691402539, "23": 1.4638546691402539, "24": 1.4638546691402539, "25": 0.34458175164213856, "26": 0.34458175164213856, "27": 0.34458175164213856, "28": 0.34458175164213856, "29": 0.34458175164213856, "30": 0.34458175164213856, "31": 0.34458175164213856, "32": 0.34458175164213856, "33": 0.34458175164213856, "34": 0.34458175164213856, "35": 0.34458175164213856, "36": 0.34458175164213856, "37": 0.34458175164213856, "38": 0.34458175164213856, "39": 0.34458175164213856, "40": 0.34458175164213856, "41": 0.34458175164213856, "42": 0.34458175164213856, "43": 0.34458175164213856, "44": 0.34458175164213856, "45": 0.34458175164213856, "46": 0.34458175164213856, "47": 0.34458175164213856, "48": 0.34458175164213856, "49": 0.34458175164213856, "50": 0.34458175164213856, "51": 0.34458175164213856, "52": 0.34458175164213856, "53": 0.34458175164213856, "54": 0.34458175164213856, "55": 0.34458175164213856, "56": 0.31247459257895116, "57": 0.31247459257895116, "58": 0.31247459257895116, "59": 0.31247459257895116, "60": 0.31247459257895116, "61": 0.31247459257895116, "62": 0.31247459257895116, "63": 0.31247459257895116, "64": 0.31247459257895116, "65": 0.31247459257895116, "66": 0.31247459257895116, "67": 0.31247459257895116, "68": 0.31247459257895116, "69": 0.31247459257895116, "70": 0.31247459257895116, "71": 0.31247459257895116, "72": 0.11920689512069771, "73": 0.11920689512069771, "74": 0.11920689512069771, "75": 0.11920689512069771, "76": 0.11920689512069771, "77": 0.11920689512069771, "78": 0.11920689512069771, "79": 0.11920689512069771, "80": 0.11920689512069771, "81": 0.11920689512069771, "82": 0.11920689512069771, "83": 0.11920689512069771, "84": 0.11920689512069771, "85": 0.11920689512069771, "86": 0.11920689512069771, "87": 0.11920689512069771, "88": 0.11920689512069771, "89": 0.11920689512069771, "90": 0.11920689512069771, "91": 0.11920689512069771, "92": 0.11920689512069771, "93": 0.11920689512069771, "94": 0.11920689512069771, "95": 0.11920689512069771, "96": 0.11920689512069771, "97": 0.11920689512069771, "98": 0.11920689512069771, "99": 0.11920689512069771, "100": 0.11920689512069771}