{"0": 10.923448207080204, "1": 10.923448207080204, "2": 4.203206602183787, "3": 4.203206602183787, "4": 4.203206602183787, "5": 4.203206602183787, "6": 4.203206602183787, "7": 3.3072431082255207, "8": 1.3300936108832246, "9": 1.3300936108832246, "10": 1.3300936108832246, "11": 1.3300936108832246, "12": 1.3300936108832246, "13": 1.3300936108832246, "14": 1.1315556170150032, "15": 1.1315556170150032, "16": 1.1315556170150032, "17": 1.1315556170150032, "18": 1.1315556170150032, "19": 1.1315556170150032, "20": 1.1315556170150032, "21": 1.1315556170150032, "22": 1.1315556170150032, "23": 1.0486823597432107, "24": 1.0486823597432107, "25": 1.007113283639736, "26": 1.007113283639736, "27": 1.007113283639736, "28": 1.007113283639736, "29": 1.007113283639736, "30": 1.007113283639736, "31": 1.0065996251096045, "32": 1.0065996251096045, "33": 1.0065996251096045, "34": 1.0065996251096045, "35": 1.0065996251096045, "36": 1.0065996251096045, "37": 1.0065996251096045, "38": 1.0065996251096045, "39": 1.0065996251096045, "40": 1.0065996251096045, "41": 1.0065996251096045, "42": 1.0065996251096045, "43": 1.0065996251096045, "44": 1.0065996251096045, "45": 1.0065996251096045, "46": 1.0065996251096045, "47": 1.0065996251096045, "48": 1.0065996251096045, "49": 1.0065996251096045, "50": 1.0065996251096045, "51": 1.0065996251096045, "52": 1.0065996251096045, "53": 1.0065996251096045, "54": 1.0065996251096045, "55": 1.0065996251096045, "56": 1.0065996251096045, "57": 1.0065996251096045, "58": 1.0065996251096045, "59": 1.0065996251096045, "60": 1.0065996251096045, "61": 1.0065996251096045, "62": 1.0065996251096045, "63": 1.0065996251096045, "64": 1.0065996251096045, "65": 1.0065996251096045, "66": 1.0065996251096045, "67": 1.0065996251096045, "68": 1.0065996251096045, "69": 1.0065996251096045, "70": 1.0065996251096045, "71": 1.0065996251096045, "72": 1.0065996251096045, "73": 1.0065996251096045, "74": 1.0065996251096045, "75": 1.0065996251096045, "76": 1.0065996251096045, "77": 1.0065996251096045, "78": 1.0065996251096045, "79": 1.0065996251096045, "80": 1.0065996251096045, "81": 1.0065996251096045, "82": 1.0065996251096045, "83": 1.0065996251096045, "84": 1.0065996251096045, "85": 1.0065996251096045, "86": 1.0065996251096045, "87": 1.0065996251096045, "88": 1.0065996251096045, "89": 1.0065996251096045, "90": 1.0065996251096045, "91": 1.0065996251096045, "92": 1.0065996251096045, "93": 1.0065996251096045, "94": 1.0065996251096045, "95": 1.0065996251096045, "96": 1.0065996251096045, "97": 1.0065996251096045, "98": 1.0065996251096045, "99": 1.0065996251096045, "100": 1.0065996251096045}