{"0": 27.56536398396685, "1": 10.649879662144203, "2": 10.649879662144203, "3": 8.44096546543434, "4": 8.44096546543434, "5": 8.44096546543434, "6": 8.059481365117726, "7": 8.059481365117726, "8": 8.059481365117726, "9": 8.059481365117726, "10": 8.059481365117726, "11": 8.059481365117726, "12": 8.059481365117726, "13": 8.012299073954477, "14": 8.012299073954477, "15": 8.012299073954477, "16": 8.012299073954477, "17": 8.012299073954477, "18": 8.012299073954477, "19": 8.012299073954477, "20": 8.012299073954477, "21": 8.012299073954477, "22": 8.012299073954477, "23": 8.012299073954477, "24": 8.012299073954477, "25": 8.012299073954477, "26": 8.012299073954477, "27": 4.281423198846499, "28": 4.281423198846499, "29": 4.209047360228524, "30": 4.209047360228524, "31": 4.209047360228524, "32": 4.209047360228524, "33": 4.209047360228524, "34": 4.209047360228524, "35": 4.209047360228524, "36": 1.1925805984609, "37": 1.1925805984609, "38": 1.1925805984609, "39": 1.1925805984609, "40": 1.1925805984609, "41": 1.1925805984609, "42": 1.1925805984609, "43": 1.1925805984609, "44": 1.1925805984609, "45": 1.1925805984609, "46": 1.1925805984609, "47": 1.1925805984609, "48": 1.1925805984609, "49": 1.1925805984609, "50": 1.1925805984609, "51": 1.1925805984609, "52": 1.1925805984609, "53": 1.1925805984609, "54": 1.1925805984609, "55": 1.1925805984609, "56": 1.1925805984609, "57": 1.1925805984609, "58": 1.1925805984609, "59": 1.1925805984609, "60": 1.1925805984609, "61": 1.1925805984609, "62": 1.1925805984609, "63": 1.1925805984609, "64": 1.1925805984609, "65": 1.1925805984609, "66": 1.1925805984609, "67": 1.1925805984609, "68": 1.1925805984609, "69": 1.1925805984609, "70": 1.1925805984609, "71": 1.1925805984609, "72": 1.1925805984609, "73": 1.1925805984609, "74": 1.1925805984609, "75": 1.1925805984609, "76": 1.1925805984609, "77": 1.1925805984609, "78": 1.1925805984609, "79": 1.1925805984609, "80": 1.1925805984609, "81": 1.1925805984609, "82": 1.1925805984609, "83": 1.1925805984609, "84": 1.1925805984609, "85": 1.1925805984609, "86": 1.1925805984609, "87": 1.1925805984609, "88": 1.1925805984609, "89": 1.1925805984609, "90": 1.1925805984609, "91": 1.1925805984609, "92": 1.1925805984609, "93": 1.1925805984609, "94": 1.1925805984609, "95": 1.1925805984609, "96": 1.1925805984609, "97": 1.1925805984609, "98": 1.1925805984609, "99": 1.1925805984609, "100": 1.1925805984609}