{"0": 15.184623229376388, "1": 15.184623229376388, "2": 15.184623229376388, "3": 10.039947594609645, "4": 10.039947594609645, "5": 7.322787691665484, "6": 7.322787691665484, "7": 7.322787691665484, "8": 7.322787691665484, "9": 7.322787691665484, "10": 7.322787691665484, "11": 6.422419912036691, "12": 6.422419912036691, "13": 3.144386118541359, "14": 3.144386118541359, "15": 2.6579300659843845, "16": 2.6579300659843845, "17": 2.6579300659843845, "18": 2.6579300659843845, "19": 2.6579300659843845, "20": 2.6579300659843845, "21": 2.6579300659843845, "22": 2.6579300659843845, "23": 2.6579300659843845, "24": 1.1662639693005374, "25": 1.1662639693005374, "26": 1.1662639693005374, "27": 1.1662639693005374, "28": 1.1662639693005374, "29": 1.1662639693005374, "30": 1.1662639693005374, "31": 1.1662639693005374, "32": 1.1662639693005374, "33": 1.1662639693005374, "34": 1.1662639693005374, "35": 1.1662639693005374, "36": 1.1662639693005374, "37": 1.1662639693005374, "38": 1.1662639693005374, "39": 1.1662639693005374, "40": 1.1662639693005374, "41": 1.0227849845256003, "42": 1.0227849845256003, "43": 1.0227849845256003, "44": 1.0227849845256003, "45": 1.0227849845256003, "46": 0.2874970621816253, "47": 0.2874970621816253, "48": 0.2874970621816253, "49": 0.2874970621816253, "50": 0.2874970621816253, "51": 0.2874970621816253, "52": 0.2874970621816253, "53": 0.2874970621816253, "54": 0.2874970621816253, "55": 0.2874970621816253, "56": 0.2874970621816253, "57": 0.2874970621816253, "58": 0.2874970621816253, "59": 0.2874970621816253, "60": 0.2874970621816253, "61": 0.2874970621816253, "62": 0.2874970621816253, "63": 0.2874970621816253, "64": 0.2874970621816253, "65": 0.2874970621816253, "66": 0.2874970621816253, "67": 0.2874970621816253, "68": 0.2874970621816253, "69": 0.2874970621816253, "70": 0.2874970621816253, "71": 0.2874970621816253, "72": 0.2874970621816253, "73": 0.2874970621816253, "74": 0.2874970621816253, "75": 0.2874970621816253, "76": 0.2874970621816253, "77": 0.2874970621816253, "78": 0.2874970621816253, "79": 0.2874970621816253, "80": 0.2874970621816253, "81": 0.2874970621816253, "82": 0.2874970621816253, "83": 0.2874970621816253, "84": 0.2874970621816253, "85": 0.2874970621816253, "86": 0.2874970621816253, "87": 0.2874970621816253, "88": 0.2874970621816253, "89": 0.2874970621816253, "90": 0.2874970621816253, "91": 0.2874970621816253, "92": 0.2874970621816253, "93": 0.2874970621816253, "94": 0.2874970621816253, "95": 0.2874970621816253, "96": 0.2874970621816253, "97": 0.2874970621816253, "98": 0.2874970621816253, "99": 0.2874970621816253, "100": 0.2874970621816253}