{"0": 9.614328895462782, "1": 9.614328895462782, "2": 9.614328895462782, "3": 9.215963691235306, "4": 9.215963691235306, "5": 9.215963691235306, "6": 9.215963691235306, "7": 9.215963691235306, "8": 9.215963691235306, "9": 9.215963691235306, "10": 7.377251924186297, "11": 7.377251924186297, "12": 5.893451012672099, "13": 5.893451012672099, "14": 5.893451012672099, "15": 5.893451012672099, "16": 5.893451012672099, "17": 5.893451012672099, "18": 5.893451012672099, "19": 5.893451012672099, "20": 5.563305476744343, "21": 3.1046945499417227, "22": 3.1046945499417227, "23": 3.1046945499417227, "24": 3.1046945499417227, "25": 3.1046945499417227, "26": 3.1046945499417227, "27": 3.1046945499417227, "28": 3.1046945499417227, "29": 0.4156196203286626, "30": 0.4156196203286626, "31": 0.4156196203286626, "32": 0.4156196203286626, "33": 0.4156196203286626, "34": 0.4156196203286626, "35": 0.4156196203286626, "36": 0.41138878767741716, "37": 0.41138878767741716, "38": 0.41138878767741716, "39": 0.41138878767741716, "40": 0.41138878767741716, "41": 0.41138878767741716, "42": 0.41138878767741716, "43": 0.41138878767741716, "44": 0.41138878767741716, "45": 0.41138878767741716, "46": 0.41138878767741716, "47": 0.41138878767741716, "48": 0.41138878767741716, "49": 0.41138878767741716, "50": 0.41138878767741716, "51": 0.41138878767741716, "52": 0.41138878767741716, "53": 0.41138878767741716, "54": 0.41138878767741716, "55": 0.41138878767741716, "56": 0.41138878767741716, "57": 0.41138878767741716, "58": 0.41138878767741716, "59": 0.41138878767741716, "60": 0.41138878767741716, "61": 0.41138878767741716, "62": 0.41138878767741716, "63": 0.41138878767741716, "64": 0.41138878767741716, "65": 0.41138878767741716, "66": 0.41138878767741716, "67": 0.41138878767741716, "68": 0.41138878767741716, "69": 0.41138878767741716, "70": 0.41138878767741716, "71": 0.41138878767741716, "72": 0.41138878767741716, "73": 0.41138878767741716, "74": 0.41138878767741716, "75": 0.41138878767741716, "76": 0.41138878767741716, "77": 0.41138878767741716, "78": 0.41138878767741716, "79": 0.41138878767741716, "80": 0.41138878767741716, "81": 0.41138878767741716, "82": 0.41138878767741716, "83": 0.41138878767741716, "84": 0.41138878767741716, "85": 0.41138878767741716, "86": 0.41138878767741716, "87": 0.41138878767741716, "88": 0.41138878767741716, "89": 0.41138878767741716, "90": 0.41138878767741716, "91": 0.41138878767741716, "92": 0.41138878767741716, "93": 0.41138878767741716, "94": 0.41138878767741716, "95": 0.41138878767741716, "96": 0.41138878767741716, "97": 0.41138878767741716, "98": 0.41138878767741716, "99": 0.41138878767741716, "100": 0.41138878767741716}