{"0": 20.04838920795276, "1": 20.04838920795276, "2": 19.839151338296993, "3": 1.5597044455731393, "4": 1.5597044455731393, "5": 1.5597044455731393, "6": 1.5597044455731393, "7": 1.5597044455731393, "8": 1.5597044455731393, "9": 1.5597044455731393, "10": 1.5597044455731393, "11": 1.5597044455731393, "12": 1.5597044455731393, "13": 1.5597044455731393, "14": 1.5597044455731393, "15": 1.5597044455731393, "16": 1.5597044455731393, "17": 1.5597044455731393, "18": 1.5597044455731393, "19": 0.32527879821272876, "20": 0.32527879821272876, "21": 0.32527879821272876, "22": 0.32527879821272876, "23": 0.32527879821272876, "24": 0.32527879821272876, "25": 0.32527879821272876, "26": 0.32527879821272876, "27": 0.32527879821272876, "28": 0.32527879821272876, "29": 0.32527879821272876, "30": 0.32527879821272876, "31": 0.32527879821272876, "32": 0.32527879821272876, "33": 0.32527879821272876, "34": 0.32527879821272876, "35": 0.32527879821272876, "36": 0.32527879821272876, "37": 0.32527879821272876, "38": 0.32527879821272876, "39": 0.32527879821272876, "40": 0.32527879821272876, "41": 0.32527879821272876, "42": 0.07783857399437011, "43": 0.07783857399437011, "44": 0.07783857399437011, "45": 0.07783857399437011, "46": 0.07783857399437011, "47": 0.07783857399437011, "48": 0.07783857399437011, "49": 0.07783857399437011, "50": 0.07783857399437011, "51": 0.07783857399437011, "52": 0.07783857399437011, "53": 0.07783857399437011, "54": 0.07783857399437011, "55": 0.07783857399437011, "56": 0.07783857399437011, "57": 0.07783857399437011, "58": 0.07783857399437011, "59": 0.07783857399437011, "60": 0.07783857399437011, "61": 0.07783857399437011, "62": 0.07783857399437011, "63": 0.07783857399437011, "64": 0.07783857399437011, "65": 0.07783857399437011, "66": 0.07783857399437011, "67": 0.07783857399437011, "68": 0.07783857399437011, "69": 0.07783857399437011, "70": 0.07783857399437011, "71": 0.07783857399437011, "72": 0.07783857399437011, "73": 0.07783857399437011, "74": 0.07783857399437011, "75": 0.07783857399437011, "76": 0.07783857399437011, "77": 0.07783857399437011, "78": 0.07783857399437011, "79": 0.07783857399437011, "80": 0.07783857399437011, "81": 0.07783857399437011, "82": 0.07783857399437011, "83": 0.07783857399437011, "84": 0.07783857399437011, "85": 0.07783857399437011, "86": 0.07783857399437011, "87": 0.07783857399437011, "88": 0.07783857399437011, "89": 0.07783857399437011, "90": 0.07783857399437011, "91": 0.07783857399437011, "92": 0.07783857399437011, "93": 0.07783857399437011, "94": 0.07783857399437011, "95": 0.07783857399437011, "96": 0.07783857399437011, "97": 0.07783857399437011, "98": 0.07783857399437011, "99": 0.07783857399437011, "100": 0.07783857399437011}