{"0": 14.236985749002052, "1": 9.43778274313889, "2": 8.363755288109017, "3": 8.363755288109017, "4": 8.363755288109017, "5": 8.363755288109017, "6": 6.425377287835282, "7": 2.3013108371910924, "8": 2.3013108371910924, "9": 2.3013108371910924, "10": 2.3013108371910924, "11": 2.3013108371910924, "12": 1.245528935726334, "13": 1.245528935726334, "14": 1.245528935726334, "15": 1.245528935726334, "16": 1.245528935726334, "17": 1.245528935726334, "18": 1.245528935726334, "19": 1.245528935726334, "20": 1.245528935726334, "21": 1.245528935726334, "22": 1.245528935726334, "23": 1.245528935726334, "24": 1.245528935726334, "25": 1.245528935726334, "26": 1.245528935726334, "27": 1.245528935726334, "28": 1.245528935726334, "29": 1.245528935726334, "30": 1.245528935726334, "31": 1.245528935726334, "32": 1.245528935726334, "33": 1.245528935726334, "34": 1.245528935726334, "35": 1.245528935726334, "36": 1.245528935726334, "37": 1.245528935726334, "38": 1.245528935726334, "39": 1.245528935726334, "40": 1.245528935726334, "41": 1.245528935726334, "42": 1.245528935726334, "43": 1.245528935726334, "44": 1.245528935726334, "45": 1.245528935726334, "46": 1.245528935726334, "47": 1.245528935726334, "48": 1.245528935726334, "49": 1.245528935726334, "50": 1.245528935726334, "51": 1.245528935726334, "52": 1.245528935726334, "53": 1.245528935726334, "54": 1.245528935726334, "55": 1.245528935726334, "56": 1.245528935726334, "57": 1.245528935726334, "58": 1.245528935726334, "59": 1.245528935726334, "60": 1.245528935726334, "61": 1.245528935726334, "62": 1.245528935726334, "63": 1.245528935726334, "64": 1.245528935726334, "65": 1.245528935726334, "66": 1.245528935726334, "67": 1.245528935726334, "68": 1.245528935726334, "69": 0.6251097550634839, "70": 0.6251097550634839, "71": 0.6251097550634839, "72": 0.6251097550634839, "73": 0.6251097550634839, "74": 0.6251097550634839, "75": 0.6251097550634839, "76": 0.6251097550634839, "77": 0.6251097550634839, "78": 0.6251097550634839, "79": 0.6251097550634839, "80": 0.6251097550634839, "81": 0.6251097550634839, "82": 0.6251097550634839, "83": 0.6251097550634839, "84": 0.6251097550634839, "85": 0.6251097550634839, "86": 0.6251097550634839, "87": 0.6251097550634839, "88": 0.6251097550634839, "89": 0.6251097550634839, "90": 0.6251097550634839, "91": 0.6251097550634839, "92": 0.6251097550634839, "93": 0.6251097550634839, "94": 0.6251097550634839, "95": 0.6251097550634839, "96": 0.6251097550634839, "97": 0.6251097550634839, "98": 0.6251097550634839, "99": 0.6251097550634839, "100": 0.6251097550634839}