{"0": 19.817415764651862, "1": 12.131402861540758, "2": 5.7989532435423925, "3": 5.7989532435423925, "4": 5.7989532435423925, "5": 5.7989532435423925, "6": 5.7989532435423925, "7": 5.7989532435423925, "8": 5.7989532435423925, "9": 4.890871776099836, "10": 4.890871776099836, "11": 4.890871776099836, "12": 4.890871776099836, "13": 4.890871776099836, "14": 4.890871776099836, "15": 4.890871776099836, "16": 2.2546936502276154, "17": 2.2546936502276154, "18": 2.2546936502276154, "19": 2.2546936502276154, "20": 2.2546936502276154, "21": 2.2546936502276154, "22": 2.2546936502276154, "23": 2.2173544694646843, "24": 2.2173544694646843, "25": 2.2173544694646843, "26": 2.2173544694646843, "27": 2.2173544694646843, "28": 2.2173544694646843, "29": 2.2173544694646843, "30": 2.2173544694646843, "31": 2.2173544694646843, "32": 2.2173544694646843, "33": 2.2173544694646843, "34": 2.2173544694646843, "35": 2.2173544694646843, "36": 2.2173544694646843, "37": 2.2173544694646843, "38": 2.2173544694646843, "39": 2.2173544694646843, "40": 2.2173544694646843, "41": 2.2173544694646843, "42": 2.2173544694646843, "43": 2.2173544694646843, "44": 2.2173544694646843, "45": 2.2173544694646843, "46": 2.2173544694646843, "47": 2.2173544694646843, "48": 2.2173544694646843, "49": 2.2173544694646843, "50": 2.2173544694646843, "51": 2.2173544694646843, "52": 2.2173544694646843, "53": 2.2173544694646843, "54": 2.2173544694646843, "55": 2.2173544694646843, "56": 2.2173544694646843, "57": 2.2173544694646843, "58": 2.2173544694646843, "59": 2.2173544694646843, "60": 2.2173544694646843, "61": 1.1473141764482229, "62": 1.1473141764482229, "63": 1.1473141764482229, "64": 1.1473141764482229, "65": 1.1473141764482229, "66": 1.1473141764482229, "67": 1.1473141764482229, "68": 1.1473141764482229, "69": 1.1473141764482229, "70": 1.1473141764482229, "71": 1.1473141764482229, "72": 1.1473141764482229, "73": 1.1473141764482229, "74": 1.1473141764482229, "75": 1.1473141764482229, "76": 1.1473141764482229, "77": 1.1473141764482229, "78": 1.1473141764482229, "79": 1.1473141764482229, "80": 1.1473141764482229, "81": 1.1473141764482229, "82": 1.1473141764482229, "83": 1.1473141764482229, "84": 1.1473141764482229, "85": 1.1473141764482229, "86": 1.1473141764482229, "87": 1.1473141764482229, "88": 1.1473141764482229, "89": 1.1473141764482229, "90": 1.1473141764482229, "91": 1.1473141764482229, "92": 1.1473141764482229, "93": 1.1473141764482229, "94": 1.1473141764482229, "95": 1.1473141764482229, "96": 1.1473141764482229, "97": 1.1473141764482229, "98": 1.1473141764482229, "99": 1.1473141764482229, "100": 1.1473141764482229}