{"0": 10.492664120039322, "1": 10.492664120039322, "2": 10.492664120039322, "3": 8.30470479709386, "4": 8.30470479709386, "5": 7.598342639922151, "6": 7.598342639922151, "7": 7.598342639922151, "8": 4.208845905260594, "9": 4.208845905260594, "10": 3.7456033527370423, "11": 3.7456033527370423, "12": 3.7456033527370423, "13": 3.7456033527370423, "14": 3.7456033527370423, "15": 3.7456033527370423, "16": 3.7456033527370423, "17": 3.7456033527370423, "18": 3.7456033527370423, "19": 3.7456033527370423, "20": 2.0910456286960013, "21": 2.0910456286960013, "22": 2.0910456286960013, "23": 2.0744528589668008, "24": 1.5194921096985858, "25": 1.5194921096985858, "26": 1.5194921096985858, "27": 1.5194921096985858, "28": 1.5194921096985858, "29": 1.5194921096985858, "30": 1.5194921096985858, "31": 1.5194921096985858, "32": 1.5194921096985858, "33": 1.5194921096985858, "34": 1.5194921096985858, "35": 1.5194921096985858, "36": 1.5194921096985858, "37": 1.5194921096985858, "38": 1.5194921096985858, "39": 1.5194921096985858, "40": 1.5194921096985858, "41": 1.5194921096985858, "42": 1.5194921096985858, "43": 1.5194921096985858, "44": 1.5194921096985858, "45": 1.5194921096985858, "46": 1.5194921096985858, "47": 0.4306509306696995, "48": 0.4306509306696995, "49": 0.4306509306696995, "50": 0.4306509306696995, "51": 0.4306509306696995, "52": 0.4306509306696995, "53": 0.4306509306696995, "54": 0.4306509306696995, "55": 0.4306509306696995, "56": 0.4306509306696995, "57": 0.4306509306696995, "58": 0.4306509306696995, "59": 0.4306509306696995, "60": 0.4306509306696995, "61": 0.4306509306696995, "62": 0.4306509306696995, "63": 0.4306509306696995, "64": 0.4306509306696995, "65": 0.4306509306696995, "66": 0.4306509306696995, "67": 0.4306509306696995, "68": 0.4306509306696995, "69": 0.4306509306696995, "70": 0.4306509306696995, "71": 0.4306509306696995, "72": 0.4306509306696995, "73": 0.4306509306696995, "74": 0.4306509306696995, "75": 0.4306509306696995, "76": 0.4306509306696995, "77": 0.4306509306696995, "78": 0.4306509306696995, "79": 0.4306509306696995, "80": 0.4306509306696995, "81": 0.4306509306696995, "82": 0.4306509306696995, "83": 0.4306509306696995, "84": 0.4306509306696995, "85": 0.4306509306696995, "86": 0.4306509306696995, "87": 0.4306509306696995, "88": 0.4306509306696995, "89": 0.4306509306696995, "90": 0.4306509306696995, "91": 0.4306509306696995, "92": 0.4306509306696995, "93": 0.4306509306696995, "94": 0.4306509306696995, "95": 0.4306509306696995, "96": 0.4306509306696995, "97": 0.4306509306696995, "98": 0.4306509306696995, "99": 0.4306509306696995, "100": 0.4306509306696995}