{"0": 13.55722667351787, "1": 12.180616612787622, "2": 12.180616612787622, "3": 12.180616612787622, "4": 7.989999120612779, "5": 5.394397515032033, "6": 2.886013191229871, "7": 2.886013191229871, "8": 2.886013191229871, "9": 2.886013191229871, "10": 2.886013191229871, "11": 2.886013191229871, "12": 1.321046419121977, "13": 1.321046419121977, "14": 1.321046419121977, "15": 1.321046419121977, "16": 1.0835685516506857, "17": 1.0835685516506857, "18": 1.0200430876284514, "19": 1.0200430876284514, "20": 1.0200430876284514, "21": 1.0200430876284514, "22": 0.5637748699985963, "23": 0.5637748699985963, "24": 0.5637748699985963, "25": 0.5637748699985963, "26": 0.5637748699985963, "27": 0.5637748699985963, "28": 0.5637748699985963, "29": 0.5637748699985963, "30": 0.5637748699985963, "31": 0.5637748699985963, "32": 0.5637748699985963, "33": 0.5637748699985963, "34": 0.5637748699985963, "35": 0.5637748699985963, "36": 0.5637748699985963, "37": 0.5637748699985963, "38": 0.5637748699985963, "39": 0.5637748699985963, "40": 0.5637748699985963, "41": 0.5637748699985963, "42": 0.5637748699985963, "43": 0.5637748699985963, "44": 0.5637748699985963, "45": 0.5637748699985963, "46": 0.5637748699985963, "47": 0.5637748699985963, "48": 0.5637748699985963, "49": 0.14102673234729934, "50": 0.14102673234729934, "51": 0.14102673234729934, "52": 0.14102673234729934, "53": 0.14102673234729934, "54": 0.14102673234729934, "55": 0.14102673234729934, "56": 0.14102673234729934, "57": 0.14102673234729934, "58": 0.14102673234729934, "59": 0.14102673234729934, "60": 0.14102673234729934, "61": 0.14102673234729934, "62": 0.14102673234729934, "63": 0.14102673234729934, "64": 0.14102673234729934, "65": 0.14102673234729934, "66": 0.14102673234729934, "67": 0.14102673234729934, "68": 0.14102673234729934, "69": 0.14102673234729934, "70": 0.14102673234729934, "71": 0.14102673234729934, "72": 0.14102673234729934, "73": 0.14102673234729934, "74": 0.14102673234729934, "75": 0.14102673234729934, "76": 0.14102673234729934, "77": 0.14102673234729934, "78": 0.14102673234729934, "79": 0.14102673234729934, "80": 0.14102673234729934, "81": 0.14102673234729934, "82": 0.14102673234729934, "83": 0.14102673234729934, "84": 0.14102673234729934, "85": 0.14102673234729934, "86": 0.14102673234729934, "87": 0.14102673234729934, "88": 0.14102673234729934, "89": 0.14102673234729934, "90": 0.14102673234729934, "91": 0.14102673234729934, "92": 0.14102673234729934, "93": 0.14102673234729934, "94": 0.14102673234729934, "95": 0.14102673234729934, "96": 0.14102673234729934, "97": 0.14102673234729934, "98": 0.14102673234729934, "99": 0.14102673234729934, "100": 0.14102673234729934}