{"0": 26.559065216433247, "1": 18.188491725909945, "2": 17.986819013876833, "3": 17.986819013876833, "4": 10.059713076424673, "5": 10.059713076424673, "6": 2.254309559147991, "7": 1.0838391183967389, "8": 1.0368918652137395, "9": 1.0368918652137395, "10": 1.0368918652137395, "11": 1.0368918652137395, "12": 1.0368918652137395, "13": 1.0368918652137395, "14": 1.0368918652137395, "15": 1.0368918652137395, "16": 1.0368918652137395, "17": 1.0368918652137395, "18": 1.0368918652137395, "19": 1.0368918652137395, "20": 1.0368918652137395, "21": 1.0368918652137395, "22": 1.0368918652137395, "23": 1.0368918652137395, "24": 1.0368918652137395, "25": 1.0368918652137395, "26": 1.0368918652137395, "27": 1.0368918652137395, "28": 1.0368918652137395, "29": 1.0368918652137395, "30": 1.0368918652137395, "31": 1.0368918652137395, "32": 1.0368918652137395, "33": 1.0368918652137395, "34": 1.0368918652137395, "35": 1.0368918652137395, "36": 1.0368918652137395, "37": 0.9393390348571273, "38": 0.9393390348571273, "39": 0.9393390348571273, "40": 0.9393390348571273, "41": 0.9393390348571273, "42": 0.9393390348571273, "43": 0.9393390348571273, "44": 0.9393390348571273, "45": 0.9393390348571273, "46": 0.9393390348571273, "47": 0.9393390348571273, "48": 0.9393390348571273, "49": 0.9393390348571273, "50": 0.9393390348571273, "51": 0.9393390348571273, "52": 0.9393390348571273, "53": 0.9393390348571273, "54": 0.9393390348571273, "55": 0.9393390348571273, "56": 0.9393390348571273, "57": 0.9393390348571273, "58": 0.9393390348571273, "59": 0.9393390348571273, "60": 0.9393390348571273, "61": 0.9393390348571273, "62": 0.9393390348571273, "63": 0.9393390348571273, "64": 0.9393390348571273, "65": 0.9393390348571273, "66": 0.9393390348571273, "67": 0.9393390348571273, "68": 0.9393390348571273, "69": 0.9393390348571273, "70": 0.9393390348571273, "71": 0.9393390348571273, "72": 0.9393390348571273, "73": 0.9393390348571273, "74": 0.9393390348571273, "75": 0.9393390348571273, "76": 0.9393390348571273, "77": 0.9393390348571273, "78": 0.9393390348571273, "79": 0.9393390348571273, "80": 0.9393390348571273, "81": 0.9393390348571273, "82": 0.9393390348571273, "83": 0.9393390348571273, "84": 0.9393390348571273, "85": 0.9393390348571273, "86": 0.9393390348571273, "87": 0.9393390348571273, "88": 0.9393390348571273, "89": 0.9393390348571273, "90": 0.9393390348571273, "91": 0.9393390348571273, "92": 0.9393390348571273, "93": 0.9393390348571273, "94": 0.9393390348571273, "95": 0.9393390348571273, "96": 0.9393390348571273, "97": 0.9393390348571273, "98": 0.9393390348571273, "99": 0.9393390348571273, "100": 0.9393390348571273}