{"0": 25.197798841589062, "1": 21.100260519226765, "2": 3.719921611861853, "3": 3.719921611861853, "4": 3.719921611861853, "5": 3.719921611861853, "6": 3.719921611861853, "7": 3.719921611861853, "8": 3.719921611861853, "9": 3.719921611861853, "10": 3.719921611861853, "11": 3.705719728592779, "12": 3.705719728592779, "13": 3.705719728592779, "14": 3.705719728592779, "15": 3.6508991791794756, "16": 3.6508991791794756, "17": 3.6508991791794756, "18": 2.865522908088586, "19": 1.219156298089878, "20": 1.219156298089878, "21": 1.219156298089878, "22": 1.138743225472517, "23": 1.138743225472517, "24": 1.138743225472517, "25": 1.138743225472517, "26": 1.138743225472517, "27": 1.138743225472517, "28": 1.092326542590449, "29": 1.092326542590449, "30": 1.092326542590449, "31": 1.092326542590449, "32": 1.092326542590449, "33": 1.092326542590449, "34": 1.092326542590449, "35": 1.092326542590449, "36": 1.092326542590449, "37": 1.092326542590449, "38": 1.092326542590449, "39": 1.092326542590449, "40": 1.0905569329376519, "41": 1.0905569329376519, "42": 1.0905569329376519, "43": 1.0905569329376519, "44": 1.0905569329376519, "45": 1.0905569329376519, "46": 1.0905569329376519, "47": 1.0905569329376519, "48": 1.0905569329376519, "49": 0.6010082896980435, "50": 0.6010082896980435, "51": 0.6010082896980435, "52": 0.6010082896980435, "53": 0.6010082896980435, "54": 0.6010082896980435, "55": 0.6010082896980435, "56": 0.6010082896980435, "57": 0.6010082896980435, "58": 0.6010082896980435, "59": 0.6010082896980435, "60": 0.6010082896980435, "61": 0.6010082896980435, "62": 0.6010082896980435, "63": 0.6010082896980435, "64": 0.6010082896980435, "65": 0.6010082896980435, "66": 0.6010082896980435, "67": 0.6010082896980435, "68": 0.6010082896980435, "69": 0.6010082896980435, "70": 0.6010082896980435, "71": 0.6010082896980435, "72": 0.6010082896980435, "73": 0.6010082896980435, "74": 0.6010082896980435, "75": 0.6010082896980435, "76": 0.6010082896980435, "77": 0.6010082896980435, "78": 0.6010082896980435, "79": 0.6010082896980435, "80": 0.6010082896980435, "81": 0.6010082896980435, "82": 0.6010082896980435, "83": 0.6010082896980435, "84": 0.6010082896980435, "85": 0.6010082896980435, "86": 0.6010082896980435, "87": 0.6010082896980435, "88": 0.6010082896980435, "89": 0.6010082896980435, "90": 0.6010082896980435, "91": 0.6010082896980435, "92": 0.6010082896980435, "93": 0.6010082896980435, "94": 0.6010082896980435, "95": 0.6010082896980435, "96": 0.6010082896980435, "97": 0.6010082896980435, "98": 0.6010082896980435, "99": 0.6010082896980435, "100": 0.6010082896980435}