{"0": 4.318907784056165, "1": 4.318907784056165, "2": 4.318907784056165, "3": 1.9197142447971807, "4": 1.9197142447971807, "5": 1.9197142447971807, "6": 1.9197142447971807, "7": 1.9197142447971807, "8": 1.9197142447971807, "9": 1.9197142447971807, "10": 1.9197142447971807, "11": 1.9197142447971807, "12": 1.4051188791701712, "13": 1.4051188791701712, "14": 1.4051188791701712, "15": 1.381818493551478, "16": 1.381818493551478, "17": 1.381818493551478, "18": 1.381818493551478, "19": 1.381818493551478, "20": 1.381818493551478, "21": 1.381818493551478, "22": 1.381818493551478, "23": 1.381818493551478, "24": 1.381818493551478, "25": 1.381818493551478, "26": 0.881375951600905, "27": 0.881375951600905, "28": 0.881375951600905, "29": 0.881375951600905, "30": 0.881375951600905, "31": 0.4910839377639533, "32": 0.4910839377639533, "33": 0.4910839377639533, "34": 0.4910839377639533, "35": 0.1774062065954709, "36": 0.1774062065954709, "37": 0.1774062065954709, "38": 0.1774062065954709, "39": 0.1774062065954709, "40": 0.1774062065954709, "41": 0.1774062065954709, "42": 0.1774062065954709, "43": 0.1774062065954709, "44": 0.1774062065954709, "45": 0.1774062065954709, "46": 0.1774062065954709, "47": 0.1774062065954709, "48": 0.1774062065954709, "49": 0.1774062065954709, "50": 0.1774062065954709, "51": 0.1774062065954709, "52": 0.1774062065954709, "53": 0.1774062065954709, "54": 0.1774062065954709, "55": 0.1774062065954709, "56": 0.1774062065954709, "57": 0.1774062065954709, "58": 0.1774062065954709, "59": 0.1774062065954709, "60": 0.1774062065954709, "61": 0.1774062065954709, "62": 0.1774062065954709, "63": 0.1774062065954709, "64": 0.1774062065954709, "65": 0.1774062065954709, "66": 0.1774062065954709, "67": 0.1774062065954709, "68": 0.1774062065954709, "69": 0.1774062065954709, "70": 0.1774062065954709, "71": 0.1774062065954709, "72": 0.1774062065954709, "73": 0.1774062065954709, "74": 0.1774062065954709, "75": 0.1774062065954709, "76": 0.1774062065954709, "77": 0.1774062065954709, "78": 0.1774062065954709, "79": 0.1774062065954709, "80": 0.1774062065954709, "81": 0.1774062065954709, "82": 0.1774062065954709, "83": 0.1774062065954709, "84": 0.1774062065954709, "85": 0.1774062065954709, "86": 0.1774062065954709, "87": 0.1774062065954709, "88": 0.1774062065954709, "89": 0.1774062065954709, "90": 0.1774062065954709, "91": 0.1774062065954709, "92": 0.1774062065954709, "93": 0.1774062065954709, "94": 0.1774062065954709, "95": 0.1774062065954709, "96": 0.1774062065954709, "97": 0.1774062065954709, "98": 0.1774062065954709, "99": 0.1774062065954709, "100": 0.1774062065954709}