{"0": 25.918617384723078, "1": 12.755288166525453, "2": 12.755288166525453, "3": 12.755288166525453, "4": 9.460442247270732, "5": 9.460442247270732, "6": 9.460442247270732, "7": 9.460442247270732, "8": 9.460442247270732, "9": 1.527355014989375, "10": 1.527355014989375, "11": 1.527355014989375, "12": 0.2717506372756162, "13": 0.2717506372756162, "14": 0.2717506372756162, "15": 0.2717506372756162, "16": 0.2717506372756162, "17": 0.2717506372756162, "18": 0.2717506372756162, "19": 0.2717506372756162, "20": 0.2717506372756162, "21": 0.2717506372756162, "22": 0.2717506372756162, "23": 0.2717506372756162, "24": 0.2717506372756162, "25": 0.2717506372756162, "26": 0.2717506372756162, "27": 0.2717506372756162, "28": 0.2717506372756162, "29": 0.2717506372756162, "30": 0.2717506372756162, "31": 0.2717506372756162, "32": 0.2717506372756162, "33": 0.2717506372756162, "34": 0.2717506372756162, "35": 0.2717506372756162, "36": 0.2717506372756162, "37": 0.2717506372756162, "38": 0.2717506372756162, "39": 0.2717506372756162, "40": 0.2717506372756162, "41": 0.2717506372756162, "42": 0.2717506372756162, "43": 0.2717506372756162, "44": 0.2717506372756162, "45": 0.2717506372756162, "46": 0.2717506372756162, "47": 0.2717506372756162, "48": 0.2717506372756162, "49": 0.2717506372756162, "50": 0.2717506372756162, "51": 0.2717506372756162, "52": 0.2717506372756162, "53": 0.2717506372756162, "54": 0.2717506372756162, "55": 0.2717506372756162, "56": 0.2717506372756162, "57": 0.2717506372756162, "58": 0.2717506372756162, "59": 0.2717506372756162, "60": 0.2717506372756162, "61": 0.2717506372756162, "62": 0.2717506372756162, "63": 0.2717506372756162, "64": 0.2717506372756162, "65": 0.2717506372756162, "66": 0.2717506372756162, "67": 0.2717506372756162, "68": 0.2717506372756162, "69": 0.2717506372756162, "70": 0.2717506372756162, "71": 0.2717506372756162, "72": 0.2717506372756162, "73": 0.2717506372756162, "74": 0.2717506372756162, "75": 0.2717506372756162, "76": 0.2717506372756162, "77": 0.2717506372756162, "78": 0.2717506372756162, "79": 0.2717506372756162, "80": 0.2717506372756162, "81": 0.2717506372756162, "82": 0.2717506372756162, "83": 0.2717506372756162, "84": 0.2717506372756162, "85": 0.2717506372756162, "86": 0.2717506372756162, "87": 0.2717506372756162, "88": 0.2717506372756162, "89": 0.2717506372756162, "90": 0.2717506372756162, "91": 0.2717506372756162, "92": 0.2717506372756162, "93": 0.2717506372756162, "94": 0.2717506372756162, "95": 0.2717506372756162, "96": 0.2717506372756162, "97": 0.2717506372756162, "98": 0.2717506372756162, "99": 0.2717506372756162, "100": 0.2717506372756162}