{"0": 9.67695153672231, "1": 9.67695153672231, "2": 9.67695153672231, "3": 9.67695153672231, "4": 7.013240163387575, "5": 7.013240163387575, "6": 7.013240163387575, "7": 1.164309437758682, "8": 1.164309437758682, "9": 1.164309437758682, "10": 1.164309437758682, "11": 1.164309437758682, "12": 1.1338552712858245, "13": 1.012670947423679, "14": 1.012670947423679, "15": 1.012670947423679, "16": 1.012670947423679, "17": 1.012670947423679, "18": 1.012670947423679, "19": 1.012670947423679, "20": 1.012670947423679, "21": 1.012670947423679, "22": 1.012670947423679, "23": 1.012670947423679, "24": 1.012670947423679, "25": 1.012670947423679, "26": 1.012670947423679, "27": 1.012670947423679, "28": 1.012670947423679, "29": 1.012670947423679, "30": 1.012670947423679, "31": 1.012670947423679, "32": 1.012670947423679, "33": 1.012670947423679, "34": 1.012670947423679, "35": 1.012670947423679, "36": 1.012670947423679, "37": 1.012670947423679, "38": 1.012670947423679, "39": 1.012670947423679, "40": 1.012670947423679, "41": 1.012670947423679, "42": 1.012670947423679, "43": 1.012670947423679, "44": 1.012670947423679, "45": 1.012670947423679, "46": 1.012670947423679, "47": 1.012670947423679, "48": 1.012670947423679, "49": 1.012670947423679, "50": 1.012670947423679, "51": 1.012670947423679, "52": 1.012670947423679, "53": 1.012670947423679, "54": 1.012670947423679, "55": 1.012670947423679, "56": 1.012670947423679, "57": 1.012670947423679, "58": 1.012670947423679, "59": 1.012670947423679, "60": 1.012670947423679, "61": 1.012670947423679, "62": 1.012670947423679, "63": 1.012670947423679, "64": 1.012670947423679, "65": 1.012670947423679, "66": 1.012670947423679, "67": 1.012670947423679, "68": 1.012670947423679, "69": 1.012670947423679, "70": 1.012670947423679, "71": 0.57302849635402, "72": 0.57302849635402, "73": 0.57302849635402, "74": 0.57302849635402, "75": 0.57302849635402, "76": 0.57302849635402, "77": 0.57302849635402, "78": 0.57302849635402, "79": 0.57302849635402, "80": 0.57302849635402, "81": 0.57302849635402, "82": 0.57302849635402, "83": 0.57302849635402, "84": 0.57302849635402, "85": 0.57302849635402, "86": 0.57302849635402, "87": 0.57302849635402, "88": 0.57302849635402, "89": 0.57302849635402, "90": 0.57302849635402, "91": 0.57302849635402, "92": 0.57302849635402, "93": 0.57302849635402, "94": 0.57302849635402, "95": 0.57302849635402, "96": 0.57302849635402, "97": 0.57302849635402, "98": 0.57302849635402, "99": 0.57302849635402, "100": 0.57302849635402}