{"0": 12.832986139284632, "1": 9.025243881651026, "2": 9.025243881651026, "3": 9.025243881651026, "4": 7.07879453827862, "5": 5.575975476082753, "6": 5.575975476082753, "7": 5.575975476082753, "8": 5.575975476082753, "9": 5.575975476082753, "10": 5.575975476082753, "11": 5.575975476082753, "12": 5.575975476082753, "13": 4.912060555813921, "14": 4.912060555813921, "15": 4.912060555813921, "16": 4.912060555813921, "17": 4.912060555813921, "18": 1.910157289996043, "19": 1.910157289996043, "20": 1.7338239846214165, "21": 1.7338239846214165, "22": 1.7338239846214165, "23": 1.7338239846214165, "24": 1.7338239846214165, "25": 1.7338239846214165, "26": 1.7338239846214165, "27": 1.7338239846214165, "28": 1.7338239846214165, "29": 1.7338239846214165, "30": 1.7338239846214165, "31": 1.7338239846214165, "32": 1.7338239846214165, "33": 1.5294989765553737, "34": 1.5294989765553737, "35": 1.5294989765553737, "36": 1.5294989765553737, "37": 1.5294989765553737, "38": 1.5294989765553737, "39": 1.5294989765553737, "40": 1.5294989765553737, "41": 1.5294989765553737, "42": 1.5294989765553737, "43": 1.5294989765553737, "44": 1.5294989765553737, "45": 1.5294989765553737, "46": 1.5294989765553737, "47": 1.5294989765553737, "48": 1.5294989765553737, "49": 1.5294989765553737, "50": 1.5294989765553737, "51": 1.5294989765553737, "52": 1.5294989765553737, "53": 1.5294989765553737, "54": 0.5170035973621481, "55": 0.5170035973621481, "56": 0.5170035973621481, "57": 0.5170035973621481, "58": 0.5170035973621481, "59": 0.5170035973621481, "60": 0.5170035973621481, "61": 0.5170035973621481, "62": 0.5170035973621481, "63": 0.5170035973621481, "64": 0.5170035973621481, "65": 0.5170035973621481, "66": 0.5170035973621481, "67": 0.5170035973621481, "68": 0.5170035973621481, "69": 0.5170035973621481, "70": 0.5170035973621481, "71": 0.5170035973621481, "72": 0.5170035973621481, "73": 0.5170035973621481, "74": 0.5170035973621481, "75": 0.5170035973621481, "76": 0.5170035973621481, "77": 0.5170035973621481, "78": 0.5170035973621481, "79": 0.5170035973621481, "80": 0.5170035973621481, "81": 0.5170035973621481, "82": 0.5170035973621481, "83": 0.5170035973621481, "84": 0.5170035973621481, "85": 0.5170035973621481, "86": 0.5170035973621481, "87": 0.5170035973621481, "88": 0.5170035973621481, "89": 0.5170035973621481, "90": 0.5170035973621481, "91": 0.5170035973621481, "92": 0.5170035973621481, "93": 0.5170035973621481, "94": 0.5170035973621481, "95": 0.5170035973621481, "96": 0.5170035973621481, "97": 0.5170035973621481, "98": 0.5170035973621481, "99": 0.5170035973621481, "100": 0.5170035973621481}