{"0": 5.100131280657337, "1": 5.100131280657337, "2": 5.100131280657337, "3": 5.100131280657337, "4": 5.100131280657337, "5": 5.100131280657337, "6": 5.100131280657337, "7": 5.0394003032871595, "8": 5.0394003032871595, "9": 5.0394003032871595, "10": 5.0394003032871595, "11": 5.0394003032871595, "12": 5.0394003032871595, "13": 2.0837241445068493, "14": 2.0837241445068493, "15": 2.0837241445068493, "16": 2.0837241445068493, "17": 1.1762605556551264, "18": 1.1762605556551264, "19": 1.1762605556551264, "20": 1.1762605556551264, "21": 1.1762605556551264, "22": 1.1762605556551264, "23": 1.1762605556551264, "24": 1.1762605556551264, "25": 1.1762605556551264, "26": 1.1762605556551264, "27": 1.1762605556551264, "28": 1.1762605556551264, "29": 1.1762605556551264, "30": 0.9255990477841074, "31": 0.9255990477841074, "32": 0.9255990477841074, "33": 0.5514929265995079, "34": 0.5514929265995079, "35": 0.5514929265995079, "36": 0.5514929265995079, "37": 0.5514929265995079, "38": 0.5514929265995079, "39": 0.5514929265995079, "40": 0.5514929265995079, "41": 0.5514929265995079, "42": 0.5514929265995079, "43": 0.5514929265995079, "44": 0.5514929265995079, "45": 0.5514929265995079, "46": 0.5514929265995079, "47": 0.5514929265995079, "48": 0.5514929265995079, "49": 0.5514929265995079, "50": 0.5514929265995079, "51": 0.5514929265995079, "52": 0.5514929265995079, "53": 0.5514929265995079, "54": 0.5514929265995079, "55": 0.5514929265995079, "56": 0.5514929265995079, "57": 0.5514929265995079, "58": 0.5514929265995079, "59": 0.5514929265995079, "60": 0.5514929265995079, "61": 0.5514929265995079, "62": 0.5514929265995079, "63": 0.5514929265995079, "64": 0.5514929265995079, "65": 0.5514929265995079, "66": 0.5514929265995079, "67": 0.5514929265995079, "68": 0.5514929265995079, "69": 0.5514929265995079, "70": 0.5514929265995079, "71": 0.5514929265995079, "72": 0.5514929265995079, "73": 0.5514929265995079, "74": 0.5514929265995079, "75": 0.5514929265995079, "76": 0.5514929265995079, "77": 0.5514929265995079, "78": 0.5514929265995079, "79": 0.5514929265995079, "80": 0.5514929265995079, "81": 0.5514929265995079, "82": 0.5514929265995079, "83": 0.5514929265995079, "84": 0.5514929265995079, "85": 0.5514929265995079, "86": 0.5514929265995079, "87": 0.5514929265995079, "88": 0.5514929265995079, "89": 0.5514929265995079, "90": 0.5514929265995079, "91": 0.5514929265995079, "92": 0.5514929265995079, "93": 0.5514929265995079, "94": 0.5514929265995079, "95": 0.5514929265995079, "96": 0.5514929265995079, "97": 0.5514929265995079, "98": 0.5514929265995079, "99": 0.5514929265995079, "100": 0.5514929265995079}