{"0": 13.756195330337686, "1": 13.756195330337686, "2": 13.756195330337686, "3": 13.031886553783487, "4": 13.031886553783487, "5": 13.031886553783487, "6": 13.031886553783487, "7": 13.031886553783487, "8": 12.828287678857773, "9": 12.828287678857773, "10": 12.828287678857773, "11": 9.716925399156777, "12": 4.597538105453703, "13": 4.597538105453703, "14": 4.597538105453703, "15": 4.597538105453703, "16": 4.597538105453703, "17": 4.597538105453703, "18": 4.597538105453703, "19": 4.597538105453703, "20": 4.597538105453703, "21": 4.597538105453703, "22": 4.597538105453703, "23": 4.597538105453703, "24": 4.597538105453703, "25": 4.597538105453703, "26": 4.597538105453703, "27": 4.597538105453703, "28": 4.299485031025348, "29": 4.299485031025348, "30": 4.299485031025348, "31": 4.200604938012116, "32": 4.200604938012116, "33": 2.1710814378328998, "34": 2.1710814378328998, "35": 2.1710814378328998, "36": 2.1710814378328998, "37": 2.1710814378328998, "38": 2.1710814378328998, "39": 2.1710814378328998, "40": 2.1710814378328998, "41": 2.1710814378328998, "42": 2.1710814378328998, "43": 2.1710814378328998, "44": 2.1710814378328998, "45": 1.3952274350762792, "46": 1.3952274350762792, "47": 1.3952274350762792, "48": 1.3952274350762792, "49": 1.3952274350762792, "50": 1.3952274350762792, "51": 1.3952274350762792, "52": 1.3952274350762792, "53": 1.3952274350762792, "54": 1.3952274350762792, "55": 1.3952274350762792, "56": 1.3952274350762792, "57": 1.3952274350762792, "58": 1.3952274350762792, "59": 0.008538154432091716, "60": 0.008538154432091716, "61": 0.008538154432091716, "62": 0.008538154432091716, "63": 0.008538154432091716, "64": 0.008538154432091716, "65": 0.008538154432091716, "66": 0.008538154432091716, "67": 0.008538154432091716, "68": 0.008538154432091716, "69": 0.008538154432091716, "70": 0.008538154432091716, "71": 0.008538154432091716, "72": 0.008538154432091716, "73": 0.008538154432091716, "74": 0.008538154432091716, "75": 0.008538154432091716, "76": 0.008538154432091716, "77": 0.008538154432091716, "78": 0.008538154432091716, "79": 0.008538154432091716, "80": 0.008538154432091716, "81": 0.008538154432091716, "82": 0.008538154432091716, "83": 0.008538154432091716, "84": 0.008538154432091716, "85": 0.008538154432091716, "86": 0.008538154432091716, "87": 0.008538154432091716, "88": 0.008538154432091716, "89": 0.008538154432091716, "90": 0.008538154432091716, "91": 0.008538154432091716, "92": 0.008538154432091716, "93": 0.008538154432091716, "94": 0.008538154432091716, "95": 0.008538154432091716, "96": 0.008538154432091716, "97": 0.008538154432091716, "98": 0.008538154432091716, "99": 0.008538154432091716, "100": 0.008538154432091716}