{"0": 18.71068956194663, "1": 2.3663790770519384, "2": 2.3663790770519384, "3": 2.3663790770519384, "4": 2.3663790770519384, "5": 2.3663790770519384, "6": 2.3663790770519384, "7": 2.3663790770519384, "8": 2.3663790770519384, "9": 2.3663790770519384, "10": 2.117522718608029, "11": 2.117522718608029, "12": 1.4422320988497397, "13": 1.4422320988497397, "14": 1.4422320988497397, "15": 1.4422320988497397, "16": 1.4422320988497397, "17": 1.4422320988497397, "18": 1.4422320988497397, "19": 1.0331315005342852, "20": 1.0331315005342852, "21": 1.0331315005342852, "22": 1.0331315005342852, "23": 1.0331315005342852, "24": 1.0331315005342852, "25": 1.0331315005342852, "26": 1.0331315005342852, "27": 1.0331315005342852, "28": 1.0331315005342852, "29": 1.0331315005342852, "30": 1.0331315005342852, "31": 1.0331315005342852, "32": 1.0331315005342852, "33": 1.0331315005342852, "34": 0.45265937666115974, "35": 0.38520269406215135, "36": 0.38520269406215135, "37": 0.38520269406215135, "38": 0.38520269406215135, "39": 0.38520269406215135, "40": 0.38520269406215135, "41": 0.38520269406215135, "42": 0.38520269406215135, "43": 0.38520269406215135, "44": 0.38520269406215135, "45": 0.38520269406215135, "46": 0.38520269406215135, "47": 0.38520269406215135, "48": 0.38520269406215135, "49": 0.38520269406215135, "50": 0.38520269406215135, "51": 0.38520269406215135, "52": 0.38520269406215135, "53": 0.38520269406215135, "54": 0.38520269406215135, "55": 0.38520269406215135, "56": 0.38520269406215135, "57": 0.38520269406215135, "58": 0.38520269406215135, "59": 0.38520269406215135, "60": 0.38520269406215135, "61": 0.38520269406215135, "62": 0.38520269406215135, "63": 0.38520269406215135, "64": 0.38520269406215135, "65": 0.38520269406215135, "66": 0.38520269406215135, "67": 0.38520269406215135, "68": 0.38520269406215135, "69": 0.38520269406215135, "70": 0.38520269406215135, "71": 0.38520269406215135, "72": 0.38520269406215135, "73": 0.38520269406215135, "74": 0.38520269406215135, "75": 0.38520269406215135, "76": 0.38520269406215135, "77": 0.38520269406215135, "78": 0.38520269406215135, "79": 0.38520269406215135, "80": 0.38520269406215135, "81": 0.38520269406215135, "82": 0.38520269406215135, "83": 0.38520269406215135, "84": 0.38520269406215135, "85": 0.38520269406215135, "86": 0.38520269406215135, "87": 0.38520269406215135, "88": 0.38520269406215135, "89": 0.38520269406215135, "90": 0.38520269406215135, "91": 0.38520269406215135, "92": 0.38520269406215135, "93": 0.38520269406215135, "94": 0.38520269406215135, "95": 0.38520269406215135, "96": 0.38520269406215135, "97": 0.38520269406215135, "98": 0.38520269406215135, "99": 0.38520269406215135, "100": 0.38520269406215135}