{"0": 8.934000574562567, "1": 5.273746905512189, "2": 5.273746905512189, "3": 2.5100815197921413, "4": 2.5100815197921413, "5": 2.5100815197921413, "6": 2.5100815197921413, "7": 2.5100815197921413, "8": 2.5100815197921413, "9": 2.5100815197921413, "10": 2.5100815197921413, "11": 2.5100815197921413, "12": 2.5100815197921413, "13": 2.5100815197921413, "14": 2.5100815197921413, "15": 2.5100815197921413, "16": 2.5100815197921413, "17": 2.5100815197921413, "18": 1.5787895986567833, "19": 1.5787895986567833, "20": 1.5787895986567833, "21": 1.5787895986567833, "22": 1.5787895986567833, "23": 1.5787895986567833, "24": 1.5787895986567833, "25": 1.5787895986567833, "26": 1.5787895986567833, "27": 1.5787895986567833, "28": 1.5787895986567833, "29": 1.5787895986567833, "30": 0.6118831086329166, "31": 0.6118831086329166, "32": 0.6118831086329166, "33": 0.6118831086329166, "34": 0.6118831086329166, "35": 0.6118831086329166, "36": 0.6118831086329166, "37": 0.6118831086329166, "38": 0.6118831086329166, "39": 0.6118831086329166, "40": 0.6118831086329166, "41": 0.6118831086329166, "42": 0.6118831086329166, "43": 0.6118831086329166, "44": 0.6118831086329166, "45": 0.6118831086329166, "46": 0.6118831086329166, "47": 0.6118831086329166, "48": 0.6118831086329166, "49": 0.6118831086329166, "50": 0.6118831086329166, "51": 0.6118831086329166, "52": 0.6118831086329166, "53": 0.6118831086329166, "54": 0.6118831086329166, "55": 0.6118831086329166, "56": 0.6118831086329166, "57": 0.6118831086329166, "58": 0.6118831086329166, "59": 0.6118831086329166, "60": 0.6118831086329166, "61": 0.6118831086329166, "62": 0.6118831086329166, "63": 0.6118831086329166, "64": 0.6118831086329166, "65": 0.6118831086329166, "66": 0.6118831086329166, "67": 0.6118831086329166, "68": 0.6118831086329166, "69": 0.6118831086329166, "70": 0.6118831086329166, "71": 0.6118831086329166, "72": 0.6118831086329166, "73": 0.6118831086329166, "74": 0.6118831086329166, "75": 0.6118831086329166, "76": 0.6118831086329166, "77": 0.6118831086329166, "78": 0.6118831086329166, "79": 0.6118831086329166, "80": 0.6118831086329166, "81": 0.6118831086329166, "82": 0.6118831086329166, "83": 0.6118831086329166, "84": 0.6118831086329166, "85": 0.6118831086329166, "86": 0.6118831086329166, "87": 0.6118831086329166, "88": 0.6118831086329166, "89": 0.6118831086329166, "90": 0.6118831086329166, "91": 0.6118831086329166, "92": 0.6118831086329166, "93": 0.6118831086329166, "94": 0.6118831086329166, "95": 0.6118831086329166, "96": 0.6118831086329166, "97": 0.6118831086329166, "98": 0.6118831086329166, "99": 0.6118831086329166, "100": 0.6118831086329166}