{"0": 7.804619572137064, "1": 7.804619572137064, "2": 7.804619572137064, "3": 7.804619572137064, "4": 7.804619572137064, "5": 7.804619572137064, "6": 7.804619572137064, "7": 5.255060675398022, "8": 5.025690067771375, "9": 5.025690067771375, "10": 5.025690067771375, "11": 4.900988568039772, "12": 4.900988568039772, "13": 4.900988568039772, "14": 4.282833919456543, "15": 4.282833919456543, "16": 4.282833919456543, "17": 4.282833919456543, "18": 4.282833919456543, "19": 4.282833919456543, "20": 4.282833919456543, "21": 4.282833919456543, "22": 3.5966191752875147, "23": 3.0927326802595836, "24": 3.0927326802595836, "25": 3.0927326802595836, "26": 3.0927326802595836, "27": 3.0927326802595836, "28": 3.0927326802595836, "29": 3.0927326802595836, "30": 3.092562015658629, "31": 3.092562015658629, "32": 3.092562015658629, "33": 3.092562015658629, "34": 3.092562015658629, "35": 2.102028681255046, "36": 2.102028681255046, "37": 2.102028681255046, "38": 2.102028681255046, "39": 2.102028681255046, "40": 2.102028681255046, "41": 2.102028681255046, "42": 2.102028681255046, "43": 2.102028681255046, "44": 0.8717452424696575, "45": 0.8717452424696575, "46": 0.8717452424696575, "47": 0.8717452424696575, "48": 0.8717452424696575, "49": 0.8717452424696575, "50": 0.8717452424696575, "51": 0.8717452424696575, "52": 0.8717452424696575, "53": 0.8717452424696575, "54": 0.8717452424696575, "55": 0.8717452424696575, "56": 0.8717452424696575, "57": 0.8717452424696575, "58": 0.8717452424696575, "59": 0.8717452424696575, "60": 0.8717452424696575, "61": 0.8717452424696575, "62": 0.8717452424696575, "63": 0.8717452424696575, "64": 0.8717452424696575, "65": 0.8717452424696575, "66": 0.8717452424696575, "67": 0.8717452424696575, "68": 0.8717452424696575, "69": 0.8717452424696575, "70": 0.8717452424696575, "71": 0.12646616994265258, "72": 0.12646616994265258, "73": 0.12646616994265258, "74": 0.12646616994265258, "75": 0.12646616994265258, "76": 0.12646616994265258, "77": 0.12646616994265258, "78": 0.12646616994265258, "79": 0.12646616994265258, "80": 0.12646616994265258, "81": 0.12646616994265258, "82": 0.12646616994265258, "83": 0.12646616994265258, "84": 0.12646616994265258, "85": 0.12646616994265258, "86": 0.12646616994265258, "87": 0.12646616994265258, "88": 0.12646616994265258, "89": 0.12646616994265258, "90": 0.12646616994265258, "91": 0.12646616994265258, "92": 0.12646616994265258, "93": 0.12646616994265258, "94": 0.12646616994265258, "95": 0.12646616994265258, "96": 0.12646616994265258, "97": 0.12646616994265258, "98": 0.12646616994265258, "99": 0.12646616994265258, "100": 0.12646616994265258}