{"0": 38.46309005293496, "1": 16.61977683762705, "2": 16.61977683762705, "3": 3.732991243698663, "4": 3.732991243698663, "5": 3.732991243698663, "6": 3.732991243698663, "7": 3.732991243698663, "8": 3.732991243698663, "9": 3.732991243698663, "10": 3.732991243698663, "11": 0.1705866358740593, "12": 0.1705866358740593, "13": 0.1705866358740593, "14": 0.1705866358740593, "15": 0.1705866358740593, "16": 0.1705866358740593, "17": 0.1705866358740593, "18": 0.1705866358740593, "19": 0.1705866358740593, "20": 0.0073717929943555305, "21": 0.0073717929943555305, "22": 0.0073717929943555305, "23": 0.0073717929943555305, "24": 0.0073717929943555305, "25": 0.0073717929943555305, "26": 0.0073717929943555305, "27": 0.0073717929943555305, "28": 0.0073717929943555305, "29": 0.0073717929943555305, "30": 0.0073717929943555305, "31": 0.0073717929943555305, "32": 0.0073717929943555305, "33": 0.0073717929943555305, "34": 0.0073717929943555305, "35": 0.0073717929943555305, "36": 0.0073717929943555305, "37": 0.0073717929943555305, "38": 0.0073717929943555305, "39": 0.0073717929943555305, "40": 0.0073717929943555305, "41": 0.0073717929943555305, "42": 0.0073717929943555305, "43": 0.0073717929943555305, "44": 0.0073717929943555305, "45": 0.0073717929943555305, "46": 0.0073717929943555305, "47": 0.0073717929943555305, "48": 0.0073717929943555305, "49": 0.0073717929943555305, "50": 0.0073717929943555305, "51": 0.0073717929943555305, "52": 0.0073717929943555305, "53": 0.0073717929943555305, "54": 0.0073717929943555305, "55": 0.0073717929943555305, "56": 0.0073717929943555305, "57": 0.0073717929943555305, "58": 0.0073717929943555305, "59": 0.0073717929943555305, "60": 0.0073717929943555305, "61": 0.0073717929943555305, "62": 0.0073717929943555305, "63": 0.0073717929943555305, "64": 0.0073717929943555305, "65": 0.0073717929943555305, "66": 0.0073717929943555305, "67": 0.0073717929943555305, "68": 0.0073717929943555305, "69": 0.0073717929943555305, "70": 0.0073717929943555305, "71": 0.0073717929943555305, "72": 0.0073717929943555305, "73": 0.0073717929943555305, "74": 0.0073717929943555305, "75": 0.0073717929943555305, "76": 0.0073717929943555305, "77": 0.0073717929943555305, "78": 0.0073717929943555305, "79": 0.0073717929943555305, "80": 0.0073717929943555305, "81": 0.0073717929943555305, "82": 0.0073717929943555305, "83": 0.0073717929943555305, "84": 0.0073717929943555305, "85": 0.0073717929943555305, "86": 0.0073717929943555305, "87": 0.0073717929943555305, "88": 0.0073717929943555305, "89": 0.0073717929943555305, "90": 0.0073717929943555305, "91": 0.0073717929943555305, "92": 0.0073717929943555305, "93": 0.0073717929943555305, "94": 0.0073717929943555305, "95": 0.0073717929943555305, "96": 0.0073717929943555305, "97": 0.0073717929943555305, "98": 0.0073717929943555305, "99": 0.0073717929943555305, "100": 0.0073717929943555305}