{"0": 23.343402613956027, "1": 12.13783783451169, "2": 12.13783783451169, "3": 12.13783783451169, "4": 10.94957101614861, "5": 5.561692010750143, "6": 5.561692010750143, "7": 3.5484425456334243, "8": 3.5484425456334243, "9": 3.5484425456334243, "10": 3.5484425456334243, "11": 3.5484425456334243, "12": 3.5484425456334243, "13": 3.5484425456334243, "14": 2.6323564172716907, "15": 2.6323564172716907, "16": 2.6323564172716907, "17": 2.6323564172716907, "18": 2.102730986493892, "19": 2.102730986493892, "20": 0.2864727889619303, "21": 0.2864727889619303, "22": 0.2864727889619303, "23": 0.2864727889619303, "24": 0.2864727889619303, "25": 0.2864727889619303, "26": 0.2864727889619303, "27": 0.2864727889619303, "28": 0.2864727889619303, "29": 0.2864727889619303, "30": 0.2864727889619303, "31": 0.2864727889619303, "32": 0.2864727889619303, "33": 0.2864727889619303, "34": 0.2864727889619303, "35": 0.2864727889619303, "36": 0.2864727889619303, "37": 0.2864727889619303, "38": 0.2864727889619303, "39": 0.2864727889619303, "40": 0.2864727889619303, "41": 0.2864727889619303, "42": 0.2864727889619303, "43": 0.2864727889619303, "44": 0.2864727889619303, "45": 0.2864727889619303, "46": 0.2864727889619303, "47": 0.2864727889619303, "48": 0.2864727889619303, "49": 0.2864727889619303, "50": 0.2864727889619303, "51": 0.2864727889619303, "52": 0.2864727889619303, "53": 0.2864727889619303, "54": 0.2864727889619303, "55": 0.2864727889619303, "56": 0.2864727889619303, "57": 0.2864727889619303, "58": 0.2864727889619303, "59": 0.2864727889619303, "60": 0.2864727889619303, "61": 0.2864727889619303, "62": 0.2864727889619303, "63": 0.2864727889619303, "64": 0.2864727889619303, "65": 0.2864727889619303, "66": 0.2864727889619303, "67": 0.2864727889619303, "68": 0.2864727889619303, "69": 0.2864727889619303, "70": 0.2864727889619303, "71": 0.2864727889619303, "72": 0.2864727889619303, "73": 0.2864727889619303, "74": 0.2864727889619303, "75": 0.21570028169824695, "76": 0.21570028169824695, "77": 0.21570028169824695, "78": 0.21570028169824695, "79": 0.21570028169824695, "80": 0.21570028169824695, "81": 0.21570028169824695, "82": 0.21570028169824695, "83": 0.21570028169824695, "84": 0.21570028169824695, "85": 0.21570028169824695, "86": 0.21570028169824695, "87": 0.21570028169824695, "88": 0.21570028169824695, "89": 0.21570028169824695, "90": 0.21570028169824695, "91": 0.21570028169824695, "92": 0.21570028169824695, "93": 0.21570028169824695, "94": 0.21570028169824695, "95": 0.21570028169824695, "96": 0.21570028169824695, "97": 0.21570028169824695, "98": 0.21570028169824695, "99": 0.21570028169824695, "100": 0.21570028169824695}