{"0": 25.148875231748747, "1": 25.148875231748747, "2": 11.215063616506761, "3": 11.215063616506761, "4": 9.316823449406378, "5": 9.316823449406378, "6": 9.316823449406378, "7": 9.316823449406378, "8": 7.00119573466031, "9": 7.00119573466031, "10": 7.00119573466031, "11": 7.00119573466031, "12": 1.216157675981485, "13": 1.216157675981485, "14": 1.216157675981485, "15": 1.216157675981485, "16": 1.216157675981485, "17": 1.216157675981485, "18": 1.216157675981485, "19": 1.216157675981485, "20": 1.216157675981485, "21": 1.216157675981485, "22": 1.216157675981485, "23": 1.216157675981485, "24": 1.216157675981485, "25": 1.216157675981485, "26": 0.21309654748180407, "27": 0.21309654748180407, "28": 0.21309654748180407, "29": 0.21309654748180407, "30": 0.21309654748180407, "31": 0.21309654748180407, "32": 0.21309654748180407, "33": 0.21309654748180407, "34": 0.21309654748180407, "35": 0.21309654748180407, "36": 0.21309654748180407, "37": 0.21309654748180407, "38": 0.21309654748180407, "39": 0.21309654748180407, "40": 0.21309654748180407, "41": 0.21309654748180407, "42": 0.21309654748180407, "43": 0.21309654748180407, "44": 0.21309654748180407, "45": 0.21309654748180407, "46": 0.21309654748180407, "47": 0.21309654748180407, "48": 0.21309654748180407, "49": 0.21309654748180407, "50": 0.21309654748180407, "51": 0.21309654748180407, "52": 0.21309654748180407, "53": 0.21309654748180407, "54": 0.21309654748180407, "55": 0.21309654748180407, "56": 0.21309654748180407, "57": 0.21309654748180407, "58": 0.21309654748180407, "59": 0.21309654748180407, "60": 0.21309654748180407, "61": 0.21309654748180407, "62": 0.21309654748180407, "63": 0.21309654748180407, "64": 0.21309654748180407, "65": 0.21309654748180407, "66": 0.21309654748180407, "67": 0.21309654748180407, "68": 0.21309654748180407, "69": 0.21309654748180407, "70": 0.21309654748180407, "71": 0.21309654748180407, "72": 0.21309654748180407, "73": 0.21309654748180407, "74": 0.21309654748180407, "75": 0.21309654748180407, "76": 0.21309654748180407, "77": 0.21309654748180407, "78": 0.21309654748180407, "79": 0.21309654748180407, "80": 0.21309654748180407, "81": 0.21309654748180407, "82": 0.21309654748180407, "83": 0.21309654748180407, "84": 0.21309654748180407, "85": 0.21309654748180407, "86": 0.21309654748180407, "87": 0.21309654748180407, "88": 0.21309654748180407, "89": 0.21309654748180407, "90": 0.21309654748180407, "91": 0.21309654748180407, "92": 0.21309654748180407, "93": 0.21309654748180407, "94": 0.21309654748180407, "95": 0.21309654748180407, "96": 0.21309654748180407, "97": 0.21309654748180407, "98": 0.21309654748180407, "99": 0.21309654748180407, "100": 0.21309654748180407}