{"0": 13.63155873179778, "1": 7.3990475488387695, "2": 7.3990475488387695, "3": 7.3990475488387695, "4": 7.3990475488387695, "5": 7.3990475488387695, "6": 3.7669128204538964, "7": 1.5362224719782773, "8": 1.5362224719782773, "9": 1.5362224719782773, "10": 1.5362224719782773, "11": 1.3223501585406296, "12": 1.0418604296230285, "13": 1.0418604296230285, "14": 1.0418604296230285, "15": 1.0418604296230285, "16": 1.0418604296230285, "17": 1.0418604296230285, "18": 1.0418604296230285, "19": 1.0418604296230285, "20": 1.0418604296230285, "21": 1.0418604296230285, "22": 1.0418604296230285, "23": 1.0418604296230285, "24": 1.0418604296230285, "25": 1.0418604296230285, "26": 1.0418604296230285, "27": 1.0418604296230285, "28": 1.0418604296230285, "29": 1.0418604296230285, "30": 1.0418604296230285, "31": 1.0418604296230285, "32": 1.0418604296230285, "33": 1.0418604296230285, "34": 1.0418604296230285, "35": 1.0418604296230285, "36": 1.0418604296230285, "37": 1.0418604296230285, "38": 1.0418604296230285, "39": 1.0418604296230285, "40": 1.0418604296230285, "41": 1.0418604296230285, "42": 1.0418604296230285, "43": 1.0418604296230285, "44": 1.0418604296230285, "45": 1.0418604296230285, "46": 1.0418604296230285, "47": 1.0418604296230285, "48": 1.0418604296230285, "49": 1.0418604296230285, "50": 1.0418604296230285, "51": 1.0418604296230285, "52": 1.0418604296230285, "53": 1.0418604296230285, "54": 1.0418604296230285, "55": 1.0418604296230285, "56": 1.0418604296230285, "57": 1.0418604296230285, "58": 1.0418604296230285, "59": 1.0418604296230285, "60": 1.0418604296230285, "61": 1.0418604296230285, "62": 1.0418604296230285, "63": 1.0418604296230285, "64": 1.0418604296230285, "65": 1.0418604296230285, "66": 1.0418604296230285, "67": 1.0418604296230285, "68": 1.0418604296230285, "69": 1.0418604296230285, "70": 1.0418604296230285, "71": 1.0418604296230285, "72": 1.0418604296230285, "73": 1.0418604296230285, "74": 1.0418604296230285, "75": 1.0418604296230285, "76": 1.0418604296230285, "77": 1.0418604296230285, "78": 1.0418604296230285, "79": 1.0418604296230285, "80": 1.0418604296230285, "81": 1.0418604296230285, "82": 1.0418604296230285, "83": 1.0418604296230285, "84": 1.0418604296230285, "85": 1.0418604296230285, "86": 1.0418604296230285, "87": 1.0418604296230285, "88": 1.0418604296230285, "89": 1.0418604296230285, "90": 1.0418604296230285, "91": 1.0418604296230285, "92": 1.0418604296230285, "93": 1.0418604296230285, "94": 1.0418604296230285, "95": 1.0418604296230285, "96": 1.0418604296230285, "97": 1.0418604296230285, "98": 1.0418604296230285, "99": 1.0418604296230285, "100": 1.0418604296230285}