{"0": 9.719002648455392, "1": 9.537794727524803, "2": 9.537794727524803, "3": 9.537794727524803, "4": 4.129643331592549, "5": 4.129643331592549, "6": 2.975435225795337, "7": 2.975435225795337, "8": 2.975435225795337, "9": 2.9195801543250894, "10": 2.784024037716904, "11": 2.784024037716904, "12": 2.784024037716904, "13": 2.784024037716904, "14": 2.784024037716904, "15": 2.784024037716904, "16": 2.784024037716904, "17": 2.784024037716904, "18": 2.7445829567727955, "19": 2.7445829567727955, "20": 2.517012743252785, "21": 2.517012743252785, "22": 1.3574912538409016, "23": 1.335053354255649, "24": 1.335053354255649, "25": 1.335053354255649, "26": 1.335053354255649, "27": 1.335053354255649, "28": 1.335053354255649, "29": 1.335053354255649, "30": 1.335053354255649, "31": 1.335053354255649, "32": 1.335053354255649, "33": 1.335053354255649, "34": 1.335053354255649, "35": 1.335053354255649, "36": 1.335053354255649, "37": 1.335053354255649, "38": 1.335053354255649, "39": 1.335053354255649, "40": 1.335053354255649, "41": 1.335053354255649, "42": 1.335053354255649, "43": 1.335053354255649, "44": 1.335053354255649, "45": 1.335053354255649, "46": 1.335053354255649, "47": 1.335053354255649, "48": 1.335053354255649, "49": 1.335053354255649, "50": 1.335053354255649, "51": 1.335053354255649, "52": 1.335053354255649, "53": 1.335053354255649, "54": 0.28317369390699554, "55": 0.28317369390699554, "56": 0.28317369390699554, "57": 0.28317369390699554, "58": 0.28317369390699554, "59": 0.28317369390699554, "60": 0.28317369390699554, "61": 0.28317369390699554, "62": 0.28317369390699554, "63": 0.28317369390699554, "64": 0.28317369390699554, "65": 0.28317369390699554, "66": 0.28317369390699554, "67": 0.28317369390699554, "68": 0.28317369390699554, "69": 0.28317369390699554, "70": 0.28317369390699554, "71": 0.28317369390699554, "72": 0.28317369390699554, "73": 0.28317369390699554, "74": 0.28317369390699554, "75": 0.28317369390699554, "76": 0.28317369390699554, "77": 0.28317369390699554, "78": 0.28317369390699554, "79": 0.28317369390699554, "80": 0.28317369390699554, "81": 0.28317369390699554, "82": 0.28317369390699554, "83": 0.28317369390699554, "84": 0.28317369390699554, "85": 0.28317369390699554, "86": 0.28317369390699554, "87": 0.28317369390699554, "88": 0.28317369390699554, "89": 0.28317369390699554, "90": 0.28317369390699554, "91": 0.28317369390699554, "92": 0.28317369390699554, "93": 0.28317369390699554, "94": 0.28317369390699554, "95": 0.28317369390699554, "96": 0.28317369390699554, "97": 0.28317369390699554, "98": 0.28317369390699554, "99": 0.28317369390699554, "100": 0.28317369390699554}