{"0": 21.592299242736427, "1": 21.592299242736427, "2": 21.592299242736427, "3": 8.090129791343871, "4": 8.090129791343871, "5": 8.090129791343871, "6": 8.090129791343871, "7": 8.090129791343871, "8": 3.5065315141043385, "9": 3.4607444950516495, "10": 3.4607444950516495, "11": 3.4607444950516495, "12": 3.4607444950516495, "13": 2.5681627452368616, "14": 2.5681627452368616, "15": 2.5681627452368616, "16": 2.5681627452368616, "17": 2.5681627452368616, "18": 2.4516376175769494, "19": 2.4516376175769494, "20": 2.4516376175769494, "21": 2.4516376175769494, "22": 2.4516376175769494, "23": 2.4516376175769494, "24": 2.4516376175769494, "25": 2.4516376175769494, "26": 2.170080271129791, "27": 2.170080271129791, "28": 2.170080271129791, "29": 2.170080271129791, "30": 2.170080271129791, "31": 2.170080271129791, "32": 2.170080271129791, "33": 2.170080271129791, "34": 2.170080271129791, "35": 2.170080271129791, "36": 2.170080271129791, "37": 2.170080271129791, "38": 2.170080271129791, "39": 2.170080271129791, "40": 2.170080271129791, "41": 2.170080271129791, "42": 2.170080271129791, "43": 2.170080271129791, "44": 2.170080271129791, "45": 2.170080271129791, "46": 2.170080271129791, "47": 2.170080271129791, "48": 2.170080271129791, "49": 2.170080271129791, "50": 2.170080271129791, "51": 2.170080271129791, "52": 2.170080271129791, "53": 2.170080271129791, "54": 2.170080271129791, "55": 2.170080271129791, "56": 2.170080271129791, "57": 2.170080271129791, "58": 2.170080271129791, "59": 2.170080271129791, "60": 2.170080271129791, "61": 2.170080271129791, "62": 2.170080271129791, "63": 2.170080271129791, "64": 2.170080271129791, "65": 2.170080271129791, "66": 2.170080271129791, "67": 2.170080271129791, "68": 2.170080271129791, "69": 2.170080271129791, "70": 2.170080271129791, "71": 2.170080271129791, "72": 2.170080271129791, "73": 2.170080271129791, "74": 2.170080271129791, "75": 2.170080271129791, "76": 2.170080271129791, "77": 2.170080271129791, "78": 2.170080271129791, "79": 2.170080271129791, "80": 2.170080271129791, "81": 2.170080271129791, "82": 2.170080271129791, "83": 2.170080271129791, "84": 2.170080271129791, "85": 2.170080271129791, "86": 2.170080271129791, "87": 2.170080271129791, "88": 2.170080271129791, "89": 2.170080271129791, "90": 2.170080271129791, "91": 2.170080271129791, "92": 2.170080271129791, "93": 2.170080271129791, "94": 2.170080271129791, "95": 2.170080271129791, "96": 2.170080271129791, "97": 2.170080271129791, "98": 2.170080271129791, "99": 2.170080271129791, "100": 2.170080271129791}