{"0": 24.76874089517371, "1": 24.76874089517371, "2": 16.22632691993112, "3": 8.964967730525371, "4": 8.964967730525371, "5": 8.964967730525371, "6": 8.964967730525371, "7": 5.142255174904468, "8": 2.0391331076757204, "9": 2.0391331076757204, "10": 2.0391331076757204, "11": 2.0391331076757204, "12": 2.0391331076757204, "13": 1.6138048008161086, "14": 1.6138048008161086, "15": 1.6138048008161086, "16": 1.2644337202906542, "17": 1.2644337202906542, "18": 1.2644337202906542, "19": 1.2644337202906542, "20": 1.2644337202906542, "21": 0.11627878272128811, "22": 0.11627878272128811, "23": 0.11627878272128811, "24": 0.11627878272128811, "25": 0.11627878272128811, "26": 0.11627878272128811, "27": 0.11627878272128811, "28": 0.11627878272128811, "29": 0.11627878272128811, "30": 0.08187556265649931, "31": 0.08187556265649931, "32": 0.08187556265649931, "33": 0.08187556265649931, "34": 0.08187556265649931, "35": 0.08187556265649931, "36": 0.08187556265649931, "37": 0.08187556265649931, "38": 0.08187556265649931, "39": 0.08187556265649931, "40": 0.08187556265649931, "41": 0.08187556265649931, "42": 0.08187556265649931, "43": 0.08187556265649931, "44": 0.08187556265649931, "45": 0.08187556265649931, "46": 0.08187556265649931, "47": 0.08187556265649931, "48": 0.08187556265649931, "49": 0.08187556265649931, "50": 0.08187556265649931, "51": 0.08187556265649931, "52": 0.08187556265649931, "53": 0.08187556265649931, "54": 0.08187556265649931, "55": 0.08187556265649931, "56": 0.08187556265649931, "57": 0.08187556265649931, "58": 0.08187556265649931, "59": 0.08187556265649931, "60": 0.08187556265649931, "61": 0.08187556265649931, "62": 0.08187556265649931, "63": 0.08187556265649931, "64": 0.08187556265649931, "65": 0.08187556265649931, "66": 0.08187556265649931, "67": 0.08187556265649931, "68": 0.08187556265649931, "69": 0.08187556265649931, "70": 0.08187556265649931, "71": 0.08187556265649931, "72": 0.08187556265649931, "73": 0.08187556265649931, "74": 0.08187556265649931, "75": 0.08187556265649931, "76": 0.08187556265649931, "77": 0.08187556265649931, "78": 0.08187556265649931, "79": 0.08187556265649931, "80": 0.08187556265649931, "81": 0.08187556265649931, "82": 0.08187556265649931, "83": 0.08187556265649931, "84": 0.08187556265649931, "85": 0.08187556265649931, "86": 0.08187556265649931, "87": 0.08187556265649931, "88": 0.08187556265649931, "89": 0.08187556265649931, "90": 0.08187556265649931, "91": 0.08187556265649931, "92": 0.08187556265649931, "93": 0.08187556265649931, "94": 0.08187556265649931, "95": 0.08187556265649931, "96": 0.08187556265649931, "97": 0.08187556265649931, "98": 0.08187556265649931, "99": 0.08187556265649931, "100": 0.08187556265649931}