{"0": 15.723884850463135, "1": 11.068332866244239, "2": 11.068332866244239, "3": 11.068332866244239, "4": 11.068332866244239, "5": 5.695002346052721, "6": 5.695002346052721, "7": 5.695002346052721, "8": 5.695002346052721, "9": 5.695002346052721, "10": 4.080598444719232, "11": 4.080598444719232, "12": 4.080598444719232, "13": 4.080598444719232, "14": 4.080598444719232, "15": 2.54791996099571, "16": 2.54791996099571, "17": 2.54791996099571, "18": 2.54791996099571, "19": 2.54791996099571, "20": 1.4578061790483048, "21": 1.4578061790483048, "22": 1.0530749190438264, "23": 1.0530749190438264, "24": 1.0530749190438264, "25": 1.0530749190438264, "26": 1.0530749190438264, "27": 1.0530749190438264, "28": 1.0530749190438264, "29": 1.0530749190438264, "30": 1.0530749190438264, "31": 1.0530749190438264, "32": 1.0530749190438264, "33": 1.0530749190438264, "34": 1.0530749190438264, "35": 1.0530749190438264, "36": 1.0530749190438264, "37": 1.0530749190438264, "38": 1.0530749190438264, "39": 1.0530749190438264, "40": 1.0530749190438264, "41": 1.0530749190438264, "42": 1.0530749190438264, "43": 1.0530749190438264, "44": 1.0530749190438264, "45": 1.0530749190438264, "46": 1.0530749190438264, "47": 1.0530749190438264, "48": 1.0530749190438264, "49": 1.0530749190438264, "50": 1.0530749190438264, "51": 1.0530749190438264, "52": 1.0530749190438264, "53": 1.0530749190438264, "54": 1.0530749190438264, "55": 1.0530749190438264, "56": 1.0530749190438264, "57": 1.0530749190438264, "58": 1.0530749190438264, "59": 1.0530749190438264, "60": 1.0530749190438264, "61": 1.0530749190438264, "62": 1.0530749190438264, "63": 1.0530749190438264, "64": 1.0530749190438264, "65": 1.0530749190438264, "66": 1.0530749190438264, "67": 1.0530749190438264, "68": 1.0530749190438264, "69": 1.0530749190438264, "70": 1.0530749190438264, "71": 1.0530749190438264, "72": 1.0530749190438264, "73": 1.0530749190438264, "74": 1.0530749190438264, "75": 1.0530749190438264, "76": 1.0530749190438264, "77": 1.0530749190438264, "78": 1.0530749190438264, "79": 1.0530749190438264, "80": 1.0530749190438264, "81": 1.0530749190438264, "82": 1.0530749190438264, "83": 1.0530749190438264, "84": 1.0530749190438264, "85": 1.0530749190438264, "86": 1.0530749190438264, "87": 1.0530749190438264, "88": 1.0530749190438264, "89": 1.0530749190438264, "90": 1.0530749190438264, "91": 1.0530749190438264, "92": 1.0530749190438264, "93": 1.0530749190438264, "94": 1.0530749190438264, "95": 1.0530749190438264, "96": 1.0530749190438264, "97": 1.0530749190438264, "98": 1.0530749190438264, "99": 1.0530749190438264, "100": 1.0530749190438264}