{"0": 6.454006148349986, "1": 6.454006148349986, "2": 6.454006148349986, "3": 6.454006148349986, "4": 6.454006148349986, "5": 6.454006148349986, "6": 6.454006148349986, "7": 6.454006148349986, "8": 6.454006148349986, "9": 5.693394833197814, "10": 0.09894429202283561, "11": 0.09894429202283561, "12": 0.09894429202283561, "13": 0.09894429202283561, "14": 0.09894429202283561, "15": 0.09894429202283561, "16": 0.09894429202283561, "17": 0.09894429202283561, "18": 0.09894429202283561, "19": 0.09894429202283561, "20": 0.09894429202283561, "21": 0.09894429202283561, "22": 0.09894429202283561, "23": 0.09894429202283561, "24": 0.09894429202283561, "25": 0.09894429202283561, "26": 0.09894429202283561, "27": 0.09894429202283561, "28": 0.09894429202283561, "29": 0.09894429202283561, "30": 0.09894429202283561, "31": 0.09894429202283561, "32": 0.09894429202283561, "33": 0.09894429202283561, "34": 0.09894429202283561, "35": 0.09894429202283561, "36": 0.09894429202283561, "37": 0.09894429202283561, "38": 0.09894429202283561, "39": 0.09894429202283561, "40": 0.09894429202283561, "41": 0.09894429202283561, "42": 0.09894429202283561, "43": 0.09894429202283561, "44": 0.09894429202283561, "45": 0.09894429202283561, "46": 0.09894429202283561, "47": 0.09894429202283561, "48": 0.09894429202283561, "49": 0.09894429202283561, "50": 0.09894429202283561, "51": 0.09894429202283561, "52": 0.09894429202283561, "53": 0.09894429202283561, "54": 0.09894429202283561, "55": 0.09894429202283561, "56": 0.09894429202283561, "57": 0.09894429202283561, "58": 0.09894429202283561, "59": 0.09894429202283561, "60": 0.09894429202283561, "61": 0.09894429202283561, "62": 0.09894429202283561, "63": 0.09894429202283561, "64": 0.09894429202283561, "65": 0.09894429202283561, "66": 0.09894429202283561, "67": 0.09894429202283561, "68": 0.09894429202283561, "69": 0.09894429202283561, "70": 0.09894429202283561, "71": 0.09894429202283561, "72": 0.09894429202283561, "73": 0.09894429202283561, "74": 0.09894429202283561, "75": 0.09894429202283561, "76": 0.09894429202283561, "77": 0.09894429202283561, "78": 0.09894429202283561, "79": 0.09894429202283561, "80": 0.09894429202283561, "81": 0.09894429202283561, "82": 0.09894429202283561, "83": 0.09894429202283561, "84": 0.09894429202283561, "85": 0.09894429202283561, "86": 0.09894429202283561, "87": 0.09894429202283561, "88": 0.09894429202283561, "89": 0.09894429202283561, "90": 0.09894429202283561, "91": 0.09894429202283561, "92": 0.09894429202283561, "93": 0.09894429202283561, "94": 0.09894429202283561, "95": 0.09894429202283561, "96": 0.09894429202283561, "97": 0.09894429202283561, "98": 0.09894429202283561, "99": 0.09894429202283561, "100": 0.09894429202283561}