{"0": 25.80949059307148, "1": 5.68369851737935, "2": 5.68369851737935, "3": 5.68369851737935, "4": 5.68369851737935, "5": 5.68369851737935, "6": 5.68369851737935, "7": 5.34062063263093, "8": 3.5038849463693538, "9": 3.5038849463693538, "10": 2.33050105045384, "11": 2.33050105045384, "12": 2.33050105045384, "13": 2.33050105045384, "14": 2.33050105045384, "15": 2.33050105045384, "16": 2.33050105045384, "17": 2.33050105045384, "18": 2.33050105045384, "19": 2.2443614134253878, "20": 2.2443614134253878, "21": 2.2443614134253878, "22": 2.2443614134253878, "23": 2.2443614134253878, "24": 2.2443614134253878, "25": 2.2443614134253878, "26": 2.2443614134253878, "27": 2.2443614134253878, "28": 2.2443614134253878, "29": 2.2443614134253878, "30": 2.2443614134253878, "31": 2.2443614134253878, "32": 2.2443614134253878, "33": 2.2443614134253878, "34": 2.2443614134253878, "35": 2.1811300666147844, "36": 2.1811300666147844, "37": 2.1811300666147844, "38": 2.1811300666147844, "39": 2.1811300666147844, "40": 2.029239675805183, "41": 2.029239675805183, "42": 1.903913474806025, "43": 1.903913474806025, "44": 1.903913474806025, "45": 1.903913474806025, "46": 1.903913474806025, "47": 1.903913474806025, "48": 1.903913474806025, "49": 1.903913474806025, "50": 1.903913474806025, "51": 1.903913474806025, "52": 1.903913474806025, "53": 1.903913474806025, "54": 1.903913474806025, "55": 1.903913474806025, "56": 1.903913474806025, "57": 1.903913474806025, "58": 1.903913474806025, "59": 1.903913474806025, "60": 1.903913474806025, "61": 1.903913474806025, "62": 1.903913474806025, "63": 1.903913474806025, "64": 1.903913474806025, "65": 1.903913474806025, "66": 1.903913474806025, "67": 1.903913474806025, "68": 1.903913474806025, "69": 1.903913474806025, "70": 1.903913474806025, "71": 1.903913474806025, "72": 0.5899573241143727, "73": 0.5899573241143727, "74": 0.5899573241143727, "75": 0.5899573241143727, "76": 0.5899573241143727, "77": 0.5899573241143727, "78": 0.5899573241143727, "79": 0.5899573241143727, "80": 0.5899573241143727, "81": 0.5899573241143727, "82": 0.5899573241143727, "83": 0.5899573241143727, "84": 0.5899573241143727, "85": 0.5899573241143727, "86": 0.5899573241143727, "87": 0.5899573241143727, "88": 0.5899573241143727, "89": 0.5899573241143727, "90": 0.5899573241143727, "91": 0.5899573241143727, "92": 0.5899573241143727, "93": 0.5899573241143727, "94": 0.5899573241143727, "95": 0.5899573241143727, "96": 0.5899573241143727, "97": 0.5899573241143727, "98": 0.5899573241143727, "99": 0.5899573241143727, "100": 0.5899573241143727}