{"0": 10.747387839336483, "1": 10.747387839336483, "2": 4.3468295503173255, "3": 4.3468295503173255, "4": 3.6377993990353197, "5": 3.6377993990353197, "6": 3.5419716272985227, "7": 0.7840548443241389, "8": 0.7840548443241389, "9": 0.7840548443241389, "10": 0.7840548443241389, "11": 0.7840548443241389, "12": 0.7840548443241389, "13": 0.7840548443241389, "14": 0.7840548443241389, "15": 0.7840548443241389, "16": 0.7840548443241389, "17": 0.7840548443241389, "18": 0.7840548443241389, "19": 0.7840548443241389, "20": 0.7840548443241389, "21": 0.7840548443241389, "22": 0.7840548443241389, "23": 0.7840548443241389, "24": 0.7840548443241389, "25": 0.7840548443241389, "26": 0.7840548443241389, "27": 0.7840548443241389, "28": 0.7840548443241389, "29": 0.7840548443241389, "30": 0.7840548443241389, "31": 0.7840548443241389, "32": 0.7840548443241389, "33": 0.7840548443241389, "34": 0.7840548443241389, "35": 0.7840548443241389, "36": 0.7840548443241389, "37": 0.7840548443241389, "38": 0.7840548443241389, "39": 0.7840548443241389, "40": 0.7840548443241389, "41": 0.7840548443241389, "42": 0.7840548443241389, "43": 0.7840548443241389, "44": 0.7840548443241389, "45": 0.7840548443241389, "46": 0.7840548443241389, "47": 0.7840548443241389, "48": 0.7840548443241389, "49": 0.7840548443241389, "50": 0.7840548443241389, "51": 0.7840548443241389, "52": 0.7840548443241389, "53": 0.7840548443241389, "54": 0.7840548443241389, "55": 0.7840548443241389, "56": 0.7840548443241389, "57": 0.7840548443241389, "58": 0.7840548443241389, "59": 0.7840548443241389, "60": 0.7840548443241389, "61": 0.7840548443241389, "62": 0.7840548443241389, "63": 0.7840548443241389, "64": 0.7840548443241389, "65": 0.7840548443241389, "66": 0.7840548443241389, "67": 0.7840548443241389, "68": 0.7840548443241389, "69": 0.7840548443241389, "70": 0.7840548443241389, "71": 0.7840548443241389, "72": 0.7840548443241389, "73": 0.7840548443241389, "74": 0.7840548443241389, "75": 0.7840548443241389, "76": 0.7840548443241389, "77": 0.7840548443241389, "78": 0.7840548443241389, "79": 0.7840548443241389, "80": 0.7840548443241389, "81": 0.7840548443241389, "82": 0.7840548443241389, "83": 0.7840548443241389, "84": 0.7840548443241389, "85": 0.7840548443241389, "86": 0.7840548443241389, "87": 0.7840548443241389, "88": 0.7840548443241389, "89": 0.7840548443241389, "90": 0.7840548443241389, "91": 0.7840548443241389, "92": 0.7840548443241389, "93": 0.7840548443241389, "94": 0.7840548443241389, "95": 0.7840548443241389, "96": 0.7840548443241389, "97": 0.7840548443241389, "98": 0.7840548443241389, "99": 0.7840548443241389, "100": 0.7840548443241389}