{"0": 5.9560060554778484, "1": 5.9560060554778484, "2": 5.9560060554778484, "3": 2.4792476918279682, "4": 2.4792476918279682, "5": 2.4792476918279682, "6": 2.4792476918279682, "7": 1.5401256225323223, "8": 1.5401256225323223, "9": 1.5401256225323223, "10": 1.5401256225323223, "11": 1.4803639295095934, "12": 0.25807986779604875, "13": 0.25807986779604875, "14": 0.25807986779604875, "15": 0.25807986779604875, "16": 0.25807986779604875, "17": 0.21046931301086858, "18": 0.21046931301086858, "19": 0.21046931301086858, "20": 0.21046931301086858, "21": 0.21046931301086858, "22": 0.21046931301086858, "23": 0.21046931301086858, "24": 0.21046931301086858, "25": 0.21046931301086858, "26": 0.21046931301086858, "27": 0.21046931301086858, "28": 0.21046931301086858, "29": 0.21046931301086858, "30": 0.21046931301086858, "31": 0.21046931301086858, "32": 0.21046931301086858, "33": 0.21046931301086858, "34": 0.21046931301086858, "35": 0.21046931301086858, "36": 0.21046931301086858, "37": 0.21046931301086858, "38": 0.21046931301086858, "39": 0.21046931301086858, "40": 0.21046931301086858, "41": 0.21046931301086858, "42": 0.21046931301086858, "43": 0.21046931301086858, "44": 0.21046931301086858, "45": 0.21046931301086858, "46": 0.21046931301086858, "47": 0.21046931301086858, "48": 0.21046931301086858, "49": 0.21046931301086858, "50": 0.21046931301086858, "51": 0.21046931301086858, "52": 0.21046931301086858, "53": 0.21046931301086858, "54": 0.21046931301086858, "55": 0.21046931301086858, "56": 0.21046931301086858, "57": 0.21046931301086858, "58": 0.21046931301086858, "59": 0.21046931301086858, "60": 0.21046931301086858, "61": 0.21046931301086858, "62": 0.21046931301086858, "63": 0.21046931301086858, "64": 0.21046931301086858, "65": 0.21046931301086858, "66": 0.21046931301086858, "67": 0.21046931301086858, "68": 0.21046931301086858, "69": 0.21046931301086858, "70": 0.134471753120593, "71": 0.134471753120593, "72": 0.134471753120593, "73": 0.134471753120593, "74": 0.134471753120593, "75": 0.134471753120593, "76": 0.134471753120593, "77": 0.134471753120593, "78": 0.134471753120593, "79": 0.134471753120593, "80": 0.134471753120593, "81": 0.134471753120593, "82": 0.134471753120593, "83": 0.134471753120593, "84": 0.134471753120593, "85": 0.134471753120593, "86": 0.134471753120593, "87": 0.134471753120593, "88": 0.134471753120593, "89": 0.134471753120593, "90": 0.134471753120593, "91": 0.134471753120593, "92": 0.134471753120593, "93": 0.134471753120593, "94": 0.134471753120593, "95": 0.134471753120593, "96": 0.134471753120593, "97": 0.134471753120593, "98": 0.134471753120593, "99": 0.134471753120593, "100": 0.134471753120593}