{"0": 17.18355393811425, "1": 17.18355393811425, "2": 17.18355393811425, "3": 10.37700384520907, "4": 10.37700384520907, "5": 10.37700384520907, "6": 7.621861642455823, "7": 7.44518394460707, "8": 2.0423766264840353, "9": 2.0423766264840353, "10": 2.0423766264840353, "11": 2.0423766264840353, "12": 2.0423766264840353, "13": 2.0423766264840353, "14": 2.0423766264840353, "15": 2.0423766264840353, "16": 2.0423766264840353, "17": 2.0423766264840353, "18": 2.0423766264840353, "19": 2.0423766264840353, "20": 2.0423766264840353, "21": 2.0423766264840353, "22": 2.0423766264840353, "23": 2.0423766264840353, "24": 2.0423766264840353, "25": 2.0423766264840353, "26": 2.0423766264840353, "27": 2.0423766264840353, "28": 1.729443573466476, "29": 1.729443573466476, "30": 1.729443573466476, "31": 1.729443573466476, "32": 1.729443573466476, "33": 1.729443573466476, "34": 1.729443573466476, "35": 1.729443573466476, "36": 1.729443573466476, "37": 1.729443573466476, "38": 1.729443573466476, "39": 1.1294008248262273, "40": 1.1294008248262273, "41": 1.1294008248262273, "42": 1.1294008248262273, "43": 1.1294008248262273, "44": 1.1294008248262273, "45": 1.1294008248262273, "46": 1.1294008248262273, "47": 1.1294008248262273, "48": 1.1294008248262273, "49": 0.42816868463939883, "50": 0.42816868463939883, "51": 0.42816868463939883, "52": 0.42816868463939883, "53": 0.42816868463939883, "54": 0.42816868463939883, "55": 0.42816868463939883, "56": 0.42816868463939883, "57": 0.42816868463939883, "58": 0.42816868463939883, "59": 0.42816868463939883, "60": 0.42816868463939883, "61": 0.42816868463939883, "62": 0.42816868463939883, "63": 0.42816868463939883, "64": 0.42816868463939883, "65": 0.42816868463939883, "66": 0.42816868463939883, "67": 0.42816868463939883, "68": 0.42816868463939883, "69": 0.42816868463939883, "70": 0.42816868463939883, "71": 0.42816868463939883, "72": 0.42816868463939883, "73": 0.42816868463939883, "74": 0.42816868463939883, "75": 0.42816868463939883, "76": 0.42816868463939883, "77": 0.42816868463939883, "78": 0.42816868463939883, "79": 0.42816868463939883, "80": 0.42816868463939883, "81": 0.42816868463939883, "82": 0.42816868463939883, "83": 0.42816868463939883, "84": 0.42816868463939883, "85": 0.42816868463939883, "86": 0.42816868463939883, "87": 0.42816868463939883, "88": 0.42816868463939883, "89": 0.42816868463939883, "90": 0.42816868463939883, "91": 0.42816868463939883, "92": 0.42816868463939883, "93": 0.42816868463939883, "94": 0.42816868463939883, "95": 0.42816868463939883, "96": 0.42816868463939883, "97": 0.42816868463939883, "98": 0.42816868463939883, "99": 0.42816868463939883, "100": 0.42816868463939883}