{"0": 17.42855322636414, "1": 17.42855322636414, "2": 12.662645359130433, "3": 12.662645359130433, "4": 9.546207663149477, "5": 9.546207663149477, "6": 9.546207663149477, "7": 3.8807640862795125, "8": 3.8807640862795125, "9": 3.8807640862795125, "10": 3.8807640862795125, "11": 3.8807640862795125, "12": 3.8807640862795125, "13": 3.8807640862795125, "14": 3.8807640862795125, "15": 1.3731206965587006, "16": 1.3731206965587006, "17": 1.3731206965587006, "18": 1.3731206965587006, "19": 1.3731206965587006, "20": 1.3731206965587006, "21": 1.3731206965587006, "22": 1.3731206965587006, "23": 1.3731206965587006, "24": 1.3731206965587006, "25": 1.2888809231135703, "26": 1.2888809231135703, "27": 1.2888809231135703, "28": 1.2888809231135703, "29": 1.2888809231135703, "30": 1.2888809231135703, "31": 1.2888809231135703, "32": 1.2888809231135703, "33": 1.2888809231135703, "34": 1.2888809231135703, "35": 1.2888809231135703, "36": 1.2888809231135703, "37": 1.2888809231135703, "38": 1.2888809231135703, "39": 1.2888809231135703, "40": 1.2888809231135703, "41": 1.2888809231135703, "42": 1.2888809231135703, "43": 1.2888809231135703, "44": 1.2888809231135703, "45": 1.2888809231135703, "46": 1.2888809231135703, "47": 1.2888809231135703, "48": 1.2888809231135703, "49": 1.2888809231135703, "50": 1.2888809231135703, "51": 1.2888809231135703, "52": 1.2888809231135703, "53": 1.2888809231135703, "54": 1.2888809231135703, "55": 1.2888809231135703, "56": 1.2888809231135703, "57": 1.2888809231135703, "58": 1.2888809231135703, "59": 1.2888809231135703, "60": 1.2888809231135703, "61": 1.2888809231135703, "62": 1.2888809231135703, "63": 1.2888809231135703, "64": 1.2888809231135703, "65": 1.2888809231135703, "66": 1.2888809231135703, "67": 1.2888809231135703, "68": 1.2888809231135703, "69": 1.2888809231135703, "70": 1.2888809231135703, "71": 1.2888809231135703, "72": 1.2888809231135703, "73": 1.2888809231135703, "74": 1.2888809231135703, "75": 1.2888809231135703, "76": 1.2888809231135703, "77": 1.2888809231135703, "78": 1.2888809231135703, "79": 1.2888809231135703, "80": 1.2888809231135703, "81": 1.2888809231135703, "82": 1.2888809231135703, "83": 1.2888809231135703, "84": 1.2888809231135703, "85": 1.2888809231135703, "86": 1.2888809231135703, "87": 1.2888809231135703, "88": 1.2888809231135703, "89": 1.2888809231135703, "90": 1.2888809231135703, "91": 1.2888809231135703, "92": 1.2888809231135703, "93": 1.2888809231135703, "94": 1.2888809231135703, "95": 1.2888809231135703, "96": 1.2888809231135703, "97": 1.2888809231135703, "98": 1.2888809231135703, "99": 1.2888809231135703, "100": 1.2888809231135703}