{"0": 15.313418567976342, "1": 13.845344708255594, "2": 13.845344708255594, "3": 1.8460173910043238, "4": 1.8460173910043238, "5": 1.8460173910043238, "6": 1.8460173910043238, "7": 1.8460173910043238, "8": 1.8460173910043238, "9": 1.8460173910043238, "10": 1.6675115240683311, "11": 1.6675115240683311, "12": 1.6675115240683311, "13": 1.6675115240683311, "14": 1.6675115240683311, "15": 1.6675115240683311, "16": 1.6675115240683311, "17": 1.6675115240683311, "18": 1.160673940084994, "19": 1.160673940084994, "20": 1.160673940084994, "21": 1.160673940084994, "22": 1.160673940084994, "23": 1.160673940084994, "24": 1.160673940084994, "25": 1.160673940084994, "26": 1.160673940084994, "27": 1.160673940084994, "28": 1.160673940084994, "29": 1.160673940084994, "30": 1.160673940084994, "31": 0.21952226553523602, "32": 0.21952226553523602, "33": 0.21952226553523602, "34": 0.21952226553523602, "35": 0.21952226553523602, "36": 0.21952226553523602, "37": 0.21952226553523602, "38": 0.21952226553523602, "39": 0.21952226553523602, "40": 0.21952226553523602, "41": 0.21952226553523602, "42": 0.21952226553523602, "43": 0.21952226553523602, "44": 0.21952226553523602, "45": 0.21952226553523602, "46": 0.21952226553523602, "47": 0.21952226553523602, "48": 0.21952226553523602, "49": 0.21952226553523602, "50": 0.21952226553523602, "51": 0.21952226553523602, "52": 0.21952226553523602, "53": 0.21952226553523602, "54": 0.21952226553523602, "55": 0.21952226553523602, "56": 0.21952226553523602, "57": 0.21952226553523602, "58": 0.21952226553523602, "59": 0.21952226553523602, "60": 0.21952226553523602, "61": 0.21952226553523602, "62": 0.21952226553523602, "63": 0.21952226553523602, "64": 0.21952226553523602, "65": 0.21952226553523602, "66": 0.21952226553523602, "67": 0.21952226553523602, "68": 0.21952226553523602, "69": 0.21952226553523602, "70": 0.21952226553523602, "71": 0.21952226553523602, "72": 0.21952226553523602, "73": 0.21952226553523602, "74": 0.21952226553523602, "75": 0.21952226553523602, "76": 0.21952226553523602, "77": 0.21952226553523602, "78": 0.21952226553523602, "79": 0.21952226553523602, "80": 0.21952226553523602, "81": 0.21952226553523602, "82": 0.21952226553523602, "83": 0.21952226553523602, "84": 0.21952226553523602, "85": 0.21952226553523602, "86": 0.21952226553523602, "87": 0.21952226553523602, "88": 0.21952226553523602, "89": 0.21952226553523602, "90": 0.21952226553523602, "91": 0.21952226553523602, "92": 0.21952226553523602, "93": 0.21952226553523602, "94": 0.21952226553523602, "95": 0.21952226553523602, "96": 0.21952226553523602, "97": 0.21952226553523602, "98": 0.21952226553523602, "99": 0.21952226553523602, "100": 0.21952226553523602}