{"0": 8.490452046051235, "1": 8.490452046051235, "2": 8.490452046051235, "3": 8.490452046051235, "4": 6.614613345244862, "5": 6.614613345244862, "6": 6.614613345244862, "7": 6.614613345244862, "8": 6.614613345244862, "9": 6.614613345244862, "10": 6.614613345244862, "11": 6.487930700137081, "12": 6.487930700137081, "13": 6.487930700137081, "14": 6.487930700137081, "15": 4.489002936864797, "16": 4.489002936864797, "17": 4.489002936864797, "18": 4.489002936864797, "19": 4.489002936864797, "20": 3.984778319267935, "21": 3.984778319267935, "22": 3.984778319267935, "23": 3.984778319267935, "24": 3.984778319267935, "25": 3.984778319267935, "26": 3.984778319267935, "27": 3.984778319267935, "28": 3.984778319267935, "29": 3.984778319267935, "30": 3.984778319267935, "31": 3.984778319267935, "32": 3.78006671470877, "33": 3.78006671470877, "34": 3.78006671470877, "35": 3.78006671470877, "36": 3.78006671470877, "37": 3.78006671470877, "38": 3.78006671470877, "39": 3.78006671470877, "40": 3.78006671470877, "41": 3.78006671470877, "42": 3.78006671470877, "43": 3.78006671470877, "44": 3.78006671470877, "45": 3.78006671470877, "46": 3.78006671470877, "47": 3.78006671470877, "48": 3.78006671470877, "49": 3.78006671470877, "50": 3.78006671470877, "51": 3.78006671470877, "52": 3.78006671470877, "53": 3.78006671470877, "54": 3.78006671470877, "55": 3.78006671470877, "56": 3.592886754283775, "57": 3.592886754283775, "58": 3.592886754283775, "59": 3.592886754283775, "60": 3.592886754283775, "61": 3.592886754283775, "62": 3.592886754283775, "63": 3.592886754283775, "64": 3.592886754283775, "65": 3.592886754283775, "66": 1.59279858986406, "67": 1.59279858986406, "68": 1.59279858986406, "69": 1.59279858986406, "70": 1.59279858986406, "71": 1.59279858986406, "72": 1.59279858986406, "73": 1.59279858986406, "74": 1.59279858986406, "75": 1.59279858986406, "76": 1.59279858986406, "77": 1.59279858986406, "78": 1.59279858986406, "79": 1.59279858986406, "80": 1.59279858986406, "81": 1.59279858986406, "82": 1.59279858986406, "83": 1.59279858986406, "84": 1.59279858986406, "85": 1.59279858986406, "86": 1.59279858986406, "87": 1.59279858986406, "88": 1.59279858986406, "89": 1.59279858986406, "90": 1.59279858986406, "91": 1.59279858986406, "92": 1.59279858986406, "93": 1.59279858986406, "94": 1.59279858986406, "95": 1.59279858986406, "96": 1.59279858986406, "97": 1.59279858986406, "98": 1.59279858986406, "99": 1.59279858986406, "100": 1.59279858986406}