{"0": 26.94459315733443, "1": 11.494195649569068, "2": 11.494195649569068, "3": 11.494195649569068, "4": 5.165365940907243, "5": 5.165365940907243, "6": 4.707958522029111, "7": 4.707958522029111, "8": 4.707958522029111, "9": 4.707958522029111, "10": 4.707958522029111, "11": 4.707958522029111, "12": 4.707958522029111, "13": 1.9371048020201513, "14": 1.9371048020201513, "15": 1.9371048020201513, "16": 1.5805313082536259, "17": 1.5805313082536259, "18": 1.5805313082536259, "19": 0.48098534154394557, "20": 0.48098534154394557, "21": 0.48098534154394557, "22": 0.48098534154394557, "23": 0.48098534154394557, "24": 0.48098534154394557, "25": 0.48098534154394557, "26": 0.48098534154394557, "27": 0.01877449369665385, "28": 0.01877449369665385, "29": 0.01877449369665385, "30": 0.01877449369665385, "31": 0.01877449369665385, "32": 0.01877449369665385, "33": 0.01877449369665385, "34": 0.01877449369665385, "35": 0.01877449369665385, "36": 0.01877449369665385, "37": 0.01877449369665385, "38": 0.01877449369665385, "39": 0.01877449369665385, "40": 0.01877449369665385, "41": 0.01877449369665385, "42": 0.01877449369665385, "43": 0.01877449369665385, "44": 0.01877449369665385, "45": 0.01877449369665385, "46": 0.01877449369665385, "47": 0.01877449369665385, "48": 0.01877449369665385, "49": 0.01877449369665385, "50": 0.01877449369665385, "51": 0.01877449369665385, "52": 0.01877449369665385, "53": 0.01877449369665385, "54": 0.01877449369665385, "55": 0.01877449369665385, "56": 0.01877449369665385, "57": 0.01877449369665385, "58": 0.01877449369665385, "59": 0.01877449369665385, "60": 0.01877449369665385, "61": 0.01877449369665385, "62": 0.01877449369665385, "63": 0.01877449369665385, "64": 0.01877449369665385, "65": 0.01877449369665385, "66": 0.01877449369665385, "67": 0.01877449369665385, "68": 0.01877449369665385, "69": 0.01877449369665385, "70": 0.01877449369665385, "71": 0.01877449369665385, "72": 0.01877449369665385, "73": 0.01877449369665385, "74": 0.01877449369665385, "75": 0.01877449369665385, "76": 0.01877449369665385, "77": 0.01877449369665385, "78": 0.01877449369665385, "79": 0.01877449369665385, "80": 0.01877449369665385, "81": 0.01877449369665385, "82": 0.01877449369665385, "83": 0.01877449369665385, "84": 0.01877449369665385, "85": 0.01877449369665385, "86": 0.01877449369665385, "87": 0.01877449369665385, "88": 0.01877449369665385, "89": 0.01877449369665385, "90": 0.01877449369665385, "91": 0.01877449369665385, "92": 0.01877449369665385, "93": 0.01877449369665385, "94": 0.01877449369665385, "95": 0.01877449369665385, "96": 0.01877449369665385, "97": 0.01877449369665385, "98": 0.01877449369665385, "99": 0.01877449369665385, "100": 0.01877449369665385}