{"0": 17.70185450929578, "1": 14.309441960799814, "2": 14.309441960799814, "3": 11.130373824180735, "4": 1.523264047582714, "5": 1.523264047582714, "6": 1.523264047582714, "7": 1.523264047582714, "8": 1.523264047582714, "9": 1.523264047582714, "10": 1.523264047582714, "11": 1.523264047582714, "12": 1.523264047582714, "13": 0.38829412836887656, "14": 0.38829412836887656, "15": 0.38829412836887656, "16": 0.38829412836887656, "17": 0.38829412836887656, "18": 0.38829412836887656, "19": 0.38829412836887656, "20": 0.38829412836887656, "21": 0.38829412836887656, "22": 0.38829412836887656, "23": 0.38829412836887656, "24": 0.38829412836887656, "25": 0.38829412836887656, "26": 0.38829412836887656, "27": 0.38829412836887656, "28": 0.38829412836887656, "29": 0.38829412836887656, "30": 0.38829412836887656, "31": 0.38829412836887656, "32": 0.38829412836887656, "33": 0.38829412836887656, "34": 0.38829412836887656, "35": 0.38829412836887656, "36": 0.38829412836887656, "37": 0.38829412836887656, "38": 0.38829412836887656, "39": 0.38829412836887656, "40": 0.38829412836887656, "41": 0.38829412836887656, "42": 0.38829412836887656, "43": 0.38829412836887656, "44": 0.38829412836887656, "45": 0.38829412836887656, "46": 0.38829412836887656, "47": 0.38829412836887656, "48": 0.38829412836887656, "49": 0.38829412836887656, "50": 0.38829412836887656, "51": 0.38829412836887656, "52": 0.38829412836887656, "53": 0.38829412836887656, "54": 0.38829412836887656, "55": 0.38829412836887656, "56": 0.38829412836887656, "57": 0.38829412836887656, "58": 0.38829412836887656, "59": 0.38829412836887656, "60": 0.38829412836887656, "61": 0.38829412836887656, "62": 0.38829412836887656, "63": 0.38829412836887656, "64": 0.38829412836887656, "65": 0.38829412836887656, "66": 0.38829412836887656, "67": 0.38829412836887656, "68": 0.38829412836887656, "69": 0.38829412836887656, "70": 0.38829412836887656, "71": 0.38829412836887656, "72": 0.38829412836887656, "73": 0.38829412836887656, "74": 0.38829412836887656, "75": 0.38829412836887656, "76": 0.38829412836887656, "77": 0.38829412836887656, "78": 0.38829412836887656, "79": 0.38829412836887656, "80": 0.38829412836887656, "81": 0.38829412836887656, "82": 0.38829412836887656, "83": 0.38829412836887656, "84": 0.38829412836887656, "85": 0.38829412836887656, "86": 0.38829412836887656, "87": 0.38829412836887656, "88": 0.38829412836887656, "89": 0.38829412836887656, "90": 0.38829412836887656, "91": 0.38829412836887656, "92": 0.38829412836887656, "93": 0.38829412836887656, "94": 0.38829412836887656, "95": 0.38829412836887656, "96": 0.38829412836887656, "97": 0.38829412836887656, "98": 0.38829412836887656, "99": 0.38829412836887656, "100": 0.38829412836887656}