{"0": 12.992081435865071, "1": 12.992081435865071, "2": 12.992081435865071, "3": 12.992081435865071, "4": 12.992081435865071, "5": 11.771924651581108, "6": 11.771924651581108, "7": 11.771924651581108, "8": 11.771924651581108, "9": 11.771924651581108, "10": 10.5669646683023, "11": 10.5669646683023, "12": 10.5669646683023, "13": 6.287724733961372, "14": 6.287724733961372, "15": 6.287724733961372, "16": 6.287724733961372, "17": 6.287724733961372, "18": 6.287724733961372, "19": 6.287724733961372, "20": 6.287724733961372, "21": 6.287724733961372, "22": 6.287724733961372, "23": 6.287724733961372, "24": 6.287724733961372, "25": 6.287724733961372, "26": 5.83609193937809, "27": 5.83609193937809, "28": 5.83609193937809, "29": 5.83609193937809, "30": 5.83609193937809, "31": 5.83609193937809, "32": 5.308681392275496, "33": 5.308681392275496, "34": 5.308681392275496, "35": 0.35686084197857326, "36": 0.35686084197857326, "37": 0.35686084197857326, "38": 0.35686084197857326, "39": 0.35686084197857326, "40": 0.35686084197857326, "41": 0.35686084197857326, "42": 0.35686084197857326, "43": 0.35686084197857326, "44": 0.35686084197857326, "45": 0.35686084197857326, "46": 0.35686084197857326, "47": 0.35686084197857326, "48": 0.35686084197857326, "49": 0.35686084197857326, "50": 0.35686084197857326, "51": 0.35686084197857326, "52": 0.35686084197857326, "53": 0.35686084197857326, "54": 0.35686084197857326, "55": 0.35686084197857326, "56": 0.35686084197857326, "57": 0.35686084197857326, "58": 0.35686084197857326, "59": 0.35686084197857326, "60": 0.35686084197857326, "61": 0.35686084197857326, "62": 0.35686084197857326, "63": 0.35686084197857326, "64": 0.35686084197857326, "65": 0.35686084197857326, "66": 0.35686084197857326, "67": 0.35686084197857326, "68": 0.35686084197857326, "69": 0.35686084197857326, "70": 0.35686084197857326, "71": 0.35686084197857326, "72": 0.35686084197857326, "73": 0.35686084197857326, "74": 0.35686084197857326, "75": 0.35686084197857326, "76": 0.35686084197857326, "77": 0.35686084197857326, "78": 0.35686084197857326, "79": 0.35686084197857326, "80": 0.35686084197857326, "81": 0.35686084197857326, "82": 0.35686084197857326, "83": 0.35686084197857326, "84": 0.35686084197857326, "85": 0.35686084197857326, "86": 0.35686084197857326, "87": 0.35686084197857326, "88": 0.35686084197857326, "89": 0.35686084197857326, "90": 0.35686084197857326, "91": 0.35686084197857326, "92": 0.35686084197857326, "93": 0.35686084197857326, "94": 0.35686084197857326, "95": 0.35686084197857326, "96": 0.35686084197857326, "97": 0.35686084197857326, "98": 0.35686084197857326, "99": 0.35686084197857326, "100": 0.35686084197857326}