{"0": 33.20950860691688, "1": 16.856185677119132, "2": 3.740522949860413, "3": 3.740522949860413, "4": 3.740522949860413, "5": 3.173594521776611, "6": 3.173594521776611, "7": 3.173594521776611, "8": 3.173594521776611, "9": 3.173594521776611, "10": 3.173594521776611, "11": 3.173594521776611, "12": 2.7125925087878784, "13": 2.7125925087878784, "14": 2.7125925087878784, "15": 2.7125925087878784, "16": 2.7125925087878784, "17": 2.7125925087878784, "18": 2.7125925087878784, "19": 2.7125925087878784, "20": 2.7125925087878784, "21": 2.7125925087878784, "22": 2.7125925087878784, "23": 2.7125925087878784, "24": 2.7125925087878784, "25": 2.7125925087878784, "26": 2.7125925087878784, "27": 2.7125925087878784, "28": 2.7125925087878784, "29": 2.7125925087878784, "30": 2.7125925087878784, "31": 2.7125925087878784, "32": 2.7125925087878784, "33": 2.7125925087878784, "34": 2.7125925087878784, "35": 2.7125925087878784, "36": 2.7125925087878784, "37": 2.7125925087878784, "38": 2.7125925087878784, "39": 2.7125925087878784, "40": 2.7125925087878784, "41": 2.7125925087878784, "42": 2.7125925087878784, "43": 2.7125925087878784, "44": 2.7125925087878784, "45": 2.7125925087878784, "46": 2.7125925087878784, "47": 2.7125925087878784, "48": 2.7125925087878784, "49": 2.7125925087878784, "50": 2.7125925087878784, "51": 2.7125925087878784, "52": 2.7125925087878784, "53": 2.7125925087878784, "54": 2.7125925087878784, "55": 2.7125925087878784, "56": 2.7125925087878784, "57": 2.7125925087878784, "58": 2.7125925087878784, "59": 2.7125925087878784, "60": 2.7125925087878784, "61": 1.5747724397568632, "62": 1.5747724397568632, "63": 1.5747724397568632, "64": 1.5747724397568632, "65": 1.5747724397568632, "66": 1.5747724397568632, "67": 1.5747724397568632, "68": 1.5747724397568632, "69": 1.5747724397568632, "70": 1.5747724397568632, "71": 1.5747724397568632, "72": 1.5747724397568632, "73": 1.5747724397568632, "74": 1.5747724397568632, "75": 1.5747724397568632, "76": 1.5747724397568632, "77": 1.5747724397568632, "78": 1.5747724397568632, "79": 1.5747724397568632, "80": 1.5747724397568632, "81": 1.5747724397568632, "82": 1.5747724397568632, "83": 1.5747724397568632, "84": 1.5747724397568632, "85": 1.5747724397568632, "86": 1.5747724397568632, "87": 1.5747724397568632, "88": 1.5747724397568632, "89": 1.5747724397568632, "90": 1.5747724397568632, "91": 1.5747724397568632, "92": 1.5747724397568632, "93": 1.5747724397568632, "94": 1.5747724397568632, "95": 1.5747724397568632, "96": 1.5747724397568632, "97": 1.5747724397568632, "98": 1.5747724397568632, "99": 1.5747724397568632, "100": 1.5747724397568632}