{"0": 7.720618626314611, "1": 2.048326573681802, "2": 2.048326573681802, "3": 2.048326573681802, "4": 2.048326573681802, "5": 2.048326573681802, "6": 2.048326573681802, "7": 2.048326573681802, "8": 0.30657490876937743, "9": 0.30657490876937743, "10": 0.30657490876937743, "11": 0.30657490876937743, "12": 0.30657490876937743, "13": 0.30657490876937743, "14": 0.30657490876937743, "15": 0.30657490876937743, "16": 0.09791715248006483, "17": 0.09791715248006483, "18": 0.09791715248006483, "19": 0.09791715248006483, "20": 0.09791715248006483, "21": 0.01232273630921199, "22": 0.01232273630921199, "23": 0.01232273630921199, "24": 0.01232273630921199, "25": 0.01232273630921199, "26": 0.01232273630921199, "27": 0.01232273630921199, "28": 0.01232273630921199, "29": 0.01232273630921199, "30": 0.01232273630921199, "31": 0.01232273630921199, "32": 0.01232273630921199, "33": 0.01232273630921199, "34": 0.01232273630921199, "35": 0.01232273630921199, "36": 0.01232273630921199, "37": 0.01232273630921199, "38": 0.01232273630921199, "39": 0.01232273630921199, "40": 0.01232273630921199, "41": 0.01232273630921199, "42": 0.01232273630921199, "43": 0.01232273630921199, "44": 0.01232273630921199, "45": 0.01232273630921199, "46": 0.01232273630921199, "47": 0.01232273630921199, "48": 0.01232273630921199, "49": 0.01232273630921199, "50": 0.01232273630921199, "51": 0.01232273630921199, "52": 0.01232273630921199, "53": 0.01232273630921199, "54": 0.01232273630921199, "55": 0.01232273630921199, "56": 0.01232273630921199, "57": 0.01232273630921199, "58": 0.01232273630921199, "59": 0.01232273630921199, "60": 0.01232273630921199, "61": 0.01232273630921199, "62": 0.01232273630921199, "63": 0.01232273630921199, "64": 0.01232273630921199, "65": 0.01232273630921199, "66": 0.01232273630921199, "67": 0.01232273630921199, "68": 0.01232273630921199, "69": 0.01232273630921199, "70": 0.01232273630921199, "71": 0.01232273630921199, "72": 0.01232273630921199, "73": 0.01232273630921199, "74": 0.01232273630921199, "75": 0.01232273630921199, "76": 0.01232273630921199, "77": 0.01232273630921199, "78": 0.01232273630921199, "79": 0.01232273630921199, "80": 0.01232273630921199, "81": 0.01232273630921199, "82": 0.01232273630921199, "83": 0.01232273630921199, "84": 0.01232273630921199, "85": 0.01232273630921199, "86": 0.01232273630921199, "87": 0.01232273630921199, "88": 0.01232273630921199, "89": 0.01232273630921199, "90": 0.01232273630921199, "91": 0.01232273630921199, "92": 0.01232273630921199, "93": 0.01232273630921199, "94": 0.01232273630921199, "95": 0.01232273630921199, "96": 0.01232273630921199, "97": 0.01232273630921199, "98": 0.01232273630921199, "99": 0.01232273630921199, "100": 0.01232273630921199}