{"0": 12.002026342877379, "1": 10.206457857172364, "2": 10.206457857172364, "3": 6.986100072948975, "4": 6.986100072948975, "5": 1.7688102088940667, "6": 1.7688102088940667, "7": 1.7688102088940667, "8": 1.7277586005816445, "9": 1.7277586005816445, "10": 1.390073882235086, "11": 1.390073882235086, "12": 1.390073882235086, "13": 1.390073882235086, "14": 1.390073882235086, "15": 1.390073882235086, "16": 1.390073882235086, "17": 1.390073882235086, "18": 1.390073882235086, "19": 1.390073882235086, "20": 1.390073882235086, "21": 1.390073882235086, "22": 1.390073882235086, "23": 1.0542729318741806, "24": 1.0542729318741806, "25": 1.0542729318741806, "26": 1.0542729318741806, "27": 1.0542729318741806, "28": 1.0542729318741806, "29": 1.0542729318741806, "30": 1.0542729318741806, "31": 1.0542729318741806, "32": 1.0542729318741806, "33": 1.0542729318741806, "34": 1.0542729318741806, "35": 1.0542729318741806, "36": 1.0542729318741806, "37": 1.0542729318741806, "38": 0.46330539456593556, "39": 0.46330539456593556, "40": 0.46330539456593556, "41": 0.46330539456593556, "42": 0.46330539456593556, "43": 0.46330539456593556, "44": 0.46330539456593556, "45": 0.09578739315095319, "46": 0.09578739315095319, "47": 0.09578739315095319, "48": 0.09578739315095319, "49": 0.09578739315095319, "50": 0.09578739315095319, "51": 0.09578739315095319, "52": 0.09578739315095319, "53": 0.09578739315095319, "54": 0.09578739315095319, "55": 0.09578739315095319, "56": 0.09578739315095319, "57": 0.09578739315095319, "58": 0.09578739315095319, "59": 0.09578739315095319, "60": 0.09578739315095319, "61": 0.09578739315095319, "62": 0.09578739315095319, "63": 0.09578739315095319, "64": 0.09578739315095319, "65": 0.09578739315095319, "66": 0.09578739315095319, "67": 0.09578739315095319, "68": 0.09578739315095319, "69": 0.09578739315095319, "70": 0.09578739315095319, "71": 0.09578739315095319, "72": 0.09578739315095319, "73": 0.09578739315095319, "74": 0.09578739315095319, "75": 0.09578739315095319, "76": 0.09578739315095319, "77": 0.09578739315095319, "78": 0.09578739315095319, "79": 0.09578739315095319, "80": 0.09578739315095319, "81": 0.09578739315095319, "82": 0.09578739315095319, "83": 0.09578739315095319, "84": 0.09578739315095319, "85": 0.09578739315095319, "86": 0.09578739315095319, "87": 0.09578739315095319, "88": 0.09578739315095319, "89": 0.09578739315095319, "90": 0.09578739315095319, "91": 0.09578739315095319, "92": 0.09578739315095319, "93": 0.09578739315095319, "94": 0.09578739315095319, "95": 0.09578739315095319, "96": 0.09578739315095319, "97": 0.09578739315095319, "98": 0.09578739315095319, "99": 0.09578739315095319, "100": 0.09578739315095319}