{"0": 23.75699217563364, "1": 9.831508428813844, "2": 9.831508428813844, "3": 9.831508428813844, "4": 6.060590740519945, "5": 6.060590740519945, "6": 5.822068452364661, "7": 2.197144516027681, "8": 2.197144516027681, "9": 2.197144516027681, "10": 2.197144516027681, "11": 1.0271857507842341, "12": 1.0271857507842341, "13": 1.0271857507842341, "14": 0.9194608817021219, "15": 0.9194608817021219, "16": 0.9194608817021219, "17": 0.9194608817021219, "18": 0.9194608817021219, "19": 0.9194608817021219, "20": 0.8630945428272341, "21": 0.8630945428272341, "22": 0.8630945428272341, "23": 0.8630945428272341, "24": 0.8630945428272341, "25": 0.8630945428272341, "26": 0.8630945428272341, "27": 0.09137160642831077, "28": 0.09137160642831077, "29": 0.09137160642831077, "30": 0.09137160642831077, "31": 0.09137160642831077, "32": 0.0378009366787353, "33": 0.0378009366787353, "34": 0.0378009366787353, "35": 0.0378009366787353, "36": 0.0378009366787353, "37": 0.0378009366787353, "38": 0.0378009366787353, "39": 0.0378009366787353, "40": 0.0378009366787353, "41": 0.0378009366787353, "42": 0.0378009366787353, "43": 0.0378009366787353, "44": 0.0378009366787353, "45": 0.0378009366787353, "46": 0.0378009366787353, "47": 0.0378009366787353, "48": 0.0378009366787353, "49": 0.0378009366787353, "50": 0.0378009366787353, "51": 0.0378009366787353, "52": 0.0378009366787353, "53": 0.0378009366787353, "54": 0.0378009366787353, "55": 0.0378009366787353, "56": 0.0378009366787353, "57": 0.0378009366787353, "58": 0.0378009366787353, "59": 0.0378009366787353, "60": 0.0378009366787353, "61": 0.0378009366787353, "62": 0.0378009366787353, "63": 0.0378009366787353, "64": 0.0378009366787353, "65": 0.0378009366787353, "66": 0.0378009366787353, "67": 0.0378009366787353, "68": 0.0378009366787353, "69": 0.0378009366787353, "70": 0.0378009366787353, "71": 0.0378009366787353, "72": 0.0378009366787353, "73": 0.0378009366787353, "74": 0.0378009366787353, "75": 0.0378009366787353, "76": 0.0378009366787353, "77": 0.0378009366787353, "78": 0.0378009366787353, "79": 0.0378009366787353, "80": 0.0378009366787353, "81": 0.0378009366787353, "82": 0.0378009366787353, "83": 0.0378009366787353, "84": 0.0378009366787353, "85": 0.0378009366787353, "86": 0.0378009366787353, "87": 0.0378009366787353, "88": 0.0378009366787353, "89": 0.0378009366787353, "90": 0.0378009366787353, "91": 0.0378009366787353, "92": 0.0378009366787353, "93": 0.0378009366787353, "94": 0.0378009366787353, "95": 0.0378009366787353, "96": 0.0378009366787353, "97": 0.0378009366787353, "98": 0.0378009366787353, "99": 0.0378009366787353, "100": 0.0378009366787353}