{"0": 15.37023390202597, "1": 7.464157209683188, "2": 7.464157209683188, "3": 4.869833249937125, "4": 4.869833249937125, "5": 4.869833249937125, "6": 2.431425666874233, "7": 2.431425666874233, "8": 2.431425666874233, "9": 2.431425666874233, "10": 2.431425666874233, "11": 2.431425666874233, "12": 2.078520805266919, "13": 2.078520805266919, "14": 2.078520805266919, "15": 2.078520805266919, "16": 2.078520805266919, "17": 2.078520805266919, "18": 2.078520805266919, "19": 2.078520805266919, "20": 2.078520805266919, "21": 2.078520805266919, "22": 2.078520805266919, "23": 2.078520805266919, "24": 1.868199934452008, "25": 1.868199934452008, "26": 1.868199934452008, "27": 1.868199934452008, "28": 1.868199934452008, "29": 1.868199934452008, "30": 1.868199934452008, "31": 1.868199934452008, "32": 1.868199934452008, "33": 1.868199934452008, "34": 1.868199934452008, "35": 1.868199934452008, "36": 1.868199934452008, "37": 1.868199934452008, "38": 1.868199934452008, "39": 1.868199934452008, "40": 1.868199934452008, "41": 1.868199934452008, "42": 1.868199934452008, "43": 1.868199934452008, "44": 1.868199934452008, "45": 1.868199934452008, "46": 1.868199934452008, "47": 1.868199934452008, "48": 1.868199934452008, "49": 1.868199934452008, "50": 1.868199934452008, "51": 1.868199934452008, "52": 1.868199934452008, "53": 1.868199934452008, "54": 1.868199934452008, "55": 1.868199934452008, "56": 1.868199934452008, "57": 1.868199934452008, "58": 1.868199934452008, "59": 1.868199934452008, "60": 1.868199934452008, "61": 1.868199934452008, "62": 1.868199934452008, "63": 1.868199934452008, "64": 1.868199934452008, "65": 1.868199934452008, "66": 1.868199934452008, "67": 1.868199934452008, "68": 1.868199934452008, "69": 1.868199934452008, "70": 1.868199934452008, "71": 1.868199934452008, "72": 1.868199934452008, "73": 1.868199934452008, "74": 1.868199934452008, "75": 1.868199934452008, "76": 1.868199934452008, "77": 1.868199934452008, "78": 1.868199934452008, "79": 1.868199934452008, "80": 1.868199934452008, "81": 1.868199934452008, "82": 1.868199934452008, "83": 1.868199934452008, "84": 1.868199934452008, "85": 1.868199934452008, "86": 1.868199934452008, "87": 1.868199934452008, "88": 1.868199934452008, "89": 1.868199934452008, "90": 1.868199934452008, "91": 1.868199934452008, "92": 1.868199934452008, "93": 1.868199934452008, "94": 1.868199934452008, "95": 1.868199934452008, "96": 1.868199934452008, "97": 1.868199934452008, "98": 1.868199934452008, "99": 1.868199934452008, "100": 1.868199934452008}