{"0": 5.026125834718705, "1": 5.026125834718705, "2": 5.026125834718705, "3": 5.026125834718705, "4": 4.9172433250767575, "5": 4.9172433250767575, "6": 4.9172433250767575, "7": 2.9329086341632618, "8": 2.9329086341632618, "9": 2.9329086341632618, "10": 2.9329086341632618, "11": 2.9329086341632618, "12": 2.9329086341632618, "13": 2.9329086341632618, "14": 2.3939602295117695, "15": 2.3939602295117695, "16": 2.3939602295117695, "17": 2.3939602295117695, "18": 2.3939602295117695, "19": 2.3939602295117695, "20": 2.3939602295117695, "21": 2.3939602295117695, "22": 2.3939602295117695, "23": 2.3939602295117695, "24": 2.3939602295117695, "25": 1.539543677434704, "26": 1.539543677434704, "27": 1.539543677434704, "28": 1.539543677434704, "29": 1.539543677434704, "30": 1.539543677434704, "31": 1.539543677434704, "32": 1.539543677434704, "33": 1.539543677434704, "34": 1.539543677434704, "35": 1.539543677434704, "36": 1.539543677434704, "37": 1.539543677434704, "38": 1.539543677434704, "39": 1.539543677434704, "40": 1.539543677434704, "41": 1.539543677434704, "42": 1.539543677434704, "43": 1.539543677434704, "44": 1.539543677434704, "45": 1.539543677434704, "46": 1.539543677434704, "47": 1.539543677434704, "48": 1.539543677434704, "49": 1.539543677434704, "50": 1.539543677434704, "51": 1.539543677434704, "52": 1.539543677434704, "53": 1.539543677434704, "54": 1.539543677434704, "55": 0.014631067816317511, "56": 0.014631067816317511, "57": 0.014631067816317511, "58": 0.014631067816317511, "59": 0.014631067816317511, "60": 0.014631067816317511, "61": 0.014631067816317511, "62": 0.014631067816317511, "63": 0.014631067816317511, "64": 0.014631067816317511, "65": 0.014631067816317511, "66": 0.014631067816317511, "67": 0.014631067816317511, "68": 0.014631067816317511, "69": 0.014631067816317511, "70": 0.014631067816317511, "71": 0.014631067816317511, "72": 0.014631067816317511, "73": 0.014631067816317511, "74": 0.014631067816317511, "75": 0.014631067816317511, "76": 0.014631067816317511, "77": 0.014631067816317511, "78": 0.014631067816317511, "79": 0.014631067816317511, "80": 0.014631067816317511, "81": 0.014631067816317511, "82": 0.014631067816317511, "83": 0.014631067816317511, "84": 0.014631067816317511, "85": 0.014631067816317511, "86": 0.014631067816317511, "87": 0.014631067816317511, "88": 0.014631067816317511, "89": 0.014631067816317511, "90": 0.014631067816317511, "91": 0.014631067816317511, "92": 0.014631067816317511, "93": 0.014631067816317511, "94": 0.014631067816317511, "95": 0.014631067816317511, "96": 0.014631067816317511, "97": 0.014631067816317511, "98": 0.014631067816317511, "99": 0.014631067816317511, "100": 0.014631067816317511}