{"0": 23.951878876741127, "1": 23.951878876741127, "2": 2.2013321536566295, "3": 2.2013321536566295, "4": 2.2013321536566295, "5": 2.2013321536566295, "6": 2.2013321536566295, "7": 2.2013321536566295, "8": 2.2013321536566295, "9": 2.2013321536566295, "10": 2.2013321536566295, "11": 2.2013321536566295, "12": 2.2013321536566295, "13": 2.2013321536566295, "14": 2.2013321536566295, "15": 2.2013321536566295, "16": 2.2013321536566295, "17": 1.425123083024964, "18": 1.425123083024964, "19": 1.425123083024964, "20": 1.425123083024964, "21": 1.425123083024964, "22": 1.425123083024964, "23": 1.425123083024964, "24": 1.425123083024964, "25": 1.425123083024964, "26": 1.4190301696407417, "27": 1.4190301696407417, "28": 1.4190301696407417, "29": 1.4190301696407417, "30": 1.4190301696407417, "31": 1.4190301696407417, "32": 1.4190301696407417, "33": 1.4190301696407417, "34": 1.4190301696407417, "35": 1.4190301696407417, "36": 1.4190301696407417, "37": 1.4190301696407417, "38": 1.4190301696407417, "39": 1.4190301696407417, "40": 1.4190301696407417, "41": 1.4190301696407417, "42": 1.4190301696407417, "43": 1.4190301696407417, "44": 1.4190301696407417, "45": 1.4190301696407417, "46": 1.4190301696407417, "47": 1.4190301696407417, "48": 1.4190301696407417, "49": 1.4190301696407417, "50": 1.4190301696407417, "51": 1.4190301696407417, "52": 1.4190301696407417, "53": 1.4190301696407417, "54": 1.4190301696407417, "55": 1.4190301696407417, "56": 1.4190301696407417, "57": 1.4190301696407417, "58": 1.4190301696407417, "59": 1.4190301696407417, "60": 1.4190301696407417, "61": 1.4190301696407417, "62": 1.4190301696407417, "63": 1.4190301696407417, "64": 1.4190301696407417, "65": 1.4190301696407417, "66": 1.4190301696407417, "67": 1.4190301696407417, "68": 1.4190301696407417, "69": 1.4190301696407417, "70": 1.4190301696407417, "71": 1.4190301696407417, "72": 1.4190301696407417, "73": 1.4190301696407417, "74": 1.4190301696407417, "75": 1.4190301696407417, "76": 1.4190301696407417, "77": 1.4190301696407417, "78": 1.4190301696407417, "79": 1.4190301696407417, "80": 1.4190301696407417, "81": 1.4190301696407417, "82": 1.4190301696407417, "83": 1.4190301696407417, "84": 1.4190301696407417, "85": 1.4190301696407417, "86": 1.4190301696407417, "87": 1.4190301696407417, "88": 1.4190301696407417, "89": 1.4190301696407417, "90": 1.4190301696407417, "91": 1.4190301696407417, "92": 1.4190301696407417, "93": 1.4190301696407417, "94": 1.4190301696407417, "95": 1.4190301696407417, "96": 1.4190301696407417, "97": 1.4190301696407417, "98": 1.4190301696407417, "99": 1.4190301696407417, "100": 1.4190301696407417}