{"0": 20.34354928769751, "1": 17.4266371774277, "2": 17.4266371774277, "3": 17.4266371774277, "4": 17.4266371774277, "5": 17.4266371774277, "6": 17.184543877288636, "7": 17.184543877288636, "8": 10.907585937590444, "9": 8.897081170428727, "10": 8.897081170428727, "11": 1.1384574144931605, "12": 1.1384574144931605, "13": 1.1384574144931605, "14": 1.1384574144931605, "15": 1.1384574144931605, "16": 1.1042690110405928, "17": 1.1042690110405928, "18": 1.1042690110405928, "19": 1.1042690110405928, "20": 1.1042690110405928, "21": 1.1042690110405928, "22": 1.1042690110405928, "23": 1.1042690110405928, "24": 1.1042690110405928, "25": 1.1042690110405928, "26": 1.1042690110405928, "27": 1.1042690110405928, "28": 1.1042690110405928, "29": 1.1042690110405928, "30": 1.1042690110405928, "31": 1.1042690110405928, "32": 1.1042690110405928, "33": 1.1042690110405928, "34": 1.1042690110405928, "35": 1.1042690110405928, "36": 1.1042690110405928, "37": 1.1042690110405928, "38": 1.1042690110405928, "39": 1.1042690110405928, "40": 1.1042690110405928, "41": 1.1042690110405928, "42": 1.1042690110405928, "43": 1.1042690110405928, "44": 1.1042690110405928, "45": 1.1042690110405928, "46": 1.1042690110405928, "47": 1.1042690110405928, "48": 1.1042690110405928, "49": 1.1042690110405928, "50": 1.1042690110405928, "51": 1.1042690110405928, "52": 1.1042690110405928, "53": 1.1042690110405928, "54": 1.1042690110405928, "55": 1.1042690110405928, "56": 1.1042690110405928, "57": 1.1042690110405928, "58": 1.1042690110405928, "59": 1.1042690110405928, "60": 1.1042690110405928, "61": 1.1042690110405928, "62": 1.1042690110405928, "63": 1.1042690110405928, "64": 1.1042690110405928, "65": 1.1042690110405928, "66": 1.1042690110405928, "67": 1.1042690110405928, "68": 1.1042690110405928, "69": 1.1042690110405928, "70": 1.1042690110405928, "71": 1.1042690110405928, "72": 1.1042690110405928, "73": 1.1042690110405928, "74": 1.1042690110405928, "75": 1.1042690110405928, "76": 1.1042690110405928, "77": 1.1042690110405928, "78": 1.1042690110405928, "79": 1.1042690110405928, "80": 1.1042690110405928, "81": 1.1042690110405928, "82": 1.1042690110405928, "83": 1.1042690110405928, "84": 1.1042690110405928, "85": 1.1042690110405928, "86": 1.1042690110405928, "87": 1.1042690110405928, "88": 1.1042690110405928, "89": 1.1042690110405928, "90": 1.1042690110405928, "91": 1.1042690110405928, "92": 1.1042690110405928, "93": 1.1042690110405928, "94": 1.1042690110405928, "95": 1.1042690110405928, "96": 1.1042690110405928, "97": 1.1042690110405928, "98": 1.1042690110405928, "99": 0.05243993691802373, "100": 0.05243993691802373}