{"0": 15.345313725093373, "1": 15.345313725093373, "2": 15.345313725093373, "3": 15.201090593869127, "4": 3.0108797393172466, "5": 3.0108797393172466, "6": 3.0108797393172466, "7": 3.0108797393172466, "8": 1.1160997377961372, "9": 1.1160997377961372, "10": 1.0257622079542337, "11": 1.0257622079542337, "12": 1.0257622079542337, "13": 1.0257622079542337, "14": 1.0257622079542337, "15": 1.0257622079542337, "16": 1.0257622079542337, "17": 1.0257622079542337, "18": 1.0257622079542337, "19": 1.0257622079542337, "20": 1.0257622079542337, "21": 1.0257622079542337, "22": 1.0257622079542337, "23": 1.0257622079542337, "24": 1.0257622079542337, "25": 1.0257622079542337, "26": 1.0043898230946482, "27": 1.0043898230946482, "28": 1.0043898230946482, "29": 1.0043898230946482, "30": 1.0043898230946482, "31": 1.0043898230946482, "32": 1.0043898230946482, "33": 1.0043898230946482, "34": 1.0043898230946482, "35": 1.0043898230946482, "36": 1.0043898230946482, "37": 0.5758504448969717, "38": 0.5758504448969717, "39": 0.5758504448969717, "40": 0.5758504448969717, "41": 0.5758504448969717, "42": 0.5758504448969717, "43": 0.5758504448969717, "44": 0.5758504448969717, "45": 0.5758504448969717, "46": 0.5758504448969717, "47": 0.5758504448969717, "48": 0.5758504448969717, "49": 0.5758504448969717, "50": 0.5758504448969717, "51": 0.5758504448969717, "52": 0.5758504448969717, "53": 0.5758504448969717, "54": 0.5758504448969717, "55": 0.5758504448969717, "56": 0.5758504448969717, "57": 0.5758504448969717, "58": 0.5758504448969717, "59": 0.5758504448969717, "60": 0.5758504448969717, "61": 0.5758504448969717, "62": 0.5758504448969717, "63": 0.5758504448969717, "64": 0.5758504448969717, "65": 0.5758504448969717, "66": 0.5758504448969717, "67": 0.5758504448969717, "68": 0.5758504448969717, "69": 0.5758504448969717, "70": 0.5758504448969717, "71": 0.5758504448969717, "72": 0.5758504448969717, "73": 0.5758504448969717, "74": 0.5758504448969717, "75": 0.5758504448969717, "76": 0.5758504448969717, "77": 0.5758504448969717, "78": 0.5758504448969717, "79": 0.5758504448969717, "80": 0.5758504448969717, "81": 0.5758504448969717, "82": 0.5758504448969717, "83": 0.5758504448969717, "84": 0.5758504448969717, "85": 0.5758504448969717, "86": 0.5758504448969717, "87": 0.5758504448969717, "88": 0.5758504448969717, "89": 0.5758504448969717, "90": 0.5758504448969717, "91": 0.5758504448969717, "92": 0.5758504448969717, "93": 0.5758504448969717, "94": 0.5758504448969717, "95": 0.5758504448969717, "96": 0.5758504448969717, "97": 0.5758504448969717, "98": 0.5758504448969717, "99": 0.5758504448969717, "100": 0.5758504448969717}