{"0": 14.597556571445285, "1": 14.356572197339599, "2": 13.918345028142749, "3": 5.733332877184537, "4": 5.733332877184537, "5": 5.733332877184537, "6": 4.194394282017312, "7": 2.7771195064532996, "8": 2.7771195064532996, "9": 2.5271874734359514, "10": 2.5271874734359514, "11": 2.36844560122384, "12": 2.36844560122384, "13": 2.36844560122384, "14": 2.3576277574960613, "15": 2.3576277574960613, "16": 2.3576277574960613, "17": 2.3576277574960613, "18": 2.3576277574960613, "19": 2.3576277574960613, "20": 2.3576277574960613, "21": 2.3576277574960613, "22": 2.3576277574960613, "23": 2.3576277574960613, "24": 2.3576277574960613, "25": 2.3576277574960613, "26": 1.1863506259785126, "27": 1.1863506259785126, "28": 1.1195285682632914, "29": 1.1195285682632914, "30": 1.1195285682632914, "31": 1.1195285682632914, "32": 1.1195285682632914, "33": 1.1195285682632914, "34": 1.1195285682632914, "35": 1.1195285682632914, "36": 1.1195285682632914, "37": 1.1195285682632914, "38": 1.1195285682632914, "39": 1.1195285682632914, "40": 1.1195285682632914, "41": 1.1195285682632914, "42": 1.1195285682632914, "43": 1.1195285682632914, "44": 1.1195285682632914, "45": 1.1195285682632914, "46": 1.1195285682632914, "47": 1.1195285682632914, "48": 1.1195285682632914, "49": 1.1195285682632914, "50": 1.1195285682632914, "51": 1.1195285682632914, "52": 1.1195285682632914, "53": 1.1195285682632914, "54": 1.1195285682632914, "55": 1.1195285682632914, "56": 1.1195285682632914, "57": 0.022723254492792222, "58": 0.022723254492792222, "59": 0.022723254492792222, "60": 0.022723254492792222, "61": 0.022723254492792222, "62": 0.022723254492792222, "63": 0.022723254492792222, "64": 0.022723254492792222, "65": 0.022723254492792222, "66": 0.022723254492792222, "67": 0.022723254492792222, "68": 0.022723254492792222, "69": 0.022723254492792222, "70": 0.022723254492792222, "71": 0.022723254492792222, "72": 0.022723254492792222, "73": 0.022723254492792222, "74": 0.022723254492792222, "75": 0.022723254492792222, "76": 0.022723254492792222, "77": 0.022723254492792222, "78": 0.022723254492792222, "79": 0.022723254492792222, "80": 0.022723254492792222, "81": 0.022723254492792222, "82": 0.022723254492792222, "83": 0.022723254492792222, "84": 0.022723254492792222, "85": 0.022723254492792222, "86": 0.022723254492792222, "87": 0.022723254492792222, "88": 0.022723254492792222, "89": 0.022723254492792222, "90": 0.022723254492792222, "91": 0.022723254492792222, "92": 0.022723254492792222, "93": 0.022723254492792222, "94": 0.022723254492792222, "95": 0.022723254492792222, "96": 0.022723254492792222, "97": 0.022723254492792222, "98": 0.022723254492792222, "99": 0.022723254492792222, "100": 0.022723254492792222}