{"0": 11.338812901249904, "1": 11.338812901249904, "2": 9.450487732824383, "3": 9.177652897470466, "4": 9.177652897470466, "5": 2.0892199078713958, "6": 2.0892199078713958, "7": 2.0892199078713958, "8": 2.0892199078713958, "9": 2.0892199078713958, "10": 2.0892199078713958, "11": 2.0892199078713958, "12": 1.3462606586950514, "13": 1.3462606586950514, "14": 1.3462606586950514, "15": 1.3462606586950514, "16": 1.3462606586950514, "17": 1.3462606586950514, "18": 1.3462606586950514, "19": 1.3462606586950514, "20": 1.3462606586950514, "21": 1.3462606586950514, "22": 1.3462606586950514, "23": 1.3462606586950514, "24": 1.3462606586950514, "25": 1.3462606586950514, "26": 1.3462606586950514, "27": 1.3462606586950514, "28": 1.3462606586950514, "29": 1.3462606586950514, "30": 1.3462606586950514, "31": 1.3462606586950514, "32": 1.3462606586950514, "33": 1.3462606586950514, "34": 1.3462606586950514, "35": 1.3462606586950514, "36": 1.3462606586950514, "37": 1.3462606586950514, "38": 1.3462606586950514, "39": 1.3462606586950514, "40": 1.3462606586950514, "41": 1.03245647041134, "42": 1.03245647041134, "43": 1.03245647041134, "44": 1.03245647041134, "45": 1.03245647041134, "46": 1.03245647041134, "47": 1.03245647041134, "48": 1.03245647041134, "49": 1.03245647041134, "50": 1.03245647041134, "51": 1.03245647041134, "52": 1.03245647041134, "53": 1.03245647041134, "54": 1.03245647041134, "55": 1.03245647041134, "56": 1.03245647041134, "57": 1.03245647041134, "58": 1.03245647041134, "59": 1.03245647041134, "60": 1.03245647041134, "61": 1.03245647041134, "62": 1.03245647041134, "63": 1.03245647041134, "64": 1.03245647041134, "65": 1.03245647041134, "66": 1.03245647041134, "67": 1.03245647041134, "68": 1.03245647041134, "69": 1.03245647041134, "70": 1.03245647041134, "71": 1.03245647041134, "72": 1.03245647041134, "73": 1.03245647041134, "74": 1.03245647041134, "75": 1.03245647041134, "76": 1.03245647041134, "77": 1.03245647041134, "78": 1.03245647041134, "79": 1.03245647041134, "80": 1.03245647041134, "81": 1.03245647041134, "82": 1.03245647041134, "83": 1.03245647041134, "84": 1.03245647041134, "85": 1.03245647041134, "86": 1.03245647041134, "87": 1.03245647041134, "88": 1.03245647041134, "89": 1.03245647041134, "90": 1.03245647041134, "91": 1.03245647041134, "92": 1.03245647041134, "93": 1.03245647041134, "94": 1.03245647041134, "95": 1.03245647041134, "96": 1.03245647041134, "97": 1.03245647041134, "98": 1.03245647041134, "99": 1.03245647041134, "100": 1.03245647041134}