{"0": 27.35190877204457, "1": 18.0750193789007, "2": 8.776336724622873, "3": 8.776336724622873, "4": 8.776336724622873, "5": 6.497846929768361, "6": 6.497846929768361, "7": 6.497846929768361, "8": 5.561019335149947, "9": 5.561019335149947, "10": 5.561019335149947, "11": 4.160737115691244, "12": 4.160737115691244, "13": 0.4272097237646548, "14": 0.4272097237646548, "15": 0.4272097237646548, "16": 0.4272097237646548, "17": 0.4272097237646548, "18": 0.4272097237646548, "19": 0.4272097237646548, "20": 0.4272097237646548, "21": 0.4272097237646548, "22": 0.4272097237646548, "23": 0.4272097237646548, "24": 0.4272097237646548, "25": 0.4272097237646548, "26": 0.4272097237646548, "27": 0.4272097237646548, "28": 0.4272097237646548, "29": 0.4272097237646548, "30": 0.4272097237646548, "31": 0.4272097237646548, "32": 0.4272097237646548, "33": 0.4272097237646548, "34": 0.4272097237646548, "35": 0.4272097237646548, "36": 0.4272097237646548, "37": 0.4272097237646548, "38": 0.4272097237646548, "39": 0.4272097237646548, "40": 0.4272097237646548, "41": 0.4272097237646548, "42": 0.4272097237646548, "43": 0.4272097237646548, "44": 0.4272097237646548, "45": 0.4272097237646548, "46": 0.4272097237646548, "47": 0.4272097237646548, "48": 0.4272097237646548, "49": 0.4272097237646548, "50": 0.4272097237646548, "51": 0.4272097237646548, "52": 0.4272097237646548, "53": 0.4272097237646548, "54": 0.4272097237646548, "55": 0.4272097237646548, "56": 0.4272097237646548, "57": 0.4272097237646548, "58": 0.4272097237646548, "59": 0.4272097237646548, "60": 0.4272097237646548, "61": 0.4272097237646548, "62": 0.4272097237646548, "63": 0.4272097237646548, "64": 0.4272097237646548, "65": 0.4272097237646548, "66": 0.4272097237646548, "67": 0.4272097237646548, "68": 0.4272097237646548, "69": 0.4272097237646548, "70": 0.4272097237646548, "71": 0.4272097237646548, "72": 0.4272097237646548, "73": 0.4272097237646548, "74": 0.4272097237646548, "75": 0.4272097237646548, "76": 0.4272097237646548, "77": 0.4272097237646548, "78": 0.4272097237646548, "79": 0.4272097237646548, "80": 0.4272097237646548, "81": 0.4272097237646548, "82": 0.4272097237646548, "83": 0.4272097237646548, "84": 0.4272097237646548, "85": 0.4272097237646548, "86": 0.4272097237646548, "87": 0.4272097237646548, "88": 0.4272097237646548, "89": 0.4272097237646548, "90": 0.4272097237646548, "91": 0.4272097237646548, "92": 0.4272097237646548, "93": 0.4272097237646548, "94": 0.4272097237646548, "95": 0.4272097237646548, "96": 0.4272097237646548, "97": 0.4272097237646548, "98": 0.4272097237646548, "99": 0.4272097237646548, "100": 0.4272097237646548}