{"0": 20.05790783082008, "1": 12.772630651942269, "2": 6.284318905982442, "3": 6.284318905982442, "4": 6.284318905982442, "5": 6.284318905982442, "6": 6.284318905982442, "7": 6.284318905982442, "8": 6.284318905982442, "9": 6.284318905982442, "10": 6.284318905982442, "11": 2.44436714339853, "12": 2.44436714339853, "13": 2.44436714339853, "14": 2.44436714339853, "15": 2.44436714339853, "16": 2.44436714339853, "17": 2.44436714339853, "18": 2.44436714339853, "19": 2.44436714339853, "20": 2.44436714339853, "21": 2.44436714339853, "22": 2.44436714339853, "23": 2.44436714339853, "24": 2.44436714339853, "25": 2.44436714339853, "26": 2.44436714339853, "27": 2.44436714339853, "28": 2.44436714339853, "29": 2.44436714339853, "30": 2.44436714339853, "31": 2.44436714339853, "32": 2.44436714339853, "33": 2.44436714339853, "34": 2.44436714339853, "35": 2.44436714339853, "36": 2.44436714339853, "37": 2.44436714339853, "38": 2.178527092026698, "39": 2.178527092026698, "40": 2.178527092026698, "41": 2.178527092026698, "42": 2.178527092026698, "43": 2.178527092026698, "44": 2.178527092026698, "45": 2.178527092026698, "46": 2.178527092026698, "47": 2.178527092026698, "48": 2.178527092026698, "49": 2.178527092026698, "50": 2.178527092026698, "51": 2.178527092026698, "52": 2.178527092026698, "53": 2.178527092026698, "54": 2.178527092026698, "55": 2.178527092026698, "56": 2.178527092026698, "57": 2.178527092026698, "58": 2.178527092026698, "59": 2.178527092026698, "60": 2.178527092026698, "61": 2.178527092026698, "62": 2.178527092026698, "63": 2.178527092026698, "64": 2.178527092026698, "65": 2.178527092026698, "66": 2.178527092026698, "67": 2.178527092026698, "68": 2.178527092026698, "69": 2.178527092026698, "70": 2.178527092026698, "71": 2.178527092026698, "72": 2.178527092026698, "73": 2.178527092026698, "74": 2.178527092026698, "75": 2.178527092026698, "76": 2.178527092026698, "77": 2.178527092026698, "78": 2.178527092026698, "79": 2.178527092026698, "80": 2.178527092026698, "81": 2.178527092026698, "82": 2.0039893120151078, "83": 2.0039893120151078, "84": 2.0039893120151078, "85": 2.0039893120151078, "86": 2.0039893120151078, "87": 2.0039893120151078, "88": 2.0039893120151078, "89": 2.0039893120151078, "90": 2.0039893120151078, "91": 1.5493443568899359, "92": 1.5493443568899359, "93": 1.5493443568899359, "94": 1.5493443568899359, "95": 1.5493443568899359, "96": 1.5493443568899359, "97": 1.5493443568899359, "98": 1.5493443568899359, "99": 1.5493443568899359, "100": 1.5493443568899359}