{"0": 18.308052291424556, "1": 18.308052291424556, "2": 18.308052291424556, "3": 17.23071478672884, "4": 17.23071478672884, "5": 5.143803378321305, "6": 3.375913900890179, "7": 3.375913900890179, "8": 3.311356680126792, "9": 3.311356680126792, "10": 3.311356680126792, "11": 3.311356680126792, "12": 2.3920717443224824, "13": 2.3920717443224824, "14": 2.3920717443224824, "15": 2.3920717443224824, "16": 2.3920717443224824, "17": 2.3920717443224824, "18": 2.3920717443224824, "19": 2.3920717443224824, "20": 2.3920717443224824, "21": 2.3920717443224824, "22": 2.3920717443224824, "23": 2.3920717443224824, "24": 2.3920717443224824, "25": 2.3569028765343383, "26": 2.3569028765343383, "27": 2.3569028765343383, "28": 2.3569028765343383, "29": 2.3569028765343383, "30": 2.3569028765343383, "31": 2.3569028765343383, "32": 2.3569028765343383, "33": 2.3569028765343383, "34": 2.3569028765343383, "35": 2.34575399818592, "36": 2.34575399818592, "37": 2.34575399818592, "38": 2.3325487002821745, "39": 2.3325487002821745, "40": 2.3325487002821745, "41": 2.3325487002821745, "42": 2.3325487002821745, "43": 2.3325487002821745, "44": 2.3325487002821745, "45": 2.3325487002821745, "46": 2.3325487002821745, "47": 2.3325487002821745, "48": 2.3325487002821745, "49": 2.3325487002821745, "50": 2.3325487002821745, "51": 2.3325487002821745, "52": 2.3325487002821745, "53": 2.3325487002821745, "54": 2.3325487002821745, "55": 1.731342202758544, "56": 1.731342202758544, "57": 1.731342202758544, "58": 1.731342202758544, "59": 1.731342202758544, "60": 1.731342202758544, "61": 1.731342202758544, "62": 1.731342202758544, "63": 1.731342202758544, "64": 1.731342202758544, "65": 1.731342202758544, "66": 1.731342202758544, "67": 1.731342202758544, "68": 1.731342202758544, "69": 1.731342202758544, "70": 1.731342202758544, "71": 1.731342202758544, "72": 1.731342202758544, "73": 1.731342202758544, "74": 1.731342202758544, "75": 1.731342202758544, "76": 1.731342202758544, "77": 1.731342202758544, "78": 1.731342202758544, "79": 1.731342202758544, "80": 1.731342202758544, "81": 1.731342202758544, "82": 1.731342202758544, "83": 1.731342202758544, "84": 1.731342202758544, "85": 1.731342202758544, "86": 1.731342202758544, "87": 1.731342202758544, "88": 1.731342202758544, "89": 1.731342202758544, "90": 1.731342202758544, "91": 1.731342202758544, "92": 1.731342202758544, "93": 1.731342202758544, "94": 1.731342202758544, "95": 1.731342202758544, "96": 1.731342202758544, "97": 1.731342202758544, "98": 1.731342202758544, "99": 1.731342202758544, "100": 1.731342202758544}