{"0": 21.949577587553343, "1": 21.173116024931048, "2": 21.09008348592826, "3": 9.337730961363743, "4": 9.337730961363743, "5": 7.417675261767785, "6": 7.417675261767785, "7": 5.311963370530588, "8": 3.5415885804032783, "9": 3.5415885804032783, "10": 3.5415885804032783, "11": 2.6874798755485614, "12": 2.6874798755485614, "13": 2.6874798755485614, "14": 2.6874798755485614, "15": 2.6874798755485614, "16": 2.6874798755485614, "17": 2.6874798755485614, "18": 2.6874798755485614, "19": 2.6874798755485614, "20": 2.6874798755485614, "21": 2.6874798755485614, "22": 2.6874798755485614, "23": 2.6874798755485614, "24": 2.6874798755485614, "25": 2.6874798755485614, "26": 2.2892060170596586, "27": 2.2892060170596586, "28": 2.2892060170596586, "29": 2.2892060170596586, "30": 2.2892060170596586, "31": 2.2892060170596586, "32": 2.2892060170596586, "33": 2.2892060170596586, "34": 2.2892060170596586, "35": 2.2892060170596586, "36": 2.2892060170596586, "37": 2.2892060170596586, "38": 2.2892060170596586, "39": 2.2892060170596586, "40": 2.2892060170596586, "41": 2.2892060170596586, "42": 2.2892060170596586, "43": 2.2892060170596586, "44": 2.2892060170596586, "45": 2.2892060170596586, "46": 2.2892060170596586, "47": 1.4769471097504976, "48": 1.4769471097504976, "49": 1.4769471097504976, "50": 1.4769471097504976, "51": 0.443158556949534, "52": 0.443158556949534, "53": 0.443158556949534, "54": 0.443158556949534, "55": 0.443158556949534, "56": 0.443158556949534, "57": 0.443158556949534, "58": 0.443158556949534, "59": 0.443158556949534, "60": 0.443158556949534, "61": 0.443158556949534, "62": 0.443158556949534, "63": 0.443158556949534, "64": 0.443158556949534, "65": 0.443158556949534, "66": 0.443158556949534, "67": 0.443158556949534, "68": 0.443158556949534, "69": 0.443158556949534, "70": 0.443158556949534, "71": 0.443158556949534, "72": 0.443158556949534, "73": 0.443158556949534, "74": 0.443158556949534, "75": 0.443158556949534, "76": 0.443158556949534, "77": 0.443158556949534, "78": 0.443158556949534, "79": 0.443158556949534, "80": 0.443158556949534, "81": 0.443158556949534, "82": 0.443158556949534, "83": 0.443158556949534, "84": 0.443158556949534, "85": 0.443158556949534, "86": 0.443158556949534, "87": 0.443158556949534, "88": 0.443158556949534, "89": 0.443158556949534, "90": 0.443158556949534, "91": 0.443158556949534, "92": 0.443158556949534, "93": 0.443158556949534, "94": 0.443158556949534, "95": 0.443158556949534, "96": 0.443158556949534, "97": 0.443158556949534, "98": 0.443158556949534, "99": 0.443158556949534, "100": 0.443158556949534}