{"0": 31.391122459629152, "1": 12.503706734389088, "2": 12.503706734389088, "3": 10.929624662063585, "4": 10.929624662063585, "5": 10.929624662063585, "6": 10.929624662063585, "7": 10.929624662063585, "8": 3.104363825279002, "9": 3.104363825279002, "10": 3.104363825279002, "11": 3.104363825279002, "12": 3.104363825279002, "13": 3.104363825279002, "14": 3.104363825279002, "15": 3.104363825279002, "16": 3.0208423557302133, "17": 3.0208423557302133, "18": 3.0208423557302133, "19": 3.0208423557302133, "20": 2.3726391818378083, "21": 1.6935172820665372, "22": 1.6935172820665372, "23": 1.6935172820665372, "24": 1.2065384886474888, "25": 1.2065384886474888, "26": 1.2065384886474888, "27": 1.2065384886474888, "28": 0.6409886864718999, "29": 0.6409886864718999, "30": 0.6409886864718999, "31": 0.6409886864718999, "32": 0.6409886864718999, "33": 0.6409886864718999, "34": 0.6409886864718999, "35": 0.6409886864718999, "36": 0.6409886864718999, "37": 0.5280893845308547, "38": 0.5280893845308547, "39": 0.5280893845308547, "40": 0.5280893845308547, "41": 0.5280893845308547, "42": 0.5280893845308547, "43": 0.5280893845308547, "44": 0.5280893845308547, "45": 0.5280893845308547, "46": 0.5280893845308547, "47": 0.5280893845308547, "48": 0.5280893845308547, "49": 0.5280893845308547, "50": 0.5280893845308547, "51": 0.5280893845308547, "52": 0.5280893845308547, "53": 0.5280893845308547, "54": 0.5280893845308547, "55": 0.5280893845308547, "56": 0.5280893845308547, "57": 0.5280893845308547, "58": 0.5280893845308547, "59": 0.5280893845308547, "60": 0.5280893845308547, "61": 0.5280893845308547, "62": 0.5280893845308547, "63": 0.5280893845308547, "64": 0.5280893845308547, "65": 0.5280893845308547, "66": 0.5280893845308547, "67": 0.5280893845308547, "68": 0.5280893845308547, "69": 0.5280893845308547, "70": 0.5280893845308547, "71": 0.5280893845308547, "72": 0.5280893845308547, "73": 0.5280893845308547, "74": 0.5280893845308547, "75": 0.5280893845308547, "76": 0.5280893845308547, "77": 0.5280893845308547, "78": 0.5280893845308547, "79": 0.5280893845308547, "80": 0.5280893845308547, "81": 0.5280893845308547, "82": 0.5280893845308547, "83": 0.5280893845308547, "84": 0.5280893845308547, "85": 0.5280893845308547, "86": 0.5280893845308547, "87": 0.5280893845308547, "88": 0.5280893845308547, "89": 0.5280893845308547, "90": 0.5280893845308547, "91": 0.5280893845308547, "92": 0.5280893845308547, "93": 0.5280893845308547, "94": 0.5280893845308547, "95": 0.5280893845308547, "96": 0.5280893845308547, "97": 0.5280893845308547, "98": 0.5280893845308547, "99": 0.5280893845308547, "100": 0.5280893845308547}