{"0": 25.053069584503035, "1": 24.673369893532026, "2": 11.277609772643475, "3": 1.34371024181862, "4": 1.34371024181862, "5": 1.34371024181862, "6": 1.34371024181862, "7": 1.34371024181862, "8": 1.1221527743117647, "9": 1.1221527743117647, "10": 1.1221527743117647, "11": 1.1221527743117647, "12": 1.1221527743117647, "13": 0.7365322909306187, "14": 0.7365322909306187, "15": 0.7365322909306187, "16": 0.7365322909306187, "17": 0.7365322909306187, "18": 0.7365322909306187, "19": 0.7365322909306187, "20": 0.7365322909306187, "21": 0.7365322909306187, "22": 0.7365322909306187, "23": 0.7365322909306187, "24": 0.7365322909306187, "25": 0.7365322909306187, "26": 0.7365322909306187, "27": 0.7365322909306187, "28": 0.43875207097529056, "29": 0.43875207097529056, "30": 0.43875207097529056, "31": 0.43875207097529056, "32": 0.43875207097529056, "33": 0.43875207097529056, "34": 0.43875207097529056, "35": 0.43875207097529056, "36": 0.43875207097529056, "37": 0.43875207097529056, "38": 0.43875207097529056, "39": 0.43875207097529056, "40": 0.43875207097529056, "41": 0.43875207097529056, "42": 0.43875207097529056, "43": 0.43875207097529056, "44": 0.32640642434672174, "45": 0.32640642434672174, "46": 0.32640642434672174, "47": 0.32640642434672174, "48": 0.32640642434672174, "49": 0.32640642434672174, "50": 0.17407644093257701, "51": 0.17407644093257701, "52": 0.17407644093257701, "53": 0.17407644093257701, "54": 0.17407644093257701, "55": 0.17407644093257701, "56": 0.17407644093257701, "57": 0.17407644093257701, "58": 0.17407644093257701, "59": 0.17407644093257701, "60": 0.17407644093257701, "61": 0.17407644093257701, "62": 0.17407644093257701, "63": 0.17407644093257701, "64": 0.17407644093257701, "65": 0.17407644093257701, "66": 0.17407644093257701, "67": 0.17407644093257701, "68": 0.17407644093257701, "69": 0.17407644093257701, "70": 0.17407644093257701, "71": 0.17407644093257701, "72": 0.17407644093257701, "73": 0.17407644093257701, "74": 0.17407644093257701, "75": 0.17407644093257701, "76": 0.17407644093257701, "77": 0.17407644093257701, "78": 0.17407644093257701, "79": 0.17407644093257701, "80": 0.17407644093257701, "81": 0.17407644093257701, "82": 0.17407644093257701, "83": 0.17407644093257701, "84": 0.17407644093257701, "85": 0.17407644093257701, "86": 0.17407644093257701, "87": 0.17407644093257701, "88": 0.17407644093257701, "89": 0.17407644093257701, "90": 0.17407644093257701, "91": 0.17407644093257701, "92": 0.17407644093257701, "93": 0.17407644093257701, "94": 0.17407644093257701, "95": 0.17407644093257701, "96": 0.17407644093257701, "97": 0.17407644093257701, "98": 0.17407644093257701, "99": 0.17407644093257701, "100": 0.17407644093257701}