{"0": 9.158254025708823, "1": 3.8052066962558193, "2": 3.8052066962558193, "3": 3.8052066962558193, "4": 3.8052066962558193, "5": 3.8052066962558193, "6": 3.8052066962558193, "7": 3.8052066962558193, "8": 3.8052066962558193, "9": 3.8052066962558193, "10": 1.5737765573289195, "11": 1.5737765573289195, "12": 1.5737765573289195, "13": 1.5737765573289195, "14": 1.1150639953794155, "15": 1.1150639953794155, "16": 1.1150639953794155, "17": 1.1150639953794155, "18": 1.1150639953794155, "19": 1.1150639953794155, "20": 1.1150639953794155, "21": 1.1150639953794155, "22": 0.09372332351953006, "23": 0.09372332351953006, "24": 0.09372332351953006, "25": 0.09372332351953006, "26": 0.09372332351953006, "27": 0.09372332351953006, "28": 0.09372332351953006, "29": 0.09372332351953006, "30": 0.09372332351953006, "31": 0.09372332351953006, "32": 0.09372332351953006, "33": 0.09372332351953006, "34": 0.09372332351953006, "35": 0.09372332351953006, "36": 0.09372332351953006, "37": 0.09372332351953006, "38": 0.09372332351953006, "39": 0.09372332351953006, "40": 0.09372332351953006, "41": 0.09372332351953006, "42": 0.09372332351953006, "43": 0.09372332351953006, "44": 0.09372332351953006, "45": 0.09372332351953006, "46": 0.09372332351953006, "47": 0.09372332351953006, "48": 0.09372332351953006, "49": 0.09372332351953006, "50": 0.09372332351953006, "51": 0.09372332351953006, "52": 0.09372332351953006, "53": 0.09372332351953006, "54": 0.09372332351953006, "55": 0.09372332351953006, "56": 0.09372332351953006, "57": 0.09372332351953006, "58": 0.09372332351953006, "59": 0.09372332351953006, "60": 0.09372332351953006, "61": 0.09372332351953006, "62": 0.09372332351953006, "63": 0.09372332351953006, "64": 0.09372332351953006, "65": 0.09372332351953006, "66": 0.09372332351953006, "67": 0.09372332351953006, "68": 0.09372332351953006, "69": 0.09372332351953006, "70": 0.09372332351953006, "71": 0.09372332351953006, "72": 0.09372332351953006, "73": 0.09372332351953006, "74": 0.09372332351953006, "75": 0.09372332351953006, "76": 0.09372332351953006, "77": 0.09372332351953006, "78": 0.09372332351953006, "79": 0.09372332351953006, "80": 0.09372332351953006, "81": 0.09372332351953006, "82": 0.09372332351953006, "83": 0.09372332351953006, "84": 0.09372332351953006, "85": 0.09372332351953006, "86": 0.09372332351953006, "87": 0.09372332351953006, "88": 0.09372332351953006, "89": 0.07922516375938926, "90": 0.07922516375938926, "91": 0.07922516375938926, "92": 0.07922516375938926, "93": 0.07922516375938926, "94": 0.07922516375938926, "95": 0.07922516375938926, "96": 0.07922516375938926, "97": 0.07922516375938926, "98": 0.07922516375938926, "99": 0.07922516375938926, "100": 0.07922516375938926}