{"0": 11.976017755286197, "1": 11.976017755286197, "2": 11.976017755286197, "3": 11.976017755286197, "4": 9.419628265433968, "5": 9.419628265433968, "6": 9.419628265433968, "7": 8.969223240488546, "8": 7.209209878155251, "9": 7.209209878155251, "10": 7.209209878155251, "11": 5.876105679659471, "12": 4.592239037978743, "13": 4.592239037978743, "14": 4.592239037978743, "15": 4.592239037978743, "16": 4.112805974745164, "17": 4.112805974745164, "18": 2.4447149773083297, "19": 2.4447149773083297, "20": 2.4447149773083297, "21": 2.4447149773083297, "22": 2.4447149773083297, "23": 2.4447149773083297, "24": 2.4447149773083297, "25": 2.4447149773083297, "26": 2.4447149773083297, "27": 2.4447149773083297, "28": 2.4447149773083297, "29": 2.4447149773083297, "30": 2.4447149773083297, "31": 2.4447149773083297, "32": 2.4447149773083297, "33": 2.4447149773083297, "34": 1.8664161604855316, "35": 0.09057549542575316, "36": 0.09057549542575316, "37": 0.09057549542575316, "38": 0.09057549542575316, "39": 0.09057549542575316, "40": 0.09057549542575316, "41": 0.09057549542575316, "42": 0.09057549542575316, "43": 0.09057549542575316, "44": 0.09057549542575316, "45": 0.09057549542575316, "46": 0.09057549542575316, "47": 0.09057549542575316, "48": 0.09057549542575316, "49": 0.09057549542575316, "50": 0.09057549542575316, "51": 0.09057549542575316, "52": 0.09057549542575316, "53": 0.09057549542575316, "54": 0.09057549542575316, "55": 0.09057549542575316, "56": 0.09057549542575316, "57": 0.09057549542575316, "58": 0.09057549542575316, "59": 0.09057549542575316, "60": 0.09057549542575316, "61": 0.09057549542575316, "62": 0.09057549542575316, "63": 0.09057549542575316, "64": 0.09057549542575316, "65": 0.09057549542575316, "66": 0.09057549542575316, "67": 0.09057549542575316, "68": 0.09057549542575316, "69": 0.09057549542575316, "70": 0.09057549542575316, "71": 0.09057549542575316, "72": 0.09057549542575316, "73": 0.09057549542575316, "74": 0.09057549542575316, "75": 0.09057549542575316, "76": 0.09057549542575316, "77": 0.09057549542575316, "78": 0.09057549542575316, "79": 0.09057549542575316, "80": 0.09057549542575316, "81": 0.09057549542575316, "82": 0.09057549542575316, "83": 0.09057549542575316, "84": 0.09057549542575316, "85": 0.09057549542575316, "86": 0.09057549542575316, "87": 0.09057549542575316, "88": 0.09057549542575316, "89": 0.09057549542575316, "90": 0.09057549542575316, "91": 0.09057549542575316, "92": 0.09057549542575316, "93": 0.09057549542575316, "94": 0.09057549542575316, "95": 0.09057549542575316, "96": 0.09057549542575316, "97": 0.09057549542575316, "98": 0.09057549542575316, "99": 0.09057549542575316, "100": 0.09057549542575316}