{"0": 4.028248211661632, "1": 4.028248211661632, "2": 4.028248211661632, "3": 4.028248211661632, "4": 4.028248211661632, "5": 4.028248211661632, "6": 2.692010240642915, "7": 2.692010240642915, "8": 2.692010240642915, "9": 2.692010240642915, "10": 2.692010240642915, "11": 2.692010240642915, "12": 2.692010240642915, "13": 2.692010240642915, "14": 2.249769610319362, "15": 2.249769610319362, "16": 2.0267344874155597, "17": 2.0267344874155597, "18": 2.0267344874155597, "19": 2.0267344874155597, "20": 2.0267344874155597, "21": 2.0267344874155597, "22": 2.0267344874155597, "23": 1.6736082662502128, "24": 1.6736082662502128, "25": 1.6736082662502128, "26": 1.6736082662502128, "27": 1.6736082662502128, "28": 1.6736082662502128, "29": 1.6736082662502128, "30": 1.6736082662502128, "31": 1.6736082662502128, "32": 1.6736082662502128, "33": 1.6736082662502128, "34": 1.6736082662502128, "35": 1.6736082662502128, "36": 1.6736082662502128, "37": 1.6736082662502128, "38": 1.6736082662502128, "39": 1.6736082662502128, "40": 1.6736082662502128, "41": 1.6736082662502128, "42": 1.6736082662502128, "43": 1.6736082662502128, "44": 1.6736082662502128, "45": 1.6736082662502128, "46": 1.6736082662502128, "47": 1.6736082662502128, "48": 1.6736082662502128, "49": 1.6736082662502128, "50": 1.6736082662502128, "51": 1.6736082662502128, "52": 1.6736082662502128, "53": 1.6736082662502128, "54": 1.6736082662502128, "55": 1.6736082662502128, "56": 1.6736082662502128, "57": 1.6736082662502128, "58": 1.6736082662502128, "59": 1.6736082662502128, "60": 1.6736082662502128, "61": 1.6736082662502128, "62": 1.6736082662502128, "63": 1.6736082662502128, "64": 1.6736082662502128, "65": 1.6736082662502128, "66": 1.6736082662502128, "67": 1.6736082662502128, "68": 1.6736082662502128, "69": 1.6736082662502128, "70": 1.6736082662502128, "71": 1.6736082662502128, "72": 1.6736082662502128, "73": 1.6736082662502128, "74": 1.6736082662502128, "75": 1.6736082662502128, "76": 1.6736082662502128, "77": 1.6736082662502128, "78": 1.6736082662502128, "79": 1.6736082662502128, "80": 1.6736082662502128, "81": 1.6736082662502128, "82": 1.6736082662502128, "83": 1.6736082662502128, "84": 1.6736082662502128, "85": 1.6736082662502128, "86": 1.6736082662502128, "87": 1.6736082662502128, "88": 1.6736082662502128, "89": 1.6736082662502128, "90": 1.6736082662502128, "91": 1.6736082662502128, "92": 1.6736082662502128, "93": 1.6736082662502128, "94": 1.6736082662502128, "95": 1.6736082662502128, "96": 1.6736082662502128, "97": 1.6736082662502128, "98": 1.6736082662502128, "99": 1.6736082662502128, "100": 1.6736082662502128}