{"0": 18.139294445060035, "1": 14.201545777256584, "2": 14.201545777256584, "3": 9.530345444234886, "4": 7.940173110422711, "5": 7.940173110422711, "6": 7.940173110422711, "7": 1.7249817232017293, "8": 1.7249817232017293, "9": 1.7249817232017293, "10": 1.7249817232017293, "11": 1.7249817232017293, "12": 1.7249817232017293, "13": 1.7249817232017293, "14": 1.7249817232017293, "15": 1.7249817232017293, "16": 1.7249817232017293, "17": 1.7249817232017293, "18": 1.7249817232017293, "19": 1.7249817232017293, "20": 1.7249817232017293, "21": 1.7249817232017293, "22": 1.7249817232017293, "23": 1.7249817232017293, "24": 1.3172819984725734, "25": 1.3172819984725734, "26": 1.3172819984725734, "27": 1.3172819984725734, "28": 1.3172819984725734, "29": 1.3172819984725734, "30": 1.3172819984725734, "31": 1.3172819984725734, "32": 1.3172819984725734, "33": 1.3172819984725734, "34": 1.3172819984725734, "35": 1.3172819984725734, "36": 1.3172819984725734, "37": 1.3172819984725734, "38": 1.3172819984725734, "39": 1.3172819984725734, "40": 1.3172819984725734, "41": 1.3172819984725734, "42": 1.3172819984725734, "43": 1.3172819984725734, "44": 1.3172819984725734, "45": 1.3172819984725734, "46": 1.3172819984725734, "47": 1.3172819984725734, "48": 1.3172819984725734, "49": 1.3172819984725734, "50": 1.3172819984725734, "51": 1.3172819984725734, "52": 1.3172819984725734, "53": 1.3172819984725734, "54": 1.3172819984725734, "55": 1.3172819984725734, "56": 1.3172819984725734, "57": 1.3172819984725734, "58": 1.3172819984725734, "59": 1.3172819984725734, "60": 1.3172819984725734, "61": 1.3172819984725734, "62": 1.3172819984725734, "63": 1.3172819984725734, "64": 1.3172819984725734, "65": 1.3172819984725734, "66": 1.3172819984725734, "67": 1.3172819984725734, "68": 1.3172819984725734, "69": 1.3172819984725734, "70": 1.3172819984725734, "71": 1.3172819984725734, "72": 1.3172819984725734, "73": 1.3172819984725734, "74": 1.3172819984725734, "75": 1.3172819984725734, "76": 1.3172819984725734, "77": 1.3172819984725734, "78": 1.3172819984725734, "79": 1.3172819984725734, "80": 1.3172819984725734, "81": 1.3172819984725734, "82": 1.3172819984725734, "83": 1.3172819984725734, "84": 1.3172819984725734, "85": 1.3172819984725734, "86": 1.3172819984725734, "87": 1.3172819984725734, "88": 1.3172819984725734, "89": 1.3172819984725734, "90": 1.3172819984725734, "91": 1.3172819984725734, "92": 1.088637607913853, "93": 1.088637607913853, "94": 1.088637607913853, "95": 1.088637607913853, "96": 1.088637607913853, "97": 1.088637607913853, "98": 1.088637607913853, "99": 1.088637607913853, "100": 1.088637607913853}