{"0": 9.095934444683087, "1": 9.095934444683087, "2": 2.48071382062264, "3": 2.48071382062264, "4": 2.48071382062264, "5": 2.374398308181764, "6": 2.374398308181764, "7": 2.374398308181764, "8": 2.143877150772873, "9": 2.143877150772873, "10": 2.0725389828171785, "11": 2.0725389828171785, "12": 2.0725389828171785, "13": 2.0725389828171785, "14": 2.0725389828171785, "15": 2.0473980114713584, "16": 1.900594882246935, "17": 1.900594882246935, "18": 1.900594882246935, "19": 1.900594882246935, "20": 1.900594882246935, "21": 1.900594882246935, "22": 1.900594882246935, "23": 1.900594882246935, "24": 1.900594882246935, "25": 1.3168194165440532, "26": 1.3168194165440532, "27": 1.3168194165440532, "28": 1.3168194165440532, "29": 1.3168194165440532, "30": 1.3168194165440532, "31": 1.2857887406162014, "32": 1.2857887406162014, "33": 1.2857887406162014, "34": 1.2857887406162014, "35": 1.2857887406162014, "36": 1.2857887406162014, "37": 1.2857887406162014, "38": 1.2857887406162014, "39": 1.2857887406162014, "40": 1.2857887406162014, "41": 1.2857887406162014, "42": 1.2857887406162014, "43": 1.2857887406162014, "44": 1.2857887406162014, "45": 1.2857887406162014, "46": 1.2857887406162014, "47": 1.2857887406162014, "48": 1.2857887406162014, "49": 1.2857887406162014, "50": 1.2857887406162014, "51": 1.2857887406162014, "52": 1.2857887406162014, "53": 1.2857887406162014, "54": 1.2857887406162014, "55": 1.2857887406162014, "56": 1.2857887406162014, "57": 1.2857887406162014, "58": 1.2857887406162014, "59": 1.2857887406162014, "60": 1.2857887406162014, "61": 1.2857887406162014, "62": 1.2857887406162014, "63": 1.2857887406162014, "64": 1.2857887406162014, "65": 1.2857887406162014, "66": 1.2857887406162014, "67": 1.2857887406162014, "68": 1.2857887406162014, "69": 1.2857887406162014, "70": 1.2857887406162014, "71": 1.2857887406162014, "72": 1.2857887406162014, "73": 1.2857887406162014, "74": 1.2857887406162014, "75": 1.2857887406162014, "76": 1.2857887406162014, "77": 1.2857887406162014, "78": 1.2857887406162014, "79": 1.2857887406162014, "80": 1.2857887406162014, "81": 1.2857887406162014, "82": 1.2857887406162014, "83": 1.2857887406162014, "84": 1.2857887406162014, "85": 1.2857887406162014, "86": 1.2857887406162014, "87": 1.2857887406162014, "88": 1.2857887406162014, "89": 1.2857887406162014, "90": 1.2857887406162014, "91": 1.2857887406162014, "92": 1.2857887406162014, "93": 1.2857887406162014, "94": 1.2857887406162014, "95": 1.2857887406162014, "96": 1.2857887406162014, "97": 1.2857887406162014, "98": 1.2857887406162014, "99": 1.2857887406162014, "100": 1.2857887406162014}