{"0": 2.6173699708848375, "1": 2.6173699708848375, "2": 2.6173699708848375, "3": 2.6173699708848375, "4": 2.3552567578933363, "5": 2.3552567578933363, "6": 2.3552567578933363, "7": 2.3552567578933363, "8": 2.0855899033088434, "9": 2.0855899033088434, "10": 2.0517663491850158, "11": 2.0517663491850158, "12": 2.0517663491850158, "13": 1.8214138471676051, "14": 1.8214138471676051, "15": 1.8214138471676051, "16": 1.8214138471676051, "17": 1.8214138471676051, "18": 1.8214138471676051, "19": 1.8214138471676051, "20": 1.8214138471676051, "21": 1.8214138471676051, "22": 1.8214138471676051, "23": 1.8214138471676051, "24": 1.8214138471676051, "25": 1.8214138471676051, "26": 1.8214138471676051, "27": 1.8214138471676051, "28": 1.8214138471676051, "29": 1.8214138471676051, "30": 0.7502817556519688, "31": 0.7502817556519688, "32": 0.7502817556519688, "33": 0.7502817556519688, "34": 0.7502817556519688, "35": 0.7502817556519688, "36": 0.7502817556519688, "37": 0.7502817556519688, "38": 0.7502817556519688, "39": 0.7502817556519688, "40": 0.7502817556519688, "41": 0.7502817556519688, "42": 0.7502817556519688, "43": 0.7502817556519688, "44": 0.7502817556519688, "45": 0.7502817556519688, "46": 0.7502817556519688, "47": 0.036320271655405634, "48": 0.036320271655405634, "49": 0.036320271655405634, "50": 0.036320271655405634, "51": 0.036320271655405634, "52": 0.036320271655405634, "53": 0.036320271655405634, "54": 0.036320271655405634, "55": 0.036320271655405634, "56": 0.036320271655405634, "57": 0.036320271655405634, "58": 0.036320271655405634, "59": 0.036320271655405634, "60": 0.036320271655405634, "61": 0.036320271655405634, "62": 0.036320271655405634, "63": 0.036320271655405634, "64": 0.036320271655405634, "65": 0.036320271655405634, "66": 0.036320271655405634, "67": 0.036320271655405634, "68": 0.036320271655405634, "69": 0.036320271655405634, "70": 0.036320271655405634, "71": 0.036320271655405634, "72": 0.036320271655405634, "73": 0.036320271655405634, "74": 0.036320271655405634, "75": 0.036320271655405634, "76": 0.036320271655405634, "77": 0.036320271655405634, "78": 0.036320271655405634, "79": 0.036320271655405634, "80": 0.036320271655405634, "81": 0.036320271655405634, "82": 0.036320271655405634, "83": 0.036320271655405634, "84": 0.036320271655405634, "85": 0.036320271655405634, "86": 0.036320271655405634, "87": 0.036320271655405634, "88": 0.036320271655405634, "89": 0.036320271655405634, "90": 0.036320271655405634, "91": 0.036320271655405634, "92": 0.036320271655405634, "93": 0.036320271655405634, "94": 0.036320271655405634, "95": 0.036320271655405634, "96": 0.036320271655405634, "97": 0.036320271655405634, "98": 0.036320271655405634, "99": 0.036320271655405634, "100": 0.036320271655405634}