{"0": 31.09881607967431, "1": 12.549607224507469, "2": 12.549607224507469, "3": 12.549607224507469, "4": 11.422672545756406, "5": 11.422672545756406, "6": 6.84035985874112, "7": 6.84035985874112, "8": 6.84035985874112, "9": 6.489338938770716, "10": 6.489338938770716, "11": 4.268707818715168, "12": 2.7771195064532996, "13": 2.7771195064532996, "14": 2.7771195064532996, "15": 2.293246617566247, "16": 2.293246617566247, "17": 2.293246617566247, "18": 2.293246617566247, "19": 2.293246617566247, "20": 2.293246617566247, "21": 2.293246617566247, "22": 2.293246617566247, "23": 2.293246617566247, "24": 2.293246617566247, "25": 2.293246617566247, "26": 2.293246617566247, "27": 2.293246617566247, "28": 2.293246617566247, "29": 2.293246617566247, "30": 2.293246617566247, "31": 2.293246617566247, "32": 2.293246617566247, "33": 2.293246617566247, "34": 2.1861073183956066, "35": 2.1861073183956066, "36": 2.1861073183956066, "37": 1.03391518963738, "38": 1.03391518963738, "39": 1.03391518963738, "40": 1.03391518963738, "41": 1.03391518963738, "42": 1.03391518963738, "43": 1.03391518963738, "44": 1.03391518963738, "45": 1.03391518963738, "46": 1.03391518963738, "47": 1.03391518963738, "48": 1.03391518963738, "49": 1.03391518963738, "50": 1.03391518963738, "51": 1.03391518963738, "52": 1.03391518963738, "53": 1.03391518963738, "54": 1.03391518963738, "55": 1.03391518963738, "56": 1.03391518963738, "57": 1.03391518963738, "58": 1.03391518963738, "59": 1.03391518963738, "60": 1.03391518963738, "61": 1.03391518963738, "62": 1.03391518963738, "63": 1.03391518963738, "64": 1.03391518963738, "65": 1.03391518963738, "66": 1.03391518963738, "67": 1.03391518963738, "68": 1.03391518963738, "69": 1.03391518963738, "70": 1.03391518963738, "71": 1.03391518963738, "72": 1.03391518963738, "73": 1.03391518963738, "74": 1.03391518963738, "75": 1.03391518963738, "76": 1.03391518963738, "77": 1.03391518963738, "78": 1.03391518963738, "79": 1.03391518963738, "80": 1.03391518963738, "81": 1.03391518963738, "82": 1.03391518963738, "83": 1.03391518963738, "84": 1.03391518963738, "85": 1.03391518963738, "86": 1.03391518963738, "87": 1.03391518963738, "88": 1.03391518963738, "89": 1.03391518963738, "90": 1.03391518963738, "91": 1.03391518963738, "92": 1.03391518963738, "93": 1.03391518963738, "94": 1.03391518963738, "95": 1.03391518963738, "96": 1.03391518963738, "97": 1.03391518963738, "98": 1.03391518963738, "99": 1.03391518963738, "100": 1.03391518963738}