{"0": 5.358590913620459, "1": 5.358590913620459, "2": 2.670252295670327, "3": 2.670252295670327, "4": 2.670252295670327, "5": 2.670252295670327, "6": 2.670252295670327, "7": 2.670252295670327, "8": 2.670252295670327, "9": 2.670252295670327, "10": 2.670252295670327, "11": 2.670252295670327, "12": 2.670252295670327, "13": 2.670252295670327, "14": 2.124247507570189, "15": 2.124247507570189, "16": 2.017665038732666, "17": 2.017665038732666, "18": 2.017665038732666, "19": 1.3088758892129988, "20": 1.3088758892129988, "21": 1.3088758892129988, "22": 1.3088758892129988, "23": 1.3088758892129988, "24": 1.3088758892129988, "25": 1.3088758892129988, "26": 0.18576603823199633, "27": 0.18576603823199633, "28": 0.18576603823199633, "29": 0.18576603823199633, "30": 0.18576603823199633, "31": 0.18576603823199633, "32": 0.18576603823199633, "33": 0.18576603823199633, "34": 0.18576603823199633, "35": 0.18576603823199633, "36": 0.18576603823199633, "37": 0.18576603823199633, "38": 0.18576603823199633, "39": 0.18576603823199633, "40": 0.1649008898877966, "41": 0.1649008898877966, "42": 0.1649008898877966, "43": 0.1649008898877966, "44": 0.1649008898877966, "45": 0.1649008898877966, "46": 0.1649008898877966, "47": 0.1649008898877966, "48": 0.1649008898877966, "49": 0.10035004216177867, "50": 0.10035004216177867, "51": 0.10035004216177867, "52": 0.10035004216177867, "53": 0.10035004216177867, "54": 0.10035004216177867, "55": 0.10035004216177867, "56": 0.10035004216177867, "57": 0.10035004216177867, "58": 0.10035004216177867, "59": 0.10035004216177867, "60": 0.10035004216177867, "61": 0.10035004216177867, "62": 0.10035004216177867, "63": 0.10035004216177867, "64": 0.10035004216177867, "65": 0.10035004216177867, "66": 0.10035004216177867, "67": 0.10035004216177867, "68": 0.10035004216177867, "69": 0.10035004216177867, "70": 0.10035004216177867, "71": 0.10035004216177867, "72": 0.10035004216177867, "73": 0.10035004216177867, "74": 0.10035004216177867, "75": 0.10035004216177867, "76": 0.10035004216177867, "77": 0.10035004216177867, "78": 0.10035004216177867, "79": 0.10035004216177867, "80": 0.10035004216177867, "81": 0.10035004216177867, "82": 0.10035004216177867, "83": 0.10035004216177867, "84": 0.10035004216177867, "85": 0.10035004216177867, "86": 0.10035004216177867, "87": 0.10035004216177867, "88": 0.10035004216177867, "89": 0.10035004216177867, "90": 0.10035004216177867, "91": 0.10035004216177867, "92": 0.10035004216177867, "93": 0.10035004216177867, "94": 0.10035004216177867, "95": 0.10035004216177867, "96": 0.10035004216177867, "97": 0.10035004216177867, "98": 0.10035004216177867, "99": 0.10035004216177867, "100": 0.10035004216177867}