{"0": 23.21451878622267, "1": 3.4731714202965627, "2": 3.4731714202965627, "3": 2.919992354955717, "4": 2.919992354955717, "5": 2.919992354955717, "6": 1.3884001009402809, "7": 1.3884001009402809, "8": 1.3884001009402809, "9": 1.3884001009402809, "10": 1.3560393783462388, "11": 1.3560393783462388, "12": 1.3560393783462388, "13": 1.3560393783462388, "14": 1.3560393783462388, "15": 1.3560393783462388, "16": 1.3560393783462388, "17": 1.3560393783462388, "18": 1.3560393783462388, "19": 1.3560393783462388, "20": 1.3560393783462388, "21": 1.3560393783462388, "22": 1.3560393783462388, "23": 1.3560393783462388, "24": 1.3560393783462388, "25": 1.3560393783462388, "26": 1.3560393783462388, "27": 1.3560393783462388, "28": 1.3560393783462388, "29": 1.3560393783462388, "30": 1.3560393783462388, "31": 1.3560393783462388, "32": 1.3560393783462388, "33": 1.3560393783462388, "34": 1.3560393783462388, "35": 1.3560393783462388, "36": 1.3560393783462388, "37": 1.3560393783462388, "38": 1.3560393783462388, "39": 1.3560393783462388, "40": 1.3560393783462388, "41": 1.3560393783462388, "42": 1.3560393783462388, "43": 1.3560393783462388, "44": 1.3560393783462388, "45": 1.3560393783462388, "46": 1.3560393783462388, "47": 1.3560393783462388, "48": 1.3560393783462388, "49": 1.3560393783462388, "50": 1.3560393783462388, "51": 1.3560393783462388, "52": 1.3560393783462388, "53": 1.3560393783462388, "54": 1.086966631918731, "55": 1.086966631918731, "56": 1.086966631918731, "57": 1.086966631918731, "58": 1.086966631918731, "59": 1.086966631918731, "60": 1.086966631918731, "61": 1.086966631918731, "62": 1.086966631918731, "63": 1.086966631918731, "64": 1.086966631918731, "65": 1.086966631918731, "66": 1.086966631918731, "67": 1.086966631918731, "68": 1.086966631918731, "69": 1.086966631918731, "70": 1.086966631918731, "71": 1.086966631918731, "72": 1.086966631918731, "73": 1.086966631918731, "74": 1.086966631918731, "75": 1.086966631918731, "76": 1.086966631918731, "77": 1.086966631918731, "78": 1.086966631918731, "79": 1.086966631918731, "80": 1.086966631918731, "81": 1.086966631918731, "82": 1.086966631918731, "83": 1.086966631918731, "84": 1.086966631918731, "85": 1.086966631918731, "86": 1.086966631918731, "87": 1.086966631918731, "88": 1.086966631918731, "89": 1.086966631918731, "90": 1.086966631918731, "91": 1.086966631918731, "92": 1.086966631918731, "93": 1.086966631918731, "94": 1.086966631918731, "95": 1.086966631918731, "96": 1.086966631918731, "97": 1.086966631918731, "98": 1.086966631918731, "99": 1.086966631918731, "100": 1.086966631918731}