{"0": 28.051408805960158, "1": 15.850661589936013, "2": 13.681123673980842, "3": 13.681123673980842, "4": 9.43550684004419, "5": 9.43550684004419, "6": 9.43550684004419, "7": 9.43550684004419, "8": 9.345045927737633, "9": 9.345045927737633, "10": 9.345045927737633, "11": 9.345045927737633, "12": 9.345045927737633, "13": 9.345045927737633, "14": 4.694091254569379, "15": 3.513783404921899, "16": 3.513783404921899, "17": 3.513783404921899, "18": 3.513783404921899, "19": 3.513783404921899, "20": 3.513783404921899, "21": 3.513783404921899, "22": 3.513783404921899, "23": 3.513783404921899, "24": 3.513783404921899, "25": 3.513783404921899, "26": 3.513783404921899, "27": 3.513783404921899, "28": 3.513783404921899, "29": 3.513783404921899, "30": 3.513783404921899, "31": 3.513783404921899, "32": 3.513783404921899, "33": 1.0853708469719088, "34": 1.0853708469719088, "35": 1.0853708469719088, "36": 1.0853708469719088, "37": 1.0853708469719088, "38": 1.0853708469719088, "39": 1.0853708469719088, "40": 0.4240612246601927, "41": 0.4240612246601927, "42": 0.4240612246601927, "43": 0.4240612246601927, "44": 0.4240612246601927, "45": 0.4240612246601927, "46": 0.4240612246601927, "47": 0.4240612246601927, "48": 0.4240612246601927, "49": 0.4240612246601927, "50": 0.4240612246601927, "51": 0.4240612246601927, "52": 0.4240612246601927, "53": 0.4240612246601927, "54": 0.4240612246601927, "55": 0.4240612246601927, "56": 0.4240612246601927, "57": 0.4240612246601927, "58": 0.4240612246601927, "59": 0.4240612246601927, "60": 0.4240612246601927, "61": 0.4240612246601927, "62": 0.4240612246601927, "63": 0.4240612246601927, "64": 0.4240612246601927, "65": 0.4240612246601927, "66": 0.4240612246601927, "67": 0.4240612246601927, "68": 0.4240612246601927, "69": 0.4240612246601927, "70": 0.4240612246601927, "71": 0.4240612246601927, "72": 0.4240612246601927, "73": 0.4240612246601927, "74": 0.4240612246601927, "75": 0.4240612246601927, "76": 0.4240612246601927, "77": 0.4240612246601927, "78": 0.4240612246601927, "79": 0.4240612246601927, "80": 0.4240612246601927, "81": 0.4240612246601927, "82": 0.4240612246601927, "83": 0.4240612246601927, "84": 0.4240612246601927, "85": 0.4240612246601927, "86": 0.4240612246601927, "87": 0.4240612246601927, "88": 0.4240612246601927, "89": 0.4240612246601927, "90": 0.4240612246601927, "91": 0.4240612246601927, "92": 0.4240612246601927, "93": 0.4240612246601927, "94": 0.4240612246601927, "95": 0.4240612246601927, "96": 0.4240612246601927, "97": 0.4240612246601927, "98": 0.4240612246601927, "99": 0.4240612246601927, "100": 0.4240612246601927}