{"0": 11.301542394553522, "1": 10.004817479111583, "2": 9.835066710949594, "3": 9.835066710949594, "4": 9.835066710949594, "5": 9.835066710949594, "6": 9.835066710949594, "7": 9.835066710949594, "8": 9.835066710949594, "9": 9.835066710949594, "10": 8.047919217879286, "11": 8.047919217879286, "12": 8.047919217879286, "13": 8.047919217879286, "14": 8.047919217879286, "15": 8.047919217879286, "16": 8.047919217879286, "17": 8.047919217879286, "18": 8.047919217879286, "19": 7.759170673621632, "20": 7.759170673621632, "21": 7.759170673621632, "22": 4.451172122266071, "23": 2.4873922401054145, "24": 2.4873922401054145, "25": 2.4873922401054145, "26": 2.4873922401054145, "27": 2.4873922401054145, "28": 2.4873922401054145, "29": 2.4873922401054145, "30": 2.4873922401054145, "31": 2.4873922401054145, "32": 2.4873922401054145, "33": 2.4873922401054145, "34": 1.4203162313311104, "35": 1.4203162313311104, "36": 1.4203162313311104, "37": 1.4203162313311104, "38": 1.4203162313311104, "39": 1.4203162313311104, "40": 1.4203162313311104, "41": 1.4203162313311104, "42": 1.4203162313311104, "43": 1.4203162313311104, "44": 1.4203162313311104, "45": 1.4203162313311104, "46": 1.4203162313311104, "47": 1.4203162313311104, "48": 1.4203162313311104, "49": 0.6924153430577888, "50": 0.6924153430577888, "51": 0.6924153430577888, "52": 0.6924153430577888, "53": 0.6924153430577888, "54": 0.6924153430577888, "55": 0.6924153430577888, "56": 0.6924153430577888, "57": 0.6924153430577888, "58": 0.6924153430577888, "59": 0.6924153430577888, "60": 0.6924153430577888, "61": 0.6924153430577888, "62": 0.6924153430577888, "63": 0.6924153430577888, "64": 0.6924153430577888, "65": 0.6924153430577888, "66": 0.6924153430577888, "67": 0.6924153430577888, "68": 0.6924153430577888, "69": 0.6924153430577888, "70": 0.6924153430577888, "71": 0.6924153430577888, "72": 0.6924153430577888, "73": 0.6924153430577888, "74": 0.6924153430577888, "75": 0.6924153430577888, "76": 0.6924153430577888, "77": 0.6924153430577888, "78": 0.6924153430577888, "79": 0.6924153430577888, "80": 0.6924153430577888, "81": 0.6924153430577888, "82": 0.6924153430577888, "83": 0.6924153430577888, "84": 0.6924153430577888, "85": 0.6924153430577888, "86": 0.6924153430577888, "87": 0.6924153430577888, "88": 0.6924153430577888, "89": 0.6924153430577888, "90": 0.6924153430577888, "91": 0.6924153430577888, "92": 0.6924153430577888, "93": 0.6924153430577888, "94": 0.6924153430577888, "95": 0.6924153430577888, "96": 0.6924153430577888, "97": 0.6924153430577888, "98": 0.6924153430577888, "99": 0.6924153430577888, "100": 0.6924153430577888}