{"0": 18.472280412582435, "1": 15.444048118799603, "2": 12.648512563259255, "3": 7.045057333886751, "4": 7.045057333886751, "5": 7.045057333886751, "6": 7.045057333886751, "7": 7.045057333886751, "8": 7.045057333886751, "9": 6.926735159827327, "10": 6.926735159827327, "11": 4.759264825830694, "12": 0.37487642069708116, "13": 0.37487642069708116, "14": 0.0785527733079121, "15": 0.0785527733079121, "16": 0.0785527733079121, "17": 0.0785527733079121, "18": 0.0785527733079121, "19": 0.0785527733079121, "20": 0.0785527733079121, "21": 0.0785527733079121, "22": 0.0785527733079121, "23": 0.0785527733079121, "24": 0.0785527733079121, "25": 0.0785527733079121, "26": 0.0785527733079121, "27": 0.0785527733079121, "28": 0.0785527733079121, "29": 0.0785527733079121, "30": 0.0785527733079121, "31": 0.0785527733079121, "32": 0.0785527733079121, "33": 0.0785527733079121, "34": 0.0785527733079121, "35": 0.0785527733079121, "36": 0.0785527733079121, "37": 0.0785527733079121, "38": 0.0785527733079121, "39": 0.0785527733079121, "40": 0.0785527733079121, "41": 0.0785527733079121, "42": 0.0785527733079121, "43": 0.0785527733079121, "44": 0.0785527733079121, "45": 0.0785527733079121, "46": 0.0785527733079121, "47": 0.0785527733079121, "48": 0.0785527733079121, "49": 0.0785527733079121, "50": 0.0785527733079121, "51": 0.0785527733079121, "52": 0.0785527733079121, "53": 0.0785527733079121, "54": 0.0785527733079121, "55": 0.0785527733079121, "56": 0.0785527733079121, "57": 0.0785527733079121, "58": 0.0008927517614338853, "59": 0.0008927517614338853, "60": 0.0008927517614338853, "61": 0.0008927517614338853, "62": 0.0008927517614338853, "63": 0.0008927517614338853, "64": 0.0008927517614338853, "65": 0.0008927517614338853, "66": 0.0008927517614338853, "67": 0.0008927517614338853, "68": 0.0008927517614338853, "69": 0.0008927517614338853, "70": 0.0008927517614338853, "71": 0.0008927517614338853, "72": 0.0008927517614338853, "73": 0.0008927517614338853, "74": 0.0008927517614338853, "75": 0.0008927517614338853, "76": 0.0008927517614338853, "77": 0.0008927517614338853, "78": 0.0008927517614338853, "79": 0.0008927517614338853, "80": 0.0008927517614338853, "81": 0.0008927517614338853, "82": 0.0008927517614338853, "83": 0.0008927517614338853, "84": 0.0008927517614338853, "85": 0.0008927517614338853, "86": 0.0008927517614338853, "87": 0.0008927517614338853, "88": 0.0008927517614338853, "89": 0.0008927517614338853, "90": 0.0008927517614338853, "91": 0.0008927517614338853, "92": 0.0008927517614338853, "93": 0.0008927517614338853, "94": 0.0008927517614338853, "95": 0.0008927517614338853, "96": 0.0008927517614338853, "97": 0.0008927517614338853, "98": 0.0008927517614338853, "99": 0.0008927517614338853, "100": 0.0008927517614338853}