{"0": 19.680032610413853, "1": 18.261687508563483, "2": 18.261687508563483, "3": 13.725651979865148, "4": 10.115311610416931, "5": 10.115311610416931, "6": 10.115311610416931, "7": 10.115311610416931, "8": 3.902101132416231, "9": 3.902101132416231, "10": 2.8483646962341993, "11": 1.9345602043880632, "12": 1.9345602043880632, "13": 1.9345602043880632, "14": 1.9345602043880632, "15": 1.9345602043880632, "16": 1.9345602043880632, "17": 1.9345602043880632, "18": 1.9345602043880632, "19": 1.9345602043880632, "20": 1.9345602043880632, "21": 1.476225503924688, "22": 1.476225503924688, "23": 1.476225503924688, "24": 1.476225503924688, "25": 1.476225503924688, "26": 1.476225503924688, "27": 1.476225503924688, "28": 1.476225503924688, "29": 1.476225503924688, "30": 1.476225503924688, "31": 1.476225503924688, "32": 1.476225503924688, "33": 1.476225503924688, "34": 1.476225503924688, "35": 1.476225503924688, "36": 1.2663035984899693, "37": 1.2663035984899693, "38": 1.1088366836389305, "39": 1.1088366836389305, "40": 1.1088366836389305, "41": 1.1088366836389305, "42": 1.1088366836389305, "43": 1.1088366836389305, "44": 1.1088366836389305, "45": 1.1088366836389305, "46": 1.1088366836389305, "47": 1.1088366836389305, "48": 1.1088366836389305, "49": 1.1088366836389305, "50": 1.1088366836389305, "51": 1.1088366836389305, "52": 1.1088366836389305, "53": 1.1088366836389305, "54": 1.1088366836389305, "55": 1.1088366836389305, "56": 1.1088366836389305, "57": 1.1088366836389305, "58": 1.1088366836389305, "59": 1.1088366836389305, "60": 1.1088366836389305, "61": 1.1088366836389305, "62": 1.1088366836389305, "63": 1.1088366836389305, "64": 1.1088366836389305, "65": 1.1088366836389305, "66": 1.1088366836389305, "67": 1.1088366836389305, "68": 1.1088366836389305, "69": 1.1088366836389305, "70": 1.1088366836389305, "71": 1.1088366836389305, "72": 1.1088366836389305, "73": 1.1088366836389305, "74": 1.1088366836389305, "75": 1.1088366836389305, "76": 1.1088366836389305, "77": 1.1088366836389305, "78": 1.1088366836389305, "79": 1.1088366836389305, "80": 1.1088366836389305, "81": 0.5985213397628328, "82": 0.5985213397628328, "83": 0.5985213397628328, "84": 0.5985213397628328, "85": 0.5985213397628328, "86": 0.5985213397628328, "87": 0.5985213397628328, "88": 0.5985213397628328, "89": 0.5985213397628328, "90": 0.5985213397628328, "91": 0.5985213397628328, "92": 0.5985213397628328, "93": 0.5985213397628328, "94": 0.5985213397628328, "95": 0.5985213397628328, "96": 0.5985213397628328, "97": 0.5985213397628328, "98": 0.5985213397628328, "99": 0.5985213397628328, "100": 0.5985213397628328}