{"0": 27.644425646452504, "1": 14.505126831189642, "2": 8.138395706967856, "3": 8.138395706967856, "4": 8.138395706967856, "5": 8.138395706967856, "6": 8.138395706967856, "7": 8.138395706967856, "8": 8.138395706967856, "9": 8.138395706967856, "10": 8.138395706967856, "11": 8.138395706967856, "12": 8.138395706967856, "13": 8.138395706967856, "14": 6.270778390887116, "15": 6.270778390887116, "16": 4.031809311265029, "17": 4.031809311265029, "18": 4.031809311265029, "19": 3.3946975058400923, "20": 3.3946975058400923, "21": 3.3946975058400923, "22": 3.3946975058400923, "23": 3.3946975058400923, "24": 3.3946975058400923, "25": 3.3946975058400923, "26": 3.3946975058400923, "27": 3.3946975058400923, "28": 3.3946975058400923, "29": 3.3946975058400923, "30": 3.3946975058400923, "31": 3.3946975058400923, "32": 2.7744206501885884, "33": 2.7744206501885884, "34": 1.413969379426856, "35": 1.413969379426856, "36": 1.413969379426856, "37": 1.413969379426856, "38": 1.413969379426856, "39": 1.413969379426856, "40": 1.413969379426856, "41": 1.413969379426856, "42": 1.413969379426856, "43": 1.413969379426856, "44": 1.413969379426856, "45": 1.413969379426856, "46": 1.413969379426856, "47": 1.413969379426856, "48": 1.413969379426856, "49": 1.413969379426856, "50": 1.413969379426856, "51": 1.413969379426856, "52": 1.413969379426856, "53": 1.413969379426856, "54": 1.413969379426856, "55": 1.413969379426856, "56": 1.413969379426856, "57": 1.413969379426856, "58": 1.413969379426856, "59": 1.413969379426856, "60": 1.413969379426856, "61": 1.413969379426856, "62": 1.413969379426856, "63": 1.413969379426856, "64": 1.413969379426856, "65": 1.413969379426856, "66": 1.413969379426856, "67": 1.413969379426856, "68": 1.413969379426856, "69": 1.413969379426856, "70": 1.413969379426856, "71": 1.413969379426856, "72": 1.413969379426856, "73": 1.413969379426856, "74": 1.413969379426856, "75": 1.413969379426856, "76": 1.413969379426856, "77": 1.413969379426856, "78": 1.413969379426856, "79": 1.413969379426856, "80": 1.413969379426856, "81": 1.413969379426856, "82": 1.413969379426856, "83": 1.413969379426856, "84": 1.413969379426856, "85": 1.413969379426856, "86": 1.413969379426856, "87": 1.413969379426856, "88": 1.413969379426856, "89": 1.413969379426856, "90": 1.413969379426856, "91": 1.413969379426856, "92": 1.0969532878213926, "93": 1.0969532878213926, "94": 1.0969532878213926, "95": 1.0969532878213926, "96": 1.0969532878213926, "97": 1.0969532878213926, "98": 1.0969532878213926, "99": 1.0969532878213926, "100": 1.0969532878213926}