{"0": 24.6654199717213, "1": 21.01572472778291, "2": 10.851594434937262, "3": 10.851594434937262, "4": 10.851594434937262, "5": 10.851594434937262, "6": 9.184759395782006, "7": 9.184759395782006, "8": 8.853024179444114, "9": 4.613563518074351, "10": 4.613563518074351, "11": 4.613563518074351, "12": 4.613563518074351, "13": 4.613563518074351, "14": 4.613563518074351, "15": 3.1821025796291877, "16": 3.1821025796291877, "17": 3.1821025796291877, "18": 3.1821025796291877, "19": 3.1821025796291877, "20": 3.1821025796291877, "21": 3.1821025796291877, "22": 3.1821025796291877, "23": 3.1821025796291877, "24": 3.1821025796291877, "25": 3.1821025796291877, "26": 3.1821025796291877, "27": 2.440666826423861, "28": 1.5670480093000378, "29": 1.5670480093000378, "30": 1.5670480093000378, "31": 1.5670480093000378, "32": 1.5670480093000378, "33": 1.5670480093000378, "34": 1.5670480093000378, "35": 1.5670480093000378, "36": 1.5670480093000378, "37": 1.5670480093000378, "38": 1.5670480093000378, "39": 1.5670480093000378, "40": 1.5432613318661978, "41": 1.5432613318661978, "42": 1.5432613318661978, "43": 1.5432613318661978, "44": 1.5432613318661978, "45": 1.5432613318661978, "46": 1.5432613318661978, "47": 1.5432613318661978, "48": 1.5432613318661978, "49": 1.5432613318661978, "50": 1.5432613318661978, "51": 1.5432613318661978, "52": 1.5432613318661978, "53": 1.5432613318661978, "54": 1.5432613318661978, "55": 1.5432613318661978, "56": 1.5432613318661978, "57": 1.5432613318661978, "58": 1.5432613318661978, "59": 0.011474815931975968, "60": 0.011474815931975968, "61": 0.011474815931975968, "62": 0.011474815931975968, "63": 0.011474815931975968, "64": 0.011474815931975968, "65": 0.011474815931975968, "66": 0.011474815931975968, "67": 0.011474815931975968, "68": 0.011474815931975968, "69": 0.011474815931975968, "70": 0.011474815931975968, "71": 0.011474815931975968, "72": 0.011474815931975968, "73": 0.011474815931975968, "74": 0.011474815931975968, "75": 0.011474815931975968, "76": 0.011474815931975968, "77": 0.011474815931975968, "78": 0.011474815931975968, "79": 0.011474815931975968, "80": 0.011474815931975968, "81": 0.011474815931975968, "82": 0.011474815931975968, "83": 0.011474815931975968, "84": 0.011474815931975968, "85": 0.011474815931975968, "86": 0.011474815931975968, "87": 0.011474815931975968, "88": 0.011474815931975968, "89": 0.011474815931975968, "90": 0.011474815931975968, "91": 0.011474815931975968, "92": 0.011474815931975968, "93": 0.011474815931975968, "94": 0.011474815931975968, "95": 0.011474815931975968, "96": 0.011474815931975968, "97": 0.011474815931975968, "98": 0.011474815931975968, "99": 0.011474815931975968, "100": 0.011474815931975968}