{"0": 20.75872762705061, "1": 13.317115249912474, "2": 9.887309170062975, "3": 8.709643464176349, "4": 5.405484013058922, "5": 5.405484013058922, "6": 5.405484013058922, "7": 4.300033523828738, "8": 4.300033523828738, "9": 4.300033523828738, "10": 4.300033523828738, "11": 4.300033523828738, "12": 4.300033523828738, "13": 4.300033523828738, "14": 4.300033523828738, "15": 4.300033523828738, "16": 4.232324578124146, "17": 4.231330413836105, "18": 4.231330413836105, "19": 4.231330413836105, "20": 4.231330413836105, "21": 4.231330413836105, "22": 4.231330413836105, "23": 4.231330413836105, "24": 4.231330413836105, "25": 4.231330413836105, "26": 4.231330413836105, "27": 4.231330413836105, "28": 4.231330413836105, "29": 4.231330413836105, "30": 4.231330413836105, "31": 4.231330413836105, "32": 4.231330413836105, "33": 4.231330413836105, "34": 4.231330413836105, "35": 4.231330413836105, "36": 2.1199965365007927, "37": 2.1199965365007927, "38": 2.1199965365007927, "39": 2.1199965365007927, "40": 2.1199965365007927, "41": 2.1199965365007927, "42": 2.1199965365007927, "43": 2.1199965365007927, "44": 2.1199965365007927, "45": 2.1199965365007927, "46": 2.1199965365007927, "47": 2.1199965365007927, "48": 2.1199965365007927, "49": 2.1199965365007927, "50": 2.1199965365007927, "51": 2.1199965365007927, "52": 2.1199965365007927, "53": 2.1199965365007927, "54": 2.1199965365007927, "55": 2.1199965365007927, "56": 2.1199965365007927, "57": 2.1199965365007927, "58": 2.1199965365007927, "59": 2.1199965365007927, "60": 2.1199965365007927, "61": 2.0702801533054753, "62": 2.0702801533054753, "63": 2.0702801533054753, "64": 2.0702801533054753, "65": 2.0702801533054753, "66": 2.0702801533054753, "67": 2.0702801533054753, "68": 2.0702801533054753, "69": 2.0702801533054753, "70": 2.0702801533054753, "71": 2.0702801533054753, "72": 2.0702801533054753, "73": 2.0702801533054753, "74": 2.0702801533054753, "75": 2.0702801533054753, "76": 1.502304067828078, "77": 1.502304067828078, "78": 1.502304067828078, "79": 1.502304067828078, "80": 1.502304067828078, "81": 1.502304067828078, "82": 1.502304067828078, "83": 1.502304067828078, "84": 1.502304067828078, "85": 1.502304067828078, "86": 1.502304067828078, "87": 1.502304067828078, "88": 1.502304067828078, "89": 1.502304067828078, "90": 1.502304067828078, "91": 1.502304067828078, "92": 1.502304067828078, "93": 1.502304067828078, "94": 1.502304067828078, "95": 1.502304067828078, "96": 1.502304067828078, "97": 1.502304067828078, "98": 1.502304067828078, "99": 1.502304067828078, "100": 1.502304067828078}