{"0": 19.5382121715138, "1": 10.755788698877598, "2": 10.755788698877598, "3": 10.283837077589917, "4": 8.355529206081151, "5": 8.355529206081151, "6": 8.355529206081151, "7": 8.355529206081151, "8": 2.1483790588503453, "9": 2.1483790588503453, "10": 2.1483790588503453, "11": 2.1483790588503453, "12": 2.1483790588503453, "13": 2.1483790588503453, "14": 2.1483790588503453, "15": 2.1483790588503453, "16": 2.1483790588503453, "17": 2.1483790588503453, "18": 2.1483790588503453, "19": 1.6402896606938668, "20": 1.6402896606938668, "21": 1.6402896606938668, "22": 1.6402896606938668, "23": 1.6402896606938668, "24": 1.6402896606938668, "25": 1.6402896606938668, "26": 1.6402896606938668, "27": 1.6402896606938668, "28": 1.6402896606938668, "29": 1.6402896606938668, "30": 1.6402896606938668, "31": 1.6402896606938668, "32": 1.6402896606938668, "33": 1.6402896606938668, "34": 1.6402896606938668, "35": 1.6402896606938668, "36": 1.6402896606938668, "37": 1.6402896606938668, "38": 0.7925740794209446, "39": 0.7925740794209446, "40": 0.7925740794209446, "41": 0.7925740794209446, "42": 0.7925740794209446, "43": 0.7925740794209446, "44": 0.7925740794209446, "45": 0.7925740794209446, "46": 0.7925740794209446, "47": 0.7925740794209446, "48": 0.7925740794209446, "49": 0.7925740794209446, "50": 0.7925740794209446, "51": 0.7925740794209446, "52": 0.7925740794209446, "53": 0.7925740794209446, "54": 0.7925740794209446, "55": 0.7925740794209446, "56": 0.7925740794209446, "57": 0.7925740794209446, "58": 0.7925740794209446, "59": 0.7925740794209446, "60": 0.7925740794209446, "61": 0.7925740794209446, "62": 0.7925740794209446, "63": 0.7925740794209446, "64": 0.7925740794209446, "65": 0.7925740794209446, "66": 0.7925740794209446, "67": 0.7925740794209446, "68": 0.7925740794209446, "69": 0.7925740794209446, "70": 0.7925740794209446, "71": 0.7925740794209446, "72": 0.7925740794209446, "73": 0.7925740794209446, "74": 0.7925740794209446, "75": 0.7925740794209446, "76": 0.7925740794209446, "77": 0.7925740794209446, "78": 0.7925740794209446, "79": 0.7925740794209446, "80": 0.7925740794209446, "81": 0.7925740794209446, "82": 0.5085957589213201, "83": 0.5085957589213201, "84": 0.5085957589213201, "85": 0.5085957589213201, "86": 0.5085957589213201, "87": 0.5085957589213201, "88": 0.5085957589213201, "89": 0.5085957589213201, "90": 0.5085957589213201, "91": 0.5085957589213201, "92": 0.5085957589213201, "93": 0.5085957589213201, "94": 0.5085957589213201, "95": 0.5085957589213201, "96": 0.5085957589213201, "97": 0.5085957589213201, "98": 0.5085957589213201, "99": 0.5085957589213201, "100": 0.5085957589213201}