{"0": 11.785778362083732, "1": 11.785778362083732, "2": 9.464136488909919, "3": 8.246071603680413, "4": 6.9100274526035115, "5": 6.9100274526035115, "6": 3.824447085487378, "7": 3.824447085487378, "8": 3.824447085487378, "9": 3.824447085487378, "10": 3.824447085487378, "11": 3.824447085487378, "12": 3.824447085487378, "13": 3.824447085487378, "14": 3.824447085487378, "15": 2.190076789597832, "16": 2.190076789597832, "17": 2.190076789597832, "18": 2.190076789597832, "19": 2.190076789597832, "20": 2.190076789597832, "21": 2.0657820033044345, "22": 1.6770039734138251, "23": 1.6770039734138251, "24": 1.6770039734138251, "25": 1.6770039734138251, "26": 1.6770039734138251, "27": 1.6770039734138251, "28": 1.6770039734138251, "29": 1.6770039734138251, "30": 1.5144082608570137, "31": 1.5000823945507875, "32": 1.5000823945507875, "33": 1.2759210282822337, "34": 1.2759210282822337, "35": 1.2759210282822337, "36": 1.2759210282822337, "37": 1.2759210282822337, "38": 0.3752379964765318, "39": 0.3752379964765318, "40": 0.3752379964765318, "41": 0.3752379964765318, "42": 0.3752379964765318, "43": 0.3752379964765318, "44": 0.3752379964765318, "45": 0.3752379964765318, "46": 0.3752379964765318, "47": 0.3752379964765318, "48": 0.3752379964765318, "49": 0.3752379964765318, "50": 0.3752379964765318, "51": 0.3752379964765318, "52": 0.3752379964765318, "53": 0.3752379964765318, "54": 0.3752379964765318, "55": 0.3752379964765318, "56": 0.3752379964765318, "57": 0.3752379964765318, "58": 0.3752379964765318, "59": 0.3752379964765318, "60": 0.3752379964765318, "61": 0.3752379964765318, "62": 0.3752379964765318, "63": 0.3752379964765318, "64": 0.3752379964765318, "65": 0.3752379964765318, "66": 0.3752379964765318, "67": 0.3752379964765318, "68": 0.3752379964765318, "69": 0.3752379964765318, "70": 0.3752379964765318, "71": 0.3752379964765318, "72": 0.3752379964765318, "73": 0.3752379964765318, "74": 0.3752379964765318, "75": 0.3752379964765318, "76": 0.3752379964765318, "77": 0.3752379964765318, "78": 0.3752379964765318, "79": 0.3752379964765318, "80": 0.3752379964765318, "81": 0.3752379964765318, "82": 0.3752379964765318, "83": 0.3752379964765318, "84": 0.3752379964765318, "85": 0.3752379964765318, "86": 0.3752379964765318, "87": 0.3752379964765318, "88": 0.3752379964765318, "89": 0.3752379964765318, "90": 0.3752379964765318, "91": 0.3752379964765318, "92": 0.3752379964765318, "93": 0.3752379964765318, "94": 0.3752379964765318, "95": 0.3752379964765318, "96": 0.3752379964765318, "97": 0.3752379964765318, "98": 0.3752379964765318, "99": 0.3752379964765318, "100": 0.3752379964765318}