{"0": 11.354696710486166, "1": 11.354696710486166, "2": 11.354696710486166, "3": 7.569586020487687, "4": 7.569586020487687, "5": 7.569586020487687, "6": 2.697561529149297, "7": 2.697561529149297, "8": 2.697561529149297, "9": 2.697561529149297, "10": 2.697561529149297, "11": 2.697561529149297, "12": 2.697561529149297, "13": 2.2724938360440134, "14": 2.2724938360440134, "15": 2.2724938360440134, "16": 2.2724938360440134, "17": 2.2724938360440134, "18": 2.2724938360440134, "19": 2.2724938360440134, "20": 2.2724938360440134, "21": 2.2724938360440134, "22": 2.2724938360440134, "23": 2.2724938360440134, "24": 2.2724938360440134, "25": 2.2724938360440134, "26": 2.2724938360440134, "27": 2.2724938360440134, "28": 2.2724938360440134, "29": 2.2724938360440134, "30": 2.2724938360440134, "31": 2.2724938360440134, "32": 2.2724938360440134, "33": 2.2724938360440134, "34": 2.2724938360440134, "35": 2.2724938360440134, "36": 1.588359047500461, "37": 1.588359047500461, "38": 1.588359047500461, "39": 1.588359047500461, "40": 1.588359047500461, "41": 1.588359047500461, "42": 1.588359047500461, "43": 1.588359047500461, "44": 1.588359047500461, "45": 1.588359047500461, "46": 1.588359047500461, "47": 1.588359047500461, "48": 1.588359047500461, "49": 1.588359047500461, "50": 1.588359047500461, "51": 1.588359047500461, "52": 1.588359047500461, "53": 1.588359047500461, "54": 1.588359047500461, "55": 1.588359047500461, "56": 1.588359047500461, "57": 1.588359047500461, "58": 1.588359047500461, "59": 1.588359047500461, "60": 1.588359047500461, "61": 1.588359047500461, "62": 1.588359047500461, "63": 1.588359047500461, "64": 1.588359047500461, "65": 1.588359047500461, "66": 1.588359047500461, "67": 1.588359047500461, "68": 1.588359047500461, "69": 1.588359047500461, "70": 1.588359047500461, "71": 1.588359047500461, "72": 1.588359047500461, "73": 1.588359047500461, "74": 1.588359047500461, "75": 1.588359047500461, "76": 1.588359047500461, "77": 1.588359047500461, "78": 1.588359047500461, "79": 1.588359047500461, "80": 1.084487328904757, "81": 1.084487328904757, "82": 1.084487328904757, "83": 1.084487328904757, "84": 1.084487328904757, "85": 1.084487328904757, "86": 1.084487328904757, "87": 1.084487328904757, "88": 1.084487328904757, "89": 1.084487328904757, "90": 1.084487328904757, "91": 1.084487328904757, "92": 1.084487328904757, "93": 1.084487328904757, "94": 1.084487328904757, "95": 1.084487328904757, "96": 1.084487328904757, "97": 1.084487328904757, "98": 1.084487328904757, "99": 1.084487328904757, "100": 1.084487328904757}