{"0": 16.30849288406804, "1": 3.577694716749569, "2": 3.577694716749569, "3": 3.577694716749569, "4": 3.577694716749569, "5": 3.577694716749569, "6": 3.577694716749569, "7": 2.383031437662858, "8": 1.8875582823454025, "9": 1.8875582823454025, "10": 1.8875582823454025, "11": 1.8875582823454025, "12": 1.8875582823454025, "13": 0.06992745327088912, "14": 0.06992745327088912, "15": 0.06992745327088912, "16": 0.06992745327088912, "17": 0.06992745327088912, "18": 0.06992745327088912, "19": 0.06992745327088912, "20": 0.06992745327088912, "21": 0.06992745327088912, "22": 0.06992745327088912, "23": 0.06992745327088912, "24": 0.06992745327088912, "25": 0.06992745327088912, "26": 0.06992745327088912, "27": 0.06992745327088912, "28": 0.06992745327088912, "29": 0.06992745327088912, "30": 0.06992745327088912, "31": 0.06992745327088912, "32": 0.06992745327088912, "33": 0.06992745327088912, "34": 0.06992745327088912, "35": 0.06992745327088912, "36": 0.06992745327088912, "37": 0.06992745327088912, "38": 0.06992745327088912, "39": 0.06992745327088912, "40": 0.06992745327088912, "41": 0.06992745327088912, "42": 0.06992745327088912, "43": 0.06992745327088912, "44": 0.06992745327088912, "45": 0.06992745327088912, "46": 0.06992745327088912, "47": 0.06992745327088912, "48": 0.06992745327088912, "49": 0.06992745327088912, "50": 0.06992745327088912, "51": 0.06992745327088912, "52": 0.06992745327088912, "53": 0.06992745327088912, "54": 0.06992745327088912, "55": 0.06992745327088912, "56": 0.06992745327088912, "57": 0.06992745327088912, "58": 0.06992745327088912, "59": 0.06992745327088912, "60": 0.06992745327088912, "61": 0.06992745327088912, "62": 0.06992745327088912, "63": 0.06992745327088912, "64": 0.06992745327088912, "65": 0.06992745327088912, "66": 0.06992745327088912, "67": 0.06992745327088912, "68": 0.06992745327088912, "69": 0.06992745327088912, "70": 0.06992745327088912, "71": 0.06992745327088912, "72": 0.06992745327088912, "73": 0.06992745327088912, "74": 0.06992745327088912, "75": 0.06992745327088912, "76": 0.06992745327088912, "77": 0.06992745327088912, "78": 0.06992745327088912, "79": 0.06992745327088912, "80": 0.06992745327088912, "81": 0.06992745327088912, "82": 0.06992745327088912, "83": 0.06992745327088912, "84": 0.06992745327088912, "85": 0.06992745327088912, "86": 0.06992745327088912, "87": 0.06992745327088912, "88": 0.06992745327088912, "89": 0.06992745327088912, "90": 0.06992745327088912, "91": 0.06992745327088912, "92": 0.06992745327088912, "93": 0.06992745327088912, "94": 0.06992745327088912, "95": 0.06992745327088912, "96": 0.06992745327088912, "97": 0.06992745327088912, "98": 0.06992745327088912, "99": 0.06992745327088912, "100": 0.06992745327088912}