{"0": 13.654546518186688, "1": 13.654546518186688, "2": 13.654546518186688, "3": 12.798896860140385, "4": 2.219407768345114, "5": 2.219407768345114, "6": 2.219407768345114, "7": 0.6761813613093111, "8": 0.6761813613093111, "9": 0.6761813613093111, "10": 0.6761813613093111, "11": 0.5130857939076066, "12": 0.5130857939076066, "13": 0.5130857939076066, "14": 0.5130857939076066, "15": 0.29949186962594254, "16": 0.29949186962594254, "17": 0.10035004216177867, "18": 0.10035004216177867, "19": 0.05596032707235565, "20": 0.05596032707235565, "21": 0.05596032707235565, "22": 0.05596032707235565, "23": 0.05596032707235565, "24": 0.05596032707235565, "25": 0.05596032707235565, "26": 0.05203916345935866, "27": 0.05203916345935866, "28": 0.05203916345935866, "29": 0.05203916345935866, "30": 0.05203916345935866, "31": 0.05203916345935866, "32": 0.05203916345935866, "33": 0.05203916345935866, "34": 0.05203916345935866, "35": 0.05203916345935866, "36": 0.05203916345935866, "37": 0.05203916345935866, "38": 0.05203916345935866, "39": 0.05203916345935866, "40": 0.05203916345935866, "41": 0.05203916345935866, "42": 0.05203916345935866, "43": 0.05203916345935866, "44": 0.05203916345935866, "45": 0.05203916345935866, "46": 0.05203916345935866, "47": 0.05203916345935866, "48": 0.05203916345935866, "49": 0.05203916345935866, "50": 0.05203916345935866, "51": 0.05203916345935866, "52": 0.05203916345935866, "53": 0.05203916345935866, "54": 0.05203916345935866, "55": 0.05203916345935866, "56": 0.05203916345935866, "57": 0.05203916345935866, "58": 0.05203916345935866, "59": 0.05203916345935866, "60": 0.05203916345935866, "61": 0.05203916345935866, "62": 0.05203916345935866, "63": 0.05203916345935866, "64": 0.05203916345935866, "65": 0.05203916345935866, "66": 0.05203916345935866, "67": 0.05203916345935866, "68": 0.05203916345935866, "69": 0.05203916345935866, "70": 0.05203916345935866, "71": 0.05203916345935866, "72": 0.05203916345935866, "73": 0.05203916345935866, "74": 0.05203916345935866, "75": 0.05203916345935866, "76": 0.05203916345935866, "77": 0.05203916345935866, "78": 0.05203916345935866, "79": 0.05203916345935866, "80": 0.05203916345935866, "81": 0.05203916345935866, "82": 0.05203916345935866, "83": 0.05203916345935866, "84": 0.05203916345935866, "85": 0.05203916345935866, "86": 0.05203916345935866, "87": 0.05203916345935866, "88": 0.05203916345935866, "89": 0.05203916345935866, "90": 0.05203916345935866, "91": 0.05203916345935866, "92": 0.05203916345935866, "93": 0.05203916345935866, "94": 0.05203916345935866, "95": 0.05203916345935866, "96": 0.05203916345935866, "97": 0.05203916345935866, "98": 0.05203916345935866, "99": 0.05203916345935866, "100": 0.05203916345935866}