{"0": 23.894417880893947, "1": 20.013380647106498, "2": 9.24379561519196, "3": 9.24379561519196, "4": 3.1316935381667044, "5": 3.1316935381667044, "6": 3.1316935381667044, "7": 3.1316935381667044, "8": 2.0107561121582265, "9": 2.0107561121582265, "10": 2.0107561121582265, "11": 2.0107561121582265, "12": 2.0107561121582265, "13": 2.0107561121582265, "14": 2.0107561121582265, "15": 2.0107561121582265, "16": 2.0107561121582265, "17": 2.0107561121582265, "18": 2.0034775403831304, "19": 2.0034775403831304, "20": 2.0034775403831304, "21": 2.0034775403831304, "22": 2.0034775403831304, "23": 2.0034775403831304, "24": 2.0034775403831304, "25": 2.0034775403831304, "26": 2.0034775403831304, "27": 2.0034775403831304, "28": 2.0034775403831304, "29": 2.0034775403831304, "30": 1.5500680154866195, "31": 1.5500680154866195, "32": 1.5500680154866195, "33": 1.5500680154866195, "34": 1.5500680154866195, "35": 1.5500680154866195, "36": 1.5500680154866195, "37": 1.5500680154866195, "38": 1.145716689315119, "39": 1.145716689315119, "40": 1.145716689315119, "41": 1.145716689315119, "42": 1.145716689315119, "43": 1.145716689315119, "44": 1.145716689315119, "45": 0.5761380385309849, "46": 0.5761380385309849, "47": 0.5761380385309849, "48": 0.5761380385309849, "49": 0.5761380385309849, "50": 0.5761380385309849, "51": 0.5761380385309849, "52": 0.5761380385309849, "53": 0.5761380385309849, "54": 0.5761380385309849, "55": 0.5761380385309849, "56": 0.5761380385309849, "57": 0.5761380385309849, "58": 0.5761380385309849, "59": 0.5761380385309849, "60": 0.5761380385309849, "61": 0.5761380385309849, "62": 0.5761380385309849, "63": 0.5761380385309849, "64": 0.5761380385309849, "65": 0.5761380385309849, "66": 0.5761380385309849, "67": 0.5761380385309849, "68": 0.5761380385309849, "69": 0.5761380385309849, "70": 0.5761380385309849, "71": 0.5761380385309849, "72": 0.25091866643538197, "73": 0.25091866643538197, "74": 0.25091866643538197, "75": 0.25091866643538197, "76": 0.25091866643538197, "77": 0.25091866643538197, "78": 0.25091866643538197, "79": 0.25091866643538197, "80": 0.25091866643538197, "81": 0.25091866643538197, "82": 0.25091866643538197, "83": 0.25091866643538197, "84": 0.25091866643538197, "85": 0.25091866643538197, "86": 0.25091866643538197, "87": 0.25091866643538197, "88": 0.25091866643538197, "89": 0.25091866643538197, "90": 0.25091866643538197, "91": 0.25091866643538197, "92": 0.25091866643538197, "93": 0.25091866643538197, "94": 0.25091866643538197, "95": 0.25091866643538197, "96": 0.25091866643538197, "97": 0.25091866643538197, "98": 0.25091866643538197, "99": 0.25091866643538197, "100": 0.25091866643538197}