{"0": 18.547376613828195, "1": 7.449206141272555, "2": 7.449206141272555, "3": 7.449206141272555, "4": 7.449206141272555, "5": 7.449206141272555, "6": 6.650279020077775, "7": 6.650279020077775, "8": 6.650279020077775, "9": 6.650279020077775, "10": 6.195090187041721, "11": 6.195090187041721, "12": 3.014240221059648, "13": 3.014240221059648, "14": 3.014240221059648, "15": 3.014240221059648, "16": 3.014240221059648, "17": 3.014240221059648, "18": 3.014240221059648, "19": 3.014240221059648, "20": 3.014240221059648, "21": 3.014240221059648, "22": 3.014240221059648, "23": 3.014240221059648, "24": 3.014240221059648, "25": 3.014240221059648, "26": 3.014240221059648, "27": 3.014240221059648, "28": 3.014240221059648, "29": 3.014240221059648, "30": 2.5535110595680486, "31": 2.5535110595680486, "32": 2.5535110595680486, "33": 2.5535110595680486, "34": 2.1825256847464587, "35": 2.1825256847464587, "36": 2.0582348279198186, "37": 2.0582348279198186, "38": 2.0582348279198186, "39": 2.0582348279198186, "40": 2.0582348279198186, "41": 2.0582348279198186, "42": 2.0582348279198186, "43": 2.0582348279198186, "44": 2.0582348279198186, "45": 2.0582348279198186, "46": 2.0582348279198186, "47": 2.0582348279198186, "48": 2.0582348279198186, "49": 2.0582348279198186, "50": 2.0582348279198186, "51": 2.0582348279198186, "52": 2.0582348279198186, "53": 2.0056038175297424, "54": 2.0056038175297424, "55": 2.0056038175297424, "56": 2.0056038175297424, "57": 2.0056038175297424, "58": 2.0056038175297424, "59": 2.0056038175297424, "60": 2.0056038175297424, "61": 2.0056038175297424, "62": 2.0056038175297424, "63": 2.0056038175297424, "64": 2.0056038175297424, "65": 2.0056038175297424, "66": 2.0056038175297424, "67": 2.0056038175297424, "68": 2.0056038175297424, "69": 2.0056038175297424, "70": 2.0056038175297424, "71": 2.0056038175297424, "72": 2.0056038175297424, "73": 2.0056038175297424, "74": 2.0056038175297424, "75": 2.0056038175297424, "76": 2.0056038175297424, "77": 2.0056038175297424, "78": 2.0056038175297424, "79": 2.0056038175297424, "80": 2.0056038175297424, "81": 0.9973482940875655, "82": 0.9973482940875655, "83": 0.9973482940875655, "84": 0.9973482940875655, "85": 0.9973482940875655, "86": 0.9973482940875655, "87": 0.9973482940875655, "88": 0.9973482940875655, "89": 0.9973482940875655, "90": 0.9973482940875655, "91": 0.9973482940875655, "92": 0.9973482940875655, "93": 0.9973482940875655, "94": 0.9973482940875655, "95": 0.9973482940875655, "96": 0.9973482940875655, "97": 0.9973482940875655, "98": 0.9973482940875655, "99": 0.9973482940875655, "100": 0.9973482940875655}