{"0": 16.397511845002718, "1": 7.044915302045695, "2": 7.044915302045695, "3": 7.044915302045695, "4": 7.044915302045695, "5": 7.044915302045695, "6": 7.044915302045695, "7": 7.044915302045695, "8": 5.219732494038155, "9": 5.219732494038155, "10": 5.219732494038155, "11": 5.219732494038155, "12": 5.219732494038155, "13": 5.219732494038155, "14": 5.219732494038155, "15": 5.219732494038155, "16": 5.219732494038155, "17": 5.219732494038155, "18": 5.219732494038155, "19": 5.219732494038155, "20": 5.219732494038155, "21": 5.219732494038155, "22": 4.699103081890643, "23": 4.150724611780449, "24": 4.150724611780449, "25": 4.150724611780449, "26": 4.150724611780449, "27": 4.150724611780449, "28": 4.150724611780449, "29": 4.150724611780449, "30": 1.8631423421908373, "31": 1.8631423421908373, "32": 1.8631423421908373, "33": 1.8631423421908373, "34": 1.8631423421908373, "35": 1.8631423421908373, "36": 1.8631423421908373, "37": 1.8631423421908373, "38": 1.8631423421908373, "39": 1.8631423421908373, "40": 1.8631423421908373, "41": 1.8631423421908373, "42": 1.8631423421908373, "43": 1.8631423421908373, "44": 1.8631423421908373, "45": 1.8631423421908373, "46": 1.8631423421908373, "47": 1.2407340909904434, "48": 1.2407340909904434, "49": 1.2407340909904434, "50": 1.2407340909904434, "51": 1.2407340909904434, "52": 1.2407340909904434, "53": 1.2407340909904434, "54": 1.2407340909904434, "55": 1.2407340909904434, "56": 1.2407340909904434, "57": 1.2407340909904434, "58": 1.2407340909904434, "59": 1.2407340909904434, "60": 1.2407340909904434, "61": 1.2407340909904434, "62": 1.2407340909904434, "63": 1.2407340909904434, "64": 1.2407340909904434, "65": 1.2407340909904434, "66": 1.2407340909904434, "67": 1.2407340909904434, "68": 1.2407340909904434, "69": 1.2407340909904434, "70": 1.2407340909904434, "71": 1.2407340909904434, "72": 1.2407340909904434, "73": 1.2407340909904434, "74": 1.1304849774613643, "75": 1.1304849774613643, "76": 1.1304849774613643, "77": 1.1304849774613643, "78": 1.1304849774613643, "79": 1.1304849774613643, "80": 1.1304849774613643, "81": 1.1304849774613643, "82": 1.1304849774613643, "83": 1.1304849774613643, "84": 1.1304849774613643, "85": 1.1304849774613643, "86": 1.1304849774613643, "87": 1.1304849774613643, "88": 1.1304849774613643, "89": 1.1304849774613643, "90": 1.1304849774613643, "91": 1.1304849774613643, "92": 1.1304849774613643, "93": 1.1304849774613643, "94": 1.1304849774613643, "95": 1.1304849774613643, "96": 1.1304849774613643, "97": 1.1304849774613643, "98": 1.1304849774613643, "99": 1.1304849774613643, "100": 1.1304849774613643}