{"0": 16.689682782078076, "1": 7.541085274478233, "2": 7.541085274478233, "3": 7.541085274478233, "4": 3.6590989546442643, "5": 3.6590989546442643, "6": 3.6590989546442643, "7": 3.6590989546442643, "8": 3.6590989546442643, "9": 3.6590989546442643, "10": 3.640705450942079, "11": 3.640705450942079, "12": 3.199930608742722, "13": 3.116476074900728, "14": 3.116476074900728, "15": 1.1928426691162386, "16": 1.1928426691162386, "17": 1.1928426691162386, "18": 1.1928426691162386, "19": 1.1928426691162386, "20": 1.1928426691162386, "21": 1.1928426691162386, "22": 1.1045053958744901, "23": 1.1045053958744901, "24": 1.1045053958744901, "25": 0.5888638896649141, "26": 0.5888638896649141, "27": 0.5888638896649141, "28": 0.5888638896649141, "29": 0.5888638896649141, "30": 0.5888638896649141, "31": 0.5888638896649141, "32": 0.5888638896649141, "33": 0.5888638896649141, "34": 0.5888638896649141, "35": 0.5888638896649141, "36": 0.5888638896649141, "37": 0.5888638896649141, "38": 0.5888638896649141, "39": 0.5888638896649141, "40": 0.5888638896649141, "41": 0.5888638896649141, "42": 0.5888638896649141, "43": 0.5888638896649141, "44": 0.5888638896649141, "45": 0.5888638896649141, "46": 0.5888638896649141, "47": 0.5888638896649141, "48": 0.5888638896649141, "49": 0.5888638896649141, "50": 0.5888638896649141, "51": 0.5888638896649141, "52": 0.5888638896649141, "53": 0.5888638896649141, "54": 0.5888638896649141, "55": 0.5888638896649141, "56": 0.5888638896649141, "57": 0.5888638896649141, "58": 0.5888638896649141, "59": 0.5888638896649141, "60": 0.5888638896649141, "61": 0.5888638896649141, "62": 0.5888638896649141, "63": 0.5888638896649141, "64": 0.5888638896649141, "65": 0.5888638896649141, "66": 0.5888638896649141, "67": 0.5888638896649141, "68": 0.5888638896649141, "69": 0.5888638896649141, "70": 0.5888638896649141, "71": 0.5888638896649141, "72": 0.5888638896649141, "73": 0.5888638896649141, "74": 0.5888638896649141, "75": 0.5888638896649141, "76": 0.5888638896649141, "77": 0.5888638896649141, "78": 0.5888638896649141, "79": 0.5888638896649141, "80": 0.5888638896649141, "81": 0.5888638896649141, "82": 0.5888638896649141, "83": 0.5888638896649141, "84": 0.5888638896649141, "85": 0.5888638896649141, "86": 0.5888638896649141, "87": 0.5888638896649141, "88": 0.5888638896649141, "89": 0.5888638896649141, "90": 0.5888638896649141, "91": 0.5888638896649141, "92": 0.5888638896649141, "93": 0.5888638896649141, "94": 0.5888638896649141, "95": 0.5888638896649141, "96": 0.5888638896649141, "97": 0.5888638896649141, "98": 0.5888638896649141, "99": 0.5888638896649141, "100": 0.5888638896649141}