{"0": 21.24491609219663, "1": 7.4896079550818815, "2": 7.4896079550818815, "3": 7.4896079550818815, "4": 7.4896079550818815, "5": 7.4896079550818815, "6": 7.4896079550818815, "7": 4.6324797213751445, "8": 0.6688522672315109, "9": 0.6688522672315109, "10": 0.6688522672315109, "11": 0.6688522672315109, "12": 0.6688522672315109, "13": 0.6688522672315109, "14": 0.6688522672315109, "15": 0.6688522672315109, "16": 0.6688522672315109, "17": 0.6688522672315109, "18": 0.6688522672315109, "19": 0.6688522672315109, "20": 0.50513551724152, "21": 0.50513551724152, "22": 0.50513551724152, "23": 0.50513551724152, "24": 0.50513551724152, "25": 0.50513551724152, "26": 0.50513551724152, "27": 0.50513551724152, "28": 0.27243096946362755, "29": 0.27243096946362755, "30": 0.27243096946362755, "31": 0.27243096946362755, "32": 0.27243096946362755, "33": 0.27243096946362755, "34": 0.27243096946362755, "35": 0.27243096946362755, "36": 0.27243096946362755, "37": 0.27243096946362755, "38": 0.27243096946362755, "39": 0.27243096946362755, "40": 0.27243096946362755, "41": 0.27243096946362755, "42": 0.27243096946362755, "43": 0.27243096946362755, "44": 0.27243096946362755, "45": 0.27243096946362755, "46": 0.27243096946362755, "47": 0.27243096946362755, "48": 0.27243096946362755, "49": 0.27243096946362755, "50": 0.27243096946362755, "51": 0.27243096946362755, "52": 0.27243096946362755, "53": 0.27243096946362755, "54": 0.27243096946362755, "55": 0.27243096946362755, "56": 0.27243096946362755, "57": 0.27243096946362755, "58": 0.27243096946362755, "59": 0.27243096946362755, "60": 0.27243096946362755, "61": 0.27243096946362755, "62": 0.27243096946362755, "63": 0.27243096946362755, "64": 0.27243096946362755, "65": 0.27243096946362755, "66": 0.27243096946362755, "67": 0.27243096946362755, "68": 0.27243096946362755, "69": 0.27243096946362755, "70": 0.27243096946362755, "71": 0.27243096946362755, "72": 0.27243096946362755, "73": 0.27243096946362755, "74": 0.27243096946362755, "75": 0.27243096946362755, "76": 0.27243096946362755, "77": 0.27243096946362755, "78": 0.27243096946362755, "79": 0.27243096946362755, "80": 0.27243096946362755, "81": 0.27243096946362755, "82": 0.27243096946362755, "83": 0.27243096946362755, "84": 0.27243096946362755, "85": 0.27243096946362755, "86": 0.27243096946362755, "87": 0.27243096946362755, "88": 0.27243096946362755, "89": 0.27243096946362755, "90": 0.27243096946362755, "91": 0.27243096946362755, "92": 0.27243096946362755, "93": 0.27243096946362755, "94": 0.27243096946362755, "95": 0.27243096946362755, "96": 0.27243096946362755, "97": 0.27243096946362755, "98": 0.27243096946362755, "99": 0.27243096946362755, "100": 0.27243096946362755}