{"0": 11.49975803527146, "1": 11.49975803527146, "2": 11.49975803527146, "3": 11.49975803527146, "4": 11.49975803527146, "5": 11.49975803527146, "6": 11.49975803527146, "7": 4.418268461115664, "8": 4.418268461115664, "9": 4.418268461115664, "10": 4.418268461115664, "11": 4.418268461115664, "12": 4.418268461115664, "13": 4.418268461115664, "14": 4.418268461115664, "15": 4.418268461115664, "16": 4.418268461115664, "17": 4.0338368208575694, "18": 0.5998298464616596, "19": 0.5998298464616596, "20": 0.5998298464616596, "21": 0.5998298464616596, "22": 0.5998298464616596, "23": 0.5998298464616596, "24": 0.5998298464616596, "25": 0.5998298464616596, "26": 0.5998298464616596, "27": 0.5998298464616596, "28": 0.5998298464616596, "29": 0.5998298464616596, "30": 0.5998298464616596, "31": 0.5998298464616596, "32": 0.5998298464616596, "33": 0.5998298464616596, "34": 0.5998298464616596, "35": 0.5998298464616596, "36": 0.5998298464616596, "37": 0.5998298464616596, "38": 0.5998298464616596, "39": 0.5998298464616596, "40": 0.5998298464616596, "41": 0.5998298464616596, "42": 0.5998298464616596, "43": 0.5998298464616596, "44": 0.5998298464616596, "45": 0.5998298464616596, "46": 0.5998298464616596, "47": 0.5998298464616596, "48": 0.5998298464616596, "49": 0.5998298464616596, "50": 0.5998298464616596, "51": 0.5998298464616596, "52": 0.5998298464616596, "53": 0.5998298464616596, "54": 0.5998298464616596, "55": 0.5998298464616596, "56": 0.5998298464616596, "57": 0.5998298464616596, "58": 0.5998298464616596, "59": 0.5998298464616596, "60": 0.5998298464616596, "61": 0.5998298464616596, "62": 0.5998298464616596, "63": 0.5998298464616596, "64": 0.5998298464616596, "65": 0.5998298464616596, "66": 0.5998298464616596, "67": 0.5998298464616596, "68": 0.5998298464616596, "69": 0.5998298464616596, "70": 0.5998298464616596, "71": 0.5998298464616596, "72": 0.5998298464616596, "73": 0.5998298464616596, "74": 0.5998298464616596, "75": 0.5998298464616596, "76": 0.5998298464616596, "77": 0.5998298464616596, "78": 0.5998298464616596, "79": 0.15961103945622312, "80": 0.15961103945622312, "81": 0.15961103945622312, "82": 0.15961103945622312, "83": 0.15961103945622312, "84": 0.15961103945622312, "85": 0.15961103945622312, "86": 0.15961103945622312, "87": 0.15961103945622312, "88": 0.15961103945622312, "89": 0.15961103945622312, "90": 0.15961103945622312, "91": 0.15961103945622312, "92": 0.15961103945622312, "93": 0.15961103945622312, "94": 0.15961103945622312, "95": 0.15961103945622312, "96": 0.15961103945622312, "97": 0.15961103945622312, "98": 0.15961103945622312, "99": 0.15961103945622312, "100": 0.15961103945622312}