{"0": 22.8628051761426, "1": 5.570866617732541, "2": 5.570866617732541, "3": 5.570866617732541, "4": 3.3050387700988964, "5": 3.3050387700988964, "6": 3.3050387700988964, "7": 3.3050387700988964, "8": 3.3050387700988964, "9": 3.3050387700988964, "10": 3.3050387700988964, "11": 0.23650042205493094, "12": 0.23650042205493094, "13": 0.23650042205493094, "14": 0.21138490363562568, "15": 0.21138490363562568, "16": 0.21138490363562568, "17": 0.21138490363562568, "18": 0.21138490363562568, "19": 0.21138490363562568, "20": 0.21138490363562568, "21": 0.21138490363562568, "22": 0.21138490363562568, "23": 0.21138490363562568, "24": 0.21138490363562568, "25": 0.21138490363562568, "26": 0.21138490363562568, "27": 0.21138490363562568, "28": 0.21138490363562568, "29": 0.21138490363562568, "30": 0.21138490363562568, "31": 0.21138490363562568, "32": 0.21138490363562568, "33": 0.21138490363562568, "34": 0.21138490363562568, "35": 0.21138490363562568, "36": 0.21138490363562568, "37": 0.21138490363562568, "38": 0.21138490363562568, "39": 0.21138490363562568, "40": 0.035473189707950326, "41": 0.035473189707950326, "42": 0.035473189707950326, "43": 0.035473189707950326, "44": 0.035473189707950326, "45": 0.035473189707950326, "46": 0.035473189707950326, "47": 0.035473189707950326, "48": 0.035473189707950326, "49": 0.035473189707950326, "50": 0.035473189707950326, "51": 0.035473189707950326, "52": 0.035473189707950326, "53": 0.035473189707950326, "54": 0.035473189707950326, "55": 0.035473189707950326, "56": 0.035473189707950326, "57": 0.035473189707950326, "58": 0.035473189707950326, "59": 0.035473189707950326, "60": 0.035473189707950326, "61": 0.035473189707950326, "62": 0.035473189707950326, "63": 0.035473189707950326, "64": 0.035473189707950326, "65": 0.035473189707950326, "66": 0.035473189707950326, "67": 0.035473189707950326, "68": 0.035473189707950326, "69": 0.035473189707950326, "70": 0.035473189707950326, "71": 0.035473189707950326, "72": 0.035473189707950326, "73": 0.035473189707950326, "74": 0.035473189707950326, "75": 0.035473189707950326, "76": 0.035473189707950326, "77": 0.035473189707950326, "78": 0.035473189707950326, "79": 0.035473189707950326, "80": 0.035473189707950326, "81": 0.035473189707950326, "82": 0.035473189707950326, "83": 0.035473189707950326, "84": 0.035473189707950326, "85": 0.035473189707950326, "86": 0.035473189707950326, "87": 0.035473189707950326, "88": 0.035473189707950326, "89": 0.035473189707950326, "90": 0.035473189707950326, "91": 0.035473189707950326, "92": 0.035473189707950326, "93": 0.035473189707950326, "94": 0.035473189707950326, "95": 0.035473189707950326, "96": 0.035473189707950326, "97": 0.035473189707950326, "98": 0.035473189707950326, "99": 0.035473189707950326, "100": 0.035473189707950326}