{"0": 9.134579126663514, "1": 9.134579126663514, "2": 2.4645369071560026, "3": 2.4645369071560026, "4": 2.4645369071560026, "5": 1.6683133772334457, "6": 1.6683133772334457, "7": 1.6683133772334457, "8": 1.392823373831792, "9": 1.392823373831792, "10": 1.392823373831792, "11": 0.31974856880785296, "12": 0.31974856880785296, "13": 0.31974856880785296, "14": 0.31974856880785296, "15": 0.31974856880785296, "16": 0.31974856880785296, "17": 0.31974856880785296, "18": 0.31974856880785296, "19": 0.31974856880785296, "20": 0.31974856880785296, "21": 0.31974856880785296, "22": 0.1469541692486409, "23": 0.1469541692486409, "24": 0.1469541692486409, "25": 0.1469541692486409, "26": 0.1469541692486409, "27": 0.1469541692486409, "28": 0.1469541692486409, "29": 0.1469541692486409, "30": 0.1469541692486409, "31": 0.1469541692486409, "32": 0.1469541692486409, "33": 0.1469541692486409, "34": 0.1469541692486409, "35": 0.1469541692486409, "36": 0.1469541692486409, "37": 0.1469541692486409, "38": 0.1469541692486409, "39": 0.1469541692486409, "40": 0.1469541692486409, "41": 0.1469541692486409, "42": 0.1469541692486409, "43": 0.1469541692486409, "44": 0.1469541692486409, "45": 0.1469541692486409, "46": 0.1469541692486409, "47": 0.1469541692486409, "48": 0.1469541692486409, "49": 0.1469541692486409, "50": 0.1469541692486409, "51": 0.11627878272128811, "52": 0.11627878272128811, "53": 0.11627878272128811, "54": 0.11627878272128811, "55": 0.11627878272128811, "56": 0.11627878272128811, "57": 0.11627878272128811, "58": 0.11627878272128811, "59": 0.11627878272128811, "60": 0.11627878272128811, "61": 0.11627878272128811, "62": 0.11627878272128811, "63": 0.11627878272128811, "64": 0.11627878272128811, "65": 0.11627878272128811, "66": 0.11627878272128811, "67": 0.11627878272128811, "68": 0.11627878272128811, "69": 0.11627878272128811, "70": 0.11627878272128811, "71": 0.11627878272128811, "72": 0.11627878272128811, "73": 0.11627878272128811, "74": 0.11627878272128811, "75": 0.11627878272128811, "76": 0.11627878272128811, "77": 0.11627878272128811, "78": 0.11627878272128811, "79": 0.11627878272128811, "80": 0.11627878272128811, "81": 0.11627878272128811, "82": 0.11627878272128811, "83": 0.11627878272128811, "84": 0.11627878272128811, "85": 0.11627878272128811, "86": 0.11627878272128811, "87": 0.11627878272128811, "88": 0.11627878272128811, "89": 0.11627878272128811, "90": 0.11627878272128811, "91": 0.11627878272128811, "92": 0.11627878272128811, "93": 0.11627878272128811, "94": 0.11627878272128811, "95": 0.11627878272128811, "96": 0.11627878272128811, "97": 0.11627878272128811, "98": 0.11627878272128811, "99": 0.11627878272128811, "100": 0.11627878272128811}