{"0": 13.735941230824343, "1": 13.735941230824343, "2": 10.93227692361382, "3": 0.6453299104038521, "4": 0.6453299104038521, "5": 0.6453299104038521, "6": 0.6453299104038521, "7": 0.6453299104038521, "8": 0.6453299104038521, "9": 0.6453299104038521, "10": 0.6453299104038521, "11": 0.6453299104038521, "12": 0.3071249400287499, "13": 0.3071249400287499, "14": 0.3071249400287499, "15": 0.3071249400287499, "16": 0.3071249400287499, "17": 0.3071249400287499, "18": 0.3071249400287499, "19": 0.3071249400287499, "20": 0.3071249400287499, "21": 0.3071249400287499, "22": 0.3071249400287499, "23": 0.3071249400287499, "24": 0.3071249400287499, "25": 0.3071249400287499, "26": 0.3071249400287499, "27": 0.3071249400287499, "28": 0.3071249400287499, "29": 0.3071249400287499, "30": 0.3071249400287499, "31": 0.3071249400287499, "32": 0.3071249400287499, "33": 0.3071249400287499, "34": 0.3071249400287499, "35": 0.008119418797743805, "36": 0.008119418797743805, "37": 0.008119418797743805, "38": 0.008119418797743805, "39": 0.008119418797743805, "40": 0.008119418797743805, "41": 0.008119418797743805, "42": 0.008119418797743805, "43": 0.008119418797743805, "44": 0.008119418797743805, "45": 0.008119418797743805, "46": 0.008119418797743805, "47": 0.008119418797743805, "48": 0.008119418797743805, "49": 0.008119418797743805, "50": 0.008119418797743805, "51": 0.008119418797743805, "52": 0.008119418797743805, "53": 0.008119418797743805, "54": 0.008119418797743805, "55": 0.008119418797743805, "56": 0.008119418797743805, "57": 0.008119418797743805, "58": 0.008119418797743805, "59": 0.008119418797743805, "60": 0.008119418797743805, "61": 0.008119418797743805, "62": 0.008119418797743805, "63": 0.008119418797743805, "64": 0.008119418797743805, "65": 0.008119418797743805, "66": 0.008119418797743805, "67": 0.008119418797743805, "68": 0.008119418797743805, "69": 0.008119418797743805, "70": 0.008119418797743805, "71": 0.008119418797743805, "72": 0.008119418797743805, "73": 0.008119418797743805, "74": 0.008119418797743805, "75": 0.008119418797743805, "76": 0.008119418797743805, "77": 0.008119418797743805, "78": 0.008119418797743805, "79": 0.008119418797743805, "80": 0.008119418797743805, "81": 0.008119418797743805, "82": 0.008119418797743805, "83": 0.008119418797743805, "84": 0.008119418797743805, "85": 0.008119418797743805, "86": 0.008119418797743805, "87": 0.008119418797743805, "88": 0.008119418797743805, "89": 0.008119418797743805, "90": 0.008119418797743805, "91": 0.008119418797743805, "92": 0.008119418797743805, "93": 0.008119418797743805, "94": 0.008119418797743805, "95": 0.008119418797743805, "96": 0.008119418797743805, "97": 0.008119418797743805, "98": 0.008119418797743805, "99": 0.008119418797743805, "100": 0.008119418797743805}