{"0": 32.4169866322378, "1": 29.46610908931303, "2": 11.163734034746488, "3": 11.163734034746488, "4": 4.612354633103948, "5": 4.612354633103948, "6": 4.612354633103948, "7": 4.612354633103948, "8": 4.612354633103948, "9": 4.398014576551841, "10": 4.398014576551841, "11": 1.4374727488897818, "12": 1.4374727488897818, "13": 1.4374727488897818, "14": 1.4374727488897818, "15": 1.4374727488897818, "16": 1.4374727488897818, "17": 1.4374727488897818, "18": 1.4374727488897818, "19": 1.4374727488897818, "20": 0.21581042436458375, "21": 0.21581042436458375, "22": 0.21581042436458375, "23": 0.21581042436458375, "24": 0.21581042436458375, "25": 0.21581042436458375, "26": 0.21581042436458375, "27": 0.21581042436458375, "28": 0.21581042436458375, "29": 0.21581042436458375, "30": 0.21581042436458375, "31": 0.21581042436458375, "32": 0.21581042436458375, "33": 0.21581042436458375, "34": 0.21581042436458375, "35": 0.21581042436458375, "36": 0.20391971996808422, "37": 0.20391971996808422, "38": 0.20391971996808422, "39": 0.20391971996808422, "40": 0.20391971996808422, "41": 0.20391971996808422, "42": 0.20391971996808422, "43": 0.20391971996808422, "44": 0.20391971996808422, "45": 0.20391971996808422, "46": 0.20391971996808422, "47": 0.20391971996808422, "48": 0.20391971996808422, "49": 0.20391971996808422, "50": 0.20391971996808422, "51": 0.20391971996808422, "52": 0.20391971996808422, "53": 0.20391971996808422, "54": 0.20391971996808422, "55": 0.20391971996808422, "56": 0.20391971996808422, "57": 0.20391971996808422, "58": 0.20391971996808422, "59": 0.20391971996808422, "60": 0.20391971996808422, "61": 0.20391971996808422, "62": 0.20391971996808422, "63": 0.20391971996808422, "64": 0.20391971996808422, "65": 0.20391971996808422, "66": 0.20391971996808422, "67": 0.20391971996808422, "68": 0.20391971996808422, "69": 0.20391971996808422, "70": 0.20391971996808422, "71": 0.20391971996808422, "72": 0.20391971996808422, "73": 0.20391971996808422, "74": 0.20391971996808422, "75": 0.20391971996808422, "76": 0.20391971996808422, "77": 0.20391971996808422, "78": 0.20391971996808422, "79": 0.20391971996808422, "80": 0.20391971996808422, "81": 0.20391971996808422, "82": 0.20391971996808422, "83": 0.20391971996808422, "84": 0.20391971996808422, "85": 0.20391971996808422, "86": 0.20391971996808422, "87": 0.20391971996808422, "88": 0.20391971996808422, "89": 0.20391971996808422, "90": 0.20391971996808422, "91": 0.20391971996808422, "92": 0.20391971996808422, "93": 0.20391971996808422, "94": 0.20391971996808422, "95": 0.20391971996808422, "96": 0.20391971996808422, "97": 0.20391971996808422, "98": 0.20391971996808422, "99": 0.20391971996808422, "100": 0.20391971996808422}