{"0": 17.20279565167272, "1": 17.20279565167272, "2": 11.700330398667258, "3": 11.700330398667258, "4": 11.700330398667258, "5": 4.720502822223644, "6": 4.720502822223644, "7": 4.720502822223644, "8": 4.720502822223644, "9": 4.720502822223644, "10": 3.126706325705989, "11": 3.126706325705989, "12": 3.126706325705989, "13": 3.126706325705989, "14": 3.126706325705989, "15": 2.4511686315342445, "16": 2.4511686315342445, "17": 2.4511686315342445, "18": 2.4511686315342445, "19": 2.4511686315342445, "20": 2.4511686315342445, "21": 2.4511686315342445, "22": 2.4511686315342445, "23": 2.4511686315342445, "24": 2.4511686315342445, "25": 1.3759889138946555, "26": 1.3759889138946555, "27": 1.3759889138946555, "28": 1.3759889138946555, "29": 1.3759889138946555, "30": 0.4532705678609972, "31": 0.4532705678609972, "32": 0.4532705678609972, "33": 0.4532705678609972, "34": 0.4532705678609972, "35": 0.4532705678609972, "36": 0.4532705678609972, "37": 0.4532705678609972, "38": 0.4532705678609972, "39": 0.4532705678609972, "40": 0.4532705678609972, "41": 0.4532705678609972, "42": 0.4532705678609972, "43": 0.4532705678609972, "44": 0.4532705678609972, "45": 0.4532705678609972, "46": 0.4532705678609972, "47": 0.4532705678609972, "48": 0.4532705678609972, "49": 0.4532705678609972, "50": 0.4532705678609972, "51": 0.4532705678609972, "52": 0.4532705678609972, "53": 0.4532705678609972, "54": 0.4532705678609972, "55": 0.4532705678609972, "56": 0.4532705678609972, "57": 0.4532705678609972, "58": 0.4532705678609972, "59": 0.4532705678609972, "60": 0.4532705678609972, "61": 0.4532705678609972, "62": 0.4532705678609972, "63": 0.4532705678609972, "64": 0.4532705678609972, "65": 0.4532705678609972, "66": 0.4532705678609972, "67": 0.4532705678609972, "68": 0.4532705678609972, "69": 0.4532705678609972, "70": 0.4532705678609972, "71": 0.4532705678609972, "72": 0.4532705678609972, "73": 0.4532705678609972, "74": 0.4532705678609972, "75": 0.4532705678609972, "76": 0.4532705678609972, "77": 0.4532705678609972, "78": 0.4532705678609972, "79": 0.4532705678609972, "80": 0.4532705678609972, "81": 0.4532705678609972, "82": 0.4532705678609972, "83": 0.4532705678609972, "84": 0.4532705678609972, "85": 0.4532705678609972, "86": 0.4532705678609972, "87": 0.4532705678609972, "88": 0.4532705678609972, "89": 0.4532705678609972, "90": 0.4532705678609972, "91": 0.4532705678609972, "92": 0.4532705678609972, "93": 0.4532705678609972, "94": 0.4532705678609972, "95": 0.4532705678609972, "96": 0.4532705678609972, "97": 0.4532705678609972, "98": 0.4532705678609972, "99": 0.4532705678609972, "100": 0.4532705678609972}