{"0": 7.997719273541154, "1": 7.997719273541154, "2": 4.35860641988752, "3": 4.35860641988752, "4": 4.35860641988752, "5": 4.35860641988752, "6": 4.35860641988752, "7": 4.35860641988752, "8": 4.35860641988752, "9": 0.07632353455064589, "10": 0.07632353455064589, "11": 0.07632353455064589, "12": 0.07632353455064589, "13": 0.03865904750874449, "14": 0.03865904750874449, "15": 0.03865904750874449, "16": 0.03865904750874449, "17": 0.03865904750874449, "18": 0.03865904750874449, "19": 0.03865904750874449, "20": 0.03865904750874449, "21": 0.03865904750874449, "22": 0.03865904750874449, "23": 0.03865904750874449, "24": 0.03865904750874449, "25": 0.03865904750874449, "26": 0.03865904750874449, "27": 0.03865904750874449, "28": 0.03865904750874449, "29": 0.03865904750874449, "30": 0.03865904750874449, "31": 0.03865904750874449, "32": 0.03865904750874449, "33": 0.03865904750874449, "34": 0.03865904750874449, "35": 0.03865904750874449, "36": 0.03865904750874449, "37": 0.03865904750874449, "38": 0.03865904750874449, "39": 0.03865904750874449, "40": 0.03865904750874449, "41": 0.03865904750874449, "42": 0.03865904750874449, "43": 0.03865904750874449, "44": 0.03865904750874449, "45": 0.03865904750874449, "46": 0.03865904750874449, "47": 0.03865904750874449, "48": 0.03865904750874449, "49": 0.03865904750874449, "50": 0.03865904750874449, "51": 0.03865904750874449, "52": 0.03865904750874449, "53": 0.03865904750874449, "54": 0.03865904750874449, "55": 0.03865904750874449, "56": 0.03865904750874449, "57": 0.03865904750874449, "58": 0.03865904750874449, "59": 0.03865904750874449, "60": 0.03865904750874449, "61": 0.03865904750874449, "62": 0.03865904750874449, "63": 0.03865904750874449, "64": 0.03865904750874449, "65": 0.03865904750874449, "66": 0.03865904750874449, "67": 0.03865904750874449, "68": 0.03865904750874449, "69": 0.03865904750874449, "70": 0.03865904750874449, "71": 0.03865904750874449, "72": 0.03865904750874449, "73": 0.03865904750874449, "74": 0.03865904750874449, "75": 0.03865904750874449, "76": 0.03865904750874449, "77": 0.03865904750874449, "78": 0.03865904750874449, "79": 0.03865904750874449, "80": 0.03865904750874449, "81": 0.03865904750874449, "82": 0.03865904750874449, "83": 0.03865904750874449, "84": 0.03865904750874449, "85": 0.03865904750874449, "86": 0.03865904750874449, "87": 0.03865904750874449, "88": 0.03865904750874449, "89": 0.03865904750874449, "90": 0.03865904750874449, "91": 0.03865904750874449, "92": 0.03865904750874449, "93": 0.03865904750874449, "94": 0.03865904750874449, "95": 0.03865904750874449, "96": 0.03865904750874449, "97": 0.03865904750874449, "98": 0.03865904750874449, "99": 0.03865904750874449, "100": 0.03865904750874449}