{"0": 30.776200560661962, "1": 4.991157668542547, "2": 4.991157668542547, "3": 4.991157668542547, "4": 4.991157668542547, "5": 4.991157668542547, "6": 4.991157668542547, "7": 4.991157668542547, "8": 4.991157668542547, "9": 4.991157668542547, "10": 4.991157668542547, "11": 4.991157668542547, "12": 4.991157668542547, "13": 1.9317433179713817, "14": 1.9317433179713817, "15": 1.9317433179713817, "16": 1.9317433179713817, "17": 1.9317433179713817, "18": 1.9317433179713817, "19": 1.9317433179713817, "20": 1.9317433179713817, "21": 1.446779971964503, "22": 1.446779971964503, "23": 1.446779971964503, "24": 1.446779971964503, "25": 1.1909616570114316, "26": 1.0444049972136042, "27": 1.0444049972136042, "28": 1.0444049972136042, "29": 1.0444049972136042, "30": 1.0444049972136042, "31": 1.0444049972136042, "32": 1.0444049972136042, "33": 1.0444049972136042, "34": 1.0444049972136042, "35": 1.0444049972136042, "36": 1.0444049972136042, "37": 1.0444049972136042, "38": 1.0444049972136042, "39": 1.0444049972136042, "40": 1.0444049972136042, "41": 1.0444049972136042, "42": 1.0444049972136042, "43": 1.0444049972136042, "44": 1.0444049972136042, "45": 1.0444049972136042, "46": 1.0444049972136042, "47": 1.0444049972136042, "48": 1.0444049972136042, "49": 1.0444049972136042, "50": 1.0444049972136042, "51": 1.0444049972136042, "52": 1.0444049972136042, "53": 1.0444049972136042, "54": 1.0444049972136042, "55": 1.0444049972136042, "56": 1.0444049972136042, "57": 1.0444049972136042, "58": 1.0444049972136042, "59": 1.0444049972136042, "60": 1.0444049972136042, "61": 1.0444049972136042, "62": 1.0444049972136042, "63": 1.0444049972136042, "64": 1.0401130677780124, "65": 1.0401130677780124, "66": 1.0401130677780124, "67": 1.0401130677780124, "68": 1.0401130677780124, "69": 1.0401130677780124, "70": 1.0401130677780124, "71": 1.0401130677780124, "72": 1.0401130677780124, "73": 1.0401130677780124, "74": 1.0401130677780124, "75": 1.0401130677780124, "76": 1.0401130677780124, "77": 1.0401130677780124, "78": 1.0401130677780124, "79": 1.0401130677780124, "80": 1.0401130677780124, "81": 1.0401130677780124, "82": 1.0401130677780124, "83": 1.0401130677780124, "84": 1.0401130677780124, "85": 1.0401130677780124, "86": 1.0401130677780124, "87": 1.0401130677780124, "88": 1.0401130677780124, "89": 1.0401130677780124, "90": 1.0401130677780124, "91": 1.0401130677780124, "92": 1.0401130677780124, "93": 1.0401130677780124, "94": 1.0401130677780124, "95": 1.0401130677780124, "96": 1.0401130677780124, "97": 1.0401130677780124, "98": 1.0401130677780124, "99": 1.0401130677780124, "100": 1.0401130677780124}