{"0": 24.91000501743304, "1": 16.495593065717912, "2": 2.3757230530799944, "3": 2.3757230530799944, "4": 2.3757230530799944, "5": 2.3757230530799944, "6": 2.3757230530799944, "7": 1.6383534282578758, "8": 1.6383534282578758, "9": 1.6383534282578758, "10": 1.6383534282578758, "11": 1.6383534282578758, "12": 1.6383534282578758, "13": 1.6383534282578758, "14": 1.6383534282578758, "15": 1.6383534282578758, "16": 1.6383534282578758, "17": 1.4335756425268649, "18": 1.4335756425268649, "19": 1.0602270874933168, "20": 1.0602270874933168, "21": 1.0602270874933168, "22": 1.0602270874933168, "23": 1.0602270874933168, "24": 1.0602270874933168, "25": 1.0602270874933168, "26": 1.0602270874933168, "27": 1.0602270874933168, "28": 1.0602270874933168, "29": 1.0602270874933168, "30": 1.0602270874933168, "31": 1.0602270874933168, "32": 1.0602270874933168, "33": 1.0602270874933168, "34": 1.0602270874933168, "35": 1.0602270874933168, "36": 1.0602270874933168, "37": 0.7588608671499344, "38": 0.7588608671499344, "39": 0.7588608671499344, "40": 0.7588608671499344, "41": 0.7588608671499344, "42": 0.7588608671499344, "43": 0.7588608671499344, "44": 0.7588608671499344, "45": 0.7588608671499344, "46": 0.7588608671499344, "47": 0.7588608671499344, "48": 0.7588608671499344, "49": 0.7588608671499344, "50": 0.7588608671499344, "51": 0.7588608671499344, "52": 0.7588608671499344, "53": 0.7588608671499344, "54": 0.7588608671499344, "55": 0.7588608671499344, "56": 0.7588608671499344, "57": 0.7588608671499344, "58": 0.7588608671499344, "59": 0.7588608671499344, "60": 0.7588608671499344, "61": 0.7588608671499344, "62": 0.7588608671499344, "63": 0.7588608671499344, "64": 0.7588608671499344, "65": 0.7588608671499344, "66": 0.7588608671499344, "67": 0.7588608671499344, "68": 0.7588608671499344, "69": 0.7588608671499344, "70": 0.7588608671499344, "71": 0.7588608671499344, "72": 0.7588608671499344, "73": 0.7588608671499344, "74": 0.7588608671499344, "75": 0.7588608671499344, "76": 0.7588608671499344, "77": 0.7588608671499344, "78": 0.7588608671499344, "79": 0.7588608671499344, "80": 0.7588608671499344, "81": 0.7588608671499344, "82": 0.7588608671499344, "83": 0.7588608671499344, "84": 0.7588608671499344, "85": 0.7588608671499344, "86": 0.7588608671499344, "87": 0.7588608671499344, "88": 0.7588608671499344, "89": 0.7588608671499344, "90": 0.7588608671499344, "91": 0.7588608671499344, "92": 0.7588608671499344, "93": 0.7588608671499344, "94": 0.7588608671499344, "95": 0.7588608671499344, "96": 0.7588608671499344, "97": 0.7588608671499344, "98": 0.7588608671499344, "99": 0.7588608671499344, "100": 0.7588608671499344}