{"0": 19.592473514111276, "1": 5.0387505225426885, "2": 5.0387505225426885, "3": 5.0387505225426885, "4": 5.0387505225426885, "5": 5.0387505225426885, "6": 5.0387505225426885, "7": 5.0387505225426885, "8": 5.0387505225426885, "9": 5.0387505225426885, "10": 5.0387505225426885, "11": 5.0387505225426885, "12": 5.0387505225426885, "13": 5.0387505225426885, "14": 5.0387505225426885, "15": 5.0387505225426885, "16": 4.664826498191143, "17": 4.664826498191143, "18": 3.2452656051392843, "19": 3.2452656051392843, "20": 3.2452656051392843, "21": 3.2452656051392843, "22": 3.2452656051392843, "23": 3.2452656051392843, "24": 0.5317682882700332, "25": 0.5317682882700332, "26": 0.5317682882700332, "27": 0.5317682882700332, "28": 0.5317682882700332, "29": 0.5317682882700332, "30": 0.5317682882700332, "31": 0.4872580778747846, "32": 0.4872580778747846, "33": 0.4872580778747846, "34": 0.4872580778747846, "35": 0.4872580778747846, "36": 0.4872580778747846, "37": 0.4872580778747846, "38": 0.4872580778747846, "39": 0.4872580778747846, "40": 0.4872580778747846, "41": 0.4872580778747846, "42": 0.4872580778747846, "43": 0.4872580778747846, "44": 0.4872580778747846, "45": 0.4872580778747846, "46": 0.4872580778747846, "47": 0.4872580778747846, "48": 0.4872580778747846, "49": 0.4872580778747846, "50": 0.4872580778747846, "51": 0.4872580778747846, "52": 0.4872580778747846, "53": 0.4872580778747846, "54": 0.4872580778747846, "55": 0.4872580778747846, "56": 0.4872580778747846, "57": 0.4872580778747846, "58": 0.4872580778747846, "59": 0.4872580778747846, "60": 0.4872580778747846, "61": 0.4872580778747846, "62": 0.4872580778747846, "63": 0.4872580778747846, "64": 0.4872580778747846, "65": 0.4872580778747846, "66": 0.4872580778747846, "67": 0.4872580778747846, "68": 0.4872580778747846, "69": 0.4872580778747846, "70": 0.4872580778747846, "71": 0.4872580778747846, "72": 0.4872580778747846, "73": 0.4872580778747846, "74": 0.4872580778747846, "75": 0.4872580778747846, "76": 0.4872580778747846, "77": 0.4872580778747846, "78": 0.4872580778747846, "79": 0.4872580778747846, "80": 0.4872580778747846, "81": 0.4872580778747846, "82": 0.4872580778747846, "83": 0.4872580778747846, "84": 0.4872580778747846, "85": 0.4872580778747846, "86": 0.4872580778747846, "87": 0.4872580778747846, "88": 0.4872580778747846, "89": 0.4872580778747846, "90": 0.4872580778747846, "91": 0.4872580778747846, "92": 0.4872580778747846, "93": 0.4872580778747846, "94": 0.4872580778747846, "95": 0.4872580778747846, "96": 0.4872580778747846, "97": 0.4872580778747846, "98": 0.4872580778747846, "99": 0.4872580778747846, "100": 0.4872580778747846}