{"0": 6.106214854627975, "1": 6.106214854627975, "2": 6.106214854627975, "3": 1.934973598726387, "4": 1.934973598726387, "5": 1.934973598726387, "6": 1.934973598726387, "7": 1.934973598726387, "8": 1.934973598726387, "9": 1.934973598726387, "10": 1.934973598726387, "11": 1.934973598726387, "12": 1.934973598726387, "13": 1.934973598726387, "14": 1.934973598726387, "15": 1.934973598726387, "16": 1.934973598726387, "17": 1.934973598726387, "18": 1.934973598726387, "19": 1.934973598726387, "20": 1.934973598726387, "21": 1.934973598726387, "22": 1.934973598726387, "23": 1.934973598726387, "24": 1.934973598726387, "25": 1.934973598726387, "26": 1.635671899185084, "27": 1.029397998286779, "28": 1.029397998286779, "29": 1.029397998286779, "30": 1.029397998286779, "31": 1.029397998286779, "32": 1.029397998286779, "33": 1.029397998286779, "34": 1.029397998286779, "35": 1.029397998286779, "36": 1.029397998286779, "37": 1.029397998286779, "38": 1.029397998286779, "39": 1.029397998286779, "40": 1.029397998286779, "41": 1.029397998286779, "42": 1.029397998286779, "43": 1.029397998286779, "44": 1.029397998286779, "45": 1.029397998286779, "46": 1.029397998286779, "47": 1.029397998286779, "48": 1.029397998286779, "49": 1.029397998286779, "50": 1.029397998286779, "51": 0.7210257323659519, "52": 0.7210257323659519, "53": 0.7210257323659519, "54": 0.7210257323659519, "55": 0.7210257323659519, "56": 0.7210257323659519, "57": 0.7210257323659519, "58": 0.7210257323659519, "59": 0.7210257323659519, "60": 0.7210257323659519, "61": 0.7210257323659519, "62": 0.7210257323659519, "63": 0.7210257323659519, "64": 0.7210257323659519, "65": 0.7210257323659519, "66": 0.7210257323659519, "67": 0.7210257323659519, "68": 0.7210257323659519, "69": 0.7210257323659519, "70": 0.7210257323659519, "71": 0.7210257323659519, "72": 0.7210257323659519, "73": 0.7210257323659519, "74": 0.7210257323659519, "75": 0.7210257323659519, "76": 0.7210257323659519, "77": 0.7210257323659519, "78": 0.7210257323659519, "79": 0.7210257323659519, "80": 0.7210257323659519, "81": 0.7210257323659519, "82": 0.7210257323659519, "83": 0.7210257323659519, "84": 0.7210257323659519, "85": 0.7210257323659519, "86": 0.7210257323659519, "87": 0.7210257323659519, "88": 0.7210257323659519, "89": 0.7210257323659519, "90": 0.7210257323659519, "91": 0.7210257323659519, "92": 0.7210257323659519, "93": 0.7210257323659519, "94": 0.7210257323659519, "95": 0.7210257323659519, "96": 0.7210257323659519, "97": 0.7210257323659519, "98": 0.7210257323659519, "99": 0.7210257323659519, "100": 0.7210257323659519}