{"0": 8.538365675686126, "1": 8.538365675686126, "2": 8.538365675686126, "3": 8.538365675686126, "4": 5.253952642943876, "5": 5.253952642943876, "6": 5.253952642943876, "7": 5.191855554228269, "8": 5.191855554228269, "9": 5.191855554228269, "10": 5.191855554228269, "11": 4.942768421478409, "12": 4.942768421478409, "13": 4.942768421478409, "14": 4.942768421478409, "15": 4.3147700712251975, "16": 4.3147700712251975, "17": 4.3147700712251975, "18": 4.3147700712251975, "19": 4.3147700712251975, "20": 4.3147700712251975, "21": 4.3147700712251975, "22": 4.3147700712251975, "23": 4.3147700712251975, "24": 4.3147700712251975, "25": 4.3147700712251975, "26": 4.3147700712251975, "27": 4.3147700712251975, "28": 4.3147700712251975, "29": 4.3147700712251975, "30": 4.3147700712251975, "31": 4.3147700712251975, "32": 4.3147700712251975, "33": 4.3147700712251975, "34": 4.3147700712251975, "35": 4.3147700712251975, "36": 4.3147700712251975, "37": 4.3147700712251975, "38": 4.3147700712251975, "39": 4.3147700712251975, "40": 4.3147700712251975, "41": 4.3147700712251975, "42": 4.3147700712251975, "43": 4.3147700712251975, "44": 4.3147700712251975, "45": 4.3147700712251975, "46": 4.3147700712251975, "47": 4.3147700712251975, "48": 4.3147700712251975, "49": 4.3147700712251975, "50": 4.3147700712251975, "51": 4.3147700712251975, "52": 4.3147700712251975, "53": 4.3147700712251975, "54": 4.3147700712251975, "55": 4.3147700712251975, "56": 4.3147700712251975, "57": 4.3147700712251975, "58": 4.3147700712251975, "59": 2.6775009866965505, "60": 2.6775009866965505, "61": 2.6775009866965505, "62": 2.6775009866965505, "63": 2.6775009866965505, "64": 2.6775009866965505, "65": 2.6775009866965505, "66": 2.6775009866965505, "67": 2.6775009866965505, "68": 2.6775009866965505, "69": 2.6775009866965505, "70": 2.6775009866965505, "71": 2.6775009866965505, "72": 2.6775009866965505, "73": 2.6775009866965505, "74": 2.6775009866965505, "75": 2.6775009866965505, "76": 2.6775009866965505, "77": 2.6775009866965505, "78": 2.6775009866965505, "79": 2.6775009866965505, "80": 2.6775009866965505, "81": 2.6775009866965505, "82": 2.6775009866965505, "83": 2.6775009866965505, "84": 2.6775009866965505, "85": 2.6775009866965505, "86": 2.6775009866965505, "87": 2.6775009866965505, "88": 2.6775009866965505, "89": 2.6775009866965505, "90": 2.6775009866965505, "91": 2.6775009866965505, "92": 2.2653492430258098, "93": 2.2653492430258098, "94": 2.2653492430258098, "95": 2.2653492430258098, "96": 2.2653492430258098, "97": 2.2653492430258098, "98": 2.2653492430258098, "99": 2.2653492430258098, "100": 2.2653492430258098}