{"0": 12.64864567003524, "1": 12.64864567003524, "2": 11.598486865831427, "3": 11.598486865831427, "4": 11.598486865831427, "5": 11.598486865831427, "6": 11.598486865831427, "7": 9.129535550296389, "8": 9.129535550296389, "9": 9.129535550296389, "10": 9.083691326200515, "11": 9.083691326200515, "12": 9.083691326200515, "13": 9.083691326200515, "14": 8.141400776770219, "15": 8.141400776770219, "16": 8.141400776770219, "17": 8.141400776770219, "18": 8.141400776770219, "19": 5.681360213087462, "20": 5.681360213087462, "21": 5.681360213087462, "22": 5.681360213087462, "23": 5.681360213087462, "24": 4.4038932646354425, "25": 4.4038932646354425, "26": 4.4038932646354425, "27": 4.4038932646354425, "28": 4.4038932646354425, "29": 4.4038932646354425, "30": 1.171514125551525, "31": 1.171514125551525, "32": 1.171514125551525, "33": 1.171514125551525, "34": 0.7809375141661548, "35": 0.7809375141661548, "36": 0.7809375141661548, "37": 0.7809375141661548, "38": 0.7809375141661548, "39": 0.7809375141661548, "40": 0.7809375141661548, "41": 0.7809375141661548, "42": 0.7809375141661548, "43": 0.7809375141661548, "44": 0.7809375141661548, "45": 0.7809375141661548, "46": 0.7809375141661548, "47": 0.7809375141661548, "48": 0.7809375141661548, "49": 0.7809375141661548, "50": 0.7809375141661548, "51": 0.7809375141661548, "52": 0.7809375141661548, "53": 0.7809375141661548, "54": 0.7809375141661548, "55": 0.7809375141661548, "56": 0.7809375141661548, "57": 0.7809375141661548, "58": 0.7809375141661548, "59": 0.7809375141661548, "60": 0.7809375141661548, "61": 0.7809375141661548, "62": 0.7809375141661548, "63": 0.7809375141661548, "64": 0.7809375141661548, "65": 0.7809375141661548, "66": 0.7809375141661548, "67": 0.7809375141661548, "68": 0.7809375141661548, "69": 0.7809375141661548, "70": 0.7809375141661548, "71": 0.7809375141661548, "72": 0.7809375141661548, "73": 0.7809375141661548, "74": 0.7809375141661548, "75": 0.7809375141661548, "76": 0.7809375141661548, "77": 0.7809375141661548, "78": 0.7809375141661548, "79": 0.7809375141661548, "80": 0.7809375141661548, "81": 0.7809375141661548, "82": 0.7809375141661548, "83": 0.7809375141661548, "84": 0.7809375141661548, "85": 0.7809375141661548, "86": 0.7809375141661548, "87": 0.7809375141661548, "88": 0.7809375141661548, "89": 0.7809375141661548, "90": 0.7809375141661548, "91": 0.7809375141661548, "92": 0.7809375141661548, "93": 0.7809375141661548, "94": 0.7809375141661548, "95": 0.7809375141661548, "96": 0.7809375141661548, "97": 0.7809375141661548, "98": 0.7809375141661548, "99": 0.7809375141661548, "100": 0.7809375141661548}