{"0": 2.4722479295081428, "1": 2.4722479295081428, "2": 2.4722479295081428, "3": 1.5882680930690896, "4": 1.5882680930690896, "5": 1.5882680930690896, "6": 1.5882680930690896, "7": 1.5882680930690896, "8": 1.5882680930690896, "9": 1.5882680930690896, "10": 1.5882680930690896, "11": 1.1152111932141544, "12": 1.1152111932141544, "13": 1.1152111932141544, "14": 1.1152111932141544, "15": 1.1152111932141544, "16": 1.1152111932141544, "17": 1.1152111932141544, "18": 1.1152111932141544, "19": 1.1152111932141544, "20": 1.1152111932141544, "21": 1.1152111932141544, "22": 1.1152111932141544, "23": 1.093597347478081, "24": 1.093597347478081, "25": 1.093597347478081, "26": 1.093597347478081, "27": 1.093597347478081, "28": 1.093597347478081, "29": 1.093597347478081, "30": 1.093597347478081, "31": 1.093597347478081, "32": 1.093597347478081, "33": 1.093597347478081, "34": 1.093597347478081, "35": 1.093597347478081, "36": 1.093597347478081, "37": 1.093597347478081, "38": 1.093597347478081, "39": 1.093597347478081, "40": 1.093597347478081, "41": 1.093597347478081, "42": 1.093597347478081, "43": 1.093597347478081, "44": 1.093597347478081, "45": 1.093597347478081, "46": 1.093597347478081, "47": 1.093597347478081, "48": 0.7571985933360139, "49": 0.7571985933360139, "50": 0.7571985933360139, "51": 0.7571985933360139, "52": 0.7571985933360139, "53": 0.7571985933360139, "54": 0.7571985933360139, "55": 0.7571985933360139, "56": 0.7571985933360139, "57": 0.7571985933360139, "58": 0.6789223036799115, "59": 0.6789223036799115, "60": 0.6789223036799115, "61": 0.6789223036799115, "62": 0.6789223036799115, "63": 0.6789223036799115, "64": 0.6789223036799115, "65": 0.6789223036799115, "66": 0.6789223036799115, "67": 0.6789223036799115, "68": 0.6789223036799115, "69": 0.6789223036799115, "70": 0.6789223036799115, "71": 0.6789223036799115, "72": 0.6789223036799115, "73": 0.6789223036799115, "74": 0.6789223036799115, "75": 0.6789223036799115, "76": 0.6789223036799115, "77": 0.6789223036799115, "78": 0.6789223036799115, "79": 0.6789223036799115, "80": 0.6789223036799115, "81": 0.6789223036799115, "82": 0.6789223036799115, "83": 0.6789223036799115, "84": 0.6789223036799115, "85": 0.6789223036799115, "86": 0.6789223036799115, "87": 0.6789223036799115, "88": 0.6789223036799115, "89": 0.6789223036799115, "90": 0.6789223036799115, "91": 0.6789223036799115, "92": 0.6789223036799115, "93": 0.6789223036799115, "94": 0.6789223036799115, "95": 0.6789223036799115, "96": 0.6789223036799115, "97": 0.6789223036799115, "98": 0.6789223036799115, "99": 0.6789223036799115, "100": 0.6789223036799115}