{"0": 15.943620241284425, "1": 15.943620241284425, "2": 13.386381254779094, "3": 13.386381254779094, "4": 13.386381254779094, "5": 5.059677106037633, "6": 5.059677106037633, "7": 5.059677106037633, "8": 5.059677106037633, "9": 4.333112529568712, "10": 3.1838133682509238, "11": 3.1838133682509238, "12": 3.1838133682509238, "13": 3.1838133682509238, "14": 3.1838133682509238, "15": 3.1838133682509238, "16": 3.1838133682509238, "17": 3.1838133682509238, "18": 3.1838133682509238, "19": 3.1838133682509238, "20": 3.1838133682509238, "21": 3.1838133682509238, "22": 3.1838133682509238, "23": 3.1838133682509238, "24": 3.1838133682509238, "25": 3.1838133682509238, "26": 3.1838133682509238, "27": 3.1838133682509238, "28": 3.1838133682509238, "29": 3.1838133682509238, "30": 3.1838133682509238, "31": 3.1838133682509238, "32": 2.534126843186673, "33": 2.534126843186673, "34": 2.534126843186673, "35": 2.534126843186673, "36": 2.534126843186673, "37": 2.534126843186673, "38": 2.379758514805289, "39": 2.1047397859513275, "40": 2.1047397859513275, "41": 2.1047397859513275, "42": 2.1047397859513275, "43": 2.1047397859513275, "44": 2.1047397859513275, "45": 2.1047397859513275, "46": 2.1047397859513275, "47": 2.1047397859513275, "48": 2.1047397859513275, "49": 2.1047397859513275, "50": 2.1047397859513275, "51": 1.1480791380631388, "52": 1.1480791380631388, "53": 1.1480791380631388, "54": 1.1480791380631388, "55": 1.1480791380631388, "56": 1.1480791380631388, "57": 1.1480791380631388, "58": 1.1480791380631388, "59": 1.1480791380631388, "60": 1.1480791380631388, "61": 1.1480791380631388, "62": 1.1480791380631388, "63": 1.1480791380631388, "64": 1.1480791380631388, "65": 1.1480791380631388, "66": 1.1480791380631388, "67": 1.1480791380631388, "68": 1.1480791380631388, "69": 1.1480791380631388, "70": 1.1480791380631388, "71": 1.1480791380631388, "72": 1.1480791380631388, "73": 1.1480791380631388, "74": 1.1480791380631388, "75": 1.1480791380631388, "76": 1.1480791380631388, "77": 1.1480791380631388, "78": 1.1480791380631388, "79": 1.1480791380631388, "80": 1.1480791380631388, "81": 1.1480791380631388, "82": 1.1480791380631388, "83": 1.1480791380631388, "84": 1.1480791380631388, "85": 1.1480791380631388, "86": 1.1480791380631388, "87": 1.1480791380631388, "88": 1.1480791380631388, "89": 1.1480791380631388, "90": 1.1480791380631388, "91": 1.1480791380631388, "92": 1.1480791380631388, "93": 1.1480791380631388, "94": 1.1480791380631388, "95": 1.1480791380631388, "96": 1.1480791380631388, "97": 1.1480791380631388, "98": 1.1480791380631388, "99": 1.1480791380631388, "100": 1.1480791380631388}