{"0": 18.840755153538844, "1": 15.003354799427452, "2": 15.003354799427452, "3": 13.489258903742094, "4": 13.489258903742094, "5": 13.489258903742094, "6": 13.489258903742094, "7": 12.701367433842593, "8": 8.440565491661069, "9": 8.440565491661069, "10": 8.440565491661069, "11": 8.440565491661069, "12": 8.362373911876556, "13": 8.362373911876556, "14": 8.362373911876556, "15": 8.362373911876556, "16": 4.8365314951740075, "17": 4.383243106605477, "18": 4.383243106605477, "19": 4.383243106605477, "20": 4.383243106605477, "21": 4.383243106605477, "22": 4.383243106605477, "23": 4.383243106605477, "24": 4.383243106605477, "25": 3.1791909442567388, "26": 3.1791909442567388, "27": 3.1791909442567388, "28": 3.1791909442567388, "29": 3.1791909442567388, "30": 3.1791909442567388, "31": 3.1791909442567388, "32": 3.1791909442567388, "33": 3.1791909442567388, "34": 3.1791909442567388, "35": 3.1791909442567388, "36": 3.1791909442567388, "37": 3.1791909442567388, "38": 3.1791909442567388, "39": 1.3426818801905753, "40": 1.3426818801905753, "41": 1.3426818801905753, "42": 1.3426818801905753, "43": 1.3426818801905753, "44": 1.3426818801905753, "45": 1.3426818801905753, "46": 1.3426818801905753, "47": 1.3426818801905753, "48": 1.3426818801905753, "49": 1.3426818801905753, "50": 1.3426818801905753, "51": 1.3426818801905753, "52": 1.3426818801905753, "53": 1.3426818801905753, "54": 1.3426818801905753, "55": 1.3426818801905753, "56": 1.3426818801905753, "57": 1.3426818801905753, "58": 1.3426818801905753, "59": 1.3426818801905753, "60": 1.3426818801905753, "61": 1.3426818801905753, "62": 1.3426818801905753, "63": 1.3426818801905753, "64": 1.3426818801905753, "65": 1.3426818801905753, "66": 1.3426818801905753, "67": 1.3426818801905753, "68": 1.3426818801905753, "69": 1.3426818801905753, "70": 1.3426818801905753, "71": 1.3426818801905753, "72": 1.3426818801905753, "73": 1.3426818801905753, "74": 1.3426818801905753, "75": 1.3426818801905753, "76": 1.3426818801905753, "77": 1.3426818801905753, "78": 1.3426818801905753, "79": 1.3426818801905753, "80": 1.3426818801905753, "81": 1.3426818801905753, "82": 1.3426818801905753, "83": 1.3426818801905753, "84": 1.3426818801905753, "85": 1.3426818801905753, "86": 1.3426818801905753, "87": 1.3426818801905753, "88": 1.3426818801905753, "89": 1.3426818801905753, "90": 1.3426818801905753, "91": 1.3426818801905753, "92": 1.3426818801905753, "93": 1.3426818801905753, "94": 1.3426818801905753, "95": 1.3426818801905753, "96": 1.3426818801905753, "97": 1.3426818801905753, "98": 1.3426818801905753, "99": 1.3426818801905753, "100": 1.3426818801905753}