{"0": 31.04553186293454, "1": 10.072430980054943, "2": 10.072430980054943, "3": 3.175442570202094, "4": 3.175442570202094, "5": 3.175442570202094, "6": 3.175442570202094, "7": 3.175442570202094, "8": 3.175442570202094, "9": 2.220218919391897, "10": 2.220218919391897, "11": 1.9951038143394726, "12": 1.4897205917231524, "13": 1.4897205917231524, "14": 1.4897205917231524, "15": 1.4897205917231524, "16": 1.4897205917231524, "17": 1.4897205917231524, "18": 0.9732584773163353, "19": 0.9732584773163353, "20": 0.9732584773163353, "21": 0.9732584773163353, "22": 0.9732584773163353, "23": 0.9732584773163353, "24": 0.9732584773163353, "25": 0.9732584773163353, "26": 0.9732584773163353, "27": 0.9732584773163353, "28": 0.9732584773163353, "29": 0.9732584773163353, "30": 0.9732584773163353, "31": 0.9732584773163353, "32": 0.9732584773163353, "33": 0.9732584773163353, "34": 0.9732584773163353, "35": 0.9732584773163353, "36": 0.9732584773163353, "37": 0.9732584773163353, "38": 0.5512832435873705, "39": 0.5512832435873705, "40": 0.5512832435873705, "41": 0.5512832435873705, "42": 0.5512832435873705, "43": 0.5512832435873705, "44": 0.5512832435873705, "45": 0.5512832435873705, "46": 0.5512832435873705, "47": 0.5512832435873705, "48": 0.5512832435873705, "49": 0.5512832435873705, "50": 0.5512832435873705, "51": 0.5512832435873705, "52": 0.5512832435873705, "53": 0.5512832435873705, "54": 0.5512832435873705, "55": 0.5512832435873705, "56": 0.5512832435873705, "57": 0.5512832435873705, "58": 0.18241117472700807, "59": 0.18241117472700807, "60": 0.18241117472700807, "61": 0.18241117472700807, "62": 0.18241117472700807, "63": 0.18241117472700807, "64": 0.18241117472700807, "65": 0.18241117472700807, "66": 0.18241117472700807, "67": 0.18241117472700807, "68": 0.18241117472700807, "69": 0.18241117472700807, "70": 0.18241117472700807, "71": 0.18241117472700807, "72": 0.18241117472700807, "73": 0.18241117472700807, "74": 0.18241117472700807, "75": 0.18241117472700807, "76": 0.18241117472700807, "77": 0.18241117472700807, "78": 0.18241117472700807, "79": 0.18241117472700807, "80": 0.18241117472700807, "81": 0.18241117472700807, "82": 0.18241117472700807, "83": 0.18241117472700807, "84": 0.18241117472700807, "85": 0.18241117472700807, "86": 0.18241117472700807, "87": 0.18241117472700807, "88": 0.18241117472700807, "89": 0.18241117472700807, "90": 0.18241117472700807, "91": 0.18241117472700807, "92": 0.18241117472700807, "93": 0.18241117472700807, "94": 0.18241117472700807, "95": 0.18241117472700807, "96": 0.18241117472700807, "97": 0.18241117472700807, "98": 0.18241117472700807, "99": 0.18241117472700807, "100": 0.18241117472700807}