{"0": 23.500014503333468, "1": 20.739205891863385, "2": 10.944094234530827, "3": 6.770538121824986, "4": 6.770538121824986, "5": 6.770538121824986, "6": 6.770538121824986, "7": 2.0435824208473434, "8": 2.0435824208473434, "9": 2.0435824208473434, "10": 2.0435824208473434, "11": 2.0435824208473434, "12": 0.31621476762418865, "13": 0.31621476762418865, "14": 0.31621476762418865, "15": 0.31621476762418865, "16": 0.31621476762418865, "17": 0.31621476762418865, "18": 0.31621476762418865, "19": 0.31621476762418865, "20": 0.31621476762418865, "21": 0.31621476762418865, "22": 0.31621476762418865, "23": 0.31621476762418865, "24": 0.00017855244789188873, "25": 0.00017855244789188873, "26": 0.00017855244789188873, "27": 0.00017855244789188873, "28": 0.00017855244789188873, "29": 0.00017855244789188873, "30": 0.00017855244789188873, "31": 0.00017855244789188873, "32": 0.00017855244789188873, "33": 0.00017855244789188873, "34": 0.00017855244789188873, "35": 0.00017855244789188873, "36": 0.00017855244789188873, "37": 0.00017855244789188873, "38": 0.00017855244789188873, "39": 0.00017855244789188873, "40": 0.00017855244789188873, "41": 0.00017855244789188873, "42": 0.00017855244789188873, "43": 0.00017855244789188873, "44": 0.00017855244789188873, "45": 0.00017855244789188873, "46": 0.00017855244789188873, "47": 0.00017855244789188873, "48": 0.00017855244789188873, "49": 0.00017855244789188873, "50": 0.00017855244789188873, "51": 0.00017855244789188873, "52": 0.00017855244789188873, "53": 0.00017855244789188873, "54": 0.00017855244789188873, "55": 0.00017855244789188873, "56": 0.00017855244789188873, "57": 0.00017855244789188873, "58": 0.00017855244789188873, "59": 0.00017855244789188873, "60": 0.00017855244789188873, "61": 0.00017855244789188873, "62": 0.00017855244789188873, "63": 0.00017855244789188873, "64": 0.00017855244789188873, "65": 0.00017855244789188873, "66": 0.00017855244789188873, "67": 0.00017855244789188873, "68": 0.00017855244789188873, "69": 0.00017855244789188873, "70": 0.00017855244789188873, "71": 0.00017855244789188873, "72": 0.00017855244789188873, "73": 0.00017855244789188873, "74": 0.00017855244789188873, "75": 0.00017855244789188873, "76": 0.00017855244789188873, "77": 0.00017855244789188873, "78": 0.00017855244789188873, "79": 0.00017855244789188873, "80": 0.00017855244789188873, "81": 0.00017855244789188873, "82": 0.00017855244789188873, "83": 0.00017855244789188873, "84": 0.00017855244789188873, "85": 0.00017855244789188873, "86": 0.00017855244789188873, "87": 0.00017855244789188873, "88": 0.00017855244789188873, "89": 0.00017855244789188873, "90": 0.00017855244789188873, "91": 0.00017855244789188873, "92": 0.00017855244789188873, "93": 0.00017855244789188873, "94": 0.00017855244789188873, "95": 0.00017855244789188873, "96": 0.00017855244789188873, "97": 0.00017855244789188873, "98": 0.00017855244789188873, "99": 0.00017855244789188873, "100": 0.00017855244789188873}