{"0": 12.0381557058234, "1": 12.0381557058234, "2": 12.0381557058234, "3": 7.896386935273217, "4": 7.896386935273217, "5": 7.896386935273217, "6": 7.896386935273217, "7": 7.896386935273217, "8": 6.169625729720487, "9": 6.169625729720487, "10": 6.169625729720487, "11": 4.191229310555414, "12": 4.191229310555414, "13": 4.191229310555414, "14": 4.191229310555414, "15": 4.079249959473078, "16": 4.079249959473078, "17": 3.623348669196705, "18": 2.6762666230100436, "19": 2.5876804078981124, "20": 2.5876804078981124, "21": 2.5876804078981124, "22": 2.5876804078981124, "23": 2.5876804078981124, "24": 2.5876804078981124, "25": 2.5876804078981124, "26": 2.5876804078981124, "27": 2.5876804078981124, "28": 2.5876804078981124, "29": 2.5876804078981124, "30": 2.5876804078981124, "31": 2.5876804078981124, "32": 2.5876804078981124, "33": 2.5876804078981124, "34": 2.526956302483825, "35": 2.526956302483825, "36": 2.526956302483825, "37": 2.526956302483825, "38": 2.526956302483825, "39": 2.526956302483825, "40": 2.526956302483825, "41": 2.526956302483825, "42": 2.526956302483825, "43": 1.9945298020573823, "44": 1.9945298020573823, "45": 1.9945298020573823, "46": 1.9945298020573823, "47": 1.9945298020573823, "48": 1.9945298020573823, "49": 1.9945298020573823, "50": 1.9945298020573823, "51": 1.9945298020573823, "52": 1.9945298020573823, "53": 1.9945298020573823, "54": 1.9945298020573823, "55": 1.9945298020573823, "56": 1.9945298020573823, "57": 1.9945298020573823, "58": 1.9945298020573823, "59": 1.9945298020573823, "60": 1.5669737603624583, "61": 1.5669737603624583, "62": 1.5669737603624583, "63": 1.5669737603624583, "64": 1.5669737603624583, "65": 1.5669737603624583, "66": 1.5669737603624583, "67": 1.5669737603624583, "68": 1.5669737603624583, "69": 1.5669737603624583, "70": 1.5669737603624583, "71": 1.5669737603624583, "72": 1.5669737603624583, "73": 1.5669737603624583, "74": 1.5669737603624583, "75": 1.5669737603624583, "76": 1.5669737603624583, "77": 1.5669737603624583, "78": 1.5669737603624583, "79": 1.5669737603624583, "80": 1.5669737603624583, "81": 1.5669737603624583, "82": 1.5669737603624583, "83": 1.5669737603624583, "84": 1.5669737603624583, "85": 1.5669737603624583, "86": 1.5669737603624583, "87": 1.5669737603624583, "88": 1.5669737603624583, "89": 1.5669737603624583, "90": 1.5669737603624583, "91": 1.5669737603624583, "92": 1.5669737603624583, "93": 1.5669737603624583, "94": 1.5669737603624583, "95": 1.5669737603624583, "96": 1.5669737603624583, "97": 1.5669737603624583, "98": 1.5669737603624583, "99": 1.5669737603624583, "100": 1.5669737603624583}