{"0": 1.5974425303157105, "1": 1.5974425303157105, "2": 1.5974425303157105, "3": 1.5974425303157105, "4": 1.5974425303157105, "5": 1.5974425303157105, "6": 1.5974425303157105, "7": 1.5974425303157105, "8": 1.5974425303157105, "9": 1.5974425303157105, "10": 1.5974425303157105, "11": 1.5974425303157105, "12": 1.5974425303157105, "13": 1.5974425303157105, "14": 1.5974425303157105, "15": 1.5974425303157105, "16": 1.5974425303157105, "17": 1.5974425303157105, "18": 1.3464224425227087, "19": 1.3464224425227087, "20": 1.3464224425227087, "21": 1.1960922598345896, "22": 1.1960922598345896, "23": 1.1960922598345896, "24": 1.1960922598345896, "25": 1.1960922598345896, "26": 1.1960922598345896, "27": 1.1960922598345896, "28": 1.1960922598345896, "29": 1.1684665484752088, "30": 1.1684665484752088, "31": 1.1684665484752088, "32": 1.1684665484752088, "33": 1.1684665484752088, "34": 1.1684665484752088, "35": 1.1684665484752088, "36": 1.1684665484752088, "37": 1.1684665484752088, "38": 1.1684665484752088, "39": 1.1684665484752088, "40": 1.1684665484752088, "41": 1.1684665484752088, "42": 1.1684665484752088, "43": 1.1684665484752088, "44": 1.1684665484752088, "45": 1.1684665484752088, "46": 1.1684665484752088, "47": 1.1684665484752088, "48": 1.1684665484752088, "49": 1.1684665484752088, "50": 1.1684665484752088, "51": 1.1684665484752088, "52": 1.1684665484752088, "53": 1.1684665484752088, "54": 1.1684665484752088, "55": 1.1684665484752088, "56": 1.1684665484752088, "57": 1.1684665484752088, "58": 1.1684665484752088, "59": 1.1684665484752088, "60": 1.1684665484752088, "61": 1.1684665484752088, "62": 1.1684665484752088, "63": 1.1684665484752088, "64": 1.1684665484752088, "65": 1.1684665484752088, "66": 1.1684665484752088, "67": 1.1684665484752088, "68": 1.1684665484752088, "69": 1.1684665484752088, "70": 1.1684665484752088, "71": 1.1684665484752088, "72": 1.1684665484752088, "73": 1.1684665484752088, "74": 1.1684665484752088, "75": 1.1684665484752088, "76": 1.1684665484752088, "77": 1.1684665484752088, "78": 1.0772706539252326, "79": 1.0772706539252326, "80": 1.0772706539252326, "81": 1.0772706539252326, "82": 1.0772706539252326, "83": 1.0772706539252326, "84": 1.0772706539252326, "85": 1.0772706539252326, "86": 1.0772706539252326, "87": 1.0772706539252326, "88": 1.0772706539252326, "89": 1.0772706539252326, "90": 1.0772706539252326, "91": 1.0772706539252326, "92": 1.0772706539252326, "93": 1.0772706539252326, "94": 1.0772706539252326, "95": 1.0772706539252326, "96": 1.0772706539252326, "97": 1.0772706539252326, "98": 1.0772706539252326, "99": 1.0772706539252326, "100": 1.0772706539252326}