{"0": 16.455372105395366, "1": 2.480518042958032, "2": 2.480518042958032, "3": 2.480518042958032, "4": 2.480518042958032, "5": 2.480518042958032, "6": 2.480518042958032, "7": 2.480518042958032, "8": 2.480518042958032, "9": 2.2055813602334453, "10": 2.2055813602334453, "11": 2.2055813602334453, "12": 2.2055813602334453, "13": 2.2055813602334453, "14": 0.722786737501881, "15": 0.722786737501881, "16": 0.25344904341353214, "17": 0.25344904341353214, "18": 0.25344904341353214, "19": 0.25344904341353214, "20": 0.25344904341353214, "21": 0.25344904341353214, "22": 0.25344904341353214, "23": 0.25344904341353214, "24": 0.25344904341353214, "25": 0.25344904341353214, "26": 0.25344904341353214, "27": 0.25344904341353214, "28": 0.25344904341353214, "29": 0.25344904341353214, "30": 0.25344904341353214, "31": 0.25344904341353214, "32": 0.25344904341353214, "33": 0.25344904341353214, "34": 0.25344904341353214, "35": 0.25344904341353214, "36": 0.25344904341353214, "37": 0.25344904341353214, "38": 0.25344904341353214, "39": 0.25344904341353214, "40": 0.25344904341353214, "41": 0.25344904341353214, "42": 0.25344904341353214, "43": 0.25344904341353214, "44": 0.25344904341353214, "45": 0.25344904341353214, "46": 0.25344904341353214, "47": 0.25344904341353214, "48": 0.25344904341353214, "49": 0.25344904341353214, "50": 0.25344904341353214, "51": 0.25344904341353214, "52": 0.25344904341353214, "53": 0.25344904341353214, "54": 0.25344904341353214, "55": 0.25344904341353214, "56": 0.25344904341353214, "57": 0.25344904341353214, "58": 0.25344904341353214, "59": 0.25344904341353214, "60": 0.25344904341353214, "61": 0.25344904341353214, "62": 0.25344904341353214, "63": 0.25344904341353214, "64": 0.25344904341353214, "65": 0.25344904341353214, "66": 0.25344904341353214, "67": 0.25344904341353214, "68": 0.25344904341353214, "69": 0.25344904341353214, "70": 0.25344904341353214, "71": 0.25344904341353214, "72": 0.25344904341353214, "73": 0.25344904341353214, "74": 0.25344904341353214, "75": 0.25344904341353214, "76": 0.25344904341353214, "77": 0.25344904341353214, "78": 0.25344904341353214, "79": 0.25344904341353214, "80": 0.25344904341353214, "81": 0.25344904341353214, "82": 0.25344904341353214, "83": 0.25344904341353214, "84": 0.25344904341353214, "85": 0.25344904341353214, "86": 0.25344904341353214, "87": 0.25344904341353214, "88": 0.25344904341353214, "89": 0.25344904341353214, "90": 0.25344904341353214, "91": 0.25344904341353214, "92": 0.25344904341353214, "93": 0.25344904341353214, "94": 0.25344904341353214, "95": 0.25344904341353214, "96": 0.25344904341353214, "97": 0.25344904341353214, "98": 0.25344904341353214, "99": 0.25344904341353214, "100": 0.25344904341353214}