{"0": 10.24163104730534, "1": 10.24163104730534, "2": 6.808498779407145, "3": 6.808498779407145, "4": 6.808498779407145, "5": 6.808498779407145, "6": 6.808498779407145, "7": 2.9234657903179766, "8": 2.9234657903179766, "9": 0.8651660609879137, "10": 0.8651660609879137, "11": 0.8651660609879137, "12": 0.8651660609879137, "13": 0.8651660609879137, "14": 0.8651660609879137, "15": 0.7968589422306636, "16": 0.7968589422306636, "17": 0.7968589422306636, "18": 0.7968589422306636, "19": 0.7968589422306636, "20": 0.7968589422306636, "21": 0.7968589422306636, "22": 0.6886087326228534, "23": 0.6886087326228534, "24": 0.6886087326228534, "25": 0.6886087326228534, "26": 0.6886087326228534, "27": 0.6886087326228534, "28": 0.6886087326228534, "29": 0.6886087326228534, "30": 0.6886087326228534, "31": 0.6886087326228534, "32": 0.6886087326228534, "33": 0.6886087326228534, "34": 0.6886087326228534, "35": 0.6886087326228534, "36": 0.6886087326228534, "37": 0.6886087326228534, "38": 0.6886087326228534, "39": 0.6886087326228534, "40": 0.6886087326228534, "41": 0.6886087326228534, "42": 0.6886087326228534, "43": 0.6886087326228534, "44": 0.6886087326228534, "45": 0.6886087326228534, "46": 0.6886087326228534, "47": 0.6886087326228534, "48": 0.6886087326228534, "49": 0.6886087326228534, "50": 0.6886087326228534, "51": 0.6886087326228534, "52": 0.6886087326228534, "53": 0.6886087326228534, "54": 0.6886087326228534, "55": 0.6886087326228534, "56": 0.6886087326228534, "57": 0.6886087326228534, "58": 0.6886087326228534, "59": 0.6886087326228534, "60": 0.6886087326228534, "61": 0.6886087326228534, "62": 0.6886087326228534, "63": 0.6886087326228534, "64": 0.6886087326228534, "65": 0.6886087326228534, "66": 0.6886087326228534, "67": 0.6886087326228534, "68": 0.6886087326228534, "69": 0.6886087326228534, "70": 0.6886087326228534, "71": 0.6886087326228534, "72": 0.6886087326228534, "73": 0.6886087326228534, "74": 0.6886087326228534, "75": 0.6886087326228534, "76": 0.6886087326228534, "77": 0.6886087326228534, "78": 0.6886087326228534, "79": 0.6886087326228534, "80": 0.6886087326228534, "81": 0.6886087326228534, "82": 0.6886087326228534, "83": 0.6886087326228534, "84": 0.6886087326228534, "85": 0.6886087326228534, "86": 0.6886087326228534, "87": 0.6886087326228534, "88": 0.6886087326228534, "89": 0.6886087326228534, "90": 0.6886087326228534, "91": 0.6886087326228534, "92": 0.6886087326228534, "93": 0.6886087326228534, "94": 0.6886087326228534, "95": 0.6886087326228534, "96": 0.6886087326228534, "97": 0.6886087326228534, "98": 0.6886087326228534, "99": 0.6886087326228534, "100": 0.6886087326228534}