{"0": 29.47351909689833, "1": 17.29277662777617, "2": 17.29277662777617, "3": 17.29277662777617, "4": 9.083186907411566, "5": 9.083186907411566, "6": 9.083186907411566, "7": 9.083186907411566, "8": 2.986622374365691, "9": 2.986622374365691, "10": 2.986622374365691, "11": 2.986622374365691, "12": 2.3240875584745915, "13": 2.3240875584745915, "14": 2.3240875584745915, "15": 2.3240875584745915, "16": 2.3240875584745915, "17": 2.3240875584745915, "18": 2.3240875584745915, "19": 2.3240875584745915, "20": 2.3240875584745915, "21": 2.3240875584745915, "22": 2.1428281987707933, "23": 2.1428281987707933, "24": 2.1428281987707933, "25": 1.0673330793814344, "26": 1.0673330793814344, "27": 1.0673330793814344, "28": 1.0673330793814344, "29": 1.0673330793814344, "30": 1.0673330793814344, "31": 1.0673330793814344, "32": 1.0673330793814344, "33": 1.0673330793814344, "34": 1.0673330793814344, "35": 1.0673330793814344, "36": 1.0673330793814344, "37": 1.0673330793814344, "38": 1.0673330793814344, "39": 1.0673330793814344, "40": 1.0673330793814344, "41": 1.0673330793814344, "42": 1.0673330793814344, "43": 1.0673330793814344, "44": 1.0673330793814344, "45": 1.0673330793814344, "46": 1.0673330793814344, "47": 1.0673330793814344, "48": 1.0673330793814344, "49": 1.0673330793814344, "50": 1.0673330793814344, "51": 1.0673330793814344, "52": 1.0673330793814344, "53": 1.0673330793814344, "54": 1.0673330793814344, "55": 1.0673330793814344, "56": 1.0673330793814344, "57": 1.0673330793814344, "58": 1.0673330793814344, "59": 1.0673330793814344, "60": 1.0673330793814344, "61": 1.0673330793814344, "62": 1.0673330793814344, "63": 1.0673330793814344, "64": 1.0673330793814344, "65": 1.0673330793814344, "66": 1.0673330793814344, "67": 1.0673330793814344, "68": 1.0673330793814344, "69": 1.0673330793814344, "70": 1.0673330793814344, "71": 1.0673330793814344, "72": 1.0673330793814344, "73": 1.0673330793814344, "74": 1.0673330793814344, "75": 1.0673330793814344, "76": 1.0673330793814344, "77": 1.0673330793814344, "78": 1.0673330793814344, "79": 1.0673330793814344, "80": 1.0673330793814344, "81": 1.0673330793814344, "82": 1.0673330793814344, "83": 1.0673330793814344, "84": 1.0673330793814344, "85": 1.0673330793814344, "86": 1.0673330793814344, "87": 1.0673330793814344, "88": 1.0673330793814344, "89": 1.0673330793814344, "90": 1.0673330793814344, "91": 1.0673330793814344, "92": 1.0673330793814344, "93": 1.0673330793814344, "94": 1.0673330793814344, "95": 1.0673330793814344, "96": 1.0673330793814344, "97": 1.0673330793814344, "98": 1.0673330793814344, "99": 1.0673330793814344, "100": 1.0673330793814344}