{"0": 24.089440655988735, "1": 21.505452351888977, "2": 21.505452351888977, "3": 20.61651276313118, "4": 11.064998425923783, "5": 1.5509336202497543, "6": 1.5509336202497543, "7": 1.5509336202497543, "8": 1.5509336202497543, "9": 1.5509336202497543, "10": 1.5509336202497543, "11": 1.5509336202497543, "12": 1.5509336202497543, "13": 1.5509336202497543, "14": 1.5509336202497543, "15": 1.5509336202497543, "16": 1.5509336202497543, "17": 1.5509336202497543, "18": 1.5509336202497543, "19": 1.5509336202497543, "20": 1.5509336202497543, "21": 1.5509336202497543, "22": 1.5509336202497543, "23": 1.5509336202497543, "24": 1.5509336202497543, "25": 0.4856234082887134, "26": 0.4856234082887134, "27": 0.4856234082887134, "28": 0.4856234082887134, "29": 0.4856234082887134, "30": 0.4856234082887134, "31": 0.4856234082887134, "32": 0.4856234082887134, "33": 0.4856234082887134, "34": 0.4856234082887134, "35": 0.4856234082887134, "36": 0.4856234082887134, "37": 0.4856234082887134, "38": 0.4856234082887134, "39": 0.4856234082887134, "40": 0.4856234082887134, "41": 0.4856234082887134, "42": 0.4856234082887134, "43": 0.4856234082887134, "44": 0.4856234082887134, "45": 0.4856234082887134, "46": 0.4856234082887134, "47": 0.4856234082887134, "48": 0.4856234082887134, "49": 0.4856234082887134, "50": 0.4856234082887134, "51": 0.4856234082887134, "52": 0.4856234082887134, "53": 0.4856234082887134, "54": 0.4856234082887134, "55": 0.4856234082887134, "56": 0.4856234082887134, "57": 0.4856234082887134, "58": 0.4856234082887134, "59": 0.4856234082887134, "60": 0.4856234082887134, "61": 0.4856234082887134, "62": 0.4856234082887134, "63": 0.4856234082887134, "64": 0.4856234082887134, "65": 0.4856234082887134, "66": 0.4856234082887134, "67": 0.4856234082887134, "68": 0.4856234082887134, "69": 0.4856234082887134, "70": 0.4856234082887134, "71": 0.4856234082887134, "72": 0.4856234082887134, "73": 0.4856234082887134, "74": 0.4856234082887134, "75": 0.4856234082887134, "76": 0.4856234082887134, "77": 0.4856234082887134, "78": 0.4856234082887134, "79": 0.4856234082887134, "80": 0.4856234082887134, "81": 0.4856234082887134, "82": 0.4856234082887134, "83": 0.4856234082887134, "84": 0.4856234082887134, "85": 0.4856234082887134, "86": 0.4856234082887134, "87": 0.4856234082887134, "88": 0.4856234082887134, "89": 0.4856234082887134, "90": 0.4856234082887134, "91": 0.4856234082887134, "92": 0.4856234082887134, "93": 0.4856234082887134, "94": 0.4856234082887134, "95": 0.4856234082887134, "96": 0.4856234082887134, "97": 0.4856234082887134, "98": 0.4856234082887134, "99": 0.4856234082887134, "100": 0.4856234082887134}