{"0": 22.50832415702405, "1": 18.865081935469977, "2": 11.878580238715513, "3": 11.878580238715513, "4": 11.878580238715513, "5": 2.640237137027391, "6": 2.640237137027391, "7": 2.640237137027391, "8": 2.640237137027391, "9": 2.640237137027391, "10": 2.640237137027391, "11": 2.640237137027391, "12": 2.640237137027391, "13": 2.640237137027391, "14": 2.640237137027391, "15": 2.640237137027391, "16": 2.640237137027391, "17": 2.640237137027391, "18": 2.640237137027391, "19": 2.640237137027391, "20": 2.640237137027391, "21": 2.640237137027391, "22": 2.640237137027391, "23": 2.640237137027391, "24": 2.640237137027391, "25": 2.640237137027391, "26": 2.640237137027391, "27": 2.640237137027391, "28": 2.640237137027391, "29": 2.640237137027391, "30": 2.640237137027391, "31": 2.640237137027391, "32": 2.640237137027391, "33": 1.7388151854883134, "34": 1.7388151854883134, "35": 1.7388151854883134, "36": 1.7388151854883134, "37": 1.7388151854883134, "38": 1.7388151854883134, "39": 1.7388151854883134, "40": 1.640149694368361, "41": 1.640149694368361, "42": 1.640149694368361, "43": 1.640149694368361, "44": 1.640149694368361, "45": 1.640149694368361, "46": 1.640149694368361, "47": 1.640149694368361, "48": 1.640149694368361, "49": 1.640149694368361, "50": 1.640149694368361, "51": 1.640149694368361, "52": 1.640149694368361, "53": 1.640149694368361, "54": 1.640149694368361, "55": 1.4247497030302583, "56": 1.4247497030302583, "57": 1.4247497030302583, "58": 1.4247497030302583, "59": 1.4247497030302583, "60": 1.4247497030302583, "61": 1.4247497030302583, "62": 1.4247497030302583, "63": 1.4247497030302583, "64": 1.4247497030302583, "65": 1.4247497030302583, "66": 1.4247497030302583, "67": 1.4247497030302583, "68": 1.4247497030302583, "69": 1.4247497030302583, "70": 1.4247497030302583, "71": 1.4247497030302583, "72": 1.4247497030302583, "73": 1.4247497030302583, "74": 1.4247497030302583, "75": 1.4247497030302583, "76": 1.4247497030302583, "77": 1.4247497030302583, "78": 1.4247497030302583, "79": 1.4247497030302583, "80": 1.4247497030302583, "81": 1.4247497030302583, "82": 1.4247497030302583, "83": 1.4247497030302583, "84": 1.4247497030302583, "85": 1.4247497030302583, "86": 1.4247497030302583, "87": 1.4247497030302583, "88": 1.4247497030302583, "89": 1.4247497030302583, "90": 1.4247497030302583, "91": 1.4247497030302583, "92": 1.4247497030302583, "93": 1.4247497030302583, "94": 1.4247497030302583, "95": 1.4247497030302583, "96": 1.4247497030302583, "97": 1.4247497030302583, "98": 1.4247497030302583, "99": 1.4247497030302583, "100": 1.4247497030302583}