{"0": 19.94063632703581, "1": 9.726334644975694, "2": 6.459401844643178, "3": 6.459401844643178, "4": 6.459401844643178, "5": 6.459401844643178, "6": 6.459401844643178, "7": 2.075668284937155, "8": 2.075668284937155, "9": 2.075668284937155, "10": 2.075668284937155, "11": 2.075668284937155, "12": 2.075668284937155, "13": 2.075668284937155, "14": 2.075668284937155, "15": 2.058119954678677, "16": 2.058119954678677, "17": 2.058119954678677, "18": 2.058119954678677, "19": 2.058119954678677, "20": 2.058119954678677, "21": 2.058119954678677, "22": 2.058119954678677, "23": 2.058119954678677, "24": 1.4810815542940539, "25": 1.4810815542940539, "26": 1.4810815542940539, "27": 1.4810815542940539, "28": 1.4810815542940539, "29": 1.4810815542940539, "30": 1.4810815542940539, "31": 1.4810815542940539, "32": 1.4810815542940539, "33": 1.4810815542940539, "34": 1.4810815542940539, "35": 1.4810815542940539, "36": 1.4810815542940539, "37": 1.4810815542940539, "38": 1.4810815542940539, "39": 1.4810815542940539, "40": 1.4810815542940539, "41": 1.4810815542940539, "42": 1.4810815542940539, "43": 1.4810815542940539, "44": 1.4810815542940539, "45": 1.4810815542940539, "46": 1.4810815542940539, "47": 1.4810815542940539, "48": 1.4810815542940539, "49": 1.4810815542940539, "50": 1.4810815542940539, "51": 1.4810815542940539, "52": 1.4810815542940539, "53": 1.4810815542940539, "54": 1.4810815542940539, "55": 1.4810815542940539, "56": 1.4810815542940539, "57": 1.4810815542940539, "58": 1.4810815542940539, "59": 1.4810815542940539, "60": 1.4810815542940539, "61": 1.4810815542940539, "62": 1.4810815542940539, "63": 1.4810815542940539, "64": 1.4810815542940539, "65": 1.4810815542940539, "66": 1.4810815542940539, "67": 1.4810815542940539, "68": 1.4810815542940539, "69": 1.4810815542940539, "70": 1.4810815542940539, "71": 1.4810815542940539, "72": 1.4810815542940539, "73": 1.4810815542940539, "74": 1.4810815542940539, "75": 1.4810815542940539, "76": 1.4810815542940539, "77": 1.4810815542940539, "78": 1.4810815542940539, "79": 1.4810815542940539, "80": 1.4810815542940539, "81": 1.4810815542940539, "82": 1.4810815542940539, "83": 1.4810815542940539, "84": 1.4810815542940539, "85": 1.4810815542940539, "86": 1.4810815542940539, "87": 1.4810815542940539, "88": 1.4810815542940539, "89": 1.4810815542940539, "90": 1.4810815542940539, "91": 1.4810815542940539, "92": 1.4810815542940539, "93": 1.4810815542940539, "94": 1.4810815542940539, "95": 1.4810815542940539, "96": 1.4810815542940539, "97": 1.4810815542940539, "98": 1.4810815542940539, "99": 1.4810815542940539, "100": 1.4810815542940539}