{"0": 25.87849843093242, "1": 20.667641871076032, "2": 17.926124402869615, "3": 13.779633302373643, "4": 3.3292662919437923, "5": 3.3292662919437923, "6": 3.3292662919437923, "7": 3.3292662919437923, "8": 3.3292662919437923, "9": 2.797381427276701, "10": 2.797381427276701, "11": 2.797381427276701, "12": 2.797381427276701, "13": 2.797381427276701, "14": 2.797381427276701, "15": 2.3521952801685195, "16": 2.3521952801685195, "17": 2.3521952801685195, "18": 2.3521952801685195, "19": 2.3521952801685195, "20": 2.3521952801685195, "21": 2.3521952801685195, "22": 2.3521952801685195, "23": 2.3521952801685195, "24": 2.3521952801685195, "25": 2.3521952801685195, "26": 2.3521952801685195, "27": 2.3521952801685195, "28": 2.3521952801685195, "29": 2.3521952801685195, "30": 2.3521952801685195, "31": 2.3521952801685195, "32": 2.3521952801685195, "33": 2.3521952801685195, "34": 2.3521952801685195, "35": 2.3521952801685195, "36": 2.3521952801685195, "37": 2.3521952801685195, "38": 2.3521952801685195, "39": 2.3521952801685195, "40": 2.3521952801685195, "41": 2.3521952801685195, "42": 2.3521952801685195, "43": 2.3521952801685195, "44": 2.3521952801685195, "45": 2.3521952801685195, "46": 2.3521952801685195, "47": 2.3521952801685195, "48": 2.3521952801685195, "49": 2.3521952801685195, "50": 2.3521952801685195, "51": 2.3521952801685195, "52": 2.3521952801685195, "53": 2.3521952801685195, "54": 2.3521952801685195, "55": 2.319768889762237, "56": 2.319768889762237, "57": 2.319768889762237, "58": 2.319768889762237, "59": 2.319768889762237, "60": 2.319768889762237, "61": 2.319768889762237, "62": 2.319768889762237, "63": 2.319768889762237, "64": 2.319768889762237, "65": 2.319768889762237, "66": 2.319768889762237, "67": 1.78816909070801, "68": 1.78816909070801, "69": 1.78816909070801, "70": 1.78816909070801, "71": 1.78816909070801, "72": 1.78816909070801, "73": 1.78816909070801, "74": 1.78816909070801, "75": 1.78816909070801, "76": 1.78816909070801, "77": 1.78816909070801, "78": 1.78816909070801, "79": 1.78816909070801, "80": 1.78816909070801, "81": 1.78816909070801, "82": 1.78816909070801, "83": 1.78816909070801, "84": 1.78816909070801, "85": 1.78816909070801, "86": 1.78816909070801, "87": 1.78816909070801, "88": 1.78816909070801, "89": 1.78816909070801, "90": 1.78816909070801, "91": 1.78816909070801, "92": 1.78816909070801, "93": 1.78816909070801, "94": 1.78816909070801, "95": 1.78816909070801, "96": 1.78816909070801, "97": 1.78816909070801, "98": 1.78816909070801, "99": 1.78816909070801, "100": 1.78816909070801}