{"0": 16.76710969141387, "1": 16.76710969141387, "2": 16.76710969141387, "3": 2.3235509828727743, "4": 2.3235509828727743, "5": 2.3235509828727743, "6": 2.3235509828727743, "7": 2.3235509828727743, "8": 2.3235509828727743, "9": 2.3235509828727743, "10": 2.3235509828727743, "11": 2.3235509828727743, "12": 2.3235509828727743, "13": 2.3235509828727743, "14": 2.3235509828727743, "15": 2.306109771906449, "16": 2.306109771906449, "17": 2.306109771906449, "18": 2.306109771906449, "19": 2.306109771906449, "20": 2.306109771906449, "21": 2.306109771906449, "22": 2.306109771906449, "23": 2.306109771906449, "24": 2.306109771906449, "25": 2.306109771906449, "26": 2.306109771906449, "27": 2.306109771906449, "28": 2.306109771906449, "29": 2.306109771906449, "30": 2.306109771906449, "31": 2.306109771906449, "32": 2.287346840782149, "33": 2.287346840782149, "34": 2.287346840782149, "35": 2.287346840782149, "36": 2.287346840782149, "37": 2.287346840782149, "38": 2.287346840782149, "39": 2.287346840782149, "40": 2.287346840782149, "41": 2.287346840782149, "42": 2.287346840782149, "43": 2.287346840782149, "44": 2.287346840782149, "45": 2.287346840782149, "46": 2.287346840782149, "47": 2.287346840782149, "48": 2.287346840782149, "49": 2.287346840782149, "50": 2.287346840782149, "51": 2.287346840782149, "52": 2.287346840782149, "53": 1.402930092584171, "54": 1.402930092584171, "55": 1.402930092584171, "56": 1.402930092584171, "57": 1.402930092584171, "58": 1.402930092584171, "59": 1.402930092584171, "60": 1.402930092584171, "61": 1.402930092584171, "62": 1.402930092584171, "63": 1.402930092584171, "64": 1.402930092584171, "65": 1.402930092584171, "66": 1.402930092584171, "67": 1.402930092584171, "68": 1.402930092584171, "69": 1.402930092584171, "70": 1.402930092584171, "71": 1.402930092584171, "72": 1.402930092584171, "73": 1.402930092584171, "74": 1.402930092584171, "75": 1.402930092584171, "76": 1.402930092584171, "77": 1.402930092584171, "78": 1.402930092584171, "79": 1.402930092584171, "80": 1.402930092584171, "81": 1.402930092584171, "82": 1.402930092584171, "83": 1.402930092584171, "84": 1.402930092584171, "85": 1.402930092584171, "86": 1.402930092584171, "87": 1.402930092584171, "88": 1.402930092584171, "89": 1.402930092584171, "90": 1.402930092584171, "91": 1.402930092584171, "92": 1.402930092584171, "93": 1.402930092584171, "94": 1.402930092584171, "95": 1.402930092584171, "96": 1.402930092584171, "97": 1.402930092584171, "98": 1.402930092584171, "99": 1.402930092584171, "100": 1.402930092584171}