{"0": 21.538017632908232, "1": 12.632251411973842, "2": 12.632251411973842, "3": 12.632251411973842, "4": 11.376369487059376, "5": 11.376369487059376, "6": 11.376369487059376, "7": 7.489449574137037, "8": 7.489449574137037, "9": 7.489449574137037, "10": 7.489449574137037, "11": 7.278523132179686, "12": 6.383828542952683, "13": 6.383828542952683, "14": 6.383828542952683, "15": 6.383828542952683, "16": 6.383828542952683, "17": 3.36203453773021, "18": 3.36203453773021, "19": 0.34660871846190844, "20": 0.34660871846190844, "21": 0.34660871846190844, "22": 0.34660871846190844, "23": 0.34660871846190844, "24": 0.34660871846190844, "25": 0.34660871846190844, "26": 0.34660871846190844, "27": 0.34660871846190844, "28": 0.34660871846190844, "29": 0.34660871846190844, "30": 0.34660871846190844, "31": 0.34660871846190844, "32": 0.34660871846190844, "33": 0.34660871846190844, "34": 0.34660871846190844, "35": 0.34660871846190844, "36": 0.27920333445256773, "37": 0.27920333445256773, "38": 0.27920333445256773, "39": 0.27920333445256773, "40": 0.27920333445256773, "41": 0.27920333445256773, "42": 0.27920333445256773, "43": 0.27920333445256773, "44": 0.27920333445256773, "45": 0.27920333445256773, "46": 0.27920333445256773, "47": 0.27920333445256773, "48": 0.27920333445256773, "49": 0.27920333445256773, "50": 0.27920333445256773, "51": 0.27920333445256773, "52": 0.27920333445256773, "53": 0.27920333445256773, "54": 0.27920333445256773, "55": 0.27920333445256773, "56": 0.27920333445256773, "57": 0.27920333445256773, "58": 0.27920333445256773, "59": 0.27920333445256773, "60": 0.27920333445256773, "61": 0.27920333445256773, "62": 0.27920333445256773, "63": 0.27920333445256773, "64": 0.27920333445256773, "65": 0.27920333445256773, "66": 0.11818331646033897, "67": 0.11818331646033897, "68": 0.11818331646033897, "69": 0.11818331646033897, "70": 0.11818331646033897, "71": 0.11818331646033897, "72": 0.11818331646033897, "73": 0.11818331646033897, "74": 0.11818331646033897, "75": 0.11818331646033897, "76": 0.11818331646033897, "77": 0.11818331646033897, "78": 0.11818331646033897, "79": 0.11818331646033897, "80": 0.11818331646033897, "81": 0.11818331646033897, "82": 0.11818331646033897, "83": 0.11818331646033897, "84": 0.11818331646033897, "85": 0.11818331646033897, "86": 0.11818331646033897, "87": 0.11818331646033897, "88": 0.11818331646033897, "89": 0.11818331646033897, "90": 0.11818331646033897, "91": 0.11818331646033897, "92": 0.11818331646033897, "93": 0.11818331646033897, "94": 0.11818331646033897, "95": 0.11818331646033897, "96": 0.11818331646033897, "97": 0.11818331646033897, "98": 0.11818331646033897, "99": 0.11818331646033897, "100": 0.11818331646033897}