{"0": 15.424757447052581, "1": 8.13728858343137, "2": 8.13728858343137, "3": 8.13728858343137, "4": 3.862308246014937, "5": 3.862308246014937, "6": 3.862308246014937, "7": 3.862308246014937, "8": 3.862308246014937, "9": 3.862308246014937, "10": 3.862308246014937, "11": 2.12086980594227, "12": 2.12086980594227, "13": 2.12086980594227, "14": 2.12086980594227, "15": 1.842779405322677, "16": 1.842779405322677, "17": 1.842779405322677, "18": 1.842779405322677, "19": 1.842779405322677, "20": 1.842779405322677, "21": 1.4615648760223223, "22": 1.4615648760223223, "23": 1.4615648760223223, "24": 1.4615648760223223, "25": 1.4615648760223223, "26": 1.4615648760223223, "27": 1.4615648760223223, "28": 1.4615648760223223, "29": 1.4615648760223223, "30": 1.4615648760223223, "31": 1.4615648760223223, "32": 1.4615648760223223, "33": 1.4615648760223223, "34": 1.4615648760223223, "35": 1.4615648760223223, "36": 1.4615648760223223, "37": 1.4615648760223223, "38": 1.4615648760223223, "39": 1.4615648760223223, "40": 1.4615648760223223, "41": 1.4615648760223223, "42": 1.4615648760223223, "43": 1.4615648760223223, "44": 1.4615648760223223, "45": 0.12135822806900975, "46": 0.12135822806900975, "47": 0.12135822806900975, "48": 0.12135822806900975, "49": 0.12135822806900975, "50": 0.12135822806900975, "51": 0.12135822806900975, "52": 0.12135822806900975, "53": 0.12135822806900975, "54": 0.12135822806900975, "55": 0.12135822806900975, "56": 0.12135822806900975, "57": 0.12135822806900975, "58": 0.12135822806900975, "59": 0.12135822806900975, "60": 0.12135822806900975, "61": 0.12135822806900975, "62": 0.12135822806900975, "63": 0.12135822806900975, "64": 0.12135822806900975, "65": 0.12135822806900975, "66": 0.12135822806900975, "67": 0.12135822806900975, "68": 0.12135822806900975, "69": 0.12135822806900975, "70": 0.12135822806900975, "71": 0.12135822806900975, "72": 0.12135822806900975, "73": 0.12135822806900975, "74": 0.12135822806900975, "75": 0.12135822806900975, "76": 0.12135822806900975, "77": 0.12135822806900975, "78": 0.12135822806900975, "79": 0.12135822806900975, "80": 0.12135822806900975, "81": 0.12135822806900975, "82": 0.12135822806900975, "83": 0.12135822806900975, "84": 0.12135822806900975, "85": 0.12135822806900975, "86": 0.12135822806900975, "87": 0.12135822806900975, "88": 0.12135822806900975, "89": 0.12135822806900975, "90": 0.12135822806900975, "91": 0.12135822806900975, "92": 0.12135822806900975, "93": 0.12135822806900975, "94": 0.12135822806900975, "95": 0.12135822806900975, "96": 0.12135822806900975, "97": 0.12135822806900975, "98": 0.12135822806900975, "99": 0.12135822806900975, "100": 0.12135822806900975}