{"0": 10.850801891817781, "1": 10.850801891817781, "2": 10.850801891817781, "3": 10.850801891817781, "4": 10.257299521018599, "5": 9.765293013639772, "6": 9.765293013639772, "7": 9.765293013639772, "8": 4.78666038067049, "9": 4.78666038067049, "10": 4.78666038067049, "11": 4.78666038067049, "12": 4.78666038067049, "13": 4.78666038067049, "14": 4.78666038067049, "15": 4.78666038067049, "16": 4.78666038067049, "17": 4.78666038067049, "18": 4.78666038067049, "19": 4.78666038067049, "20": 4.78666038067049, "21": 4.78666038067049, "22": 1.3791891836785837, "23": 1.3791891836785837, "24": 1.3791891836785837, "25": 1.3791891836785837, "26": 1.3791891836785837, "27": 1.3791891836785837, "28": 1.3791891836785837, "29": 1.3791891836785837, "30": 1.3791891836785837, "31": 1.3791891836785837, "32": 1.3791891836785837, "33": 1.3791891836785837, "34": 1.3791891836785837, "35": 1.3791891836785837, "36": 1.3791891836785837, "37": 1.3791891836785837, "38": 1.3791891836785837, "39": 1.3791891836785837, "40": 1.3791891836785837, "41": 1.3791891836785837, "42": 1.3791891836785837, "43": 1.3791891836785837, "44": 1.3791891836785837, "45": 1.3791891836785837, "46": 1.3791891836785837, "47": 1.3791891836785837, "48": 1.3791891836785837, "49": 1.3791891836785837, "50": 1.3791891836785837, "51": 1.3791891836785837, "52": 1.3791891836785837, "53": 1.3791891836785837, "54": 1.3791891836785837, "55": 1.3791891836785837, "56": 1.3791891836785837, "57": 1.3791891836785837, "58": 1.3791891836785837, "59": 1.3791891836785837, "60": 1.3791891836785837, "61": 1.3791891836785837, "62": 1.3791891836785837, "63": 1.3791891836785837, "64": 1.3791891836785837, "65": 1.3791891836785837, "66": 1.3791891836785837, "67": 1.3791891836785837, "68": 1.3791891836785837, "69": 1.3791891836785837, "70": 1.3791891836785837, "71": 1.3791891836785837, "72": 1.3791891836785837, "73": 1.3791891836785837, "74": 1.3791891836785837, "75": 1.3791891836785837, "76": 1.3791891836785837, "77": 1.3791891836785837, "78": 1.3791891836785837, "79": 1.3791891836785837, "80": 1.3791891836785837, "81": 1.3791891836785837, "82": 1.3791891836785837, "83": 1.3791891836785837, "84": 1.3791891836785837, "85": 1.3791891836785837, "86": 1.3791891836785837, "87": 1.3791891836785837, "88": 1.3791891836785837, "89": 1.3791891836785837, "90": 1.3791891836785837, "91": 1.3791891836785837, "92": 1.3791891836785837, "93": 1.3791891836785837, "94": 1.3791891836785837, "95": 1.3791891836785837, "96": 1.3791891836785837, "97": 1.3791891836785837, "98": 1.3791891836785837, "99": 1.3791891836785837, "100": 1.3791891836785837}