{"0": 16.039006259327163, "1": 8.838098662256792, "2": 8.838098662256792, "3": 8.838098662256792, "4": 8.838098662256792, "5": 8.838098662256792, "6": 8.838098662256792, "7": 8.838098662256792, "8": 8.838098662256792, "9": 4.23499469234768, "10": 4.23499469234768, "11": 4.23499469234768, "12": 4.23499469234768, "13": 4.23499469234768, "14": 1.15165483220877, "15": 1.15165483220877, "16": 1.15165483220877, "17": 1.15165483220877, "18": 1.15165483220877, "19": 1.15165483220877, "20": 1.15165483220877, "21": 1.15165483220877, "22": 1.15165483220877, "23": 0.029047511480833066, "24": 0.029047511480833066, "25": 0.029047511480833066, "26": 0.029047511480833066, "27": 0.029047511480833066, "28": 0.029047511480833066, "29": 0.029047511480833066, "30": 0.029047511480833066, "31": 0.029047511480833066, "32": 0.029047511480833066, "33": 0.029047511480833066, "34": 0.029047511480833066, "35": 0.029047511480833066, "36": 0.029047511480833066, "37": 0.029047511480833066, "38": 0.029047511480833066, "39": 0.029047511480833066, "40": 0.029047511480833066, "41": 0.029047511480833066, "42": 0.029047511480833066, "43": 0.029047511480833066, "44": 0.029047511480833066, "45": 0.029047511480833066, "46": 0.029047511480833066, "47": 0.029047511480833066, "48": 0.029047511480833066, "49": 0.029047511480833066, "50": 0.029047511480833066, "51": 0.029047511480833066, "52": 0.029047511480833066, "53": 0.029047511480833066, "54": 0.029047511480833066, "55": 0.029047511480833066, "56": 0.029047511480833066, "57": 0.029047511480833066, "58": 0.029047511480833066, "59": 0.029047511480833066, "60": 0.029047511480833066, "61": 0.029047511480833066, "62": 0.029047511480833066, "63": 0.029047511480833066, "64": 0.029047511480833066, "65": 0.029047511480833066, "66": 0.029047511480833066, "67": 0.029047511480833066, "68": 0.029047511480833066, "69": 0.029047511480833066, "70": 0.029047511480833066, "71": 0.029047511480833066, "72": 0.029047511480833066, "73": 0.029047511480833066, "74": 0.029047511480833066, "75": 0.029047511480833066, "76": 0.029047511480833066, "77": 0.029047511480833066, "78": 0.029047511480833066, "79": 0.029047511480833066, "80": 0.029047511480833066, "81": 0.029047511480833066, "82": 0.029047511480833066, "83": 0.029047511480833066, "84": 0.029047511480833066, "85": 0.029047511480833066, "86": 0.029047511480833066, "87": 0.029047511480833066, "88": 0.029047511480833066, "89": 0.029047511480833066, "90": 0.029047511480833066, "91": 0.029047511480833066, "92": 0.029047511480833066, "93": 0.029047511480833066, "94": 0.029047511480833066, "95": 0.029047511480833066, "96": 0.029047511480833066, "97": 0.029047511480833066, "98": 0.029047511480833066, "99": 0.029047511480833066, "100": 0.029047511480833066}