{"0": 9.459955510398812, "1": 8.747221639943648, "2": 8.747221639943648, "3": 5.9385270867185795, "4": 5.9385270867185795, "5": 5.9385270867185795, "6": 5.9385270867185795, "7": 5.9385270867185795, "8": 5.9385270867185795, "9": 5.9385270867185795, "10": 5.186072437605143, "11": 4.4516165063118756, "12": 4.4516165063118756, "13": 4.4516165063118756, "14": 4.4516165063118756, "15": 4.4516165063118756, "16": 4.4516165063118756, "17": 4.4516165063118756, "18": 4.4516165063118756, "19": 4.4516165063118756, "20": 4.4516165063118756, "21": 4.4516165063118756, "22": 4.4516165063118756, "23": 4.4516165063118756, "24": 4.4516165063118756, "25": 4.4516165063118756, "26": 4.4516165063118756, "27": 4.4516165063118756, "28": 4.4516165063118756, "29": 4.4516165063118756, "30": 4.4516165063118756, "31": 4.4516165063118756, "32": 4.4516165063118756, "33": 3.2648123611432673, "34": 3.2648123611432673, "35": 2.7181776764847427, "36": 2.7181776764847427, "37": 2.7181776764847427, "38": 1.9318257482795218, "39": 1.9318257482795218, "40": 1.9318257482795218, "41": 1.9318257482795218, "42": 1.9318257482795218, "43": 1.9318257482795218, "44": 1.9318257482795218, "45": 1.9318257482795218, "46": 1.9318257482795218, "47": 1.7186325698364868, "48": 1.7186325698364868, "49": 1.7186325698364868, "50": 1.7186325698364868, "51": 1.7186325698364868, "52": 1.7186325698364868, "53": 1.7186325698364868, "54": 1.7186325698364868, "55": 1.7186325698364868, "56": 1.7186325698364868, "57": 1.7186325698364868, "58": 1.6589952854589498, "59": 1.6589952854589498, "60": 1.6589952854589498, "61": 1.6589952854589498, "62": 1.6589952854589498, "63": 1.6589952854589498, "64": 1.6589952854589498, "65": 1.6589952854589498, "66": 1.6589952854589498, "67": 1.6589952854589498, "68": 1.6589952854589498, "69": 1.6589952854589498, "70": 1.6589952854589498, "71": 1.6589952854589498, "72": 1.6589952854589498, "73": 1.6589952854589498, "74": 1.6589952854589498, "75": 1.6589952854589498, "76": 1.6589952854589498, "77": 1.6589952854589498, "78": 1.6589952854589498, "79": 1.6589952854589498, "80": 1.6589952854589498, "81": 1.6589952854589498, "82": 1.6589952854589498, "83": 1.6589952854589498, "84": 1.6589952854589498, "85": 1.6589952854589498, "86": 1.6589952854589498, "87": 1.6589952854589498, "88": 1.6589952854589498, "89": 1.6589952854589498, "90": 1.6589952854589498, "91": 1.6589952854589498, "92": 1.6589952854589498, "93": 1.6589952854589498, "94": 1.6589952854589498, "95": 1.6589952854589498, "96": 1.6589952854589498, "97": 1.6589952854589498, "98": 1.6589952854589498, "99": 1.6589952854589498, "100": 1.6589952854589498}