{"0": 16.639361415477875, "1": 9.172840687355112, "2": 9.172840687355112, "3": 9.172840687355112, "4": 4.3115123656324315, "5": 4.3115123656324315, "6": 4.3115123656324315, "7": 4.3115123656324315, "8": 4.3115123656324315, "9": 4.3115123656324315, "10": 4.3115123656324315, "11": 4.3115123656324315, "12": 4.3115123656324315, "13": 4.3115123656324315, "14": 4.3115123656324315, "15": 4.051993611783798, "16": 3.836465359827667, "17": 1.3550464712806658, "18": 1.3550464712806658, "19": 1.3550464712806658, "20": 1.3550464712806658, "21": 1.3550464712806658, "22": 1.3550464712806658, "23": 1.3550464712806658, "24": 1.3550464712806658, "25": 1.3550464712806658, "26": 1.3550464712806658, "27": 1.3550464712806658, "28": 1.3550464712806658, "29": 1.3550464712806658, "30": 1.3120280016383603, "31": 1.3120280016383603, "32": 1.3120280016383603, "33": 1.3120280016383603, "34": 1.3120280016383603, "35": 1.3120280016383603, "36": 1.3120280016383603, "37": 1.3120280016383603, "38": 1.3120280016383603, "39": 1.3120280016383603, "40": 1.1099463442649977, "41": 1.1099463442649977, "42": 1.1099463442649977, "43": 1.1099463442649977, "44": 1.1099463442649977, "45": 1.1099463442649977, "46": 1.1099463442649977, "47": 1.1099463442649977, "48": 1.1099463442649977, "49": 0.5369848100782981, "50": 0.5369848100782981, "51": 0.5369848100782981, "52": 0.5369848100782981, "53": 0.5369848100782981, "54": 0.5369848100782981, "55": 0.5369848100782981, "56": 0.5369848100782981, "57": 0.5369848100782981, "58": 0.5369848100782981, "59": 0.5369848100782981, "60": 0.5369848100782981, "61": 0.5369848100782981, "62": 0.5369848100782981, "63": 0.5369848100782981, "64": 0.5369848100782981, "65": 0.5369848100782981, "66": 0.5369848100782981, "67": 0.5369848100782981, "68": 0.5369848100782981, "69": 0.5369848100782981, "70": 0.5369848100782981, "71": 0.5369848100782981, "72": 0.5369848100782981, "73": 0.5369848100782981, "74": 0.5369848100782981, "75": 0.5369848100782981, "76": 0.5369848100782981, "77": 0.5369848100782981, "78": 0.5369848100782981, "79": 0.5369848100782981, "80": 0.5369848100782981, "81": 0.5369848100782981, "82": 0.5369848100782981, "83": 0.5369848100782981, "84": 0.5369848100782981, "85": 0.5369848100782981, "86": 0.5369848100782981, "87": 0.5369848100782981, "88": 0.5369848100782981, "89": 0.5369848100782981, "90": 0.5369848100782981, "91": 0.5369848100782981, "92": 0.5369848100782981, "93": 0.5369848100782981, "94": 0.5369848100782981, "95": 0.5369848100782981, "96": 0.5369848100782981, "97": 0.5369848100782981, "98": 0.5369848100782981, "99": 0.5369848100782981, "100": 0.5369848100782981}