{"0": 26.84286845467396, "1": 13.301949706544043, "2": 13.301949706544043, "3": 13.301949706544043, "4": 13.301949706544043, "5": 5.7222762873232895, "6": 5.7222762873232895, "7": 5.7222762873232895, "8": 5.7222762873232895, "9": 5.7222762873232895, "10": 5.7222762873232895, "11": 3.5957723236187924, "12": 3.5957723236187924, "13": 3.5957723236187924, "14": 3.5957723236187924, "15": 3.5957723236187924, "16": 3.5957723236187924, "17": 3.5957723236187924, "18": 1.2942257064369542, "19": 1.2942257064369542, "20": 1.2942257064369542, "21": 1.2942257064369542, "22": 1.2942257064369542, "23": 1.2942257064369542, "24": 1.2942257064369542, "25": 1.2942257064369542, "26": 1.2942257064369542, "27": 1.2942257064369542, "28": 1.2942257064369542, "29": 1.2942257064369542, "30": 0.7419887399085034, "31": 0.7419887399085034, "32": 0.7419887399085034, "33": 0.7419887399085034, "34": 0.7419887399085034, "35": 0.7419887399085034, "36": 0.7419887399085034, "37": 0.7419887399085034, "38": 0.7419887399085034, "39": 0.7419887399085034, "40": 0.7419887399085034, "41": 0.7419887399085034, "42": 0.7419887399085034, "43": 0.7419887399085034, "44": 0.7419887399085034, "45": 0.7419887399085034, "46": 0.3130873865913415, "47": 0.3130873865913415, "48": 0.3130873865913415, "49": 0.3130873865913415, "50": 0.3130873865913415, "51": 0.3130873865913415, "52": 0.3130873865913415, "53": 0.3130873865913415, "54": 0.3130873865913415, "55": 0.3130873865913415, "56": 0.3130873865913415, "57": 0.3130873865913415, "58": 0.3130873865913415, "59": 0.3130873865913415, "60": 0.3130873865913415, "61": 0.3130873865913415, "62": 0.3130873865913415, "63": 0.3130873865913415, "64": 0.3130873865913415, "65": 0.3130873865913415, "66": 0.3130873865913415, "67": 0.3130873865913415, "68": 0.3130873865913415, "69": 0.3130873865913415, "70": 0.3130873865913415, "71": 0.3130873865913415, "72": 0.3130873865913415, "73": 0.3130873865913415, "74": 0.3130873865913415, "75": 0.3130873865913415, "76": 0.3130873865913415, "77": 0.3130873865913415, "78": 0.3130873865913415, "79": 0.3130873865913415, "80": 0.3130873865913415, "81": 0.3130873865913415, "82": 0.3130873865913415, "83": 0.3130873865913415, "84": 0.3130873865913415, "85": 0.3130873865913415, "86": 0.3130873865913415, "87": 0.3130873865913415, "88": 0.3130873865913415, "89": 0.3130873865913415, "90": 0.3130873865913415, "91": 0.3130873865913415, "92": 0.3130873865913415, "93": 0.3130873865913415, "94": 0.3130873865913415, "95": 0.3130873865913415, "96": 0.3130873865913415, "97": 0.3130873865913415, "98": 0.3130873865913415, "99": 0.3130873865913415, "100": 0.3130873865913415}