{"0": 16.546086622388827, "1": 9.59870364870181, "2": 9.59870364870181, "3": 9.59870364870181, "4": 9.59870364870181, "5": 9.59870364870181, "6": 9.59870364870181, "7": 9.59870364870181, "8": 8.192090175682026, "9": 8.192090175682026, "10": 5.208895041648772, "11": 5.208895041648772, "12": 5.208895041648772, "13": 4.2068622943160605, "14": 3.3332395265554062, "15": 3.3332395265554062, "16": 3.3332395265554062, "17": 3.3332395265554062, "18": 3.3332395265554062, "19": 1.128902000154259, "20": 1.128902000154259, "21": 1.128902000154259, "22": 1.128902000154259, "23": 1.128902000154259, "24": 1.128902000154259, "25": 1.128902000154259, "26": 1.128902000154259, "27": 1.128902000154259, "28": 1.128902000154259, "29": 0.7742217803686842, "30": 0.7742217803686842, "31": 0.7742217803686842, "32": 0.7742217803686842, "33": 0.7742217803686842, "34": 0.7742217803686842, "35": 0.7742217803686842, "36": 0.7742217803686842, "37": 0.7742217803686842, "38": 0.7742217803686842, "39": 0.7742217803686842, "40": 0.7742217803686842, "41": 0.7742217803686842, "42": 0.7742217803686842, "43": 0.7742217803686842, "44": 0.7742217803686842, "45": 0.7742217803686842, "46": 0.7742217803686842, "47": 0.7742217803686842, "48": 0.7742217803686842, "49": 0.7742217803686842, "50": 0.7742217803686842, "51": 0.7742217803686842, "52": 0.7742217803686842, "53": 0.7742217803686842, "54": 0.7742217803686842, "55": 0.7742217803686842, "56": 0.7742217803686842, "57": 0.7742217803686842, "58": 0.7742217803686842, "59": 0.6580628440238065, "60": 0.04693299332062395, "61": 0.04693299332062395, "62": 0.04693299332062395, "63": 0.04693299332062395, "64": 0.04693299332062395, "65": 0.04693299332062395, "66": 0.04693299332062395, "67": 0.04693299332062395, "68": 0.04693299332062395, "69": 0.04693299332062395, "70": 0.04693299332062395, "71": 0.04693299332062395, "72": 0.04693299332062395, "73": 0.04693299332062395, "74": 0.04693299332062395, "75": 0.04693299332062395, "76": 0.04693299332062395, "77": 0.04693299332062395, "78": 0.04693299332062395, "79": 0.04693299332062395, "80": 0.04693299332062395, "81": 0.04693299332062395, "82": 0.04693299332062395, "83": 0.04693299332062395, "84": 0.04693299332062395, "85": 0.04693299332062395, "86": 0.04693299332062395, "87": 0.04693299332062395, "88": 0.04693299332062395, "89": 0.04693299332062395, "90": 0.04693299332062395, "91": 0.04693299332062395, "92": 0.04693299332062395, "93": 0.04693299332062395, "94": 0.04693299332062395, "95": 0.04693299332062395, "96": 0.04693299332062395, "97": 0.04693299332062395, "98": 0.04693299332062395, "99": 0.04693299332062395, "100": 0.04693299332062395}