{"0": 20.634291841392617, "1": 5.438798895390168, "2": 4.316133421681197, "3": 4.316133421681197, "4": 4.316133421681197, "5": 4.316133421681197, "6": 4.056361389957104, "7": 4.056361389957104, "8": 0.022097283045241056, "9": 0.022097283045241056, "10": 0.022097283045241056, "11": 0.022097283045241056, "12": 0.022097283045241056, "13": 0.022097283045241056, "14": 0.022097283045241056, "15": 0.022097283045241056, "16": 0.022097283045241056, "17": 0.022097283045241056, "18": 0.022097283045241056, "19": 0.022097283045241056, "20": 0.022097283045241056, "21": 0.022097283045241056, "22": 0.022097283045241056, "23": 0.022097283045241056, "24": 0.022097283045241056, "25": 0.022097283045241056, "26": 0.022097283045241056, "27": 0.022097283045241056, "28": 0.022097283045241056, "29": 0.022097283045241056, "30": 0.022097283045241056, "31": 0.022097283045241056, "32": 0.022097283045241056, "33": 0.022097283045241056, "34": 0.022097283045241056, "35": 0.022097283045241056, "36": 0.022097283045241056, "37": 0.022097283045241056, "38": 0.022097283045241056, "39": 0.022097283045241056, "40": 0.022097283045241056, "41": 0.022097283045241056, "42": 0.022097283045241056, "43": 0.022097283045241056, "44": 0.022097283045241056, "45": 0.022097283045241056, "46": 0.022097283045241056, "47": 0.022097283045241056, "48": 0.022097283045241056, "49": 0.022097283045241056, "50": 0.022097283045241056, "51": 0.022097283045241056, "52": 0.022097283045241056, "53": 0.022097283045241056, "54": 0.022097283045241056, "55": 0.022097283045241056, "56": 0.022097283045241056, "57": 0.022097283045241056, "58": 0.022097283045241056, "59": 0.022097283045241056, "60": 0.022097283045241056, "61": 0.022097283045241056, "62": 0.022097283045241056, "63": 0.022097283045241056, "64": 0.022097283045241056, "65": 0.022097283045241056, "66": 0.022097283045241056, "67": 0.022097283045241056, "68": 0.022097283045241056, "69": 0.022097283045241056, "70": 0.022097283045241056, "71": 0.022097283045241056, "72": 0.022097283045241056, "73": 0.022097283045241056, "74": 0.022097283045241056, "75": 0.022097283045241056, "76": 0.022097283045241056, "77": 0.022097283045241056, "78": 0.022097283045241056, "79": 0.022097283045241056, "80": 0.022097283045241056, "81": 0.022097283045241056, "82": 0.022097283045241056, "83": 0.022097283045241056, "84": 0.022097283045241056, "85": 0.022097283045241056, "86": 0.022097283045241056, "87": 0.022097283045241056, "88": 0.022097283045241056, "89": 0.022097283045241056, "90": 0.022097283045241056, "91": 0.022097283045241056, "92": 0.022097283045241056, "93": 0.022097283045241056, "94": 0.022097283045241056, "95": 0.022097283045241056, "96": 0.022097283045241056, "97": 0.022097283045241056, "98": 0.022097283045241056, "99": 0.022097283045241056, "100": 0.022097283045241056}