{"0": 5.0865115936510445, "1": 5.0865115936510445, "2": 2.3013026141930624, "3": 2.3013026141930624, "4": 2.3013026141930624, "5": 2.3013026141930624, "6": 2.3013026141930624, "7": 2.3013026141930624, "8": 2.3013026141930624, "9": 2.3013026141930624, "10": 2.3013026141930624, "11": 2.3013026141930624, "12": 2.3013026141930624, "13": 2.3013026141930624, "14": 2.3013026141930624, "15": 2.3013026141930624, "16": 2.3013026141930624, "17": 2.2941638619277143, "18": 2.2941638619277143, "19": 2.2941638619277143, "20": 2.2941638619277143, "21": 2.2941638619277143, "22": 1.445452337878077, "23": 1.445452337878077, "24": 1.445452337878077, "25": 1.445452337878077, "26": 1.445452337878077, "27": 1.445452337878077, "28": 1.445452337878077, "29": 1.445452337878077, "30": 1.445452337878077, "31": 1.445452337878077, "32": 1.445452337878077, "33": 1.445452337878077, "34": 1.445452337878077, "35": 1.445452337878077, "36": 1.445452337878077, "37": 1.445452337878077, "38": 1.445452337878077, "39": 1.445452337878077, "40": 1.445452337878077, "41": 1.445452337878077, "42": 1.445452337878077, "43": 1.445452337878077, "44": 1.445452337878077, "45": 1.445452337878077, "46": 1.445452337878077, "47": 1.445452337878077, "48": 1.445452337878077, "49": 1.445452337878077, "50": 1.445452337878077, "51": 1.445452337878077, "52": 1.445452337878077, "53": 1.445452337878077, "54": 1.445452337878077, "55": 1.445452337878077, "56": 1.445452337878077, "57": 1.445452337878077, "58": 1.445452337878077, "59": 1.445452337878077, "60": 1.445452337878077, "61": 1.445452337878077, "62": 1.445452337878077, "63": 1.445452337878077, "64": 1.445452337878077, "65": 1.445452337878077, "66": 1.445452337878077, "67": 1.445452337878077, "68": 1.445452337878077, "69": 1.445452337878077, "70": 1.445452337878077, "71": 1.445452337878077, "72": 1.445452337878077, "73": 1.445452337878077, "74": 1.445452337878077, "75": 1.445452337878077, "76": 1.445452337878077, "77": 1.445452337878077, "78": 1.445452337878077, "79": 1.445452337878077, "80": 1.445452337878077, "81": 1.445452337878077, "82": 1.445452337878077, "83": 1.445452337878077, "84": 1.445452337878077, "85": 1.445452337878077, "86": 1.445452337878077, "87": 1.445452337878077, "88": 1.445452337878077, "89": 1.445452337878077, "90": 0.06900441618854813, "91": 0.06900441618854813, "92": 0.06900441618854813, "93": 0.06900441618854813, "94": 0.06900441618854813, "95": 0.06900441618854813, "96": 0.06900441618854813, "97": 0.06900441618854813, "98": 0.06900441618854813, "99": 0.06900441618854813, "100": 0.06900441618854813}