{"0": 13.86254786595181, "1": 13.86254786595181, "2": 12.530006457314913, "3": 12.530006457314913, "4": 12.530006457314913, "5": 12.530006457314913, "6": 11.036396035885689, "7": 5.380171896793577, "8": 5.380171896793577, "9": 4.327270980981268, "10": 2.670598857302352, "11": 2.670598857302352, "12": 2.670598857302352, "13": 2.670598857302352, "14": 2.670598857302352, "15": 2.670598857302352, "16": 2.329351957139039, "17": 2.329351957139039, "18": 2.329351957139039, "19": 2.329351957139039, "20": 2.329351957139039, "21": 2.329351957139039, "22": 2.329351957139039, "23": 2.329351957139039, "24": 2.306335078686203, "25": 2.306335078686203, "26": 1.176022774796028, "27": 1.176022774796028, "28": 1.176022774796028, "29": 1.176022774796028, "30": 1.176022774796028, "31": 1.176022774796028, "32": 1.176022774796028, "33": 1.176022774796028, "34": 1.176022774796028, "35": 1.176022774796028, "36": 1.176022774796028, "37": 1.176022774796028, "38": 1.176022774796028, "39": 1.176022774796028, "40": 1.176022774796028, "41": 1.176022774796028, "42": 1.176022774796028, "43": 1.176022774796028, "44": 1.176022774796028, "45": 0.7162870315329499, "46": 0.7162870315329499, "47": 0.7162870315329499, "48": 0.7162870315329499, "49": 0.7162870315329499, "50": 0.7162870315329499, "51": 0.7162870315329499, "52": 0.7162870315329499, "53": 0.7162870315329499, "54": 0.7162870315329499, "55": 0.7162870315329499, "56": 0.7162870315329499, "57": 0.7162870315329499, "58": 0.7162870315329499, "59": 0.7162870315329499, "60": 0.7162870315329499, "61": 0.7162870315329499, "62": 0.7162870315329499, "63": 0.7162870315329499, "64": 0.7162870315329499, "65": 0.7162870315329499, "66": 0.7162870315329499, "67": 0.7162870315329499, "68": 0.7162870315329499, "69": 0.7162870315329499, "70": 0.7162870315329499, "71": 0.7162870315329499, "72": 0.7162870315329499, "73": 0.7162870315329499, "74": 0.7162870315329499, "75": 0.7162870315329499, "76": 0.7162870315329499, "77": 0.7162870315329499, "78": 0.7162870315329499, "79": 0.7162870315329499, "80": 0.7162870315329499, "81": 0.7162870315329499, "82": 0.7162870315329499, "83": 0.7162870315329499, "84": 0.7162870315329499, "85": 0.7162870315329499, "86": 0.7162870315329499, "87": 0.7162870315329499, "88": 0.7162870315329499, "89": 0.7162870315329499, "90": 0.7162870315329499, "91": 0.7162870315329499, "92": 0.7162870315329499, "93": 0.7162870315329499, "94": 0.7162870315329499, "95": 0.7162870315329499, "96": 0.7162870315329499, "97": 0.7162870315329499, "98": 0.7162870315329499, "99": 0.7162870315329499, "100": 0.7162870315329499}