{"0": 19.128867011093252, "1": 17.630701243594714, "2": 17.630701243594714, "3": 14.084000543148164, "4": 1.1257725470432618, "5": 1.1257725470432618, "6": 1.1257725470432618, "7": 1.1257725470432618, "8": 1.1257725470432618, "9": 1.1257725470432618, "10": 1.1257725470432618, "11": 1.1257725470432618, "12": 1.1257725470432618, "13": 1.1257725470432618, "14": 1.1257725470432618, "15": 1.1257725470432618, "16": 1.1257725470432618, "17": 1.1257725470432618, "18": 1.1257725470432618, "19": 0.4572450493898934, "20": 0.4572450493898934, "21": 0.4572450493898934, "22": 0.4572450493898934, "23": 0.4572450493898934, "24": 0.4572450493898934, "25": 0.4077113878739631, "26": 0.4077113878739631, "27": 0.4077113878739631, "28": 0.4077113878739631, "29": 0.4077113878739631, "30": 0.4077113878739631, "31": 0.4077113878739631, "32": 0.4077113878739631, "33": 0.4077113878739631, "34": 0.4077113878739631, "35": 0.4077113878739631, "36": 0.4077113878739631, "37": 0.4077113878739631, "38": 0.4077113878739631, "39": 0.4077113878739631, "40": 0.4077113878739631, "41": 0.4077113878739631, "42": 0.4077113878739631, "43": 0.4077113878739631, "44": 0.4077113878739631, "45": 0.4077113878739631, "46": 0.4077113878739631, "47": 0.4077113878739631, "48": 0.4077113878739631, "49": 0.4077113878739631, "50": 0.4077113878739631, "51": 0.4077113878739631, "52": 0.4077113878739631, "53": 0.4077113878739631, "54": 0.4077113878739631, "55": 0.4077113878739631, "56": 0.4077113878739631, "57": 0.4077113878739631, "58": 0.4077113878739631, "59": 0.4077113878739631, "60": 0.4077113878739631, "61": 0.4077113878739631, "62": 0.4077113878739631, "63": 0.4077113878739631, "64": 0.4077113878739631, "65": 0.4077113878739631, "66": 0.4077113878739631, "67": 0.4077113878739631, "68": 0.4077113878739631, "69": 0.4077113878739631, "70": 0.4077113878739631, "71": 0.4077113878739631, "72": 0.4077113878739631, "73": 0.4077113878739631, "74": 0.4077113878739631, "75": 0.4077113878739631, "76": 0.4077113878739631, "77": 0.4077113878739631, "78": 0.4077113878739631, "79": 0.4077113878739631, "80": 0.4077113878739631, "81": 0.4077113878739631, "82": 0.4077113878739631, "83": 0.4077113878739631, "84": 0.4077113878739631, "85": 0.4077113878739631, "86": 0.4077113878739631, "87": 0.4077113878739631, "88": 0.03356816839384891, "89": 0.03356816839384891, "90": 0.03356816839384891, "91": 0.03356816839384891, "92": 0.03356816839384891, "93": 0.03356816839384891, "94": 0.03356816839384891, "95": 0.03356816839384891, "96": 0.03356816839384891, "97": 0.03356816839384891, "98": 0.03356816839384891, "99": 0.03356816839384891, "100": 0.03356816839384891}