{"0": 14.528536005488695, "1": 5.859406024220334, "2": 5.859406024220334, "3": 5.859406024220334, "4": 5.859406024220334, "5": 5.859406024220334, "6": 5.859406024220334, "7": 5.403740318527106, "8": 5.403740318527106, "9": 5.403740318527106, "10": 5.403740318527106, "11": 5.403740318527106, "12": 3.493130489027994, "13": 0.3753781856125933, "14": 0.3753781856125933, "15": 0.3753781856125933, "16": 0.3753781856125933, "17": 0.3753781856125933, "18": 0.3753781856125933, "19": 0.3753781856125933, "20": 0.3753781856125933, "21": 0.07165303506346987, "22": 0.07165303506346987, "23": 0.07165303506346987, "24": 0.07165303506346987, "25": 0.07165303506346987, "26": 0.07165303506346987, "27": 0.07165303506346987, "28": 0.07165303506346987, "29": 0.07165303506346987, "30": 0.07165303506346987, "31": 0.07165303506346987, "32": 0.07165303506346987, "33": 0.07165303506346987, "34": 0.07165303506346987, "35": 0.07165303506346987, "36": 0.07165303506346987, "37": 0.07165303506346987, "38": 0.07165303506346987, "39": 0.07165303506346987, "40": 0.07165303506346987, "41": 0.07165303506346987, "42": 0.07165303506346987, "43": 0.07165303506346987, "44": 0.07165303506346987, "45": 0.07165303506346987, "46": 0.07165303506346987, "47": 0.07165303506346987, "48": 0.07165303506346987, "49": 0.07165303506346987, "50": 0.07165303506346987, "51": 0.07165303506346987, "52": 0.07165303506346987, "53": 0.07165303506346987, "54": 0.07165303506346987, "55": 0.07165303506346987, "56": 0.07165303506346987, "57": 0.07165303506346987, "58": 0.07165303506346987, "59": 0.07165303506346987, "60": 0.07165303506346987, "61": 0.07165303506346987, "62": 0.07165303506346987, "63": 0.07165303506346987, "64": 0.07165303506346987, "65": 0.07165303506346987, "66": 0.07165303506346987, "67": 0.07165303506346987, "68": 0.07165303506346987, "69": 0.07165303506346987, "70": 0.07165303506346987, "71": 0.07165303506346987, "72": 0.07165303506346987, "73": 0.07165303506346987, "74": 0.07165303506346987, "75": 0.07165303506346987, "76": 0.07165303506346987, "77": 0.07165303506346987, "78": 0.07165303506346987, "79": 0.07165303506346987, "80": 0.07165303506346987, "81": 0.07165303506346987, "82": 0.07165303506346987, "83": 0.07165303506346987, "84": 0.07165303506346987, "85": 0.07165303506346987, "86": 0.07165303506346987, "87": 0.07165303506346987, "88": 0.07165303506346987, "89": 0.07165303506346987, "90": 0.07165303506346987, "91": 0.07165303506346987, "92": 0.07165303506346987, "93": 0.07165303506346987, "94": 0.07165303506346987, "95": 0.07165303506346987, "96": 0.07165303506346987, "97": 0.07165303506346987, "98": 0.07165303506346987, "99": 0.07165303506346987, "100": 0.07165303506346987}