{"0": 15.196796942468305, "1": 15.196796942468305, "2": 15.196796942468305, "3": 11.0623136724192, "4": 11.0623136724192, "5": 11.0623136724192, "6": 9.154703269156311, "7": 7.841118118318029, "8": 7.565889978778362, "9": 5.340515957363733, "10": 5.340515957363733, "11": 4.485301152529338, "12": 4.485301152529338, "13": 4.485301152529338, "14": 4.485301152529338, "15": 4.475270577082696, "16": 1.183890344041238, "17": 1.183890344041238, "18": 1.1699731787755248, "19": 0.28139815934004275, "20": 0.28139815934004275, "21": 0.28139815934004275, "22": 0.28139815934004275, "23": 0.28139815934004275, "24": 0.28139815934004275, "25": 0.28139815934004275, "26": 0.28139815934004275, "27": 0.28139815934004275, "28": 0.28139815934004275, "29": 0.28139815934004275, "30": 0.28139815934004275, "31": 0.28139815934004275, "32": 0.28139815934004275, "33": 0.28139815934004275, "34": 0.28139815934004275, "35": 0.28139815934004275, "36": 0.28139815934004275, "37": 0.28139815934004275, "38": 0.28139815934004275, "39": 0.28139815934004275, "40": 0.28139815934004275, "41": 0.020010123194246887, "42": 0.020010123194246887, "43": 0.020010123194246887, "44": 0.020010123194246887, "45": 0.020010123194246887, "46": 0.020010123194246887, "47": 0.020010123194246887, "48": 0.020010123194246887, "49": 0.020010123194246887, "50": 0.020010123194246887, "51": 0.020010123194246887, "52": 0.020010123194246887, "53": 0.020010123194246887, "54": 0.020010123194246887, "55": 0.020010123194246887, "56": 0.020010123194246887, "57": 0.020010123194246887, "58": 0.020010123194246887, "59": 0.020010123194246887, "60": 0.020010123194246887, "61": 0.020010123194246887, "62": 0.020010123194246887, "63": 0.020010123194246887, "64": 0.020010123194246887, "65": 0.020010123194246887, "66": 0.020010123194246887, "67": 0.020010123194246887, "68": 0.020010123194246887, "69": 0.020010123194246887, "70": 0.020010123194246887, "71": 0.020010123194246887, "72": 0.020010123194246887, "73": 0.020010123194246887, "74": 0.020010123194246887, "75": 0.020010123194246887, "76": 0.020010123194246887, "77": 0.020010123194246887, "78": 0.020010123194246887, "79": 0.020010123194246887, "80": 0.020010123194246887, "81": 0.020010123194246887, "82": 0.020010123194246887, "83": 0.020010123194246887, "84": 0.020010123194246887, "85": 0.020010123194246887, "86": 0.020010123194246887, "87": 0.020010123194246887, "88": 0.020010123194246887, "89": 0.020010123194246887, "90": 0.020010123194246887, "91": 0.020010123194246887, "92": 0.020010123194246887, "93": 0.020010123194246887, "94": 0.020010123194246887, "95": 0.020010123194246887, "96": 0.020010123194246887, "97": 0.020010123194246887, "98": 0.020010123194246887, "99": 0.020010123194246887, "100": 0.020010123194246887}