{"0": 16.037744142902554, "1": 7.845612787339192, "2": 7.845612787339192, "3": 7.845612787339192, "4": 7.845612787339192, "5": 7.845612787339192, "6": 7.234712715245671, "7": 7.234712715245671, "8": 4.077061990787424, "9": 4.077061990787424, "10": 4.077061990787424, "11": 4.077061990787424, "12": 4.077061990787424, "13": 4.077061990787424, "14": 3.814127492507108, "15": 3.814127492507108, "16": 3.814127492507108, "17": 3.814127492507108, "18": 3.814127492507108, "19": 3.814127492507108, "20": 3.814127492507108, "21": 3.814127492507108, "22": 3.814127492507108, "23": 3.772433685244536, "24": 3.772433685244536, "25": 3.772433685244536, "26": 3.772433685244536, "27": 3.332903355118532, "28": 3.332903355118532, "29": 3.332903355118532, "30": 3.187852443042189, "31": 2.570085766040684, "32": 2.570085766040684, "33": 2.570085766040684, "34": 2.570085766040684, "35": 2.570085766040684, "36": 2.570085766040684, "37": 2.570085766040684, "38": 2.570085766040684, "39": 1.9066376450928395, "40": 1.9066376450928395, "41": 1.9066376450928395, "42": 1.9066376450928395, "43": 1.9066376450928395, "44": 1.9066376450928395, "45": 1.9066376450928395, "46": 1.9066376450928395, "47": 1.9066376450928395, "48": 1.9066376450928395, "49": 1.9066376450928395, "50": 1.9066376450928395, "51": 1.9066376450928395, "52": 1.9066376450928395, "53": 1.9066376450928395, "54": 1.9066376450928395, "55": 1.9066376450928395, "56": 1.9066376450928395, "57": 1.9066376450928395, "58": 1.9066376450928395, "59": 1.9066376450928395, "60": 1.9066376450928395, "61": 1.9066376450928395, "62": 1.9066376450928395, "63": 1.9066376450928395, "64": 1.9066376450928395, "65": 1.9066376450928395, "66": 1.9066376450928395, "67": 1.9066376450928395, "68": 1.9066376450928395, "69": 1.9066376450928395, "70": 1.3801094669588174, "71": 1.3801094669588174, "72": 1.3801094669588174, "73": 1.3801094669588174, "74": 1.3801094669588174, "75": 1.3801094669588174, "76": 1.3801094669588174, "77": 1.3801094669588174, "78": 1.3801094669588174, "79": 1.3801094669588174, "80": 1.3801094669588174, "81": 1.1613595590398589, "82": 1.1613595590398589, "83": 1.1613595590398589, "84": 1.1613595590398589, "85": 1.1613595590398589, "86": 1.1613595590398589, "87": 1.1192197513492417, "88": 1.1192197513492417, "89": 1.1192197513492417, "90": 1.1192197513492417, "91": 1.1192197513492417, "92": 1.1192197513492417, "93": 1.1192197513492417, "94": 1.1192197513492417, "95": 1.1192197513492417, "96": 1.1192197513492417, "97": 1.1192197513492417, "98": 1.1192197513492417, "99": 1.1192197513492417, "100": 1.1192197513492417}