{"0": 10.094818274755571, "1": 10.094818274755571, "2": 10.094818274755571, "3": 10.094818274755571, "4": 8.606276081144689, "5": 8.606276081144689, "6": 8.606276081144689, "7": 8.606276081144689, "8": 4.975535024273636, "9": 4.975535024273636, "10": 4.860323262974649, "11": 3.200078563519291, "12": 3.200078563519291, "13": 3.200078563519291, "14": 3.200078563519291, "15": 3.200078563519291, "16": 2.5761130590788035, "17": 2.5761130590788035, "18": 2.5761130590788035, "19": 2.5761130590788035, "20": 2.5761130590788035, "21": 2.5761130590788035, "22": 1.2682563805921738, "23": 1.2682563805921738, "24": 1.2682563805921738, "25": 0.19015120457090262, "26": 0.19015120457090262, "27": 0.19015120457090262, "28": 0.19015120457090262, "29": 0.19015120457090262, "30": 0.19015120457090262, "31": 0.19015120457090262, "32": 0.19015120457090262, "33": 0.19015120457090262, "34": 0.19015120457090262, "35": 0.19015120457090262, "36": 0.19015120457090262, "37": 0.19015120457090262, "38": 0.19015120457090262, "39": 0.19015120457090262, "40": 0.19015120457090262, "41": 0.19015120457090262, "42": 0.19015120457090262, "43": 0.19015120457090262, "44": 0.19015120457090262, "45": 0.19015120457090262, "46": 0.19015120457090262, "47": 0.19015120457090262, "48": 0.19015120457090262, "49": 0.19015120457090262, "50": 0.19015120457090262, "51": 0.19015120457090262, "52": 0.19015120457090262, "53": 0.19015120457090262, "54": 0.19015120457090262, "55": 0.19015120457090262, "56": 0.19015120457090262, "57": 0.19015120457090262, "58": 0.19015120457090262, "59": 0.19015120457090262, "60": 0.19015120457090262, "61": 0.19015120457090262, "62": 0.19015120457090262, "63": 0.19015120457090262, "64": 0.19015120457090262, "65": 0.19015120457090262, "66": 0.19015120457090262, "67": 0.19015120457090262, "68": 0.19015120457090262, "69": 0.19015120457090262, "70": 0.19015120457090262, "71": 0.19015120457090262, "72": 0.19015120457090262, "73": 0.19015120457090262, "74": 0.19015120457090262, "75": 0.19015120457090262, "76": 0.19015120457090262, "77": 0.19015120457090262, "78": 0.19015120457090262, "79": 0.19015120457090262, "80": 0.19015120457090262, "81": 0.19015120457090262, "82": 0.19015120457090262, "83": 0.19015120457090262, "84": 0.19015120457090262, "85": 0.19015120457090262, "86": 0.19015120457090262, "87": 0.19015120457090262, "88": 0.19015120457090262, "89": 0.19015120457090262, "90": 0.19015120457090262, "91": 0.19015120457090262, "92": 0.19015120457090262, "93": 0.19015120457090262, "94": 0.19015120457090262, "95": 0.19015120457090262, "96": 0.19015120457090262, "97": 0.19015120457090262, "98": 0.19015120457090262, "99": 0.19015120457090262, "100": 0.19015120457090262}