{"0": 16.390376069256654, "1": 16.390376069256654, "2": 16.390376069256654, "3": 7.512562935163455, "4": 7.512562935163455, "5": 7.512562935163455, "6": 7.512562935163455, "7": 6.419713553663183, "8": 5.940568481399289, "9": 5.940568481399289, "10": 1.0107665873543255, "11": 1.0107665873543255, "12": 1.0107665873543255, "13": 1.0107665873543255, "14": 1.0107665873543255, "15": 1.0107665873543255, "16": 1.0107665873543255, "17": 1.0107665873543255, "18": 1.0107665873543255, "19": 1.0107665873543255, "20": 1.0107665873543255, "21": 1.0107665873543255, "22": 1.0107665873543255, "23": 1.0107665873543255, "24": 0.028241980625210772, "25": 0.028241980625210772, "26": 0.028241980625210772, "27": 0.028241980625210772, "28": 0.028241980625210772, "29": 0.028241980625210772, "30": 0.028241980625210772, "31": 0.028241980625210772, "32": 0.028241980625210772, "33": 0.028241980625210772, "34": 0.028241980625210772, "35": 0.028241980625210772, "36": 0.028241980625210772, "37": 0.028241980625210772, "38": 0.028241980625210772, "39": 0.028241980625210772, "40": 0.028241980625210772, "41": 0.028241980625210772, "42": 0.028241980625210772, "43": 0.028241980625210772, "44": 0.028241980625210772, "45": 0.028241980625210772, "46": 0.028241980625210772, "47": 0.028241980625210772, "48": 0.028241980625210772, "49": 0.028241980625210772, "50": 0.028241980625210772, "51": 0.028241980625210772, "52": 0.028241980625210772, "53": 0.028241980625210772, "54": 0.028241980625210772, "55": 0.028241980625210772, "56": 0.028241980625210772, "57": 0.028241980625210772, "58": 0.028241980625210772, "59": 0.028241980625210772, "60": 0.028241980625210772, "61": 0.028241980625210772, "62": 0.028241980625210772, "63": 0.028241980625210772, "64": 0.028241980625210772, "65": 0.028241980625210772, "66": 0.028241980625210772, "67": 0.028241980625210772, "68": 0.028241980625210772, "69": 0.028241980625210772, "70": 0.028241980625210772, "71": 0.028241980625210772, "72": 0.028241980625210772, "73": 0.028241980625210772, "74": 0.028241980625210772, "75": 0.028241980625210772, "76": 0.028241980625210772, "77": 0.028241980625210772, "78": 0.028241980625210772, "79": 0.028241980625210772, "80": 0.028241980625210772, "81": 0.028241980625210772, "82": 0.028241980625210772, "83": 0.028241980625210772, "84": 0.028241980625210772, "85": 0.028241980625210772, "86": 0.028241980625210772, "87": 0.028241980625210772, "88": 0.028241980625210772, "89": 0.028241980625210772, "90": 0.028241980625210772, "91": 0.028241980625210772, "92": 0.028241980625210772, "93": 0.028241980625210772, "94": 0.028241980625210772, "95": 0.028241980625210772, "96": 0.028241980625210772, "97": 0.028241980625210772, "98": 0.028241980625210772, "99": 0.028241980625210772, "100": 0.028241980625210772}