{"0": 21.0623269744895, "1": 8.817518098437219, "2": 8.817518098437219, "3": 8.817518098437219, "4": 3.0444903701753745, "5": 3.0444903701753745, "6": 3.0444903701753745, "7": 3.0444903701753745, "8": 3.0444903701753745, "9": 3.0444903701753745, "10": 3.0444903701753745, "11": 3.0444903701753745, "12": 3.0444903701753745, "13": 3.0444903701753745, "14": 1.7814300206128024, "15": 1.7814300206128024, "16": 1.7814300206128024, "17": 1.7814300206128024, "18": 1.7814300206128024, "19": 1.7814300206128024, "20": 1.7814300206128024, "21": 1.7814300206128024, "22": 1.7814300206128024, "23": 1.7814300206128024, "24": 1.7814300206128024, "25": 1.7814300206128024, "26": 1.7814300206128024, "27": 1.7814300206128024, "28": 1.7814300206128024, "29": 1.7814300206128024, "30": 1.7814300206128024, "31": 1.7814300206128024, "32": 1.7814300206128024, "33": 1.7814300206128024, "34": 1.7814300206128024, "35": 1.7814300206128024, "36": 1.7814300206128024, "37": 1.0293657555811961, "38": 1.0293657555811961, "39": 1.0293657555811961, "40": 1.0293657555811961, "41": 1.0293657555811961, "42": 1.0293657555811961, "43": 1.0293657555811961, "44": 1.0293657555811961, "45": 1.0293657555811961, "46": 1.0293657555811961, "47": 1.0293657555811961, "48": 1.0293657555811961, "49": 1.0293657555811961, "50": 1.0293657555811961, "51": 1.0293657555811961, "52": 1.0293657555811961, "53": 1.0293657555811961, "54": 1.0293657555811961, "55": 1.0293657555811961, "56": 1.0293657555811961, "57": 1.0293657555811961, "58": 1.0293657555811961, "59": 1.0293657555811961, "60": 1.0293657555811961, "61": 1.0293657555811961, "62": 1.0293657555811961, "63": 1.0293657555811961, "64": 1.0293657555811961, "65": 1.0293657555811961, "66": 1.0293657555811961, "67": 1.0293657555811961, "68": 0.4563302331986918, "69": 0.4563302331986918, "70": 0.4563302331986918, "71": 0.4563302331986918, "72": 0.4563302331986918, "73": 0.4563302331986918, "74": 0.4563302331986918, "75": 0.4563302331986918, "76": 0.4563302331986918, "77": 0.4563302331986918, "78": 0.4563302331986918, "79": 0.4563302331986918, "80": 0.4563302331986918, "81": 0.4563302331986918, "82": 0.4563302331986918, "83": 0.4563302331986918, "84": 0.4563302331986918, "85": 0.4563302331986918, "86": 0.4563302331986918, "87": 0.4563302331986918, "88": 0.4563302331986918, "89": 0.4563302331986918, "90": 0.4563302331986918, "91": 0.4563302331986918, "92": 0.4563302331986918, "93": 0.4563302331986918, "94": 0.4563302331986918, "95": 0.4563302331986918, "96": 0.4563302331986918, "97": 0.4563302331986918, "98": 0.4563302331986918, "99": 0.4563302331986918, "100": 0.4563302331986918}