{"0": 22.851652069302194, "1": 22.851652069302194, "2": 17.039879085798553, "3": 16.77569799934071, "4": 16.77569799934071, "5": 7.7634575048337595, "6": 7.7634575048337595, "7": 7.7634575048337595, "8": 4.807716670639323, "9": 4.807716670639323, "10": 3.951520464211761, "11": 3.951520464211761, "12": 3.097147316460017, "13": 3.097147316460017, "14": 3.097147316460017, "15": 2.448412974797442, "16": 2.448412974797442, "17": 2.448412974797442, "18": 2.448412974797442, "19": 2.448412974797442, "20": 2.448412974797442, "21": 2.448412974797442, "22": 2.448412974797442, "23": 2.1282227562728266, "24": 1.9954246697771438, "25": 1.9954246697771438, "26": 1.9954246697771438, "27": 1.9954246697771438, "28": 1.9954246697771438, "29": 1.9954246697771438, "30": 1.9954246697771438, "31": 1.9954246697771438, "32": 1.9954246697771438, "33": 1.9954246697771438, "34": 1.9954246697771438, "35": 1.9954246697771438, "36": 1.9954246697771438, "37": 1.9954246697771438, "38": 1.9954246697771438, "39": 1.9954246697771438, "40": 1.9954246697771438, "41": 1.9954246697771438, "42": 1.9954246697771438, "43": 1.9954246697771438, "44": 1.9954246697771438, "45": 1.9954246697771438, "46": 1.9954246697771438, "47": 1.9954246697771438, "48": 1.9954246697771438, "49": 1.9954246697771438, "50": 1.9954246697771438, "51": 1.9954246697771438, "52": 1.9954246697771438, "53": 1.9954246697771438, "54": 1.9954246697771438, "55": 1.9954246697771438, "56": 1.9954246697771438, "57": 1.9954246697771438, "58": 1.9954246697771438, "59": 1.9954246697771438, "60": 1.9954246697771438, "61": 1.9954246697771438, "62": 1.9954246697771438, "63": 1.9954246697771438, "64": 1.9954246697771438, "65": 1.9954246697771438, "66": 1.9954246697771438, "67": 1.9954246697771438, "68": 1.9954246697771438, "69": 1.9954246697771438, "70": 1.9954246697771438, "71": 1.9954246697771438, "72": 1.9954246697771438, "73": 1.9954246697771438, "74": 1.9954246697771438, "75": 1.9954246697771438, "76": 1.9954246697771438, "77": 1.9954246697771438, "78": 1.9954246697771438, "79": 1.9954246697771438, "80": 1.9954246697771438, "81": 1.9954246697771438, "82": 1.9954246697771438, "83": 1.9954246697771438, "84": 1.9954246697771438, "85": 1.9954246697771438, "86": 1.9954246697771438, "87": 1.9954246697771438, "88": 1.9954246697771438, "89": 1.9954246697771438, "90": 1.9954246697771438, "91": 1.9954246697771438, "92": 1.9954246697771438, "93": 1.9954246697771438, "94": 1.9954246697771438, "95": 1.9954246697771438, "96": 1.9954246697771438, "97": 1.9954246697771438, "98": 1.9954246697771438, "99": 1.9954246697771438, "100": 1.9954246697771438}