{"0": 14.602153844823611, "1": 8.056021867851825, "2": 8.056021867851825, "3": 8.056021867851825, "4": 8.056021867851825, "5": 2.614998990833403, "6": 2.148773125601103, "7": 2.148773125601103, "8": 2.148773125601103, "9": 2.148773125601103, "10": 2.148773125601103, "11": 2.148773125601103, "12": 2.148773125601103, "13": 2.148773125601103, "14": 2.148773125601103, "15": 2.0998905972212825, "16": 2.0998905972212825, "17": 2.0998905972212825, "18": 2.0998905972212825, "19": 2.0998905972212825, "20": 2.0998905972212825, "21": 2.0797135335693184, "22": 2.0797135335693184, "23": 1.1176376995797312, "24": 1.1176376995797312, "25": 1.1176376995797312, "26": 1.1176376995797312, "27": 1.1176376995797312, "28": 1.1176376995797312, "29": 1.1176376995797312, "30": 1.1176376995797312, "31": 1.1176376995797312, "32": 1.1176376995797312, "33": 1.1176376995797312, "34": 1.1176376995797312, "35": 1.1176376995797312, "36": 1.1176376995797312, "37": 1.1176376995797312, "38": 1.1176376995797312, "39": 1.1176376995797312, "40": 1.1176376995797312, "41": 1.1176376995797312, "42": 1.1176376995797312, "43": 1.1176376995797312, "44": 1.1176376995797312, "45": 1.1176376995797312, "46": 1.1176376995797312, "47": 1.1176376995797312, "48": 1.1176376995797312, "49": 1.1176376995797312, "50": 1.1176376995797312, "51": 1.1176376995797312, "52": 1.1176376995797312, "53": 1.1176376995797312, "54": 1.1176376995797312, "55": 1.1176376995797312, "56": 1.1176376995797312, "57": 1.1176376995797312, "58": 1.1176376995797312, "59": 1.1176376995797312, "60": 1.1176376995797312, "61": 1.1176376995797312, "62": 1.1176376995797312, "63": 1.1176376995797312, "64": 1.1176376995797312, "65": 1.1176376995797312, "66": 1.1176376995797312, "67": 1.1176376995797312, "68": 1.1176376995797312, "69": 1.1176376995797312, "70": 1.1176376995797312, "71": 1.0987879773018747, "72": 1.0987879773018747, "73": 1.0987879773018747, "74": 1.0987879773018747, "75": 1.0987879773018747, "76": 1.0987879773018747, "77": 1.0987879773018747, "78": 1.0987879773018747, "79": 1.0987879773018747, "80": 1.0987879773018747, "81": 1.0987879773018747, "82": 1.0987879773018747, "83": 1.0987879773018747, "84": 1.0987879773018747, "85": 1.0987879773018747, "86": 1.0987879773018747, "87": 1.0987879773018747, "88": 1.0987879773018747, "89": 1.0987879773018747, "90": 1.0987879773018747, "91": 1.0987879773018747, "92": 1.0987879773018747, "93": 1.0987879773018747, "94": 1.0987879773018747, "95": 1.0987879773018747, "96": 1.0987879773018747, "97": 1.0987879773018747, "98": 1.0987879773018747, "99": 1.0987879773018747, "100": 1.0987879773018747}