{"0": 9.412163600202902, "1": 9.412163600202902, "2": 9.412163600202902, "3": 9.412163600202902, "4": 9.412163600202902, "5": 9.412163600202902, "6": 9.412163600202902, "7": 9.412163600202902, "8": 6.005170933959549, "9": 6.005170933959549, "10": 5.152387285901462, "11": 5.152387285901462, "12": 5.152387285901462, "13": 5.152387285901462, "14": 5.152387285901462, "15": 5.152387285901462, "16": 4.788022886372648, "17": 4.788022886372648, "18": 4.788022886372648, "19": 2.814561248626603, "20": 2.814561248626603, "21": 2.814561248626603, "22": 2.814561248626603, "23": 2.814561248626603, "24": 2.814561248626603, "25": 2.814561248626603, "26": 2.814561248626603, "27": 2.814561248626603, "28": 2.814561248626603, "29": 2.814561248626603, "30": 2.814561248626603, "31": 2.814561248626603, "32": 2.814561248626603, "33": 2.814561248626603, "34": 2.814561248626603, "35": 2.814561248626603, "36": 2.814561248626603, "37": 2.814561248626603, "38": 2.814561248626603, "39": 2.814561248626603, "40": 2.814561248626603, "41": 2.814561248626603, "42": 2.814561248626603, "43": 2.814561248626603, "44": 2.814561248626603, "45": 2.814561248626603, "46": 2.226265333783058, "47": 2.226265333783058, "48": 2.226265333783058, "49": 2.226265333783058, "50": 2.226265333783058, "51": 2.226265333783058, "52": 2.226265333783058, "53": 2.226265333783058, "54": 2.226265333783058, "55": 2.226265333783058, "56": 2.226265333783058, "57": 2.226265333783058, "58": 2.226265333783058, "59": 2.226265333783058, "60": 2.226265333783058, "61": 2.226265333783058, "62": 2.226265333783058, "63": 2.226265333783058, "64": 2.226265333783058, "65": 2.226265333783058, "66": 2.226265333783058, "67": 2.226265333783058, "68": 2.226265333783058, "69": 2.226265333783058, "70": 2.226265333783058, "71": 2.226265333783058, "72": 2.226265333783058, "73": 2.226265333783058, "74": 2.226265333783058, "75": 2.226265333783058, "76": 2.226265333783058, "77": 2.0630573973852115, "78": 2.0630573973852115, "79": 2.0630573973852115, "80": 2.0630573973852115, "81": 2.0630573973852115, "82": 2.0630573973852115, "83": 2.0630573973852115, "84": 2.0630573973852115, "85": 2.0630573973852115, "86": 2.0630573973852115, "87": 1.8902860808395232, "88": 1.8902860808395232, "89": 1.8902860808395232, "90": 1.8902860808395232, "91": 1.8902860808395232, "92": 1.8902860808395232, "93": 1.8902860808395232, "94": 1.8902860808395232, "95": 1.8902860808395232, "96": 1.8902860808395232, "97": 1.8902860808395232, "98": 1.8902860808395232, "99": 1.8902860808395232, "100": 1.8902860808395232}