{"0": 19.145439437838505, "1": 11.062936135558592, "2": 11.062936135558592, "3": 11.062936135558592, "4": 8.125715602328608, "5": 8.125715602328608, "6": 2.9387769404950888, "7": 2.9387769404950888, "8": 2.9387769404950888, "9": 2.9387769404950888, "10": 2.9387769404950888, "11": 2.9387769404950888, "12": 2.9387769404950888, "13": 2.9387769404950888, "14": 2.9387769404950888, "15": 2.9387769404950888, "16": 2.9387769404950888, "17": 2.9387769404950888, "18": 2.9387769404950888, "19": 2.9387769404950888, "20": 2.9387769404950888, "21": 2.9387769404950888, "22": 2.9387769404950888, "23": 2.9387769404950888, "24": 2.9345803705897993, "25": 2.9345803705897993, "26": 2.9345803705897993, "27": 2.9345803705897993, "28": 2.9345803705897993, "29": 2.9345803705897993, "30": 2.9345803705897993, "31": 2.9345803705897993, "32": 1.3848879380340549, "33": 1.3848879380340549, "34": 1.3848879380340549, "35": 1.3848879380340549, "36": 1.3848879380340549, "37": 1.3848879380340549, "38": 1.3848879380340549, "39": 1.3848879380340549, "40": 1.3848879380340549, "41": 1.3848879380340549, "42": 1.3848879380340549, "43": 1.3848879380340549, "44": 1.3848879380340549, "45": 1.3848879380340549, "46": 0.9456547380112994, "47": 0.9456547380112994, "48": 0.9456547380112994, "49": 0.9456547380112994, "50": 0.9456547380112994, "51": 0.9456547380112994, "52": 0.9456547380112994, "53": 0.9456547380112994, "54": 0.9456547380112994, "55": 0.9456547380112994, "56": 0.9456547380112994, "57": 0.9456547380112994, "58": 0.9456547380112994, "59": 0.9456547380112994, "60": 0.9456547380112994, "61": 0.9456547380112994, "62": 0.9456547380112994, "63": 0.9456547380112994, "64": 0.9456547380112994, "65": 0.9456547380112994, "66": 0.9456547380112994, "67": 0.9456547380112994, "68": 0.9456547380112994, "69": 0.9456547380112994, "70": 0.9456547380112994, "71": 0.9456547380112994, "72": 0.9456547380112994, "73": 0.9456547380112994, "74": 0.9456547380112994, "75": 0.9456547380112994, "76": 0.9456547380112994, "77": 0.9456547380112994, "78": 0.9456547380112994, "79": 0.9456547380112994, "80": 0.9456547380112994, "81": 0.9456547380112994, "82": 0.9456547380112994, "83": 0.9456547380112994, "84": 0.9456547380112994, "85": 0.9456547380112994, "86": 0.9456547380112994, "87": 0.9456547380112994, "88": 0.9456547380112994, "89": 0.9456547380112994, "90": 0.9456547380112994, "91": 0.9456547380112994, "92": 0.9456547380112994, "93": 0.9456547380112994, "94": 0.9456547380112994, "95": 0.9456547380112994, "96": 0.9456547380112994, "97": 0.9456547380112994, "98": 0.9456547380112994, "99": 0.9456547380112994, "100": 0.9456547380112994}