{"0": 22.229845930766515, "1": 22.229845930766515, "2": 10.209142672153925, "3": 10.209142672153925, "4": 10.209142672153925, "5": 10.209142672153925, "6": 2.3185297905307856, "7": 2.3185297905307856, "8": 2.3185297905307856, "9": 2.3185297905307856, "10": 2.3185297905307856, "11": 1.9905401615827465, "12": 1.9905401615827465, "13": 1.9905401615827465, "14": 1.9905401615827465, "15": 1.9905401615827465, "16": 1.9905401615827465, "17": 1.9905401615827465, "18": 1.9905401615827465, "19": 1.9905401615827465, "20": 1.9905401615827465, "21": 1.9905401615827465, "22": 1.9905401615827465, "23": 1.9905401615827465, "24": 1.9905401615827465, "25": 1.111212144624119, "26": 1.111212144624119, "27": 1.111212144624119, "28": 1.111212144624119, "29": 1.111212144624119, "30": 1.111212144624119, "31": 1.111212144624119, "32": 1.111212144624119, "33": 1.111212144624119, "34": 1.111212144624119, "35": 1.111212144624119, "36": 1.111212144624119, "37": 1.111212144624119, "38": 1.111212144624119, "39": 1.111212144624119, "40": 1.111212144624119, "41": 1.111212144624119, "42": 1.111212144624119, "43": 1.111212144624119, "44": 1.111212144624119, "45": 1.111212144624119, "46": 1.111212144624119, "47": 1.111212144624119, "48": 1.111212144624119, "49": 1.111212144624119, "50": 1.111212144624119, "51": 1.111212144624119, "52": 1.111212144624119, "53": 1.111212144624119, "54": 1.111212144624119, "55": 1.111212144624119, "56": 1.111212144624119, "57": 1.111212144624119, "58": 1.111212144624119, "59": 1.111212144624119, "60": 1.111212144624119, "61": 1.111212144624119, "62": 1.111212144624119, "63": 1.111212144624119, "64": 1.111212144624119, "65": 1.111212144624119, "66": 1.111212144624119, "67": 1.111212144624119, "68": 1.111212144624119, "69": 1.111212144624119, "70": 1.111212144624119, "71": 1.111212144624119, "72": 1.111212144624119, "73": 1.111212144624119, "74": 1.111212144624119, "75": 1.111212144624119, "76": 1.111212144624119, "77": 1.111212144624119, "78": 1.111212144624119, "79": 1.111212144624119, "80": 1.111212144624119, "81": 1.111212144624119, "82": 1.111212144624119, "83": 1.111212144624119, "84": 1.111212144624119, "85": 1.111212144624119, "86": 1.111212144624119, "87": 1.111212144624119, "88": 1.001342923739422, "89": 1.001342923739422, "90": 1.001342923739422, "91": 1.001342923739422, "92": 1.001342923739422, "93": 1.001342923739422, "94": 1.001342923739422, "95": 1.001342923739422, "96": 1.001342923739422, "97": 1.001342923739422, "98": 1.001342923739422, "99": 1.001342923739422, "100": 1.001342923739422}