{"0": 23.747224942745966, "1": 8.885246475093044, "2": 8.885246475093044, "3": 8.885246475093044, "4": 8.885246475093044, "5": 8.885246475093044, "6": 8.885246475093044, "7": 8.885246475093044, "8": 8.174472862720037, "9": 7.649600995949388, "10": 7.649600995949388, "11": 1.2569011046088825, "12": 1.2569011046088825, "13": 1.2569011046088825, "14": 1.044660008744323, "15": 1.044660008744323, "16": 0.3221247748779277, "17": 0.3221247748779277, "18": 0.3221247748779277, "19": 0.3221247748779277, "20": 0.3221247748779277, "21": 0.3221247748779277, "22": 0.3221247748779277, "23": 0.3221247748779277, "24": 0.3221247748779277, "25": 0.3221247748779277, "26": 0.3221247748779277, "27": 0.3221247748779277, "28": 0.3221247748779277, "29": 0.3221247748779277, "30": 0.3221247748779277, "31": 0.3221247748779277, "32": 0.3221247748779277, "33": 0.3221247748779277, "34": 0.3221247748779277, "35": 0.3221247748779277, "36": 0.3221247748779277, "37": 0.3221247748779277, "38": 0.3221247748779277, "39": 0.3221247748779277, "40": 0.3221247748779277, "41": 0.3221247748779277, "42": 0.3221247748779277, "43": 0.3221247748779277, "44": 0.3221247748779277, "45": 0.3221247748779277, "46": 0.3221247748779277, "47": 0.3221247748779277, "48": 0.3221247748779277, "49": 0.3221247748779277, "50": 0.3221247748779277, "51": 0.3221247748779277, "52": 0.3221247748779277, "53": 0.3221247748779277, "54": 0.3221247748779277, "55": 0.3221247748779277, "56": 0.3221247748779277, "57": 0.3221247748779277, "58": 0.3221247748779277, "59": 0.3221247748779277, "60": 0.3221247748779277, "61": 0.3221247748779277, "62": 0.3221247748779277, "63": 0.3221247748779277, "64": 0.3221247748779277, "65": 0.3221247748779277, "66": 0.3221247748779277, "67": 0.3221247748779277, "68": 0.3221247748779277, "69": 0.3221247748779277, "70": 0.3221247748779277, "71": 0.3221247748779277, "72": 0.3221247748779277, "73": 0.3221247748779277, "74": 0.3221247748779277, "75": 0.3221247748779277, "76": 0.3221247748779277, "77": 0.3221247748779277, "78": 0.3221247748779277, "79": 0.3221247748779277, "80": 0.3221247748779277, "81": 0.3221247748779277, "82": 0.3221247748779277, "83": 0.3221247748779277, "84": 0.3221247748779277, "85": 0.3221247748779277, "86": 0.3221247748779277, "87": 0.3221247748779277, "88": 0.3221247748779277, "89": 0.3221247748779277, "90": 0.3221247748779277, "91": 0.3221247748779277, "92": 0.3221247748779277, "93": 0.3221247748779277, "94": 0.3221247748779277, "95": 0.3221247748779277, "96": 0.3221247748779277, "97": 0.3221247748779277, "98": 0.3221247748779277, "99": 0.3221247748779277, "100": 0.3221247748779277}