{"0": 18.924060146355437, "1": 12.42570951870815, "2": 10.819787176648589, "3": 10.819787176648589, "4": 10.819787176648589, "5": 2.894108056735206, "6": 2.894108056735206, "7": 2.894108056735206, "8": 2.894108056735206, "9": 2.894108056735206, "10": 2.894108056735206, "11": 2.894108056735206, "12": 2.894108056735206, "13": 2.894108056735206, "14": 2.894108056735206, "15": 1.9706170978338093, "16": 1.9706170978338093, "17": 1.9706170978338093, "18": 1.9706170978338093, "19": 1.9706170978338093, "20": 1.9706170978338093, "21": 1.1496492916035166, "22": 1.1496492916035166, "23": 1.1496492916035166, "24": 1.1496492916035166, "25": 1.1496492916035166, "26": 1.1496492916035166, "27": 1.1496492916035166, "28": 1.1496492916035166, "29": 1.1496492916035166, "30": 1.1496492916035166, "31": 1.1496492916035166, "32": 1.1496492916035166, "33": 1.1496492916035166, "34": 1.1496492916035166, "35": 1.1496492916035166, "36": 1.1496492916035166, "37": 1.1496492916035166, "38": 1.1496492916035166, "39": 1.1496492916035166, "40": 1.1496492916035166, "41": 1.1496492916035166, "42": 1.1496492916035166, "43": 1.1496492916035166, "44": 1.1496492916035166, "45": 1.1496492916035166, "46": 1.1496492916035166, "47": 1.1496492916035166, "48": 1.1496492916035166, "49": 1.1496492916035166, "50": 1.1496492916035166, "51": 1.1496492916035166, "52": 1.1496492916035166, "53": 1.1496492916035166, "54": 1.1496492916035166, "55": 1.1496492916035166, "56": 1.1496492916035166, "57": 1.1496492916035166, "58": 1.1496492916035166, "59": 1.1496492916035166, "60": 1.1496492916035166, "61": 1.1496492916035166, "62": 1.1496492916035166, "63": 1.1496492916035166, "64": 1.1496492916035166, "65": 1.1496492916035166, "66": 1.1496492916035166, "67": 1.1496492916035166, "68": 1.1496492916035166, "69": 1.1496492916035166, "70": 1.1496492916035166, "71": 1.1496492916035166, "72": 1.1496492916035166, "73": 1.1496492916035166, "74": 1.1496492916035166, "75": 1.1496492916035166, "76": 1.1496492916035166, "77": 1.1496492916035166, "78": 1.1496492916035166, "79": 1.1496492916035166, "80": 1.1496492916035166, "81": 0.24492120703908782, "82": 0.24492120703908782, "83": 0.24492120703908782, "84": 0.24492120703908782, "85": 0.24492120703908782, "86": 0.24492120703908782, "87": 0.24492120703908782, "88": 0.24492120703908782, "89": 0.24492120703908782, "90": 0.24492120703908782, "91": 0.24492120703908782, "92": 0.24492120703908782, "93": 0.24492120703908782, "94": 0.24492120703908782, "95": 0.24492120703908782, "96": 0.24492120703908782, "97": 0.24492120703908782, "98": 0.24492120703908782, "99": 0.24492120703908782, "100": 0.24492120703908782}