{"0": 13.864397822420434, "1": 13.864397822420434, "2": 3.897748981578566, "3": 3.897748981578566, "4": 3.897748981578566, "5": 3.897748981578566, "6": 3.897748981578566, "7": 3.897748981578566, "8": 3.897748981578566, "9": 3.897748981578566, "10": 2.8637073714789665, "11": 2.8637073714789665, "12": 2.8637073714789665, "13": 2.8637073714789665, "14": 2.8637073714789665, "15": 2.8637073714789665, "16": 2.8637073714789665, "17": 2.860455291299367, "18": 2.860455291299367, "19": 2.860455291299367, "20": 2.860455291299367, "21": 2.860455291299367, "22": 2.860455291299367, "23": 2.860455291299367, "24": 2.860455291299367, "25": 2.3233264499492243, "26": 2.3233264499492243, "27": 2.3233264499492243, "28": 2.3233264499492243, "29": 2.3233264499492243, "30": 2.3233264499492243, "31": 2.3233264499492243, "32": 2.3233264499492243, "33": 2.3233264499492243, "34": 1.0481491784024541, "35": 1.0481491784024541, "36": 1.0481491784024541, "37": 1.0481491784024541, "38": 1.0481491784024541, "39": 1.0481491784024541, "40": 1.0481491784024541, "41": 1.0481491784024541, "42": 1.0481491784024541, "43": 1.0481491784024541, "44": 1.0481491784024541, "45": 1.0481491784024541, "46": 1.0481491784024541, "47": 1.0481491784024541, "48": 1.0481491784024541, "49": 1.0481491784024541, "50": 1.0481491784024541, "51": 1.0481491784024541, "52": 1.0481491784024541, "53": 1.0481491784024541, "54": 1.0481491784024541, "55": 1.0481491784024541, "56": 1.0481491784024541, "57": 1.0481491784024541, "58": 1.0481491784024541, "59": 1.0481491784024541, "60": 1.0481491784024541, "61": 1.0481491784024541, "62": 1.0481491784024541, "63": 1.0481491784024541, "64": 1.0481491784024541, "65": 1.0481491784024541, "66": 1.0481491784024541, "67": 1.0481491784024541, "68": 1.0481491784024541, "69": 1.0481491784024541, "70": 1.0481491784024541, "71": 1.0481491784024541, "72": 1.0481491784024541, "73": 1.0481491784024541, "74": 1.0481491784024541, "75": 1.0481491784024541, "76": 1.0481491784024541, "77": 1.0481491784024541, "78": 1.0481491784024541, "79": 1.0481491784024541, "80": 1.0481491784024541, "81": 1.0481491784024541, "82": 1.0481491784024541, "83": 1.0481491784024541, "84": 1.0481491784024541, "85": 1.0481491784024541, "86": 1.0481491784024541, "87": 1.0481491784024541, "88": 1.0481491784024541, "89": 1.0481491784024541, "90": 1.0481491784024541, "91": 1.0481491784024541, "92": 1.0481491784024541, "93": 1.0481491784024541, "94": 1.0481491784024541, "95": 1.0481491784024541, "96": 1.0481491784024541, "97": 1.0481491784024541, "98": 1.0481491784024541, "99": 1.0481491784024541, "100": 1.0481491784024541}