{"0": 15.900958780924896, "1": 4.878708161647433, "2": 4.878708161647433, "3": 4.878708161647433, "4": 3.511106046277078, "5": 3.511106046277078, "6": 3.511106046277078, "7": 3.511106046277078, "8": 2.215816825697658, "9": 2.215816825697658, "10": 2.215816825697658, "11": 2.215816825697658, "12": 2.215816825697658, "13": 2.215816825697658, "14": 2.215816825697658, "15": 2.215816825697658, "16": 2.215816825697658, "17": 1.118523145458127, "18": 1.118523145458127, "19": 1.118523145458127, "20": 1.118523145458127, "21": 1.118523145458127, "22": 1.118523145458127, "23": 1.118523145458127, "24": 1.118523145458127, "25": 1.118523145458127, "26": 1.118523145458127, "27": 1.118523145458127, "28": 1.118523145458127, "29": 1.118523145458127, "30": 1.118523145458127, "31": 1.104062314865736, "32": 1.104062314865736, "33": 1.104062314865736, "34": 1.104062314865736, "35": 1.104062314865736, "36": 1.104062314865736, "37": 1.104062314865736, "38": 1.104062314865736, "39": 1.104062314865736, "40": 1.104062314865736, "41": 1.104062314865736, "42": 1.104062314865736, "43": 1.104062314865736, "44": 1.104062314865736, "45": 1.104062314865736, "46": 1.104062314865736, "47": 1.104062314865736, "48": 1.104062314865736, "49": 1.104062314865736, "50": 1.104062314865736, "51": 1.104062314865736, "52": 1.104062314865736, "53": 1.104062314865736, "54": 1.104062314865736, "55": 1.104062314865736, "56": 1.104062314865736, "57": 1.104062314865736, "58": 1.104062314865736, "59": 1.104062314865736, "60": 1.104062314865736, "61": 1.104062314865736, "62": 1.104062314865736, "63": 1.104062314865736, "64": 1.104062314865736, "65": 0.7611969821372746, "66": 0.7611969821372746, "67": 0.7611969821372746, "68": 0.7611969821372746, "69": 0.7611969821372746, "70": 0.7611969821372746, "71": 0.7611969821372746, "72": 0.7611969821372746, "73": 0.7611969821372746, "74": 0.7611969821372746, "75": 0.7611969821372746, "76": 0.7611969821372746, "77": 0.7611969821372746, "78": 0.7611969821372746, "79": 0.7611969821372746, "80": 0.7611969821372746, "81": 0.7611969821372746, "82": 0.7611969821372746, "83": 0.7611969821372746, "84": 0.7611969821372746, "85": 0.7611969821372746, "86": 0.7611969821372746, "87": 0.7611969821372746, "88": 0.7611969821372746, "89": 0.7611969821372746, "90": 0.7611969821372746, "91": 0.7611969821372746, "92": 0.7611969821372746, "93": 0.7611969821372746, "94": 0.7611969821372746, "95": 0.7611969821372746, "96": 0.7611969821372746, "97": 0.7611969821372746, "98": 0.7611969821372746, "99": 0.7611969821372746, "100": 0.7611969821372746}