{"0": 19.88112047658406, "1": 8.646364141366005, "2": 8.646364141366005, "3": 8.646364141366005, "4": 8.646364141366005, "5": 8.646364141366005, "6": 8.646364141366005, "7": 3.6573926175397418, "8": 3.6573926175397418, "9": 3.6573926175397418, "10": 3.6573926175397418, "11": 3.6573926175397418, "12": 3.6573926175397418, "13": 3.6573926175397418, "14": 1.5905003894405745, "15": 1.5905003894405745, "16": 1.5905003894405745, "17": 1.5905003894405745, "18": 1.5905003894405745, "19": 1.5905003894405745, "20": 1.5905003894405745, "21": 1.5905003894405745, "22": 1.5905003894405745, "23": 1.5905003894405745, "24": 1.5905003894405745, "25": 1.5905003894405745, "26": 1.0920173168465936, "27": 1.0920173168465936, "28": 1.0920173168465936, "29": 1.0625518463010302, "30": 1.0625518463010302, "31": 1.0625518463010302, "32": 1.0625518463010302, "33": 1.0625518463010302, "34": 1.0625518463010302, "35": 1.0531158195002952, "36": 1.0531158195002952, "37": 1.0443647583685411, "38": 1.0443647583685411, "39": 1.0443647583685411, "40": 1.0443647583685411, "41": 1.0443647583685411, "42": 1.0443647583685411, "43": 0.47769740972900365, "44": 0.47769740972900365, "45": 0.47769740972900365, "46": 0.47769740972900365, "47": 0.47769740972900365, "48": 0.47769740972900365, "49": 0.47769740972900365, "50": 0.47769740972900365, "51": 0.47769740972900365, "52": 0.47769740972900365, "53": 0.47769740972900365, "54": 0.47769740972900365, "55": 0.47769740972900365, "56": 0.47769740972900365, "57": 0.47769740972900365, "58": 0.47769740972900365, "59": 0.47769740972900365, "60": 0.47769740972900365, "61": 0.47769740972900365, "62": 0.47769740972900365, "63": 0.47769740972900365, "64": 0.47769740972900365, "65": 0.47769740972900365, "66": 0.47769740972900365, "67": 0.47769740972900365, "68": 0.47769740972900365, "69": 0.47769740972900365, "70": 0.47769740972900365, "71": 0.47769740972900365, "72": 0.47769740972900365, "73": 0.47769740972900365, "74": 0.47769740972900365, "75": 0.47769740972900365, "76": 0.47769740972900365, "77": 0.47769740972900365, "78": 0.47769740972900365, "79": 0.47769740972900365, "80": 0.47769740972900365, "81": 0.47769740972900365, "82": 0.47769740972900365, "83": 0.47769740972900365, "84": 0.47769740972900365, "85": 0.47769740972900365, "86": 0.47769740972900365, "87": 0.47769740972900365, "88": 0.47769740972900365, "89": 0.47769740972900365, "90": 0.47769740972900365, "91": 0.47769740972900365, "92": 0.47769740972900365, "93": 0.47769740972900365, "94": 0.47769740972900365, "95": 0.47769740972900365, "96": 0.47769740972900365, "97": 0.47769740972900365, "98": 0.47769740972900365, "99": 0.47769740972900365, "100": 0.47769740972900365}