{"0": 18.246268412481566, "1": 16.810685578701275, "2": 7.509484582662996, "3": 7.509484582662996, "4": 3.9363241999315797, "5": 3.9363241999315797, "6": 3.9363241999315797, "7": 3.9363241999315797, "8": 3.9363241999315797, "9": 3.9363241999315797, "10": 3.9363241999315797, "11": 3.9363241999315797, "12": 3.9363241999315797, "13": 3.9363241999315797, "14": 3.9363241999315797, "15": 2.2918892069671095, "16": 2.2918892069671095, "17": 2.2918892069671095, "18": 2.2918892069671095, "19": 2.2918892069671095, "20": 2.2918892069671095, "21": 2.2918892069671095, "22": 2.2918892069671095, "23": 2.2918892069671095, "24": 2.2918892069671095, "25": 2.2918892069671095, "26": 2.2918892069671095, "27": 1.1761874671588188, "28": 1.1761874671588188, "29": 1.1761874671588188, "30": 1.1761874671588188, "31": 1.1761874671588188, "32": 1.1761874671588188, "33": 1.1761874671588188, "34": 1.1761874671588188, "35": 1.1761874671588188, "36": 1.1761874671588188, "37": 1.1761874671588188, "38": 1.1761874671588188, "39": 1.1761874671588188, "40": 1.1761874671588188, "41": 1.1761874671588188, "42": 1.1761874671588188, "43": 1.1761874671588188, "44": 1.1761874671588188, "45": 1.1761874671588188, "46": 1.1761874671588188, "47": 1.1761874671588188, "48": 1.1761874671588188, "49": 1.1761874671588188, "50": 1.1761874671588188, "51": 1.1761874671588188, "52": 1.1761874671588188, "53": 1.1761874671588188, "54": 1.1761874671588188, "55": 1.1761874671588188, "56": 1.1761874671588188, "57": 1.1761874671588188, "58": 1.1761874671588188, "59": 1.1761874671588188, "60": 1.1761874671588188, "61": 1.1761874671588188, "62": 1.1761874671588188, "63": 1.1761874671588188, "64": 1.1761874671588188, "65": 1.1761874671588188, "66": 1.1761874671588188, "67": 0.8746583097975495, "68": 0.8746583097975495, "69": 0.8746583097975495, "70": 0.8746583097975495, "71": 0.8746583097975495, "72": 0.8746583097975495, "73": 0.35601376003112506, "74": 0.35601376003112506, "75": 0.35601376003112506, "76": 0.35601376003112506, "77": 0.35601376003112506, "78": 0.35601376003112506, "79": 0.35601376003112506, "80": 0.35601376003112506, "81": 0.35601376003112506, "82": 0.35601376003112506, "83": 0.35601376003112506, "84": 0.35601376003112506, "85": 0.35601376003112506, "86": 0.35601376003112506, "87": 0.35601376003112506, "88": 0.35601376003112506, "89": 0.35601376003112506, "90": 0.35601376003112506, "91": 0.35601376003112506, "92": 0.35601376003112506, "93": 0.35601376003112506, "94": 0.35601376003112506, "95": 0.35601376003112506, "96": 0.35601376003112506, "97": 0.35601376003112506, "98": 0.35601376003112506, "99": 0.35601376003112506, "100": 0.35601376003112506}