{"0": 4.865642883826833, "1": 4.865642883826833, "2": 4.865642883826833, "3": 4.865642883826833, "4": 4.865642883826833, "5": 4.865642883826833, "6": 4.865642883826833, "7": 4.865642883826833, "8": 4.865642883826833, "9": 4.865642883826833, "10": 4.865642883826833, "11": 4.800452221348699, "12": 3.4855866723008333, "13": 1.4588356462431165, "14": 1.4588356462431165, "15": 1.4588356462431165, "16": 1.4588356462431165, "17": 1.4588356462431165, "18": 1.4588356462431165, "19": 1.4588356462431165, "20": 1.4588356462431165, "21": 1.4588356462431165, "22": 1.4588356462431165, "23": 1.4588356462431165, "24": 1.4588356462431165, "25": 1.4588356462431165, "26": 1.3536171142019882, "27": 1.3536171142019882, "28": 1.3536171142019882, "29": 1.3536171142019882, "30": 1.332931793506102, "31": 1.332931793506102, "32": 1.332931793506102, "33": 1.332931793506102, "34": 1.332931793506102, "35": 1.332931793506102, "36": 1.332931793506102, "37": 1.332931793506102, "38": 1.332931793506102, "39": 1.332931793506102, "40": 1.332931793506102, "41": 1.332931793506102, "42": 1.332931793506102, "43": 1.332931793506102, "44": 1.332931793506102, "45": 1.332931793506102, "46": 1.332931793506102, "47": 1.332931793506102, "48": 1.332931793506102, "49": 1.332931793506102, "50": 1.332931793506102, "51": 1.332931793506102, "52": 1.332931793506102, "53": 1.332931793506102, "54": 1.332931793506102, "55": 1.332931793506102, "56": 1.332931793506102, "57": 1.332931793506102, "58": 1.332931793506102, "59": 1.332931793506102, "60": 1.332931793506102, "61": 1.332931793506102, "62": 1.332931793506102, "63": 1.332931793506102, "64": 1.332931793506102, "65": 1.332931793506102, "66": 1.332931793506102, "67": 1.332931793506102, "68": 1.332931793506102, "69": 1.332931793506102, "70": 1.332931793506102, "71": 1.332931793506102, "72": 1.332931793506102, "73": 1.332931793506102, "74": 1.332931793506102, "75": 1.332931793506102, "76": 1.332931793506102, "77": 1.332931793506102, "78": 1.332931793506102, "79": 1.332931793506102, "80": 1.332931793506102, "81": 1.332931793506102, "82": 1.332931793506102, "83": 1.332931793506102, "84": 1.332931793506102, "85": 1.332931793506102, "86": 1.332931793506102, "87": 1.332931793506102, "88": 1.332931793506102, "89": 1.332931793506102, "90": 1.332931793506102, "91": 1.332931793506102, "92": 1.332931793506102, "93": 1.332931793506102, "94": 1.332931793506102, "95": 1.332931793506102, "96": 1.332931793506102, "97": 1.332931793506102, "98": 1.332931793506102, "99": 1.332931793506102, "100": 1.332931793506102}