{"0": 22.663046818129654, "1": 22.320789359892093, "2": 3.3984318507090876, "3": 3.3984318507090876, "4": 3.3984318507090876, "5": 3.3984318507090876, "6": 3.3984318507090876, "7": 3.3984318507090876, "8": 3.3984318507090876, "9": 3.3984318507090876, "10": 3.3984318507090876, "11": 3.3984318507090876, "12": 3.3984318507090876, "13": 3.3984318507090876, "14": 3.3984318507090876, "15": 3.3984318507090876, "16": 1.7185975329367977, "17": 1.7185975329367977, "18": 0.13698912200908353, "19": 0.13698912200908353, "20": 0.13698912200908353, "21": 0.13698912200908353, "22": 0.13698912200908353, "23": 0.13698912200908353, "24": 0.13698912200908353, "25": 0.13698912200908353, "26": 0.13698912200908353, "27": 0.13698912200908353, "28": 0.13698912200908353, "29": 0.13698912200908353, "30": 0.13698912200908353, "31": 0.13698912200908353, "32": 0.13698912200908353, "33": 0.13698912200908353, "34": 0.12313425977519188, "35": 0.12313425977519188, "36": 0.12313425977519188, "37": 0.12313425977519188, "38": 0.12313425977519188, "39": 0.12313425977519188, "40": 0.12313425977519188, "41": 0.12313425977519188, "42": 0.12313425977519188, "43": 0.12313425977519188, "44": 0.12313425977519188, "45": 0.12313425977519188, "46": 0.12313425977519188, "47": 0.12313425977519188, "48": 0.12313425977519188, "49": 0.12313425977519188, "50": 0.12313425977519188, "51": 0.12313425977519188, "52": 0.12313425977519188, "53": 0.12313425977519188, "54": 0.12313425977519188, "55": 0.12313425977519188, "56": 0.12313425977519188, "57": 0.12313425977519188, "58": 0.12313425977519188, "59": 0.12313425977519188, "60": 0.12313425977519188, "61": 0.12313425977519188, "62": 0.12313425977519188, "63": 0.12313425977519188, "64": 0.12313425977519188, "65": 0.12313425977519188, "66": 0.12313425977519188, "67": 0.12313425977519188, "68": 0.12313425977519188, "69": 0.12313425977519188, "70": 0.12313425977519188, "71": 0.12313425977519188, "72": 0.12313425977519188, "73": 0.12313425977519188, "74": 0.12313425977519188, "75": 0.12313425977519188, "76": 0.12313425977519188, "77": 0.12313425977519188, "78": 0.12313425977519188, "79": 0.12313425977519188, "80": 0.12313425977519188, "81": 0.12313425977519188, "82": 0.12313425977519188, "83": 0.12313425977519188, "84": 0.12313425977519188, "85": 0.12313425977519188, "86": 0.12313425977519188, "87": 0.12313425977519188, "88": 0.12313425977519188, "89": 0.12313425977519188, "90": 0.12313425977519188, "91": 0.12313425977519188, "92": 0.12313425977519188, "93": 0.12313425977519188, "94": 0.12313425977519188, "95": 0.12313425977519188, "96": 0.12313425977519188, "97": 0.12313425977519188, "98": 0.12313425977519188, "99": 0.12313425977519188, "100": 0.12313425977519188}