{"0": 12.030907370386712, "1": 1.8715542428848622, "2": 1.8715542428848622, "3": 1.8715542428848622, "4": 1.8715542428848622, "5": 1.8715542428848622, "6": 1.8715542428848622, "7": 1.8715542428848622, "8": 1.8715542428848622, "9": 1.8715542428848622, "10": 1.8715542428848622, "11": 1.8715542428848622, "12": 1.3457142072394745, "13": 1.3457142072394745, "14": 1.3457142072394745, "15": 1.3457142072394745, "16": 1.3457142072394745, "17": 1.3457142072394745, "18": 1.3457142072394745, "19": 1.3457142072394745, "20": 1.3457142072394745, "21": 1.3457142072394745, "22": 1.3457142072394745, "23": 1.3457142072394745, "24": 1.3457142072394745, "25": 1.1095528095845246, "26": 1.1095528095845246, "27": 1.1092572703412955, "28": 1.1092572703412955, "29": 1.1092572703412955, "30": 1.1092572703412955, "31": 1.1092572703412955, "32": 1.1092572703412955, "33": 1.1092572703412955, "34": 1.1092572703412955, "35": 1.0626585069022916, "36": 1.0626585069022916, "37": 1.0626585069022916, "38": 1.0626585069022916, "39": 1.0626585069022916, "40": 1.0626585069022916, "41": 1.0626585069022916, "42": 1.0626585069022916, "43": 1.0626585069022916, "44": 1.0626585069022916, "45": 1.051313524179072, "46": 1.051313524179072, "47": 1.051313524179072, "48": 1.051313524179072, "49": 1.051313524179072, "50": 1.051313524179072, "51": 1.051313524179072, "52": 1.051313524179072, "53": 1.051313524179072, "54": 1.051313524179072, "55": 1.051313524179072, "56": 1.051313524179072, "57": 1.051313524179072, "58": 1.051313524179072, "59": 1.051313524179072, "60": 1.051313524179072, "61": 1.051313524179072, "62": 1.051313524179072, "63": 1.051313524179072, "64": 1.051313524179072, "65": 1.051313524179072, "66": 1.051313524179072, "67": 1.051313524179072, "68": 1.051313524179072, "69": 1.051313524179072, "70": 1.051313524179072, "71": 1.051313524179072, "72": 1.051313524179072, "73": 1.051313524179072, "74": 1.051313524179072, "75": 1.051313524179072, "76": 1.051313524179072, "77": 1.051313524179072, "78": 1.051313524179072, "79": 1.051313524179072, "80": 1.051313524179072, "81": 1.051313524179072, "82": 1.051313524179072, "83": 1.051313524179072, "84": 1.051313524179072, "85": 1.051313524179072, "86": 1.051313524179072, "87": 1.051313524179072, "88": 1.051313524179072, "89": 1.051313524179072, "90": 1.051313524179072, "91": 1.051313524179072, "92": 1.051313524179072, "93": 1.051313524179072, "94": 1.051313524179072, "95": 1.051313524179072, "96": 1.051313524179072, "97": 1.051313524179072, "98": 1.051313524179072, "99": 1.051313524179072, "100": 1.051313524179072}