{"0": 16.527236688888685, "1": 9.006929185922408, "2": 9.006929185922408, "3": 9.006929185922408, "4": 8.057934463115231, "5": 8.057934463115231, "6": 6.02211966027285, "7": 6.02211966027285, "8": 5.6382353343145795, "9": 5.6382353343145795, "10": 5.6382353343145795, "11": 5.6382353343145795, "12": 4.996552870358638, "13": 4.996552870358638, "14": 4.996552870358638, "15": 4.996552870358638, "16": 3.2854274146054863, "17": 3.2854274146054863, "18": 3.2854274146054863, "19": 3.2854274146054863, "20": 3.2854274146054863, "21": 3.2854274146054863, "22": 3.2854274146054863, "23": 3.2854274146054863, "24": 3.2854274146054863, "25": 3.2854274146054863, "26": 2.3240834809774924, "27": 2.3240834809774924, "28": 2.3240834809774924, "29": 2.3240834809774924, "30": 2.2939517772286777, "31": 2.2939517772286777, "32": 2.2939517772286777, "33": 2.2939517772286777, "34": 2.2939517772286777, "35": 2.2939517772286777, "36": 2.2939517772286777, "37": 2.2939517772286777, "38": 2.2939517772286777, "39": 2.2939517772286777, "40": 2.2939517772286777, "41": 2.2939517772286777, "42": 2.2939517772286777, "43": 2.2939517772286777, "44": 2.2939517772286777, "45": 2.2939517772286777, "46": 2.2939517772286777, "47": 2.2939517772286777, "48": 2.2939517772286777, "49": 2.2939517772286777, "50": 2.2939517772286777, "51": 2.2939517772286777, "52": 2.1690732181071724, "53": 2.1690732181071724, "54": 2.1690732181071724, "55": 2.1690732181071724, "56": 2.1690732181071724, "57": 2.1690732181071724, "58": 2.1690732181071724, "59": 2.1690732181071724, "60": 2.1690732181071724, "61": 2.1690732181071724, "62": 2.1690732181071724, "63": 2.1690732181071724, "64": 2.1690732181071724, "65": 2.1690732181071724, "66": 2.1690732181071724, "67": 2.1690732181071724, "68": 2.1690732181071724, "69": 2.1690732181071724, "70": 2.1690732181071724, "71": 2.1690732181071724, "72": 2.1690732181071724, "73": 2.1690732181071724, "74": 2.1690732181071724, "75": 2.1690732181071724, "76": 2.1690732181071724, "77": 2.1690732181071724, "78": 2.1690732181071724, "79": 2.1690732181071724, "80": 2.1690732181071724, "81": 2.1690732181071724, "82": 2.1690732181071724, "83": 2.1690732181071724, "84": 2.1690732181071724, "85": 2.1690732181071724, "86": 2.1690732181071724, "87": 2.1690732181071724, "88": 2.1690732181071724, "89": 2.1690732181071724, "90": 2.1690732181071724, "91": 2.1690732181071724, "92": 2.1690732181071724, "93": 2.1690732181071724, "94": 2.1690732181071724, "95": 2.1690732181071724, "96": 2.1690732181071724, "97": 1.8437583826797521, "98": 1.8437583826797521, "99": 1.8437583826797521, "100": 1.8437583826797521}