{"0": 20.55927796938406, "1": 6.774875942456493, "2": 2.4450644540910105, "3": 2.4450644540910105, "4": 2.4450644540910105, "5": 2.3132761095265337, "6": 2.3132761095265337, "7": 2.3132761095265337, "8": 1.0219930188723012, "9": 1.0219930188723012, "10": 1.0219930188723012, "11": 1.0219930188723012, "12": 1.0219930188723012, "13": 1.0219930188723012, "14": 1.0219930188723012, "15": 1.0219930188723012, "16": 1.0219930188723012, "17": 1.0219930188723012, "18": 1.0219930188723012, "19": 1.0219930188723012, "20": 1.0219930188723012, "21": 1.0219930188723012, "22": 1.0219930188723012, "23": 1.0206713288393416, "24": 1.0206713288393416, "25": 1.0206713288393416, "26": 1.0206713288393416, "27": 1.0206713288393416, "28": 1.0206713288393416, "29": 1.0206713288393416, "30": 1.0206713288393416, "31": 1.0206713288393416, "32": 1.0206713288393416, "33": 1.0206713288393416, "34": 1.0206713288393416, "35": 1.0206713288393416, "36": 1.0206713288393416, "37": 1.0206713288393416, "38": 1.0206713288393416, "39": 1.0206713288393416, "40": 1.0206713288393416, "41": 1.0206713288393416, "42": 1.0206713288393416, "43": 1.0206713288393416, "44": 1.0206713288393416, "45": 1.0206713288393416, "46": 1.0206713288393416, "47": 1.0206713288393416, "48": 1.0206713288393416, "49": 1.0206713288393416, "50": 1.0206713288393416, "51": 1.0206713288393416, "52": 1.0206713288393416, "53": 1.0206713288393416, "54": 1.0206713288393416, "55": 1.0206713288393416, "56": 1.0206713288393416, "57": 1.0206713288393416, "58": 1.0206713288393416, "59": 1.0206713288393416, "60": 1.0206713288393416, "61": 1.0206713288393416, "62": 1.0206713288393416, "63": 0.6771792032406339, "64": 0.6771792032406339, "65": 0.6771792032406339, "66": 0.6771792032406339, "67": 0.6771792032406339, "68": 0.6771792032406339, "69": 0.6771792032406339, "70": 0.6771792032406339, "71": 0.6771792032406339, "72": 0.6771792032406339, "73": 0.6771792032406339, "74": 0.6771792032406339, "75": 0.6771792032406339, "76": 0.6771792032406339, "77": 0.6771792032406339, "78": 0.6771792032406339, "79": 0.6771792032406339, "80": 0.6771792032406339, "81": 0.6771792032406339, "82": 0.6771792032406339, "83": 0.6771792032406339, "84": 0.6771792032406339, "85": 0.6771792032406339, "86": 0.6771792032406339, "87": 0.6771792032406339, "88": 0.6771792032406339, "89": 0.6771792032406339, "90": 0.6771792032406339, "91": 0.6771792032406339, "92": 0.6771792032406339, "93": 0.6771792032406339, "94": 0.6771792032406339, "95": 0.6771792032406339, "96": 0.6771792032406339, "97": 0.6771792032406339, "98": 0.6771792032406339, "99": 0.6771792032406339, "100": 0.6771792032406339}