{"0": 7.777492545695125, "1": 7.777492545695125, "2": 7.777492545695125, "3": 7.777492545695125, "4": 7.777492545695125, "5": 7.777492545695125, "6": 6.247052868382669, "7": 5.510441390763772, "8": 5.510441390763772, "9": 5.510441390763772, "10": 5.510441390763772, "11": 5.510441390763772, "12": 5.510441390763772, "13": 5.510441390763772, "14": 5.510441390763772, "15": 5.510441390763772, "16": 3.6031605624063303, "17": 3.6031605624063303, "18": 3.6031605624063303, "19": 3.6031605624063303, "20": 3.6031605624063303, "21": 3.6031605624063303, "22": 3.6031605624063303, "23": 3.6031605624063303, "24": 3.6031605624063303, "25": 2.8775899022123, "26": 2.8775899022123, "27": 2.8775899022123, "28": 2.8775899022123, "29": 2.8775899022123, "30": 2.8775899022123, "31": 2.8775899022123, "32": 2.8775899022123, "33": 2.8775899022123, "34": 2.8775899022123, "35": 2.8775899022123, "36": 2.8775899022123, "37": 2.8775899022123, "38": 2.8775899022123, "39": 2.011568656806901, "40": 2.011568656806901, "41": 2.011568656806901, "42": 2.011568656806901, "43": 2.011568656806901, "44": 2.011568656806901, "45": 2.011568656806901, "46": 2.011568656806901, "47": 2.011568656806901, "48": 2.011568656806901, "49": 2.011568656806901, "50": 2.011568656806901, "51": 1.0739439409176512, "52": 1.0739439409176512, "53": 1.0739439409176512, "54": 1.0739439409176512, "55": 1.0739439409176512, "56": 0.80926552812398, "57": 0.80926552812398, "58": 0.80926552812398, "59": 0.80926552812398, "60": 0.80926552812398, "61": 0.80926552812398, "62": 0.80926552812398, "63": 0.80926552812398, "64": 0.80926552812398, "65": 0.80926552812398, "66": 0.80926552812398, "67": 0.80926552812398, "68": 0.80926552812398, "69": 0.80926552812398, "70": 0.80926552812398, "71": 0.80926552812398, "72": 0.80926552812398, "73": 0.80926552812398, "74": 0.80926552812398, "75": 0.80926552812398, "76": 0.80926552812398, "77": 0.80926552812398, "78": 0.80926552812398, "79": 0.80926552812398, "80": 0.80926552812398, "81": 0.80926552812398, "82": 0.80926552812398, "83": 0.80926552812398, "84": 0.80926552812398, "85": 0.80926552812398, "86": 0.80926552812398, "87": 0.80926552812398, "88": 0.80926552812398, "89": 0.80926552812398, "90": 0.80926552812398, "91": 0.80926552812398, "92": 0.80926552812398, "93": 0.80926552812398, "94": 0.80926552812398, "95": 0.80926552812398, "96": 0.80926552812398, "97": 0.80926552812398, "98": 0.80926552812398, "99": 0.80926552812398, "100": 0.80926552812398}