{"0": 6.981076683196793, "1": 6.981076683196793, "2": 5.100322732602606, "3": 4.498131735696697, "4": 4.498131735696697, "5": 3.0677113186328953, "6": 3.0677113186328953, "7": 3.0677113186328953, "8": 3.0677113186328953, "9": 3.0677113186328953, "10": 3.0677113186328953, "11": 2.6000650182304312, "12": 2.6000650182304312, "13": 2.6000650182304312, "14": 2.6000650182304312, "15": 2.6000650182304312, "16": 2.6000650182304312, "17": 2.6000650182304312, "18": 2.6000650182304312, "19": 2.6000650182304312, "20": 2.6000650182304312, "21": 2.6000650182304312, "22": 2.6000650182304312, "23": 2.6000650182304312, "24": 2.6000650182304312, "25": 2.6000650182304312, "26": 0.20583848862835197, "27": 0.20583848862835197, "28": 0.20583848862835197, "29": 0.20583848862835197, "30": 0.20583848862835197, "31": 0.20583848862835197, "32": 0.20583848862835197, "33": 0.20583848862835197, "34": 0.20583848862835197, "35": 0.20583848862835197, "36": 0.20583848862835197, "37": 0.20583848862835197, "38": 0.20583848862835197, "39": 0.20583848862835197, "40": 0.20583848862835197, "41": 0.20583848862835197, "42": 0.20583848862835197, "43": 0.20583848862835197, "44": 0.20583848862835197, "45": 0.20583848862835197, "46": 0.20583848862835197, "47": 0.20583848862835197, "48": 0.20583848862835197, "49": 0.20583848862835197, "50": 0.20583848862835197, "51": 0.20583848862835197, "52": 0.20583848862835197, "53": 0.20583848862835197, "54": 0.20583848862835197, "55": 0.20583848862835197, "56": 0.20583848862835197, "57": 0.20583848862835197, "58": 0.20583848862835197, "59": 0.20583848862835197, "60": 0.20583848862835197, "61": 0.20583848862835197, "62": 0.20583848862835197, "63": 0.20583848862835197, "64": 0.20583848862835197, "65": 0.20583848862835197, "66": 0.20583848862835197, "67": 0.20583848862835197, "68": 0.20583848862835197, "69": 0.20583848862835197, "70": 0.20583848862835197, "71": 0.20583848862835197, "72": 0.20583848862835197, "73": 0.20583848862835197, "74": 0.20583848862835197, "75": 0.20583848862835197, "76": 0.20583848862835197, "77": 0.20583848862835197, "78": 0.20583848862835197, "79": 0.20583848862835197, "80": 0.20583848862835197, "81": 0.20583848862835197, "82": 0.20583848862835197, "83": 0.20583848862835197, "84": 0.20583848862835197, "85": 0.20583848862835197, "86": 0.20583848862835197, "87": 0.20583848862835197, "88": 0.20583848862835197, "89": 0.20583848862835197, "90": 0.20583848862835197, "91": 0.20583848862835197, "92": 0.20583848862835197, "93": 0.20583848862835197, "94": 0.20583848862835197, "95": 0.20583848862835197, "96": 0.20583848862835197, "97": 0.20583848862835197, "98": 0.20583848862835197, "99": 0.20583848862835197, "100": 0.20583848862835197}