{"0": 12.479170419493258, "1": 12.479170419493258, "2": 12.479170419493258, "3": 7.862416619531146, "4": 7.862416619531146, "5": 5.011208366020043, "6": 5.011208366020043, "7": 5.011208366020043, "8": 1.1367668064987981, "9": 1.1367668064987981, "10": 1.1367668064987981, "11": 1.1367668064987981, "12": 1.1367668064987981, "13": 1.1367668064987981, "14": 1.1367668064987981, "15": 1.1367668064987981, "16": 1.1367668064987981, "17": 1.1367668064987981, "18": 1.1367668064987981, "19": 1.1367668064987981, "20": 1.1367668064987981, "21": 1.1367668064987981, "22": 1.1367668064987981, "23": 1.1367668064987981, "24": 1.1367668064987981, "25": 1.0734871610991696, "26": 1.0734871610991696, "27": 1.0734871610991696, "28": 1.0734871610991696, "29": 1.0734871610991696, "30": 1.0734871610991696, "31": 1.0734871610991696, "32": 1.0734871610991696, "33": 1.0734871610991696, "34": 1.0734871610991696, "35": 1.0734871610991696, "36": 1.0734871610991696, "37": 1.0734871610991696, "38": 1.0734871610991696, "39": 1.0734871610991696, "40": 1.0734871610991696, "41": 1.0734871610991696, "42": 1.0734871610991696, "43": 1.0734871610991696, "44": 1.0734871610991696, "45": 1.0734871610991696, "46": 1.0734871610991696, "47": 1.0734871610991696, "48": 1.0734871610991696, "49": 1.0734871610991696, "50": 1.0734871610991696, "51": 1.0734871610991696, "52": 1.0734871610991696, "53": 1.0734871610991696, "54": 1.0734871610991696, "55": 1.0734871610991696, "56": 1.0734871610991696, "57": 1.0734871610991696, "58": 1.0734871610991696, "59": 1.0734871610991696, "60": 1.0734871610991696, "61": 1.0734871610991696, "62": 1.0734871610991696, "63": 1.0734871610991696, "64": 1.0734871610991696, "65": 1.0734871610991696, "66": 1.0734871610991696, "67": 1.0734871610991696, "68": 1.0734871610991696, "69": 1.0734871610991696, "70": 1.0734871610991696, "71": 1.0734871610991696, "72": 1.0734871610991696, "73": 1.0734871610991696, "74": 1.0734871610991696, "75": 1.0734871610991696, "76": 1.0734871610991696, "77": 1.0734871610991696, "78": 1.0734871610991696, "79": 1.0734871610991696, "80": 1.0734871610991696, "81": 1.0734871610991696, "82": 1.0734871610991696, "83": 1.0734871610991696, "84": 1.0734871610991696, "85": 1.0734871610991696, "86": 1.0734871610991696, "87": 1.0734871610991696, "88": 1.0734871610991696, "89": 1.0734871610991696, "90": 1.0734871610991696, "91": 1.0734871610991696, "92": 1.0734871610991696, "93": 1.0734871610991696, "94": 1.0734871610991696, "95": 1.0734871610991696, "96": 1.0734871610991696, "97": 1.0734871610991696, "98": 1.0734871610991696, "99": 1.0734871610991696, "100": 1.0734871610991696}