{"0": 6.17510338964729, "1": 6.17510338964729, "2": 6.17510338964729, "3": 6.17510338964729, "4": 5.020895591591437, "5": 5.020895591591437, "6": 5.020895591591437, "7": 5.020895591591437, "8": 5.020895591591437, "9": 5.020895591591437, "10": 5.020895591591437, "11": 5.020895591591437, "12": 5.020895591591437, "13": 4.701116430948058, "14": 4.701116430948058, "15": 4.701116430948058, "16": 4.701116430948058, "17": 4.530787826492293, "18": 4.530787826492293, "19": 4.530787826492293, "20": 1.8900846447277289, "21": 1.8900846447277289, "22": 1.8900846447277289, "23": 1.8900846447277289, "24": 1.8900846447277289, "25": 1.8900846447277289, "26": 1.8900846447277289, "27": 1.8900846447277289, "28": 1.8900846447277289, "29": 1.8900846447277289, "30": 1.8900846447277289, "31": 1.8900846447277289, "32": 1.8900846447277289, "33": 1.8900846447277289, "34": 1.8900846447277289, "35": 1.8900846447277289, "36": 1.8900846447277289, "37": 1.8900846447277289, "38": 1.8900846447277289, "39": 1.8900846447277289, "40": 1.8900846447277289, "41": 1.8900846447277289, "42": 1.8900846447277289, "43": 1.8900846447277289, "44": 1.8900846447277289, "45": 1.8900846447277289, "46": 1.8900846447277289, "47": 1.8900846447277289, "48": 1.8900846447277289, "49": 1.8900846447277289, "50": 1.8900846447277289, "51": 1.8900846447277289, "52": 1.8900846447277289, "53": 1.7790298283283121, "54": 1.7790298283283121, "55": 1.7790298283283121, "56": 1.7790298283283121, "57": 1.7790298283283121, "58": 1.7790298283283121, "59": 1.7790298283283121, "60": 1.7790298283283121, "61": 1.7790298283283121, "62": 1.7790298283283121, "63": 1.7790298283283121, "64": 1.7790298283283121, "65": 1.7790298283283121, "66": 1.7790298283283121, "67": 1.7790298283283121, "68": 1.7790298283283121, "69": 1.7790298283283121, "70": 1.7790298283283121, "71": 1.7790298283283121, "72": 1.7790298283283121, "73": 1.7790298283283121, "74": 1.7790298283283121, "75": 1.7790298283283121, "76": 1.7790298283283121, "77": 1.7790298283283121, "78": 1.7790298283283121, "79": 1.7790298283283121, "80": 1.7790298283283121, "81": 1.7790298283283121, "82": 1.7790298283283121, "83": 1.7790298283283121, "84": 1.7790298283283121, "85": 1.7790298283283121, "86": 1.7790298283283121, "87": 1.7790298283283121, "88": 1.7790298283283121, "89": 1.7790298283283121, "90": 1.7790298283283121, "91": 1.7790298283283121, "92": 1.7790298283283121, "93": 1.7790298283283121, "94": 1.7790298283283121, "95": 1.7790298283283121, "96": 1.7790298283283121, "97": 1.7790298283283121, "98": 1.7790298283283121, "99": 1.7790298283283121, "100": 1.7790298283283121}