{"0": 20.130978307997225, "1": 5.18075751656626, "2": 5.18075751656626, "3": 5.18075751656626, "4": 1.3367332048233322, "5": 1.3367332048233322, "6": 1.3367332048233322, "7": 1.3367332048233322, "8": 1.3367332048233322, "9": 1.3367332048233322, "10": 1.3367332048233322, "11": 1.3367332048233322, "12": 1.3367332048233322, "13": 1.3367332048233322, "14": 1.3127589293591981, "15": 1.3127589293591981, "16": 1.3127589293591981, "17": 1.3127589293591981, "18": 1.3127589293591981, "19": 1.3127589293591981, "20": 1.3127589293591981, "21": 1.3127589293591981, "22": 1.3127589293591981, "23": 1.3127589293591981, "24": 0.3204104344199905, "25": 0.3204104344199905, "26": 0.3204104344199905, "27": 0.3204104344199905, "28": 0.2652968750674063, "29": 0.2652968750674063, "30": 0.2652968750674063, "31": 0.2652968750674063, "32": 0.2652968750674063, "33": 0.2652968750674063, "34": 0.2652968750674063, "35": 0.2652968750674063, "36": 0.2652968750674063, "37": 0.2652968750674063, "38": 0.2652968750674063, "39": 0.2652968750674063, "40": 0.2652968750674063, "41": 0.20034024191078004, "42": 0.20034024191078004, "43": 0.20034024191078004, "44": 0.20034024191078004, "45": 0.20034024191078004, "46": 0.20034024191078004, "47": 0.20034024191078004, "48": 0.20034024191078004, "49": 0.20034024191078004, "50": 0.20034024191078004, "51": 0.20034024191078004, "52": 0.20034024191078004, "53": 0.20034024191078004, "54": 0.20034024191078004, "55": 0.20034024191078004, "56": 0.20034024191078004, "57": 0.20034024191078004, "58": 0.20034024191078004, "59": 0.20034024191078004, "60": 0.20034024191078004, "61": 0.20034024191078004, "62": 0.20034024191078004, "63": 0.20034024191078004, "64": 0.20034024191078004, "65": 0.20034024191078004, "66": 0.20034024191078004, "67": 0.20034024191078004, "68": 0.20034024191078004, "69": 0.20034024191078004, "70": 0.20034024191078004, "71": 0.20034024191078004, "72": 0.20034024191078004, "73": 0.20034024191078004, "74": 0.20034024191078004, "75": 0.20034024191078004, "76": 0.20034024191078004, "77": 0.20034024191078004, "78": 0.20034024191078004, "79": 0.20034024191078004, "80": 0.20034024191078004, "81": 0.20034024191078004, "82": 0.20034024191078004, "83": 0.20034024191078004, "84": 0.20034024191078004, "85": 0.20034024191078004, "86": 0.20034024191078004, "87": 0.20034024191078004, "88": 0.20034024191078004, "89": 0.20034024191078004, "90": 0.20034024191078004, "91": 0.20034024191078004, "92": 0.20034024191078004, "93": 0.20034024191078004, "94": 0.20034024191078004, "95": 0.20034024191078004, "96": 0.20034024191078004, "97": 0.20034024191078004, "98": 0.20034024191078004, "99": 0.20034024191078004, "100": 0.20034024191078004}