{"0": 23.685620941929237, "1": 23.685620941929237, "2": 20.2907547760559, "3": 5.898749490726161, "4": 5.898749490726161, "5": 5.898749490726161, "6": 5.55218417817029, "7": 5.030314387623941, "8": 5.030314387623941, "9": 5.030314387623941, "10": 1.105490077122397, "11": 1.105490077122397, "12": 1.105490077122397, "13": 1.105490077122397, "14": 1.105490077122397, "15": 1.105490077122397, "16": 1.105490077122397, "17": 1.105490077122397, "18": 1.105490077122397, "19": 1.105490077122397, "20": 1.105490077122397, "21": 1.105490077122397, "22": 1.105490077122397, "23": 1.105490077122397, "24": 1.105490077122397, "25": 0.8850385862093084, "26": 0.8602151176730573, "27": 0.8602151176730573, "28": 0.8602151176730573, "29": 0.8602151176730573, "30": 0.8602151176730573, "31": 0.8602151176730573, "32": 0.8602151176730573, "33": 0.8602151176730573, "34": 0.8602151176730573, "35": 0.8602151176730573, "36": 0.8602151176730573, "37": 0.5271656037670702, "38": 0.5271656037670702, "39": 0.5271656037670702, "40": 0.5271656037670702, "41": 0.5271656037670702, "42": 0.5271656037670702, "43": 0.5271656037670702, "44": 0.5271656037670702, "45": 0.5271656037670702, "46": 0.5271656037670702, "47": 0.5271656037670702, "48": 0.5271656037670702, "49": 0.5271656037670702, "50": 0.5271656037670702, "51": 0.5271656037670702, "52": 0.5271656037670702, "53": 0.5271656037670702, "54": 0.5271656037670702, "55": 0.5271656037670702, "56": 0.5271656037670702, "57": 0.5271656037670702, "58": 0.5271656037670702, "59": 0.5271656037670702, "60": 0.5271656037670702, "61": 0.5271656037670702, "62": 0.5271656037670702, "63": 0.5271656037670702, "64": 0.5271656037670702, "65": 0.5271656037670702, "66": 0.5271656037670702, "67": 0.5271656037670702, "68": 0.5271656037670702, "69": 0.5271656037670702, "70": 0.5271656037670702, "71": 0.5271656037670702, "72": 0.5271656037670702, "73": 0.5271656037670702, "74": 0.5271656037670702, "75": 0.5271656037670702, "76": 0.5271656037670702, "77": 0.5271656037670702, "78": 0.5271656037670702, "79": 0.5271656037670702, "80": 0.5271656037670702, "81": 0.5271656037670702, "82": 0.5271656037670702, "83": 0.5271656037670702, "84": 0.5271656037670702, "85": 0.5271656037670702, "86": 0.5271656037670702, "87": 0.5271656037670702, "88": 0.5271656037670702, "89": 0.5271656037670702, "90": 0.5271656037670702, "91": 0.5271656037670702, "92": 0.5271656037670702, "93": 0.5271656037670702, "94": 0.5271656037670702, "95": 0.5271656037670702, "96": 0.5271656037670702, "97": 0.5271656037670702, "98": 0.5271656037670702, "99": 0.5271656037670702, "100": 0.5271656037670702}