{"0": 7.094513613098414, "1": 4.142787456309591, "2": 4.142787456309591, "3": 4.142787456309591, "4": 4.142787456309591, "5": 4.142787456309591, "6": 3.5494635501201657, "7": 3.5494635501201657, "8": 3.5494635501201657, "9": 3.5494635501201657, "10": 1.5585062929488274, "11": 1.0543217960749018, "12": 1.0543217960749018, "13": 1.0543217960749018, "14": 1.0543217960749018, "15": 1.0543217960749018, "16": 1.0543217960749018, "17": 1.0543217960749018, "18": 0.9705669845801523, "19": 0.9705669845801523, "20": 0.9705669845801523, "21": 0.9705669845801523, "22": 0.9705669845801523, "23": 0.9705669845801523, "24": 0.9705669845801523, "25": 0.9705669845801523, "26": 0.9705669845801523, "27": 0.9705669845801523, "28": 0.9705669845801523, "29": 0.9705669845801523, "30": 0.9705669845801523, "31": 0.9705669845801523, "32": 0.9705669845801523, "33": 0.9705669845801523, "34": 0.9705669845801523, "35": 0.9705669845801523, "36": 0.9705669845801523, "37": 0.9705669845801523, "38": 0.9705669845801523, "39": 0.9705669845801523, "40": 0.7462776270073377, "41": 0.7462776270073377, "42": 0.7462776270073377, "43": 0.7462776270073377, "44": 0.7462776270073377, "45": 0.7462776270073377, "46": 0.7462776270073377, "47": 0.7462776270073377, "48": 0.7462776270073377, "49": 0.20785021842506168, "50": 0.20785021842506168, "51": 0.20785021842506168, "52": 0.20785021842506168, "53": 0.20785021842506168, "54": 0.20785021842506168, "55": 0.20785021842506168, "56": 0.20785021842506168, "57": 0.20785021842506168, "58": 0.20785021842506168, "59": 0.20785021842506168, "60": 0.20785021842506168, "61": 0.20785021842506168, "62": 0.20785021842506168, "63": 0.20785021842506168, "64": 0.20785021842506168, "65": 0.20785021842506168, "66": 0.20785021842506168, "67": 0.20785021842506168, "68": 0.20785021842506168, "69": 0.20785021842506168, "70": 0.20785021842506168, "71": 0.20785021842506168, "72": 0.20785021842506168, "73": 0.20785021842506168, "74": 0.20785021842506168, "75": 0.20785021842506168, "76": 0.20785021842506168, "77": 0.20785021842506168, "78": 0.20785021842506168, "79": 0.20785021842506168, "80": 0.20785021842506168, "81": 0.20785021842506168, "82": 0.20785021842506168, "83": 0.20785021842506168, "84": 0.20785021842506168, "85": 0.20785021842506168, "86": 0.20785021842506168, "87": 0.20785021842506168, "88": 0.20785021842506168, "89": 0.20785021842506168, "90": 0.20785021842506168, "91": 0.20785021842506168, "92": 0.20785021842506168, "93": 0.20785021842506168, "94": 0.20785021842506168, "95": 0.20785021842506168, "96": 0.20785021842506168, "97": 0.20785021842506168, "98": 0.20785021842506168, "99": 0.20785021842506168, "100": 0.20785021842506168}