{"0": 7.445130133953786, "1": 7.445130133953786, "2": 7.445130133953786, "3": 7.445130133953786, "4": 7.445130133953786, "5": 6.336078276336204, "6": 5.1391956917999195, "7": 5.1391956917999195, "8": 1.1350261258507004, "9": 1.1350261258507004, "10": 1.1350261258507004, "11": 1.1350261258507004, "12": 1.1350261258507004, "13": 1.1350261258507004, "14": 1.0287044817831195, "15": 1.0287044817831195, "16": 1.0287044817831195, "17": 1.0287044817831195, "18": 1.0287044817831195, "19": 1.0287044817831195, "20": 1.0287044817831195, "21": 1.0287044817831195, "22": 1.0287044817831195, "23": 1.0287044817831195, "24": 1.0287044817831195, "25": 1.0287044817831195, "26": 1.0287044817831195, "27": 1.0287044817831195, "28": 1.0287044817831195, "29": 1.0287044817831195, "30": 1.0287044817831195, "31": 1.0287044817831195, "32": 1.0287044817831195, "33": 1.0287044817831195, "34": 1.0287044817831195, "35": 1.0287044817831195, "36": 1.0287044817831195, "37": 1.0287044817831195, "38": 1.0287044817831195, "39": 1.0287044817831195, "40": 1.0287044817831195, "41": 1.0287044817831195, "42": 1.0287044817831195, "43": 1.0287044817831195, "44": 1.0287044817831195, "45": 1.0287044817831195, "46": 1.0287044817831195, "47": 1.0287044817831195, "48": 1.0287044817831195, "49": 1.0287044817831195, "50": 1.0104825016288004, "51": 1.0104825016288004, "52": 1.0104825016288004, "53": 1.0104825016288004, "54": 1.0104825016288004, "55": 1.0104825016288004, "56": 1.0104825016288004, "57": 1.0104825016288004, "58": 1.0104825016288004, "59": 1.0104825016288004, "60": 1.0104825016288004, "61": 1.0104825016288004, "62": 1.0104825016288004, "63": 1.0104825016288004, "64": 1.0104825016288004, "65": 1.0104825016288004, "66": 1.0104825016288004, "67": 1.0104825016288004, "68": 1.0104825016288004, "69": 1.0104825016288004, "70": 1.0104825016288004, "71": 1.0104825016288004, "72": 1.0104825016288004, "73": 0.7935672147740291, "74": 0.7935672147740291, "75": 0.16133756238545516, "76": 0.16133756238545516, "77": 0.16133756238545516, "78": 0.16133756238545516, "79": 0.16133756238545516, "80": 0.16133756238545516, "81": 0.16133756238545516, "82": 0.16133756238545516, "83": 0.16133756238545516, "84": 0.16133756238545516, "85": 0.16133756238545516, "86": 0.16133756238545516, "87": 0.16133756238545516, "88": 0.16133756238545516, "89": 0.16133756238545516, "90": 0.16133756238545516, "91": 0.16133756238545516, "92": 0.16133756238545516, "93": 0.16133756238545516, "94": 0.16133756238545516, "95": 0.16133756238545516, "96": 0.16133756238545516, "97": 0.16133756238545516, "98": 0.16133756238545516, "99": 0.16133756238545516, "100": 0.16133756238545516}