{"0": 19.729305889947224, "1": 19.729305889947224, "2": 19.729305889947224, "3": 2.8485538362633775, "4": 2.8485538362633775, "5": 2.8485538362633775, "6": 2.8485538362633775, "7": 2.8485538362633775, "8": 2.8485538362633775, "9": 2.8485538362633775, "10": 2.8485538362633775, "11": 2.5155980480730733, "12": 2.5155980480730733, "13": 2.5155980480730733, "14": 2.5155980480730733, "15": 2.5155980480730733, "16": 2.5155980480730733, "17": 1.8321609260780356, "18": 1.8321609260780356, "19": 1.8321609260780356, "20": 1.8321609260780356, "21": 1.8321609260780356, "22": 1.8321609260780356, "23": 1.8321609260780356, "24": 1.8321609260780356, "25": 1.8321609260780356, "26": 1.8321609260780356, "27": 1.829882888490431, "28": 1.829882888490431, "29": 1.829882888490431, "30": 1.452155856214354, "31": 1.452155856214354, "32": 1.452155856214354, "33": 1.452155856214354, "34": 1.452155856214354, "35": 1.444649035044371, "36": 1.444649035044371, "37": 1.444649035044371, "38": 1.444649035044371, "39": 1.444649035044371, "40": 1.444649035044371, "41": 1.444649035044371, "42": 1.444649035044371, "43": 1.444649035044371, "44": 1.444649035044371, "45": 1.444649035044371, "46": 1.444649035044371, "47": 1.444649035044371, "48": 1.444649035044371, "49": 1.444649035044371, "50": 1.444649035044371, "51": 0.2771856058260198, "52": 0.2771856058260198, "53": 0.2771856058260198, "54": 0.2771856058260198, "55": 0.2771856058260198, "56": 0.2771856058260198, "57": 0.2771856058260198, "58": 0.2771856058260198, "59": 0.2771856058260198, "60": 0.2771856058260198, "61": 0.2771856058260198, "62": 0.2771856058260198, "63": 0.2771856058260198, "64": 0.2771856058260198, "65": 0.2771856058260198, "66": 0.2771856058260198, "67": 0.2771856058260198, "68": 0.2771856058260198, "69": 0.2771856058260198, "70": 0.2771856058260198, "71": 0.2771856058260198, "72": 0.2771856058260198, "73": 0.2771856058260198, "74": 0.2771856058260198, "75": 0.2771856058260198, "76": 0.2771856058260198, "77": 0.2771856058260198, "78": 0.2771856058260198, "79": 0.2771856058260198, "80": 0.2771856058260198, "81": 0.2771856058260198, "82": 0.2771856058260198, "83": 0.2771856058260198, "84": 0.2771856058260198, "85": 0.2771856058260198, "86": 0.2771856058260198, "87": 0.2771856058260198, "88": 0.2771856058260198, "89": 0.2771856058260198, "90": 0.2771856058260198, "91": 0.2771856058260198, "92": 0.2771856058260198, "93": 0.2771856058260198, "94": 0.2771856058260198, "95": 0.2771856058260198, "96": 0.12168238428053257, "97": 0.12168238428053257, "98": 0.12168238428053257, "99": 0.12168238428053257, "100": 0.12168238428053257}