{"0": 20.093516122511357, "1": 20.093516122511357, "2": 9.783097640075141, "3": 9.783097640075141, "4": 9.783097640075141, "5": 9.783097640075141, "6": 9.783097640075141, "7": 9.783097640075141, "8": 6.312732276594311, "9": 4.352403202155617, "10": 4.352403202155617, "11": 4.352403202155617, "12": 4.352403202155617, "13": 1.9454756480187179, "14": 1.1780929915799092, "15": 1.1780929915799092, "16": 1.1780929915799092, "17": 1.1780929915799092, "18": 1.1780929915799092, "19": 1.1780929915799092, "20": 1.1780929915799092, "21": 1.083959891520216, "22": 1.083959891520216, "23": 1.083959891520216, "24": 1.083959891520216, "25": 1.083959891520216, "26": 1.083959891520216, "27": 1.083959891520216, "28": 1.083959891520216, "29": 1.083959891520216, "30": 1.083959891520216, "31": 1.083959891520216, "32": 1.083959891520216, "33": 1.083959891520216, "34": 1.083959891520216, "35": 1.083959891520216, "36": 1.083959891520216, "37": 1.083959891520216, "38": 1.083959891520216, "39": 1.083959891520216, "40": 1.083959891520216, "41": 1.083959891520216, "42": 1.083959891520216, "43": 1.083959891520216, "44": 1.083959891520216, "45": 1.083959891520216, "46": 1.083959891520216, "47": 1.083959891520216, "48": 1.083959891520216, "49": 1.083959891520216, "50": 1.083959891520216, "51": 1.083959891520216, "52": 1.083959891520216, "53": 1.083959891520216, "54": 1.083959891520216, "55": 1.083959891520216, "56": 1.083959891520216, "57": 1.083959891520216, "58": 1.083959891520216, "59": 1.083959891520216, "60": 1.083959891520216, "61": 1.083959891520216, "62": 1.083959891520216, "63": 1.083959891520216, "64": 1.083959891520216, "65": 1.083959891520216, "66": 1.083959891520216, "67": 1.083959891520216, "68": 1.083959891520216, "69": 1.083959891520216, "70": 1.083959891520216, "71": 1.083959891520216, "72": 1.083959891520216, "73": 1.083959891520216, "74": 1.083959891520216, "75": 1.083959891520216, "76": 1.083959891520216, "77": 1.083959891520216, "78": 1.083959891520216, "79": 1.083959891520216, "80": 1.083959891520216, "81": 1.083959891520216, "82": 1.083959891520216, "83": 1.083959891520216, "84": 1.083959891520216, "85": 1.083959891520216, "86": 1.083959891520216, "87": 1.083959891520216, "88": 1.083959891520216, "89": 1.083959891520216, "90": 1.083959891520216, "91": 1.083959891520216, "92": 1.083959891520216, "93": 1.083959891520216, "94": 1.083959891520216, "95": 1.083959891520216, "96": 1.083959891520216, "97": 1.083959891520216, "98": 1.083959891520216, "99": 1.083959891520216, "100": 1.083959891520216}