{"0": 23.307079625951346, "1": 23.307079625951346, "2": 11.742260972672465, "3": 10.077291924003998, "4": 7.074384375462753, "5": 7.074384375462753, "6": 7.074384375462753, "7": 7.074384375462753, "8": 7.074384375462753, "9": 7.074384375462753, "10": 4.569879319095659, "11": 4.569879319095659, "12": 4.569879319095659, "13": 4.569879319095659, "14": 4.569879319095659, "15": 4.569879319095659, "16": 4.36258615938236, "17": 4.36258615938236, "18": 3.6897604394698362, "19": 3.6897604394698362, "20": 2.523988284025439, "21": 2.523988284025439, "22": 2.523988284025439, "23": 2.523988284025439, "24": 1.8780355375314457, "25": 1.8780355375314457, "26": 1.8780355375314457, "27": 1.8780355375314457, "28": 1.8780355375314457, "29": 1.8780355375314457, "30": 1.8780355375314457, "31": 1.8780355375314457, "32": 1.8780355375314457, "33": 1.8780355375314457, "34": 1.8780355375314457, "35": 1.8780355375314457, "36": 1.8780355375314457, "37": 1.8780355375314457, "38": 1.8780355375314457, "39": 1.8780355375314457, "40": 1.8780355375314457, "41": 1.8780355375314457, "42": 1.8780355375314457, "43": 1.8780355375314457, "44": 1.8780355375314457, "45": 1.8780355375314457, "46": 1.8780355375314457, "47": 1.8780355375314457, "48": 1.8780355375314457, "49": 1.8780355375314457, "50": 1.8780355375314457, "51": 1.8780355375314457, "52": 1.8780355375314457, "53": 1.8780355375314457, "54": 1.8780355375314457, "55": 1.8780355375314457, "56": 1.8780355375314457, "57": 1.8780355375314457, "58": 1.8780355375314457, "59": 1.8780355375314457, "60": 1.8780355375314457, "61": 1.8780355375314457, "62": 1.4171302256677194, "63": 1.4171302256677194, "64": 1.4171302256677194, "65": 1.4171302256677194, "66": 1.4171302256677194, "67": 1.4171302256677194, "68": 1.4171302256677194, "69": 1.4171302256677194, "70": 1.4171302256677194, "71": 1.4171302256677194, "72": 1.4171302256677194, "73": 1.4171302256677194, "74": 1.4171302256677194, "75": 1.4171302256677194, "76": 1.4171302256677194, "77": 1.4171302256677194, "78": 1.4171302256677194, "79": 1.4171302256677194, "80": 1.4171302256677194, "81": 1.4171302256677194, "82": 1.4171302256677194, "83": 1.4171302256677194, "84": 1.4171302256677194, "85": 1.4171302256677194, "86": 1.4171302256677194, "87": 1.4171302256677194, "88": 1.4171302256677194, "89": 1.4171302256677194, "90": 1.4171302256677194, "91": 1.4171302256677194, "92": 1.4171302256677194, "93": 1.4171302256677194, "94": 1.4171302256677194, "95": 1.4171302256677194, "96": 1.4171302256677194, "97": 1.4171302256677194, "98": 1.4171302256677194, "99": 1.4171302256677194, "100": 1.4171302256677194}