{"0": 20.58435738332095, "1": 10.735038403210165, "2": 10.735038403210165, "3": 2.1704111205158085, "4": 2.1704111205158085, "5": 2.1704111205158085, "6": 2.1704111205158085, "7": 2.1704111205158085, "8": 2.1704111205158085, "9": 2.1704111205158085, "10": 2.1704111205158085, "11": 2.1704111205158085, "12": 2.1704111205158085, "13": 1.911523664128456, "14": 1.911523664128456, "15": 1.6109082979244853, "16": 1.6109082979244853, "17": 1.6109082979244853, "18": 1.6109082979244853, "19": 1.6055558314348062, "20": 1.6055558314348062, "21": 1.6055558314348062, "22": 1.6055558314348062, "23": 1.6055558314348062, "24": 1.6055558314348062, "25": 1.6055558314348062, "26": 1.6055558314348062, "27": 1.6055558314348062, "28": 1.6055558314348062, "29": 1.6055558314348062, "30": 1.6055558314348062, "31": 1.0839249257463592, "32": 1.0839249257463592, "33": 1.0839249257463592, "34": 1.0839249257463592, "35": 1.0839249257463592, "36": 1.0839249257463592, "37": 1.0839249257463592, "38": 1.0839249257463592, "39": 1.0839249257463592, "40": 1.0839249257463592, "41": 1.0839249257463592, "42": 1.0839249257463592, "43": 1.0839249257463592, "44": 1.0839249257463592, "45": 1.0839249257463592, "46": 1.0839249257463592, "47": 1.0839249257463592, "48": 1.0839249257463592, "49": 1.071422956594386, "50": 1.071422956594386, "51": 1.071422956594386, "52": 1.071422956594386, "53": 1.071422956594386, "54": 1.071422956594386, "55": 1.071422956594386, "56": 1.071422956594386, "57": 1.071422956594386, "58": 1.071422956594386, "59": 1.071422956594386, "60": 1.071422956594386, "61": 1.071422956594386, "62": 1.071422956594386, "63": 1.071422956594386, "64": 1.071422956594386, "65": 1.071422956594386, "66": 1.071422956594386, "67": 1.071422956594386, "68": 1.071422956594386, "69": 1.071422956594386, "70": 1.071422956594386, "71": 1.071422956594386, "72": 1.071422956594386, "73": 1.071422956594386, "74": 1.071422956594386, "75": 1.071422956594386, "76": 1.071422956594386, "77": 1.071422956594386, "78": 1.071422956594386, "79": 1.071422956594386, "80": 1.071422956594386, "81": 1.071422956594386, "82": 1.071422956594386, "83": 1.071422956594386, "84": 1.071422956594386, "85": 1.071422956594386, "86": 1.071422956594386, "87": 1.071422956594386, "88": 1.071422956594386, "89": 1.071422956594386, "90": 1.071422956594386, "91": 1.071422956594386, "92": 1.071422956594386, "93": 1.071422956594386, "94": 1.071422956594386, "95": 1.071422956594386, "96": 1.071422956594386, "97": 1.071422956594386, "98": 1.071422956594386, "99": 1.071422956594386, "100": 1.071422956594386}