{"0": 9.230858462424738, "1": 7.189236716682505, "2": 7.189236716682505, "3": 7.189236716682505, "4": 0.84821147608627, "5": 0.84821147608627, "6": 0.84821147608627, "7": 0.84821147608627, "8": 0.84821147608627, "9": 0.84821147608627, "10": 0.84821147608627, "11": 0.84821147608627, "12": 0.84821147608627, "13": 0.84821147608627, "14": 0.84821147608627, "15": 0.84821147608627, "16": 0.84821147608627, "17": 0.84821147608627, "18": 0.84821147608627, "19": 0.84821147608627, "20": 0.84821147608627, "21": 0.84821147608627, "22": 0.5202371375757515, "23": 0.5202371375757515, "24": 0.5202371375757515, "25": 0.5202371375757515, "26": 0.5202371375757515, "27": 0.5202371375757515, "28": 0.5202371375757515, "29": 0.5202371375757515, "30": 0.5202371375757515, "31": 0.5202371375757515, "32": 0.5202371375757515, "33": 0.5202371375757515, "34": 0.5202371375757515, "35": 0.5202371375757515, "36": 0.5202371375757515, "37": 0.5202371375757515, "38": 0.5202371375757515, "39": 0.5202371375757515, "40": 0.5202371375757515, "41": 0.5202371375757515, "42": 0.5202371375757515, "43": 0.5202371375757515, "44": 0.5202371375757515, "45": 0.5202371375757515, "46": 0.5202371375757515, "47": 0.5202371375757515, "48": 0.5202371375757515, "49": 0.5202371375757515, "50": 0.5202371375757515, "51": 0.5202371375757515, "52": 0.5202371375757515, "53": 0.5202371375757515, "54": 0.5202371375757515, "55": 0.5202371375757515, "56": 0.5202371375757515, "57": 0.5202371375757515, "58": 0.5202371375757515, "59": 0.5202371375757515, "60": 0.5202371375757515, "61": 0.5202371375757515, "62": 0.5202371375757515, "63": 0.5202371375757515, "64": 0.5202371375757515, "65": 0.5202371375757515, "66": 0.5202371375757515, "67": 0.07812425573964532, "68": 0.07812425573964532, "69": 0.07812425573964532, "70": 0.07812425573964532, "71": 0.07812425573964532, "72": 0.07812425573964532, "73": 0.07812425573964532, "74": 0.07812425573964532, "75": 0.07812425573964532, "76": 0.07812425573964532, "77": 0.07812425573964532, "78": 0.07812425573964532, "79": 0.07812425573964532, "80": 0.07812425573964532, "81": 0.07812425573964532, "82": 0.07812425573964532, "83": 0.07812425573964532, "84": 0.07812425573964532, "85": 0.07812425573964532, "86": 0.07812425573964532, "87": 0.07812425573964532, "88": 0.07812425573964532, "89": 0.07812425573964532, "90": 0.07812425573964532, "91": 0.07812425573964532, "92": 0.07812425573964532, "93": 0.07812425573964532, "94": 0.07812425573964532, "95": 0.07812425573964532, "96": 0.07812425573964532, "97": 0.07812425573964532, "98": 0.07812425573964532, "99": 0.07812425573964532, "100": 0.07812425573964532}