{"0": 5.2522814488916865, "1": 5.2522814488916865, "2": 5.2522814488916865, "3": 5.2522814488916865, "4": 5.2522814488916865, "5": 5.2522814488916865, "6": 5.2522814488916865, "7": 5.2522814488916865, "8": 5.2522814488916865, "9": 5.2522814488916865, "10": 5.2522814488916865, "11": 5.2522814488916865, "12": 5.2522814488916865, "13": 5.2522814488916865, "14": 5.2522814488916865, "15": 5.2522814488916865, "16": 5.2522814488916865, "17": 5.2522814488916865, "18": 5.2522814488916865, "19": 5.2522814488916865, "20": 5.2522814488916865, "21": 4.021745678176295, "22": 4.021745678176295, "23": 4.021745678176295, "24": 4.021745678176295, "25": 4.021745678176295, "26": 4.021745678176295, "27": 4.021745678176295, "28": 4.021745678176295, "29": 4.021745678176295, "30": 4.021745678176295, "31": 4.021745678176295, "32": 4.021745678176295, "33": 4.021745678176295, "34": 4.021745678176295, "35": 1.3828511846545695, "36": 1.3828511846545695, "37": 1.3828511846545695, "38": 1.3828511846545695, "39": 1.3828511846545695, "40": 1.3828511846545695, "41": 1.3828511846545695, "42": 1.077616945174892, "43": 1.077616945174892, "44": 1.077616945174892, "45": 1.077616945174892, "46": 1.077616945174892, "47": 1.077616945174892, "48": 1.077616945174892, "49": 1.077616945174892, "50": 1.077616945174892, "51": 1.077616945174892, "52": 1.077616945174892, "53": 1.077616945174892, "54": 1.077616945174892, "55": 1.077616945174892, "56": 1.077616945174892, "57": 1.077616945174892, "58": 1.077616945174892, "59": 1.077616945174892, "60": 1.077616945174892, "61": 1.077616945174892, "62": 1.077616945174892, "63": 1.077616945174892, "64": 1.077616945174892, "65": 1.077616945174892, "66": 1.077616945174892, "67": 1.077616945174892, "68": 1.077616945174892, "69": 1.077616945174892, "70": 1.077616945174892, "71": 1.077616945174892, "72": 1.077616945174892, "73": 1.077616945174892, "74": 1.077616945174892, "75": 1.077616945174892, "76": 1.077616945174892, "77": 1.077616945174892, "78": 1.077616945174892, "79": 1.077616945174892, "80": 1.077616945174892, "81": 1.077616945174892, "82": 1.077616945174892, "83": 1.077616945174892, "84": 1.077616945174892, "85": 1.077616945174892, "86": 1.077616945174892, "87": 1.077616945174892, "88": 1.077616945174892, "89": 1.077616945174892, "90": 1.077616945174892, "91": 1.044936105700323, "92": 1.044936105700323, "93": 1.044936105700323, "94": 1.044936105700323, "95": 1.044936105700323, "96": 1.044936105700323, "97": 1.044936105700323, "98": 1.044936105700323, "99": 1.044936105700323, "100": 1.044936105700323}