{"0": 16.237739471199372, "1": 9.340212744358421, "2": 9.340212744358421, "3": 9.340212744358421, "4": 9.340212744358421, "5": 4.055285057029836, "6": 4.055285057029836, "7": 0.0378009366787353, "8": 0.0378009366787353, "9": 0.0378009366787353, "10": 0.0378009366787353, "11": 0.0378009366787353, "12": 0.0378009366787353, "13": 0.0378009366787353, "14": 0.0378009366787353, "15": 0.0378009366787353, "16": 0.0378009366787353, "17": 0.0378009366787353, "18": 0.0378009366787353, "19": 0.0378009366787353, "20": 0.0378009366787353, "21": 0.0378009366787353, "22": 0.0378009366787353, "23": 0.03475445844717484, "24": 0.03475445844717484, "25": 0.03475445844717484, "26": 0.03475445844717484, "27": 0.03475445844717484, "28": 0.03475445844717484, "29": 0.03475445844717484, "30": 0.03475445844717484, "31": 0.03475445844717484, "32": 0.03475445844717484, "33": 0.03475445844717484, "34": 0.03475445844717484, "35": 0.03475445844717484, "36": 0.03475445844717484, "37": 0.03475445844717484, "38": 0.03475445844717484, "39": 0.03475445844717484, "40": 0.03475445844717484, "41": 0.03475445844717484, "42": 0.03475445844717484, "43": 0.03475445844717484, "44": 0.03475445844717484, "45": 0.03475445844717484, "46": 0.03475445844717484, "47": 0.03475445844717484, "48": 0.03475445844717484, "49": 0.03475445844717484, "50": 0.03475445844717484, "51": 0.03475445844717484, "52": 0.03475445844717484, "53": 0.03475445844717484, "54": 0.03475445844717484, "55": 0.03475445844717484, "56": 0.03475445844717484, "57": 0.03475445844717484, "58": 0.03475445844717484, "59": 0.03475445844717484, "60": 0.03475445844717484, "61": 0.03475445844717484, "62": 0.03475445844717484, "63": 0.03475445844717484, "64": 0.03475445844717484, "65": 0.03475445844717484, "66": 0.03475445844717484, "67": 0.03475445844717484, "68": 0.03475445844717484, "69": 0.03475445844717484, "70": 0.03475445844717484, "71": 0.03475445844717484, "72": 0.03475445844717484, "73": 0.03475445844717484, "74": 0.03475445844717484, "75": 0.03475445844717484, "76": 0.03475445844717484, "77": 0.03475445844717484, "78": 0.03475445844717484, "79": 0.03475445844717484, "80": 0.03475445844717484, "81": 0.03475445844717484, "82": 0.03475445844717484, "83": 0.03475445844717484, "84": 0.03475445844717484, "85": 0.03475445844717484, "86": 0.03475445844717484, "87": 0.03475445844717484, "88": 0.03475445844717484, "89": 0.03475445844717484, "90": 0.03475445844717484, "91": 0.03475445844717484, "92": 0.03475445844717484, "93": 0.03475445844717484, "94": 0.03475445844717484, "95": 0.03475445844717484, "96": 0.03475445844717484, "97": 0.03475445844717484, "98": 0.03475445844717484, "99": 0.03475445844717484, "100": 0.03475445844717484}