{"0": 10.712583458917571, "1": 10.712583458917571, "2": 10.712583458917571, "3": 10.712583458917571, "4": 10.712583458917571, "5": 6.875016392793185, "6": 6.875016392793185, "7": 6.875016392793185, "8": 6.875016392793185, "9": 6.875016392793185, "10": 6.875016392793185, "11": 6.351001367649385, "12": 6.351001367649385, "13": 5.749461314616902, "14": 5.749461314616902, "15": 5.749461314616902, "16": 5.749461314616902, "17": 5.749461314616902, "18": 5.749461314616902, "19": 5.56756235158846, "20": 5.56756235158846, "21": 4.465358235604748, "22": 4.465358235604748, "23": 4.465358235604748, "24": 4.465358235604748, "25": 3.864540077501985, "26": 3.864540077501985, "27": 3.864540077501985, "28": 1.103255298552149, "29": 1.103255298552149, "30": 1.103255298552149, "31": 1.103255298552149, "32": 1.103255298552149, "33": 1.103255298552149, "34": 1.0164056401532342, "35": 1.0164056401532342, "36": 1.0164056401532342, "37": 1.0164056401532342, "38": 1.0164056401532342, "39": 1.0164056401532342, "40": 1.0164056401532342, "41": 1.0164056401532342, "42": 1.0164056401532342, "43": 1.0164056401532342, "44": 1.0164056401532342, "45": 1.0164056401532342, "46": 1.0164056401532342, "47": 1.0164056401532342, "48": 1.0164056401532342, "49": 1.0164056401532342, "50": 1.0164056401532342, "51": 1.0164056401532342, "52": 1.0164056401532342, "53": 1.0164056401532342, "54": 1.0164056401532342, "55": 1.0164056401532342, "56": 1.0164056401532342, "57": 1.0164056401532342, "58": 1.0164056401532342, "59": 1.0164056401532342, "60": 1.0164056401532342, "61": 1.0164056401532342, "62": 1.0164056401532342, "63": 1.0164056401532342, "64": 1.0164056401532342, "65": 1.0164056401532342, "66": 1.0164056401532342, "67": 1.0164056401532342, "68": 1.0164056401532342, "69": 1.0164056401532342, "70": 1.0164056401532342, "71": 1.0164056401532342, "72": 1.0164056401532342, "73": 1.0164056401532342, "74": 1.0164056401532342, "75": 1.0164056401532342, "76": 1.0164056401532342, "77": 1.0164056401532342, "78": 1.0164056401532342, "79": 1.0164056401532342, "80": 1.0164056401532342, "81": 1.0164056401532342, "82": 1.0164056401532342, "83": 1.0164056401532342, "84": 1.0164056401532342, "85": 1.0164056401532342, "86": 1.0164056401532342, "87": 1.0164056401532342, "88": 1.0164056401532342, "89": 1.0164056401532342, "90": 1.0164056401532342, "91": 1.0164056401532342, "92": 1.0164056401532342, "93": 1.0164056401532342, "94": 1.0164056401532342, "95": 1.0164056401532342, "96": 1.0164056401532342, "97": 1.0164056401532342, "98": 1.0164056401532342, "99": 1.0164056401532342, "100": 1.0164056401532342}