{"0": 22.274486648174772, "1": 13.889907628086974, "2": 13.889907628086974, "3": 13.889907628086974, "4": 13.889907628086974, "5": 13.889907628086974, "6": 13.889907628086974, "7": 13.889907628086974, "8": 6.756632715707749, "9": 6.756632715707749, "10": 6.756632715707749, "11": 6.756632715707749, "12": 6.756632715707749, "13": 4.9642039109576945, "14": 1.9534843766973324, "15": 1.9534843766973324, "16": 1.9534843766973324, "17": 1.9534843766973324, "18": 1.9534843766973324, "19": 1.9534843766973324, "20": 1.9534843766973324, "21": 1.9534843766973324, "22": 1.9534843766973324, "23": 1.9534843766973324, "24": 1.9534843766973324, "25": 1.9534843766973324, "26": 1.9534843766973324, "27": 1.7338945851959977, "28": 1.7338945851959977, "29": 1.7338945851959977, "30": 1.7338945851959977, "31": 1.7338945851959977, "32": 1.7338945851959977, "33": 1.7338945851959977, "34": 1.7338945851959977, "35": 1.7338945851959977, "36": 1.7338945851959977, "37": 1.7338945851959977, "38": 1.7338945851959977, "39": 1.7338945851959977, "40": 1.7338945851959977, "41": 1.7338945851959977, "42": 1.7338945851959977, "43": 1.7338945851959977, "44": 1.7338945851959977, "45": 1.7338945851959977, "46": 1.7338945851959977, "47": 1.7338945851959977, "48": 1.7338945851959977, "49": 1.7338945851959977, "50": 1.7338945851959977, "51": 1.7338945851959977, "52": 1.7338945851959977, "53": 1.7338945851959977, "54": 1.7338945851959977, "55": 1.7338945851959977, "56": 1.7338945851959977, "57": 1.7338945851959977, "58": 1.7338945851959977, "59": 1.7338945851959977, "60": 1.7338945851959977, "61": 1.7338945851959977, "62": 1.7338945851959977, "63": 1.7338945851959977, "64": 1.7338945851959977, "65": 1.7338945851959977, "66": 1.7338945851959977, "67": 1.7338945851959977, "68": 1.7338945851959977, "69": 1.7338945851959977, "70": 1.7338945851959977, "71": 1.7338945851959977, "72": 1.7338945851959977, "73": 1.7338945851959977, "74": 1.7338945851959977, "75": 1.7338945851959977, "76": 1.7338945851959977, "77": 1.7338945851959977, "78": 1.7338945851959977, "79": 1.7338945851959977, "80": 1.7338945851959977, "81": 1.7338945851959977, "82": 1.7338945851959977, "83": 1.7338945851959977, "84": 1.7338945851959977, "85": 1.7338945851959977, "86": 1.7338945851959977, "87": 1.7338945851959977, "88": 1.7338945851959977, "89": 1.7338945851959977, "90": 1.7338945851959977, "91": 1.7338945851959977, "92": 1.7338945851959977, "93": 1.7338945851959977, "94": 1.7338945851959977, "95": 1.7338945851959977, "96": 1.7338945851959977, "97": 1.7338945851959977, "98": 1.7338945851959977, "99": 1.7338945851959977, "100": 1.7338945851959977}