{"0": 3.436518419054149, "1": 3.436518419054149, "2": 3.436518419054149, "3": 3.436518419054149, "4": 3.436518419054149, "5": 3.436518419054149, "6": 3.436518419054149, "7": 3.436518419054149, "8": 3.436518419054149, "9": 3.436518419054149, "10": 3.436518419054149, "11": 3.436518419054149, "12": 3.436518419054149, "13": 3.278238512884844, "14": 3.278238512884844, "15": 2.6295218021865523, "16": 2.6295218021865523, "17": 2.6295218021865523, "18": 2.6295218021865523, "19": 2.2657448969887106, "20": 2.2657448969887106, "21": 2.2657448969887106, "22": 2.2657448969887106, "23": 2.2657448969887106, "24": 2.2657448969887106, "25": 2.2657448969887106, "26": 2.2657448969887106, "27": 2.2657448969887106, "28": 2.199402599049023, "29": 2.199402599049023, "30": 2.199402599049023, "31": 2.199402599049023, "32": 2.199402599049023, "33": 2.199402599049023, "34": 2.199402599049023, "35": 2.199402599049023, "36": 2.199402599049023, "37": 2.199402599049023, "38": 2.199402599049023, "39": 2.199402599049023, "40": 2.199402599049023, "41": 2.199402599049023, "42": 2.199402599049023, "43": 2.199402599049023, "44": 2.199402599049023, "45": 2.199402599049023, "46": 2.199402599049023, "47": 2.199402599049023, "48": 2.199402599049023, "49": 2.02271881178509, "50": 2.02271881178509, "51": 2.02271881178509, "52": 2.02271881178509, "53": 2.02271881178509, "54": 2.02271881178509, "55": 2.02271881178509, "56": 2.02271881178509, "57": 2.02271881178509, "58": 2.02271881178509, "59": 2.02271881178509, "60": 2.02271881178509, "61": 2.02271881178509, "62": 2.02271881178509, "63": 2.02271881178509, "64": 2.02271881178509, "65": 2.02271881178509, "66": 2.02271881178509, "67": 2.02271881178509, "68": 2.02271881178509, "69": 2.02271881178509, "70": 2.02271881178509, "71": 2.02271881178509, "72": 2.02271881178509, "73": 2.02271881178509, "74": 2.02271881178509, "75": 2.018265657154611, "76": 2.018265657154611, "77": 2.018265657154611, "78": 2.018265657154611, "79": 2.018265657154611, "80": 2.018265657154611, "81": 2.018265657154611, "82": 2.018265657154611, "83": 2.018265657154611, "84": 2.018265657154611, "85": 2.018265657154611, "86": 2.018265657154611, "87": 2.018265657154611, "88": 2.018265657154611, "89": 2.018265657154611, "90": 2.018265657154611, "91": 2.018265657154611, "92": 2.018265657154611, "93": 2.018265657154611, "94": 2.018265657154611, "95": 2.018265657154611, "96": 2.018265657154611, "97": 2.018265657154611, "98": 2.018265657154611, "99": 2.018265657154611, "100": 2.018265657154611}