{"0": 30.466079599838757, "1": 18.211943930685834, "2": 18.211943930685834, "3": 10.616351052845516, "4": 9.064494683894946, "5": 9.064494683894946, "6": 9.064494683894946, "7": 9.064494683894946, "8": 7.614536607995316, "9": 7.614536607995316, "10": 7.614536607995316, "11": 7.614536607995316, "12": 7.614536607995316, "13": 7.614536607995316, "14": 7.614536607995316, "15": 7.614536607995316, "16": 7.614536607995316, "17": 3.691787779448834, "18": 3.691787779448834, "19": 3.691787779448834, "20": 3.691787779448834, "21": 3.691787779448834, "22": 3.691787779448834, "23": 3.691787779448834, "24": 3.691787779448834, "25": 3.691787779448834, "26": 3.691787779448834, "27": 2.0652036613409415, "28": 2.0652036613409415, "29": 2.0652036613409415, "30": 2.0652036613409415, "31": 2.0652036613409415, "32": 2.0652036613409415, "33": 2.0652036613409415, "34": 2.0652036613409415, "35": 2.0652036613409415, "36": 2.0652036613409415, "37": 2.0652036613409415, "38": 2.0652036613409415, "39": 2.0652036613409415, "40": 1.902153964617856, "41": 1.902153964617856, "42": 1.902153964617856, "43": 1.902153964617856, "44": 1.902153964617856, "45": 1.902153964617856, "46": 1.902153964617856, "47": 1.902153964617856, "48": 1.902153964617856, "49": 1.902153964617856, "50": 1.902153964617856, "51": 1.902153964617856, "52": 1.902153964617856, "53": 1.902153964617856, "54": 1.902153964617856, "55": 1.902153964617856, "56": 1.902153964617856, "57": 1.902153964617856, "58": 1.902153964617856, "59": 1.902153964617856, "60": 1.902153964617856, "61": 1.902153964617856, "62": 1.902153964617856, "63": 1.902153964617856, "64": 1.902153964617856, "65": 1.902153964617856, "66": 1.902153964617856, "67": 1.902153964617856, "68": 1.902153964617856, "69": 1.902153964617856, "70": 1.902153964617856, "71": 1.902153964617856, "72": 1.902153964617856, "73": 1.902153964617856, "74": 1.902153964617856, "75": 1.902153964617856, "76": 1.902153964617856, "77": 1.902153964617856, "78": 1.902153964617856, "79": 1.902153964617856, "80": 1.902153964617856, "81": 1.902153964617856, "82": 1.902153964617856, "83": 1.902153964617856, "84": 1.902153964617856, "85": 1.902153964617856, "86": 1.902153964617856, "87": 1.902153964617856, "88": 1.902153964617856, "89": 1.902153964617856, "90": 1.902153964617856, "91": 1.902153964617856, "92": 1.902153964617856, "93": 1.902153964617856, "94": 1.902153964617856, "95": 1.902153964617856, "96": 1.902153964617856, "97": 1.902153964617856, "98": 1.902153964617856, "99": 1.902153964617856, "100": 1.902153964617856}