{"0": 20.544436299406705, "1": 20.544436299406705, "2": 10.562584382846198, "3": 10.562584382846198, "4": 10.562584382846198, "5": 2.4182039881972344, "6": 2.4182039881972344, "7": 2.4182039881972344, "8": 2.4182039881972344, "9": 2.4182039881972344, "10": 2.0425004691507347, "11": 2.036107997434776, "12": 2.036107997434776, "13": 2.036107997434776, "14": 2.036107997434776, "15": 1.2373232245963557, "16": 1.2373232245963557, "17": 1.2373232245963557, "18": 1.2373232245963557, "19": 1.2373232245963557, "20": 1.2373232245963557, "21": 1.2373232245963557, "22": 1.2373232245963557, "23": 1.143746008677148, "24": 1.143746008677148, "25": 1.143746008677148, "26": 1.143746008677148, "27": 1.143746008677148, "28": 1.143746008677148, "29": 1.143746008677148, "30": 1.0939224950319044, "31": 1.0939224950319044, "32": 1.0939224950319044, "33": 1.0939224950319044, "34": 1.0939224950319044, "35": 1.0939224950319044, "36": 1.0939224950319044, "37": 1.0939224950319044, "38": 1.0939224950319044, "39": 1.0939224950319044, "40": 1.0939224950319044, "41": 1.0939224950319044, "42": 1.0939224950319044, "43": 1.0939224950319044, "44": 1.0939224950319044, "45": 1.0939224950319044, "46": 1.0939224950319044, "47": 1.0939224950319044, "48": 1.0939224950319044, "49": 1.0939224950319044, "50": 1.0939224950319044, "51": 1.0939224950319044, "52": 1.0939224950319044, "53": 1.0939224950319044, "54": 1.0939224950319044, "55": 1.0939224950319044, "56": 1.0939224950319044, "57": 1.0939224950319044, "58": 1.0939224950319044, "59": 1.0939224950319044, "60": 1.0939224950319044, "61": 1.0939224950319044, "62": 1.0939224950319044, "63": 1.0939224950319044, "64": 1.0939224950319044, "65": 1.0939224950319044, "66": 1.0939224950319044, "67": 1.0939224950319044, "68": 1.0939224950319044, "69": 1.0939224950319044, "70": 1.0939224950319044, "71": 1.0939224950319044, "72": 1.0939224950319044, "73": 1.0939224950319044, "74": 1.0939224950319044, "75": 1.0939224950319044, "76": 1.0939224950319044, "77": 1.0939224950319044, "78": 1.0939224950319044, "79": 1.0939224950319044, "80": 1.0939224950319044, "81": 1.0939224950319044, "82": 1.0939224950319044, "83": 1.0939224950319044, "84": 1.0939224950319044, "85": 1.0939224950319044, "86": 1.0939224950319044, "87": 1.0939224950319044, "88": 1.0939224950319044, "89": 1.0939224950319044, "90": 1.0939224950319044, "91": 1.0939224950319044, "92": 1.0939224950319044, "93": 1.0939224950319044, "94": 1.0939224950319044, "95": 1.0939224950319044, "96": 1.0939224950319044, "97": 1.0939224950319044, "98": 1.0939224950319044, "99": 1.0939224950319044, "100": 1.0939224950319044}