{"0": 24.204204016573954, "1": 5.266599935711717, "2": 5.266599935711717, "3": 5.266599935711717, "4": 4.792376041249863, "5": 4.792376041249863, "6": 4.792376041249863, "7": 4.792376041249863, "8": 4.792376041249863, "9": 4.792376041249863, "10": 4.792376041249863, "11": 4.792376041249863, "12": 4.792376041249863, "13": 3.4686450776339157, "14": 3.4686450776339157, "15": 2.262636824298955, "16": 2.262636824298955, "17": 2.262636824298955, "18": 2.262636824298955, "19": 2.262636824298955, "20": 2.262636824298955, "21": 2.262636824298955, "22": 2.262636824298955, "23": 2.262636824298955, "24": 2.262636824298955, "25": 2.262636824298955, "26": 2.262636824298955, "27": 2.262636824298955, "28": 2.262636824298955, "29": 2.262636824298955, "30": 2.262636824298955, "31": 2.262636824298955, "32": 2.262636824298955, "33": 2.262636824298955, "34": 2.262636824298955, "35": 2.262636824298955, "36": 2.262636824298955, "37": 2.262636824298955, "38": 2.262636824298955, "39": 2.262636824298955, "40": 2.262636824298955, "41": 2.262636824298955, "42": 2.262636824298955, "43": 2.262636824298955, "44": 2.262636824298955, "45": 2.262636824298955, "46": 2.262636824298955, "47": 2.262636824298955, "48": 2.262636824298955, "49": 2.262636824298955, "50": 2.262636824298955, "51": 2.262636824298955, "52": 2.262636824298955, "53": 2.262636824298955, "54": 2.262636824298955, "55": 2.262636824298955, "56": 1.6231950281200227, "57": 1.6231950281200227, "58": 1.6231950281200227, "59": 1.6231950281200227, "60": 1.6231950281200227, "61": 1.6231950281200227, "62": 1.6231950281200227, "63": 1.6231950281200227, "64": 1.6231950281200227, "65": 1.6231950281200227, "66": 1.6231950281200227, "67": 1.6231950281200227, "68": 1.6231950281200227, "69": 1.6231950281200227, "70": 1.6231950281200227, "71": 1.6231950281200227, "72": 1.6231950281200227, "73": 1.6231950281200227, "74": 1.6231950281200227, "75": 1.6231950281200227, "76": 1.6231950281200227, "77": 1.6231950281200227, "78": 1.6231950281200227, "79": 1.6231950281200227, "80": 1.6231950281200227, "81": 1.6231950281200227, "82": 1.6231950281200227, "83": 1.6231950281200227, "84": 1.6231950281200227, "85": 1.6231950281200227, "86": 1.6231950281200227, "87": 1.6231950281200227, "88": 1.6231950281200227, "89": 1.6231950281200227, "90": 1.6231950281200227, "91": 1.6231950281200227, "92": 1.6231950281200227, "93": 1.6231950281200227, "94": 1.6231950281200227, "95": 1.6231950281200227, "96": 1.6231950281200227, "97": 1.6231950281200227, "98": 1.6231950281200227, "99": 1.6231950281200227, "100": 1.6231950281200227}