{"0": 20.135941747347264, "1": 13.568359051232816, "2": 10.762250836405883, "3": 10.762250836405883, "4": 2.398904741121086, "5": 2.398904741121086, "6": 2.398904741121086, "7": 2.398904741121086, "8": 2.398904741121086, "9": 2.398904741121086, "10": 2.398904741121086, "11": 2.398904741121086, "12": 2.398904741121086, "13": 2.398904741121086, "14": 2.398904741121086, "15": 2.398904741121086, "16": 1.2422511130863292, "17": 1.2422511130863292, "18": 1.2422511130863292, "19": 1.2422511130863292, "20": 1.2422511130863292, "21": 1.2422511130863292, "22": 1.2422511130863292, "23": 1.2422511130863292, "24": 1.2422511130863292, "25": 1.2422511130863292, "26": 1.2422511130863292, "27": 1.2422511130863292, "28": 1.2422511130863292, "29": 1.2422511130863292, "30": 1.2422511130863292, "31": 1.2422511130863292, "32": 1.2422511130863292, "33": 1.2422511130863292, "34": 1.0792828297129589, "35": 1.0792828297129589, "36": 1.0792828297129589, "37": 1.0792828297129589, "38": 1.0792828297129589, "39": 1.0792828297129589, "40": 1.0792828297129589, "41": 1.0792828297129589, "42": 1.0792828297129589, "43": 1.0792828297129589, "44": 1.0792828297129589, "45": 1.0792828297129589, "46": 1.0792828297129589, "47": 1.0792828297129589, "48": 1.0792828297129589, "49": 1.0792828297129589, "50": 1.0792828297129589, "51": 1.0792828297129589, "52": 1.0792828297129589, "53": 1.0792828297129589, "54": 1.0792828297129589, "55": 1.0792828297129589, "56": 1.0792828297129589, "57": 1.0792828297129589, "58": 1.0792828297129589, "59": 1.0792828297129589, "60": 1.0792828297129589, "61": 1.0792828297129589, "62": 1.0792828297129589, "63": 1.0792828297129589, "64": 1.0792828297129589, "65": 1.0792828297129589, "66": 1.0792828297129589, "67": 1.0792828297129589, "68": 1.0792828297129589, "69": 1.0792828297129589, "70": 1.0792828297129589, "71": 1.0792828297129589, "72": 1.0792828297129589, "73": 1.0792828297129589, "74": 1.0792828297129589, "75": 1.0792828297129589, "76": 1.0792828297129589, "77": 1.0792828297129589, "78": 1.0792828297129589, "79": 1.0792828297129589, "80": 1.0792828297129589, "81": 1.0792828297129589, "82": 1.0792828297129589, "83": 1.0792828297129589, "84": 1.0792828297129589, "85": 1.0792828297129589, "86": 1.0792828297129589, "87": 1.0792828297129589, "88": 1.0792828297129589, "89": 1.0792828297129589, "90": 1.0792828297129589, "91": 1.0792828297129589, "92": 1.0792828297129589, "93": 1.0792828297129589, "94": 1.0792828297129589, "95": 1.0792828297129589, "96": 1.0792828297129589, "97": 1.0792828297129589, "98": 1.0792828297129589, "99": 1.0792828297129589, "100": 1.0792828297129589}