{"0": 14.98804516657832, "1": 12.509680046358865, "2": 12.509680046358865, "3": 12.509680046358865, "4": 12.509680046358865, "5": 3.6827500942346845, "6": 3.6827500942346845, "7": 3.6827500942346845, "8": 3.6827500942346845, "9": 3.6827500942346845, "10": 3.6827500942346845, "11": 2.1024951605820377, "12": 1.0271308814414013, "13": 1.0271308814414013, "14": 1.0271308814414013, "15": 1.0271308814414013, "16": 1.0271308814414013, "17": 1.0271308814414013, "18": 1.0271308814414013, "19": 1.0271308814414013, "20": 1.0271308814414013, "21": 1.0271308814414013, "22": 1.0271308814414013, "23": 1.0271308814414013, "24": 1.0271308814414013, "25": 1.0271308814414013, "26": 1.0271308814414013, "27": 1.0271308814414013, "28": 1.0271308814414013, "29": 1.0271308814414013, "30": 1.0271308814414013, "31": 1.0271308814414013, "32": 1.0271308814414013, "33": 1.0271308814414013, "34": 1.0271308814414013, "35": 1.0271308814414013, "36": 1.0271308814414013, "37": 1.0271308814414013, "38": 1.0271308814414013, "39": 1.0271308814414013, "40": 1.0271308814414013, "41": 1.0271308814414013, "42": 1.0271308814414013, "43": 1.0271308814414013, "44": 1.0271308814414013, "45": 1.0271308814414013, "46": 1.0271308814414013, "47": 1.0271308814414013, "48": 1.0271308814414013, "49": 1.0271308814414013, "50": 1.0271308814414013, "51": 1.0271308814414013, "52": 1.0271308814414013, "53": 1.0271308814414013, "54": 1.0271308814414013, "55": 1.0271308814414013, "56": 1.0271308814414013, "57": 1.0271308814414013, "58": 1.0271308814414013, "59": 1.0271308814414013, "60": 1.0271308814414013, "61": 1.0271308814414013, "62": 1.0271308814414013, "63": 1.0271308814414013, "64": 1.0271308814414013, "65": 1.0271308814414013, "66": 1.0271308814414013, "67": 1.0271308814414013, "68": 1.0271308814414013, "69": 1.0271308814414013, "70": 1.0271308814414013, "71": 1.0271308814414013, "72": 1.0271308814414013, "73": 1.0271308814414013, "74": 1.0271308814414013, "75": 1.0271308814414013, "76": 1.0271308814414013, "77": 1.0271308814414013, "78": 1.0271308814414013, "79": 1.0271308814414013, "80": 1.0271308814414013, "81": 1.0271308814414013, "82": 1.0271308814414013, "83": 1.0271308814414013, "84": 1.0271308814414013, "85": 1.0271308814414013, "86": 1.0271308814414013, "87": 1.0271308814414013, "88": 1.0271308814414013, "89": 1.0271308814414013, "90": 1.0271308814414013, "91": 1.0271308814414013, "92": 1.0271308814414013, "93": 1.0271308814414013, "94": 1.0271308814414013, "95": 1.0271308814414013, "96": 1.0271308814414013, "97": 1.0271308814414013, "98": 1.0271308814414013, "99": 1.0271308814414013, "100": 1.0271308814414013}