{"0": 17.88682385205639, "1": 16.92997997989683, "2": 16.92997997989683, "3": 10.705997213547445, "4": 10.011715282788042, "5": 10.011715282788042, "6": 10.011715282788042, "7": 1.3647204988607768, "8": 1.3647204988607768, "9": 1.3647204988607768, "10": 1.3647204988607768, "11": 1.3647204988607768, "12": 1.3647204988607768, "13": 1.3647204988607768, "14": 1.3647204988607768, "15": 1.3647204988607768, "16": 1.3647204988607768, "17": 1.3647204988607768, "18": 1.3647204988607768, "19": 1.3647204988607768, "20": 1.3647204988607768, "21": 1.3647204988607768, "22": 1.3647204988607768, "23": 1.3647204988607768, "24": 0.16540086612970484, "25": 0.16540086612970484, "26": 0.16540086612970484, "27": 0.16540086612970484, "28": 0.16540086612970484, "29": 0.16540086612970484, "30": 0.16540086612970484, "31": 0.16540086612970484, "32": 0.16540086612970484, "33": 0.16540086612970484, "34": 0.16540086612970484, "35": 0.16540086612970484, "36": 0.16540086612970484, "37": 0.16540086612970484, "38": 0.16540086612970484, "39": 0.16540086612970484, "40": 0.16540086612970484, "41": 0.16540086612970484, "42": 0.16540086612970484, "43": 0.16540086612970484, "44": 0.16540086612970484, "45": 0.16540086612970484, "46": 0.16540086612970484, "47": 0.16540086612970484, "48": 0.16540086612970484, "49": 0.16540086612970484, "50": 0.16540086612970484, "51": 0.16540086612970484, "52": 0.16540086612970484, "53": 0.16540086612970484, "54": 0.16540086612970484, "55": 0.16540086612970484, "56": 0.16540086612970484, "57": 0.16540086612970484, "58": 0.16540086612970484, "59": 0.16540086612970484, "60": 0.16540086612970484, "61": 0.16540086612970484, "62": 0.16540086612970484, "63": 0.16540086612970484, "64": 0.16540086612970484, "65": 0.16540086612970484, "66": 0.16540086612970484, "67": 0.16540086612970484, "68": 0.16540086612970484, "69": 0.16540086612970484, "70": 0.16540086612970484, "71": 0.16540086612970484, "72": 0.16540086612970484, "73": 0.16540086612970484, "74": 0.16540086612970484, "75": 0.16540086612970484, "76": 0.16540086612970484, "77": 0.16540086612970484, "78": 0.16540086612970484, "79": 0.16540086612970484, "80": 0.16540086612970484, "81": 0.16540086612970484, "82": 0.16540086612970484, "83": 0.16540086612970484, "84": 0.16540086612970484, "85": 0.16540086612970484, "86": 0.16540086612970484, "87": 0.16540086612970484, "88": 0.16540086612970484, "89": 0.16540086612970484, "90": 0.16540086612970484, "91": 0.16540086612970484, "92": 0.16540086612970484, "93": 0.16540086612970484, "94": 0.16540086612970484, "95": 0.16540086612970484, "96": 0.16540086612970484, "97": 0.16540086612970484, "98": 0.16540086612970484, "99": 0.16540086612970484, "100": 0.16540086612970484}