{"0": 21.523663853525694, "1": 18.503972109701238, "2": 13.363474387647841, "3": 2.4870895289054076, "4": 2.4870895289054076, "5": 2.4870895289054076, "6": 2.4870895289054076, "7": 2.4870895289054076, "8": 2.4870895289054076, "9": 2.4870895289054076, "10": 2.4870895289054076, "11": 2.4870895289054076, "12": 1.8837717320315228, "13": 1.2693116589323559, "14": 1.2693116589323559, "15": 1.2693116589323559, "16": 1.2693116589323559, "17": 1.2693116589323559, "18": 1.2693116589323559, "19": 1.2693116589323559, "20": 1.2693116589323559, "21": 1.2693116589323559, "22": 1.2693116589323559, "23": 0.19185895161622213, "24": 0.19185895161622213, "25": 0.19185895161622213, "26": 0.19185895161622213, "27": 0.19185895161622213, "28": 0.19185895161622213, "29": 0.19185895161622213, "30": 0.19185895161622213, "31": 0.19185895161622213, "32": 0.19185895161622213, "33": 0.19185895161622213, "34": 0.19185895161622213, "35": 0.19185895161622213, "36": 0.19185895161622213, "37": 0.19185895161622213, "38": 0.19185895161622213, "39": 0.19185895161622213, "40": 0.19185895161622213, "41": 0.19185895161622213, "42": 0.19185895161622213, "43": 0.19185895161622213, "44": 0.19185895161622213, "45": 0.19185895161622213, "46": 0.19185895161622213, "47": 0.19185895161622213, "48": 0.19185895161622213, "49": 0.19185895161622213, "50": 0.19185895161622213, "51": 0.19185895161622213, "52": 0.19185895161622213, "53": 0.19185895161622213, "54": 0.19185895161622213, "55": 0.19185895161622213, "56": 0.19185895161622213, "57": 0.19185895161622213, "58": 0.19185895161622213, "59": 0.19185895161622213, "60": 0.19185895161622213, "61": 0.19185895161622213, "62": 0.19185895161622213, "63": 0.19185895161622213, "64": 0.19185895161622213, "65": 0.19185895161622213, "66": 0.19185895161622213, "67": 0.19185895161622213, "68": 0.19185895161622213, "69": 0.19185895161622213, "70": 0.19185895161622213, "71": 0.19185895161622213, "72": 0.19185895161622213, "73": 0.19185895161622213, "74": 0.19185895161622213, "75": 0.19185895161622213, "76": 0.19185895161622213, "77": 0.19185895161622213, "78": 0.19185895161622213, "79": 0.19185895161622213, "80": 0.19185895161622213, "81": 0.19185895161622213, "82": 0.19185895161622213, "83": 0.19185895161622213, "84": 0.19185895161622213, "85": 0.19185895161622213, "86": 0.19185895161622213, "87": 0.19185895161622213, "88": 0.19185895161622213, "89": 0.19185895161622213, "90": 0.19185895161622213, "91": 0.19185895161622213, "92": 0.19185895161622213, "93": 0.19185895161622213, "94": 0.19185895161622213, "95": 0.19185895161622213, "96": 0.19185895161622213, "97": 0.19185895161622213, "98": 0.19185895161622213, "99": 0.19185895161622213, "100": 0.19185895161622213}