{"0": 26.33768272670479, "1": 24.051904516444214, "2": 18.159057392939864, "3": 8.271079806197687, "4": 6.601681928358667, "5": 6.601681928358667, "6": 6.601681928358667, "7": 6.601681928358667, "8": 5.230589717083335, "9": 5.230589717083335, "10": 1.5456600575343131, "11": 1.5456600575343131, "12": 1.1214326333808842, "13": 1.1214326333808842, "14": 1.1214326333808842, "15": 1.1214326333808842, "16": 1.1214326333808842, "17": 1.1214326333808842, "18": 1.0478313516459608, "19": 1.0478313516459608, "20": 1.0478313516459608, "21": 1.0478313516459608, "22": 1.0478313516459608, "23": 1.0478313516459608, "24": 1.0478313516459608, "25": 1.0478313516459608, "26": 1.025931396886893, "27": 1.0046250105009875, "28": 1.0046250105009875, "29": 1.0046250105009875, "30": 1.0046250105009875, "31": 1.0046250105009875, "32": 1.0046250105009875, "33": 1.0046250105009875, "34": 1.0046250105009875, "35": 1.0046250105009875, "36": 1.0046250105009875, "37": 1.0046250105009875, "38": 1.0046250105009875, "39": 1.0046250105009875, "40": 1.0046250105009875, "41": 1.0046250105009875, "42": 1.0046250105009875, "43": 1.0046250105009875, "44": 1.0046250105009875, "45": 1.0046250105009875, "46": 1.0046250105009875, "47": 1.0046250105009875, "48": 1.0046250105009875, "49": 1.0046250105009875, "50": 1.0046250105009875, "51": 1.0046250105009875, "52": 1.0046250105009875, "53": 1.0046250105009875, "54": 1.0046250105009875, "55": 1.0046250105009875, "56": 1.0046250105009875, "57": 1.0046250105009875, "58": 1.0046250105009875, "59": 1.0046250105009875, "60": 1.0046250105009875, "61": 1.0046250105009875, "62": 1.0046250105009875, "63": 1.0046250105009875, "64": 1.0046250105009875, "65": 1.0046250105009875, "66": 1.0046250105009875, "67": 1.0046250105009875, "68": 1.0046250105009875, "69": 1.0046250105009875, "70": 1.0046250105009875, "71": 1.0046250105009875, "72": 1.0046250105009875, "73": 1.0046250105009875, "74": 1.0046250105009875, "75": 1.0046250105009875, "76": 1.0046250105009875, "77": 1.0046250105009875, "78": 1.0046250105009875, "79": 1.0046250105009875, "80": 1.0046250105009875, "81": 1.0046250105009875, "82": 1.0046250105009875, "83": 1.0046250105009875, "84": 1.0046250105009875, "85": 1.0046250105009875, "86": 1.0046250105009875, "87": 1.0046250105009875, "88": 1.0046250105009875, "89": 1.0046250105009875, "90": 1.0046250105009875, "91": 1.0046250105009875, "92": 1.0046250105009875, "93": 1.0046250105009875, "94": 1.0046250105009875, "95": 1.0046250105009875, "96": 1.0046250105009875, "97": 1.0046250105009875, "98": 1.0046250105009875, "99": 1.0046250105009875, "100": 1.0046250105009875}