{"0": 17.59917832260114, "1": 13.955593885072057, "2": 12.525524623213373, "3": 12.525524623213373, "4": 12.525524623213373, "5": 12.525524623213373, "6": 11.066811867399306, "7": 7.142750965159522, "8": 2.629845059012176, "9": 2.629845059012176, "10": 2.629845059012176, "11": 2.195243188422946, "12": 2.195243188422946, "13": 2.195243188422946, "14": 2.195243188422946, "15": 2.195243188422946, "16": 2.195243188422946, "17": 2.195243188422946, "18": 2.195243188422946, "19": 2.195243188422946, "20": 2.195243188422946, "21": 2.195243188422946, "22": 2.195243188422946, "23": 2.195243188422946, "24": 2.195243188422946, "25": 2.195243188422946, "26": 2.195243188422946, "27": 2.195243188422946, "28": 2.195243188422946, "29": 2.195243188422946, "30": 2.195243188422946, "31": 2.195243188422946, "32": 2.195243188422946, "33": 2.195243188422946, "34": 2.195243188422946, "35": 2.195243188422946, "36": 2.195243188422946, "37": 2.195243188422946, "38": 2.195243188422946, "39": 2.195243188422946, "40": 2.195243188422946, "41": 2.195243188422946, "42": 2.195243188422946, "43": 2.195243188422946, "44": 2.195243188422946, "45": 2.195243188422946, "46": 2.195243188422946, "47": 2.195243188422946, "48": 2.195243188422946, "49": 2.195243188422946, "50": 2.1947320648220554, "51": 2.1947320648220554, "52": 2.1947320648220554, "53": 2.1947320648220554, "54": 2.1947320648220554, "55": 2.1947320648220554, "56": 2.1947320648220554, "57": 2.1947320648220554, "58": 2.1947320648220554, "59": 2.1947320648220554, "60": 2.1947320648220554, "61": 2.1947320648220554, "62": 2.1947320648220554, "63": 2.1947320648220554, "64": 2.1947320648220554, "65": 2.1947320648220554, "66": 2.1947320648220554, "67": 2.1947320648220554, "68": 2.1947320648220554, "69": 2.1947320648220554, "70": 2.1947320648220554, "71": 2.1947320648220554, "72": 2.1947320648220554, "73": 2.1947320648220554, "74": 2.1947320648220554, "75": 2.1947320648220554, "76": 2.1947320648220554, "77": 2.1947320648220554, "78": 2.1947320648220554, "79": 2.1947320648220554, "80": 2.1947320648220554, "81": 2.1947320648220554, "82": 2.1947320648220554, "83": 2.1947320648220554, "84": 2.1947320648220554, "85": 2.1947320648220554, "86": 2.1947320648220554, "87": 2.1947320648220554, "88": 2.1947320648220554, "89": 2.1947320648220554, "90": 2.1947320648220554, "91": 2.1947320648220554, "92": 2.1947320648220554, "93": 2.1947320648220554, "94": 2.1947320648220554, "95": 2.1947320648220554, "96": 2.1947320648220554, "97": 2.1947320648220554, "98": 2.1947320648220554, "99": 2.1947320648220554, "100": 2.1947320648220554}