{"0": 3.0146738975070875, "1": 3.0146738975070875, "2": 3.0146738975070875, "3": 3.0146738975070875, "4": 3.0146738975070875, "5": 3.0146738975070875, "6": 3.0146738975070875, "7": 3.0146738975070875, "8": 3.0146738975070875, "9": 2.5761945895363887, "10": 2.5761945895363887, "11": 2.5761945895363887, "12": 2.355121890730665, "13": 2.355121890730665, "14": 2.355121890730665, "15": 2.355121890730665, "16": 1.8440224022252636, "17": 1.8440224022252636, "18": 1.8440224022252636, "19": 1.8440224022252636, "20": 1.8440224022252636, "21": 1.8440224022252636, "22": 1.8440224022252636, "23": 1.8440224022252636, "24": 1.8440224022252636, "25": 1.8440224022252636, "26": 1.8440224022252636, "27": 1.8440224022252636, "28": 1.8440224022252636, "29": 1.8440224022252636, "30": 1.8440224022252636, "31": 1.8440224022252636, "32": 1.8440224022252636, "33": 1.8440224022252636, "34": 1.8440224022252636, "35": 1.8440224022252636, "36": 1.8440224022252636, "37": 1.8440224022252636, "38": 1.8440224022252636, "39": 1.8440224022252636, "40": 1.8440224022252636, "41": 1.2224236456466855, "42": 1.2224236456466855, "43": 1.2224236456466855, "44": 1.2224236456466855, "45": 1.2224236456466855, "46": 1.2224236456466855, "47": 1.2224236456466855, "48": 1.2094413429879438, "49": 1.2094413429879438, "50": 1.2094413429879438, "51": 1.2094413429879438, "52": 1.2094413429879438, "53": 1.2094413429879438, "54": 1.2094413429879438, "55": 1.2094413429879438, "56": 1.2094413429879438, "57": 1.2094413429879438, "58": 1.2094413429879438, "59": 1.2094413429879438, "60": 1.2094413429879438, "61": 1.2094413429879438, "62": 1.2094413429879438, "63": 1.2094413429879438, "64": 1.2094413429879438, "65": 1.2094413429879438, "66": 1.2094413429879438, "67": 1.2094413429879438, "68": 1.2094413429879438, "69": 1.2094413429879438, "70": 1.2094413429879438, "71": 1.2094413429879438, "72": 1.2094413429879438, "73": 1.2094413429879438, "74": 1.2094413429879438, "75": 1.2094413429879438, "76": 1.2094413429879438, "77": 1.2094413429879438, "78": 1.2094413429879438, "79": 1.2094413429879438, "80": 1.2094413429879438, "81": 1.2094413429879438, "82": 1.2094413429879438, "83": 1.2094413429879438, "84": 1.2094413429879438, "85": 1.2094413429879438, "86": 1.2094413429879438, "87": 1.2094413429879438, "88": 1.2094413429879438, "89": 1.2094413429879438, "90": 1.2094413429879438, "91": 1.2094413429879438, "92": 1.2094413429879438, "93": 1.2094413429879438, "94": 1.2094413429879438, "95": 1.2094413429879438, "96": 1.2094413429879438, "97": 1.2094413429879438, "98": 1.2094413429879438, "99": 1.2094413429879438, "100": 1.2094413429879438}