{"0": 25.389883545868393, "1": 4.699223948935863, "2": 4.699223948935863, "3": 4.699223948935863, "4": 4.699223948935863, "5": 4.699223948935863, "6": 4.699223948935863, "7": 0.04374659911615453, "8": 0.04374659911615453, "9": 0.04374659911615453, "10": 0.04374659911615453, "11": 0.04374659911615453, "12": 0.04374659911615453, "13": 0.04374659911615453, "14": 0.04374659911615453, "15": 0.04374659911615453, "16": 0.04374659911615453, "17": 0.04374659911615453, "18": 0.04374659911615453, "19": 0.04374659911615453, "20": 0.04374659911615453, "21": 0.04374659911615453, "22": 0.04374659911615453, "23": 0.04374659911615453, "24": 0.04374659911615453, "25": 0.04374659911615453, "26": 0.04374659911615453, "27": 0.04374659911615453, "28": 0.04374659911615453, "29": 0.04374659911615453, "30": 0.04374659911615453, "31": 0.04374659911615453, "32": 0.04374659911615453, "33": 0.04374659911615453, "34": 0.04374659911615453, "35": 0.04374659911615453, "36": 0.04374659911615453, "37": 0.04374659911615453, "38": 0.04374659911615453, "39": 0.04374659911615453, "40": 0.04374659911615453, "41": 0.04374659911615453, "42": 0.04374659911615453, "43": 0.04374659911615453, "44": 0.04374659911615453, "45": 0.04374659911615453, "46": 0.04374659911615453, "47": 0.04374659911615453, "48": 0.04374659911615453, "49": 0.04374659911615453, "50": 0.04374659911615453, "51": 0.04374659911615453, "52": 0.04374659911615453, "53": 0.04374659911615453, "54": 0.04374659911615453, "55": 0.04374659911615453, "56": 0.04374659911615453, "57": 0.04374659911615453, "58": 0.04374659911615453, "59": 0.04374659911615453, "60": 0.04374659911615453, "61": 0.04374659911615453, "62": 0.04374659911615453, "63": 0.04374659911615453, "64": 0.04374659911615453, "65": 0.04374659911615453, "66": 0.04374659911615453, "67": 0.04374659911615453, "68": 0.04374659911615453, "69": 0.04374659911615453, "70": 0.04374659911615453, "71": 0.04374659911615453, "72": 0.04374659911615453, "73": 0.04374659911615453, "74": 0.04374659911615453, "75": 0.04374659911615453, "76": 0.04374659911615453, "77": 0.04374659911615453, "78": 0.04374659911615453, "79": 0.04374659911615453, "80": 0.04374659911615453, "81": 0.04374659911615453, "82": 0.04374659911615453, "83": 0.04374659911615453, "84": 0.04374659911615453, "85": 0.04374659911615453, "86": 0.04374659911615453, "87": 0.032278969287339976, "88": 0.032278969287339976, "89": 0.032278969287339976, "90": 0.032278969287339976, "91": 0.032278969287339976, "92": 0.032278969287339976, "93": 0.032278969287339976, "94": 0.032278969287339976, "95": 0.032278969287339976, "96": 0.032278969287339976, "97": 0.032278969287339976, "98": 0.032278969287339976, "99": 0.032278969287339976, "100": 0.032278969287339976}