{"0": 18.950212456265984, "1": 16.975164458095776, "2": 16.975164458095776, "3": 14.703311294268067, "4": 13.87662456288168, "5": 13.87662456288168, "6": 10.571010917819766, "7": 10.043168009230811, "8": 10.043168009230811, "9": 10.043168009230811, "10": 10.043168009230811, "11": 10.043168009230811, "12": 10.043168009230811, "13": 10.043168009230811, "14": 10.043168009230811, "15": 6.287927930291795, "16": 6.287927930291795, "17": 6.287927930291795, "18": 6.287927930291795, "19": 6.287927930291795, "20": 2.061279996435559, "21": 2.061279996435559, "22": 2.061279996435559, "23": 2.061279996435559, "24": 2.061279996435559, "25": 2.061279996435559, "26": 2.061279996435559, "27": 2.061279996435559, "28": 2.061279996435559, "29": 2.061279996435559, "30": 2.061279996435559, "31": 2.061279996435559, "32": 2.061279996435559, "33": 2.061279996435559, "34": 2.061279996435559, "35": 2.061279996435559, "36": 2.061279996435559, "37": 2.061279996435559, "38": 2.061279996435559, "39": 2.061279996435559, "40": 2.061279996435559, "41": 2.061279996435559, "42": 2.061279996435559, "43": 2.061279996435559, "44": 2.061279996435559, "45": 2.061279996435559, "46": 2.061279996435559, "47": 2.061279996435559, "48": 2.061279996435559, "49": 2.061279996435559, "50": 2.061279996435559, "51": 2.061279996435559, "52": 1.8803208081887455, "53": 1.8803208081887455, "54": 1.8803208081887455, "55": 1.8803208081887455, "56": 1.8803208081887455, "57": 1.8803208081887455, "58": 1.8803208081887455, "59": 1.8803208081887455, "60": 1.5672783566095418, "61": 1.5672783566095418, "62": 1.5672783566095418, "63": 1.5672783566095418, "64": 1.5672783566095418, "65": 1.5672783566095418, "66": 1.5672783566095418, "67": 1.5672783566095418, "68": 1.5672783566095418, "69": 1.5672783566095418, "70": 1.5672783566095418, "71": 1.5672783566095418, "72": 1.5672783566095418, "73": 1.5672783566095418, "74": 1.5672783566095418, "75": 1.5672783566095418, "76": 1.5672783566095418, "77": 1.5672783566095418, "78": 1.5672783566095418, "79": 1.5672783566095418, "80": 1.5672783566095418, "81": 1.5672783566095418, "82": 1.5672783566095418, "83": 1.5672783566095418, "84": 1.5672783566095418, "85": 1.5672783566095418, "86": 1.5672783566095418, "87": 1.5672783566095418, "88": 1.5672783566095418, "89": 1.5672783566095418, "90": 1.5672783566095418, "91": 1.5672783566095418, "92": 1.5672783566095418, "93": 1.5672783566095418, "94": 1.5672783566095418, "95": 1.5672783566095418, "96": 1.5672783566095418, "97": 1.5672783566095418, "98": 1.5672783566095418, "99": 1.5672783566095418, "100": 1.5672783566095418}