{"0": 25.278515043971282, "1": 25.278515043971282, "2": 10.77614340104438, "3": 10.77614340104438, "4": 10.77614340104438, "5": 10.77614340104438, "6": 1.4522406343537781, "7": 1.4522406343537781, "8": 1.4522406343537781, "9": 1.4522406343537781, "10": 1.4522406343537781, "11": 1.4522406343537781, "12": 1.4522406343537781, "13": 1.4522406343537781, "14": 1.4522406343537781, "15": 1.4522406343537781, "16": 1.4522406343537781, "17": 1.4522406343537781, "18": 1.2337119957482585, "19": 1.2337119957482585, "20": 1.2144924766245815, "21": 1.2144924766245815, "22": 1.2144924766245815, "23": 1.003208042496059, "24": 1.003208042496059, "25": 1.003208042496059, "26": 1.003208042496059, "27": 1.003208042496059, "28": 1.003208042496059, "29": 1.003208042496059, "30": 1.003208042496059, "31": 1.003208042496059, "32": 1.003208042496059, "33": 1.003208042496059, "34": 1.003208042496059, "35": 1.003208042496059, "36": 1.003208042496059, "37": 1.003208042496059, "38": 1.003208042496059, "39": 1.003208042496059, "40": 1.003208042496059, "41": 1.003208042496059, "42": 1.003208042496059, "43": 0.8823631098077485, "44": 0.8823631098077485, "45": 0.8823631098077485, "46": 0.8823631098077485, "47": 0.8823631098077485, "48": 0.5667078882304466, "49": 0.5667078882304466, "50": 0.5667078882304466, "51": 0.5667078882304466, "52": 0.5667078882304466, "53": 0.5667078882304466, "54": 0.5667078882304466, "55": 0.5667078882304466, "56": 0.5667078882304466, "57": 0.5667078882304466, "58": 0.5667078882304466, "59": 0.5667078882304466, "60": 0.5667078882304466, "61": 0.5667078882304466, "62": 0.5667078882304466, "63": 0.5667078882304466, "64": 0.5667078882304466, "65": 0.5667078882304466, "66": 0.5667078882304466, "67": 0.5667078882304466, "68": 0.5667078882304466, "69": 0.5667078882304466, "70": 0.5667078882304466, "71": 0.5667078882304466, "72": 0.5582098847370212, "73": 0.5582098847370212, "74": 0.5582098847370212, "75": 0.5582098847370212, "76": 0.5582098847370212, "77": 0.5582098847370212, "78": 0.5582098847370212, "79": 0.5582098847370212, "80": 0.5582098847370212, "81": 0.5582098847370212, "82": 0.5582098847370212, "83": 0.5582098847370212, "84": 0.5582098847370212, "85": 0.5582098847370212, "86": 0.5582098847370212, "87": 0.5582098847370212, "88": 0.5582098847370212, "89": 0.5582098847370212, "90": 0.5582098847370212, "91": 0.5582098847370212, "92": 0.5582098847370212, "93": 0.5582098847370212, "94": 0.5582098847370212, "95": 0.5582098847370212, "96": 0.5582098847370212, "97": 0.5582098847370212, "98": 0.5582098847370212, "99": 0.5582098847370212, "100": 0.5582098847370212}