{"0": 26.001590943601784, "1": 9.166465236690538, "2": 9.166465236690538, "3": 9.166465236690538, "4": 9.166465236690538, "5": 9.166465236690538, "6": 9.166465236690538, "7": 6.2583270223309935, "8": 6.2583270223309935, "9": 5.174783074421548, "10": 5.174783074421548, "11": 2.5301327839601377, "12": 2.5301327839601377, "13": 2.5301327839601377, "14": 2.5301327839601377, "15": 2.5301327839601377, "16": 2.4568936128652084, "17": 2.4568936128652084, "18": 2.4568936128652084, "19": 2.4568936128652084, "20": 2.4568936128652084, "21": 2.4568936128652084, "22": 2.4568936128652084, "23": 2.4568936128652084, "24": 2.4568936128652084, "25": 2.4568936128652084, "26": 2.4568936128652084, "27": 2.4568936128652084, "28": 2.4568936128652084, "29": 2.4568936128652084, "30": 2.4568936128652084, "31": 2.4568936128652084, "32": 1.8802384387255628, "33": 1.8802384387255628, "34": 1.8802384387255628, "35": 1.8802384387255628, "36": 1.8802384387255628, "37": 1.8802384387255628, "38": 1.8802384387255628, "39": 1.8802384387255628, "40": 1.8802384387255628, "41": 1.8802384387255628, "42": 1.8802384387255628, "43": 1.8802384387255628, "44": 1.8802384387255628, "45": 1.8802384387255628, "46": 1.8802384387255628, "47": 1.8802384387255628, "48": 1.8802384387255628, "49": 1.8802384387255628, "50": 1.8802384387255628, "51": 1.8802384387255628, "52": 1.8802384387255628, "53": 1.8802384387255628, "54": 1.8802384387255628, "55": 1.8802384387255628, "56": 0.1576063733710491, "57": 0.1576063733710491, "58": 0.1576063733710491, "59": 0.1576063733710491, "60": 0.1576063733710491, "61": 0.1576063733710491, "62": 0.1576063733710491, "63": 0.1576063733710491, "64": 0.1576063733710491, "65": 0.1576063733710491, "66": 0.1576063733710491, "67": 0.1576063733710491, "68": 0.1576063733710491, "69": 0.1576063733710491, "70": 0.1576063733710491, "71": 0.1576063733710491, "72": 0.1576063733710491, "73": 0.1576063733710491, "74": 0.1576063733710491, "75": 0.1576063733710491, "76": 0.1576063733710491, "77": 0.1576063733710491, "78": 0.1576063733710491, "79": 0.1576063733710491, "80": 0.1576063733710491, "81": 0.1576063733710491, "82": 0.1576063733710491, "83": 0.1576063733710491, "84": 0.1576063733710491, "85": 0.1576063733710491, "86": 0.1576063733710491, "87": 0.1576063733710491, "88": 0.1576063733710491, "89": 0.1576063733710491, "90": 0.1576063733710491, "91": 0.1576063733710491, "92": 0.1576063733710491, "93": 0.1576063733710491, "94": 0.1576063733710491, "95": 0.1576063733710491, "96": 0.1576063733710491, "97": 0.1576063733710491, "98": 0.1576063733710491, "99": 0.1576063733710491, "100": 0.1576063733710491}