{"0": 17.024599092016157, "1": 9.01093484551695, "2": 9.01093484551695, "3": 9.01093484551695, "4": 9.01093484551695, "5": 9.01093484551695, "6": 9.01093484551695, "7": 7.7613801699369365, "8": 7.7613801699369365, "9": 7.017279669114238, "10": 7.017279669114238, "11": 5.710578808247718, "12": 5.710578808247718, "13": 5.710578808247718, "14": 4.073274118013018, "15": 4.073274118013018, "16": 4.073274118013018, "17": 4.073274118013018, "18": 4.073274118013018, "19": 4.073274118013018, "20": 4.073274118013018, "21": 4.073274118013018, "22": 4.073274118013018, "23": 4.073274118013018, "24": 4.073274118013018, "25": 4.073274118013018, "26": 2.677986804635715, "27": 2.677986804635715, "28": 2.677986804635715, "29": 2.677986804635715, "30": 2.677986804635715, "31": 2.677986804635715, "32": 2.677986804635715, "33": 2.677986804635715, "34": 0.8684979711553744, "35": 0.8684979711553744, "36": 0.8684979711553744, "37": 0.8684979711553744, "38": 0.8684979711553744, "39": 0.8684979711553744, "40": 0.8684979711553744, "41": 0.8684979711553744, "42": 0.8684979711553744, "43": 0.8684979711553744, "44": 0.8684979711553744, "45": 0.8684979711553744, "46": 0.8684979711553744, "47": 0.8684979711553744, "48": 0.8684979711553744, "49": 0.8684979711553744, "50": 0.8684979711553744, "51": 0.8684979711553744, "52": 0.8684979711553744, "53": 0.8684979711553744, "54": 0.8684979711553744, "55": 0.8684979711553744, "56": 0.8684979711553744, "57": 0.8684979711553744, "58": 0.8684979711553744, "59": 0.8684979711553744, "60": 0.8684979711553744, "61": 0.8684979711553744, "62": 0.8684979711553744, "63": 0.8684979711553744, "64": 0.8684979711553744, "65": 0.8684979711553744, "66": 0.8684979711553744, "67": 0.21676126231847093, "68": 0.21676126231847093, "69": 0.21676126231847093, "70": 0.21676126231847093, "71": 0.21676126231847093, "72": 0.21676126231847093, "73": 0.21676126231847093, "74": 0.21676126231847093, "75": 0.21676126231847093, "76": 0.21676126231847093, "77": 0.21676126231847093, "78": 0.21676126231847093, "79": 0.21676126231847093, "80": 0.21676126231847093, "81": 0.21676126231847093, "82": 0.21676126231847093, "83": 0.21676126231847093, "84": 0.21676126231847093, "85": 0.21676126231847093, "86": 0.21676126231847093, "87": 0.21676126231847093, "88": 0.21676126231847093, "89": 0.21676126231847093, "90": 0.21676126231847093, "91": 0.21676126231847093, "92": 0.21676126231847093, "93": 0.21676126231847093, "94": 0.21676126231847093, "95": 0.21676126231847093, "96": 0.21676126231847093, "97": 0.21676126231847093, "98": 0.21676126231847093, "99": 0.21676126231847093, "100": 0.21676126231847093}