{"0": 17.247949068431826, "1": 12.798068189998785, "2": 10.899504054007028, "3": 10.899504054007028, "4": 10.899504054007028, "5": 10.899504054007028, "6": 10.899504054007028, "7": 5.425073468316679, "8": 5.425073468316679, "9": 5.425073468316679, "10": 5.425073468316679, "11": 5.425073468316679, "12": 5.425073468316679, "13": 5.425073468316679, "14": 5.425073468316679, "15": 5.425073468316679, "16": 5.425073468316679, "17": 5.425073468316679, "18": 4.042162875068911, "19": 4.042162875068911, "20": 4.042162875068911, "21": 4.042162875068911, "22": 4.042162875068911, "23": 4.042162875068911, "24": 4.042162875068911, "25": 4.042162875068911, "26": 4.042162875068911, "27": 4.042162875068911, "28": 3.4267086673417673, "29": 3.4267086673417673, "30": 3.4267086673417673, "31": 3.4267086673417673, "32": 3.4267086673417673, "33": 3.4267086673417673, "34": 3.4267086673417673, "35": 3.4267086673417673, "36": 3.4267086673417673, "37": 3.4267086673417673, "38": 3.4267086673417673, "39": 3.4267086673417673, "40": 3.4267086673417673, "41": 3.4267086673417673, "42": 3.4267086673417673, "43": 3.4267086673417673, "44": 3.4267086673417673, "45": 3.2651974760970752, "46": 3.2651974760970752, "47": 2.9198279358599635, "48": 2.9198279358599635, "49": 2.9198279358599635, "50": 2.9198279358599635, "51": 2.9198279358599635, "52": 2.9198279358599635, "53": 2.9198279358599635, "54": 2.9198279358599635, "55": 2.9198279358599635, "56": 2.9198279358599635, "57": 2.9198279358599635, "58": 2.9198279358599635, "59": 2.9198279358599635, "60": 2.9198279358599635, "61": 2.9198279358599635, "62": 2.9198279358599635, "63": 2.9198279358599635, "64": 2.042711281763296, "65": 2.042711281763296, "66": 2.042711281763296, "67": 2.042711281763296, "68": 2.042711281763296, "69": 2.042711281763296, "70": 2.042711281763296, "71": 2.042711281763296, "72": 2.042711281763296, "73": 1.1042817410932813, "74": 1.1042817410932813, "75": 1.1042817410932813, "76": 1.1042817410932813, "77": 1.1042817410932813, "78": 1.1042817410932813, "79": 1.1042817410932813, "80": 1.1042817410932813, "81": 1.1042817410932813, "82": 1.1042817410932813, "83": 1.1042817410932813, "84": 1.1042817410932813, "85": 1.1042817410932813, "86": 1.1042817410932813, "87": 1.1042817410932813, "88": 1.1042817410932813, "89": 1.1042817410932813, "90": 1.1042817410932813, "91": 1.1042817410932813, "92": 1.1042817410932813, "93": 1.1042817410932813, "94": 1.1042817410932813, "95": 1.1042817410932813, "96": 1.1042817410932813, "97": 1.1042817410932813, "98": 1.1042817410932813, "99": 1.1042817410932813, "100": 1.1042817410932813}