{"0": 22.110730565937807, "1": 14.794996330497273, "2": 13.222298213838876, "3": 5.974797887611945, "4": 5.974797887611945, "5": 5.974797887611945, "6": 5.020895591591437, "7": 5.020895591591437, "8": 2.104975681518866, "9": 2.104975681518866, "10": 2.104975681518866, "11": 2.104975681518866, "12": 2.104975681518866, "13": 2.104975681518866, "14": 2.104975681518866, "15": 2.104975681518866, "16": 2.104975681518866, "17": 2.104975681518866, "18": 2.104975681518866, "19": 2.104975681518866, "20": 2.104975681518866, "21": 2.104975681518866, "22": 2.104975681518866, "23": 2.104975681518866, "24": 2.104975681518866, "25": 2.104975681518866, "26": 2.104975681518866, "27": 2.104975681518866, "28": 2.104975681518866, "29": 2.104975681518866, "30": 2.104975681518866, "31": 2.104975681518866, "32": 2.104975681518866, "33": 2.104975681518866, "34": 2.104975681518866, "35": 2.1003609941685824, "36": 2.1003609941685824, "37": 2.1003609941685824, "38": 2.1003609941685824, "39": 2.1003609941685824, "40": 2.1003609941685824, "41": 2.1003609941685824, "42": 2.1003609941685824, "43": 2.1003609941685824, "44": 2.1003609941685824, "45": 2.1003609941685824, "46": 2.1003609941685824, "47": 2.1003609941685824, "48": 2.1003609941685824, "49": 2.1003609941685824, "50": 2.0083435685124513, "51": 2.0083435685124513, "52": 2.0083435685124513, "53": 2.0083435685124513, "54": 2.0083435685124513, "55": 2.0083435685124513, "56": 2.0083435685124513, "57": 2.0083435685124513, "58": 2.0083435685124513, "59": 2.0083435685124513, "60": 2.0083435685124513, "61": 2.0083435685124513, "62": 2.0083435685124513, "63": 2.0083435685124513, "64": 2.0083435685124513, "65": 2.0083435685124513, "66": 2.0083435685124513, "67": 2.0083435685124513, "68": 2.0083435685124513, "69": 2.0083435685124513, "70": 2.0083435685124513, "71": 2.0083435685124513, "72": 2.0083435685124513, "73": 2.0083435685124513, "74": 2.0083435685124513, "75": 2.0083435685124513, "76": 2.0083435685124513, "77": 2.0083435685124513, "78": 2.0083435685124513, "79": 2.0083435685124513, "80": 2.0083435685124513, "81": 2.0083435685124513, "82": 2.0083435685124513, "83": 2.0083435685124513, "84": 2.0083435685124513, "85": 2.0083435685124513, "86": 2.0083435685124513, "87": 2.0083435685124513, "88": 2.0083435685124513, "89": 2.0083435685124513, "90": 2.0083435685124513, "91": 2.0083435685124513, "92": 2.0083435685124513, "93": 2.0083435685124513, "94": 2.0083435685124513, "95": 2.0083435685124513, "96": 2.0083435685124513, "97": 2.0083435685124513, "98": 2.0083435685124513, "99": 2.0083435685124513, "100": 2.0083435685124513}