{"0": 15.857249200869123, "1": 9.067950449651281, "2": 9.067950449651281, "3": 9.067950449651281, "4": 9.067950449651281, "5": 5.463799787991869, "6": 5.463799787991869, "7": 5.463799787991869, "8": 5.463799787991869, "9": 5.463799787991869, "10": 5.463799787991869, "11": 5.463799787991869, "12": 3.619539016989176, "13": 3.619539016989176, "14": 3.619539016989176, "15": 3.619539016989176, "16": 3.619539016989176, "17": 3.619539016989176, "18": 3.619539016989176, "19": 3.619539016989176, "20": 3.619539016989176, "21": 3.619539016989176, "22": 3.619539016989176, "23": 3.619539016989176, "24": 3.619539016989176, "25": 3.619539016989176, "26": 3.619539016989176, "27": 3.619539016989176, "28": 3.619539016989176, "29": 3.619539016989176, "30": 3.619539016989176, "31": 3.619539016989176, "32": 3.619539016989176, "33": 3.619539016989176, "34": 3.619539016989176, "35": 3.619539016989176, "36": 3.619539016989176, "37": 3.619539016989176, "38": 3.619539016989176, "39": 3.1917876572439425, "40": 3.1917876572439425, "41": 3.1917876572439425, "42": 3.1917876572439425, "43": 3.1917876572439425, "44": 3.1917876572439425, "45": 3.1917876572439425, "46": 2.990614627972807, "47": 2.990614627972807, "48": 2.990614627972807, "49": 2.990614627972807, "50": 2.990614627972807, "51": 2.990614627972807, "52": 2.990614627972807, "53": 2.990614627972807, "54": 2.990614627972807, "55": 2.990614627972807, "56": 2.990614627972807, "57": 2.990614627972807, "58": 2.990614627972807, "59": 2.990614627972807, "60": 2.990614627972807, "61": 2.990614627972807, "62": 2.990614627972807, "63": 2.990614627972807, "64": 2.990614627972807, "65": 0.5958771805077916, "66": 0.5958771805077916, "67": 0.5958771805077916, "68": 0.5958771805077916, "69": 0.5958771805077916, "70": 0.5958771805077916, "71": 0.5958771805077916, "72": 0.5958771805077916, "73": 0.5958771805077916, "74": 0.5958771805077916, "75": 0.5958771805077916, "76": 0.5958771805077916, "77": 0.5958771805077916, "78": 0.5958771805077916, "79": 0.5958771805077916, "80": 0.5958771805077916, "81": 0.5958771805077916, "82": 0.5958771805077916, "83": 0.5958771805077916, "84": 0.5958771805077916, "85": 0.5958771805077916, "86": 0.5958771805077916, "87": 0.5958771805077916, "88": 0.5958771805077916, "89": 0.5958771805077916, "90": 0.5958771805077916, "91": 0.5958771805077916, "92": 0.5958771805077916, "93": 0.5958771805077916, "94": 0.5958771805077916, "95": 0.5958771805077916, "96": 0.5958771805077916, "97": 0.5958771805077916, "98": 0.5958771805077916, "99": 0.5958771805077916, "100": 0.5958771805077916}