{"0": 9.138799294450468, "1": 9.138799294450468, "2": 9.138799294450468, "3": 9.138799294450468, "4": 4.1164652392486705, "5": 4.047176869935537, "6": 4.047176869935537, "7": 4.047176869935537, "8": 4.047176869935537, "9": 3.992864837765616, "10": 3.713279148995806, "11": 2.6936144731240965, "12": 2.6936144731240965, "13": 2.6936144731240965, "14": 2.6936144731240965, "15": 2.6936144731240965, "16": 2.6936144731240965, "17": 2.6936144731240965, "18": 2.6936144731240965, "19": 2.6936144731240965, "20": 2.6936144731240965, "21": 2.6936144731240965, "22": 2.6936144731240965, "23": 2.6936144731240965, "24": 2.6936144731240965, "25": 1.2503363185589222, "26": 1.2503363185589222, "27": 1.2503363185589222, "28": 1.2503363185589222, "29": 1.2503363185589222, "30": 1.2503363185589222, "31": 1.2503363185589222, "32": 1.2503363185589222, "33": 1.2503363185589222, "34": 1.2503363185589222, "35": 1.2503363185589222, "36": 1.2503363185589222, "37": 1.2503363185589222, "38": 1.2503363185589222, "39": 1.2503363185589222, "40": 1.2503363185589222, "41": 1.1896968666983696, "42": 1.1896968666983696, "43": 1.1896968666983696, "44": 1.1896968666983696, "45": 1.1896968666983696, "46": 1.1896968666983696, "47": 1.1896968666983696, "48": 1.1896968666983696, "49": 1.1896968666983696, "50": 1.1896968666983696, "51": 1.1896968666983696, "52": 1.1896968666983696, "53": 1.1896968666983696, "54": 1.1896968666983696, "55": 1.1896968666983696, "56": 1.1896968666983696, "57": 1.1896968666983696, "58": 1.1896968666983696, "59": 1.1896968666983696, "60": 1.1896968666983696, "61": 1.1896968666983696, "62": 1.1896968666983696, "63": 1.1896968666983696, "64": 1.1896968666983696, "65": 1.1896968666983696, "66": 1.1896968666983696, "67": 1.1896968666983696, "68": 1.1896968666983696, "69": 1.1896968666983696, "70": 1.1896968666983696, "71": 1.1896968666983696, "72": 1.1896968666983696, "73": 1.1896968666983696, "74": 1.1896968666983696, "75": 1.1896968666983696, "76": 1.1896968666983696, "77": 1.1896968666983696, "78": 1.1896968666983696, "79": 1.1896968666983696, "80": 1.1896968666983696, "81": 1.1896968666983696, "82": 1.1896968666983696, "83": 1.1896968666983696, "84": 1.1896968666983696, "85": 1.1896968666983696, "86": 1.1896968666983696, "87": 1.1896968666983696, "88": 1.1896968666983696, "89": 1.1896968666983696, "90": 1.1896968666983696, "91": 1.1896968666983696, "92": 1.1896968666983696, "93": 1.1896968666983696, "94": 1.1896968666983696, "95": 1.1896968666983696, "96": 1.1896968666983696, "97": 1.1896968666983696, "98": 1.1896968666983696, "99": 1.1896968666983696, "100": 1.1896968666983696}