{"0": 22.974763103012425, "1": 14.370733785077874, "2": 11.860717644988233, "3": 11.860717644988233, "4": 4.147087834437208, "5": 4.147087834437208, "6": 4.147087834437208, "7": 4.147087834437208, "8": 4.147087834437208, "9": 4.147087834437208, "10": 1.1858117643615032, "11": 1.1858117643615032, "12": 1.1858117643615032, "13": 1.1858117643615032, "14": 1.1858117643615032, "15": 1.1858117643615032, "16": 1.1858117643615032, "17": 1.1858117643615032, "18": 1.1858117643615032, "19": 1.1858117643615032, "20": 1.1858117643615032, "21": 1.1858117643615032, "22": 1.1858117643615032, "23": 1.1858117643615032, "24": 1.1858117643615032, "25": 1.1858117643615032, "26": 1.1858117643615032, "27": 1.1858117643615032, "28": 1.1858117643615032, "29": 1.1858117643615032, "30": 1.1858117643615032, "31": 1.1858117643615032, "32": 0.8725790350803706, "33": 0.8725790350803706, "34": 0.8725790350803706, "35": 0.8725790350803706, "36": 0.8725790350803706, "37": 0.8725790350803706, "38": 0.8725790350803706, "39": 0.8725790350803706, "40": 0.8725790350803706, "41": 0.8725790350803706, "42": 0.3469539695952051, "43": 0.3469539695952051, "44": 0.3469539695952051, "45": 0.3469539695952051, "46": 0.3469539695952051, "47": 0.3469539695952051, "48": 0.3469539695952051, "49": 0.3469539695952051, "50": 0.3469539695952051, "51": 0.3469539695952051, "52": 0.3469539695952051, "53": 0.3469539695952051, "54": 0.3469539695952051, "55": 0.3469539695952051, "56": 0.3469539695952051, "57": 0.3469539695952051, "58": 0.3469539695952051, "59": 0.3469539695952051, "60": 0.3469539695952051, "61": 0.3469539695952051, "62": 0.3469539695952051, "63": 0.3469539695952051, "64": 0.3469539695952051, "65": 0.3469539695952051, "66": 0.3469539695952051, "67": 0.3469539695952051, "68": 0.3469539695952051, "69": 0.3469539695952051, "70": 0.3469539695952051, "71": 0.3469539695952051, "72": 0.3469539695952051, "73": 0.3469539695952051, "74": 0.3469539695952051, "75": 0.3469539695952051, "76": 0.3469539695952051, "77": 0.3469539695952051, "78": 0.3469539695952051, "79": 0.3469539695952051, "80": 0.3469539695952051, "81": 0.3469539695952051, "82": 0.3469539695952051, "83": 0.3469539695952051, "84": 0.3469539695952051, "85": 0.3469539695952051, "86": 0.3469539695952051, "87": 0.3469539695952051, "88": 0.3469539695952051, "89": 0.3469539695952051, "90": 0.3469539695952051, "91": 0.3469539695952051, "92": 0.3469539695952051, "93": 0.3469539695952051, "94": 0.3469539695952051, "95": 0.3469539695952051, "96": 0.3469539695952051, "97": 0.3469539695952051, "98": 0.3469539695952051, "99": 0.3469539695952051, "100": 0.3469539695952051}