{"0": 8.178788147887573, "1": 8.178788147887573, "2": 3.5960482905344158, "3": 3.5960482905344158, "4": 3.5960482905344158, "5": 3.5960482905344158, "6": 1.7558041202079266, "7": 1.7558041202079266, "8": 1.7558041202079266, "9": 1.7558041202079266, "10": 1.7558041202079266, "11": 1.7558041202079266, "12": 1.7558041202079266, "13": 1.7558041202079266, "14": 1.7558041202079266, "15": 1.7558041202079266, "16": 1.7192023329461215, "17": 1.7192023329461215, "18": 1.7192023329461215, "19": 1.7192023329461215, "20": 1.7192023329461215, "21": 1.7192023329461215, "22": 1.7192023329461215, "23": 1.7192023329461215, "24": 1.7192023329461215, "25": 1.7192023329461215, "26": 1.7192023329461215, "27": 1.7192023329461215, "28": 1.7192023329461215, "29": 1.7192023329461215, "30": 1.7192023329461215, "31": 1.7192023329461215, "32": 1.7192023329461215, "33": 1.7192023329461215, "34": 1.7192023329461215, "35": 1.7192023329461215, "36": 1.7192023329461215, "37": 1.7192023329461215, "38": 1.7192023329461215, "39": 1.7192023329461215, "40": 1.7192023329461215, "41": 1.7192023329461215, "42": 1.7192023329461215, "43": 1.7192023329461215, "44": 1.7192023329461215, "45": 1.7192023329461215, "46": 1.7192023329461215, "47": 1.7192023329461215, "48": 1.7192023329461215, "49": 1.7192023329461215, "50": 1.7192023329461215, "51": 1.7192023329461215, "52": 1.7192023329461215, "53": 1.7192023329461215, "54": 1.7192023329461215, "55": 1.7192023329461215, "56": 1.7192023329461215, "57": 1.7192023329461215, "58": 1.7192023329461215, "59": 1.7192023329461215, "60": 1.7192023329461215, "61": 1.7192023329461215, "62": 1.7192023329461215, "63": 0.594397087735878, "64": 0.594397087735878, "65": 0.594397087735878, "66": 0.594397087735878, "67": 0.594397087735878, "68": 0.594397087735878, "69": 0.594397087735878, "70": 0.594397087735878, "71": 0.594397087735878, "72": 0.594397087735878, "73": 0.594397087735878, "74": 0.594397087735878, "75": 0.594397087735878, "76": 0.594397087735878, "77": 0.594397087735878, "78": 0.594397087735878, "79": 0.594397087735878, "80": 0.594397087735878, "81": 0.594397087735878, "82": 0.594397087735878, "83": 0.594397087735878, "84": 0.594397087735878, "85": 0.594397087735878, "86": 0.594397087735878, "87": 0.594397087735878, "88": 0.10418472288036185, "89": 0.10418472288036185, "90": 0.10418472288036185, "91": 0.10418472288036185, "92": 0.10418472288036185, "93": 0.10418472288036185, "94": 0.10418472288036185, "95": 0.10418472288036185, "96": 0.10418472288036185, "97": 0.10418472288036185, "98": 0.10418472288036185, "99": 0.10418472288036185, "100": 0.10418472288036185}