{"0": 13.934117613212875, "1": 13.934117613212875, "2": 13.934117613212875, "3": 13.934117613212875, "4": 9.50977577267864, "5": 9.50977577267864, "6": 4.276550897060922, "7": 4.276550897060922, "8": 2.5034902765171445, "9": 2.5034902765171445, "10": 1.60598434900308, "11": 0.25028362487167044, "12": 0.25028362487167044, "13": 0.25028362487167044, "14": 0.25028362487167044, "15": 0.25028362487167044, "16": 0.25028362487167044, "17": 0.25028362487167044, "18": 0.25028362487167044, "19": 0.25028362487167044, "20": 0.25028362487167044, "21": 0.25028362487167044, "22": 0.25028362487167044, "23": 0.25028362487167044, "24": 0.25028362487167044, "25": 0.25028362487167044, "26": 0.25028362487167044, "27": 0.25028362487167044, "28": 0.25028362487167044, "29": 0.25028362487167044, "30": 0.25028362487167044, "31": 0.25028362487167044, "32": 0.25028362487167044, "33": 0.25028362487167044, "34": 0.25028362487167044, "35": 0.25028362487167044, "36": 0.25028362487167044, "37": 0.25028362487167044, "38": 0.25028362487167044, "39": 0.25028362487167044, "40": 0.25028362487167044, "41": 0.25028362487167044, "42": 0.25028362487167044, "43": 0.25028362487167044, "44": 0.25028362487167044, "45": 0.25028362487167044, "46": 0.25028362487167044, "47": 0.25028362487167044, "48": 0.25028362487167044, "49": 0.25028362487167044, "50": 0.25028362487167044, "51": 0.25028362487167044, "52": 0.25028362487167044, "53": 0.25028362487167044, "54": 0.25028362487167044, "55": 0.25028362487167044, "56": 0.25028362487167044, "57": 0.25028362487167044, "58": 0.25028362487167044, "59": 0.25028362487167044, "60": 0.25028362487167044, "61": 0.25028362487167044, "62": 0.25028362487167044, "63": 0.25028362487167044, "64": 0.25028362487167044, "65": 0.25028362487167044, "66": 0.25028362487167044, "67": 0.25028362487167044, "68": 0.25028362487167044, "69": 0.25028362487167044, "70": 0.25028362487167044, "71": 0.25028362487167044, "72": 0.25028362487167044, "73": 0.25028362487167044, "74": 0.25028362487167044, "75": 0.25028362487167044, "76": 0.25028362487167044, "77": 0.25028362487167044, "78": 0.25028362487167044, "79": 0.25028362487167044, "80": 0.25028362487167044, "81": 0.25028362487167044, "82": 0.25028362487167044, "83": 0.25028362487167044, "84": 0.25028362487167044, "85": 0.25028362487167044, "86": 0.25028362487167044, "87": 0.25028362487167044, "88": 0.25028362487167044, "89": 0.25028362487167044, "90": 0.25028362487167044, "91": 0.25028362487167044, "92": 0.25028362487167044, "93": 0.25028362487167044, "94": 0.25028362487167044, "95": 0.25028362487167044, "96": 0.25028362487167044, "97": 0.25028362487167044, "98": 0.25028362487167044, "99": 0.25028362487167044, "100": 0.25028362487167044}