{"0": 23.851121913787793, "1": 17.976124049439072, "2": 10.23351983010819, "3": 10.23351983010819, "4": 1.4595352202991236, "5": 1.4595352202991236, "6": 1.4595352202991236, "7": 1.4595352202991236, "8": 1.4595352202991236, "9": 1.4595352202991236, "10": 1.4595352202991236, "11": 1.4595352202991236, "12": 1.4595352202991236, "13": 1.4595352202991236, "14": 1.4595352202991236, "15": 1.4595352202991236, "16": 1.4595352202991236, "17": 1.4595352202991236, "18": 1.4595352202991236, "19": 1.4595352202991236, "20": 1.4595352202991236, "21": 0.5738031876801486, "22": 0.5738031876801486, "23": 0.5738031876801486, "24": 0.5738031876801486, "25": 0.5738031876801486, "26": 0.5738031876801486, "27": 0.5738031876801486, "28": 0.5738031876801486, "29": 0.5738031876801486, "30": 0.5738031876801486, "31": 0.5738031876801486, "32": 0.5738031876801486, "33": 0.5738031876801486, "34": 0.5738031876801486, "35": 0.5738031876801486, "36": 0.5738031876801486, "37": 0.5738031876801486, "38": 0.5738031876801486, "39": 0.5738031876801486, "40": 0.5738031876801486, "41": 0.5738031876801486, "42": 0.5738031876801486, "43": 0.5738031876801486, "44": 0.5738031876801486, "45": 0.5738031876801486, "46": 0.5738031876801486, "47": 0.5738031876801486, "48": 0.5738031876801486, "49": 0.5738031876801486, "50": 0.5738031876801486, "51": 0.5738031876801486, "52": 0.5738031876801486, "53": 0.5738031876801486, "54": 0.5738031876801486, "55": 0.5738031876801486, "56": 0.5738031876801486, "57": 0.5738031876801486, "58": 0.5738031876801486, "59": 0.5738031876801486, "60": 0.5738031876801486, "61": 0.5738031876801486, "62": 0.5738031876801486, "63": 0.5738031876801486, "64": 0.5738031876801486, "65": 0.5738031876801486, "66": 0.5738031876801486, "67": 0.5738031876801486, "68": 0.5738031876801486, "69": 0.5738031876801486, "70": 0.5738031876801486, "71": 0.5738031876801486, "72": 0.5738031876801486, "73": 0.5738031876801486, "74": 0.5738031876801486, "75": 0.5738031876801486, "76": 0.5738031876801486, "77": 0.5738031876801486, "78": 0.5738031876801486, "79": 0.5738031876801486, "80": 0.5738031876801486, "81": 0.5738031876801486, "82": 0.5738031876801486, "83": 0.5738031876801486, "84": 0.5738031876801486, "85": 0.5738031876801486, "86": 0.5738031876801486, "87": 0.5738031876801486, "88": 0.5738031876801486, "89": 0.5738031876801486, "90": 0.5738031876801486, "91": 0.5738031876801486, "92": 0.5738031876801486, "93": 0.5738031876801486, "94": 0.5738031876801486, "95": 0.5738031876801486, "96": 0.5738031876801486, "97": 0.5738031876801486, "98": 0.5738031876801486, "99": 0.5738031876801486, "100": 0.5738031876801486}