{"0": 18.14554176926193, "1": 12.621327500233805, "2": 6.654685209562071, "3": 5.284942581157651, "4": 5.284942581157651, "5": 5.284942581157651, "6": 5.284942581157651, "7": 5.284942581157651, "8": 5.199981747725527, "9": 5.199981747725527, "10": 5.199981747725527, "11": 5.199981747725527, "12": 5.199981747725527, "13": 5.199981747725527, "14": 4.762580752061028, "15": 2.3060230538666033, "16": 2.3060230538666033, "17": 2.3060230538666033, "18": 2.3060230538666033, "19": 2.3060230538666033, "20": 2.3060230538666033, "21": 2.202178172496943, "22": 2.202178172496943, "23": 2.202178172496943, "24": 2.202178172496943, "25": 2.202178172496943, "26": 2.202178172496943, "27": 2.202178172496943, "28": 2.202178172496943, "29": 2.202178172496943, "30": 2.202178172496943, "31": 2.202178172496943, "32": 2.202178172496943, "33": 2.202178172496943, "34": 2.202178172496943, "35": 2.202178172496943, "36": 2.202178172496943, "37": 2.202178172496943, "38": 2.202178172496943, "39": 2.202178172496943, "40": 2.202178172496943, "41": 2.202178172496943, "42": 2.202178172496943, "43": 2.202178172496943, "44": 2.202178172496943, "45": 2.202178172496943, "46": 2.202178172496943, "47": 2.202178172496943, "48": 2.202178172496943, "49": 2.202178172496943, "50": 2.202178172496943, "51": 2.202178172496943, "52": 2.202178172496943, "53": 2.202178172496943, "54": 2.202178172496943, "55": 2.202178172496943, "56": 1.5868864172281363, "57": 1.5868864172281363, "58": 1.5868864172281363, "59": 1.5868864172281363, "60": 1.5868864172281363, "61": 1.5868864172281363, "62": 1.5868864172281363, "63": 1.5868864172281363, "64": 1.5868864172281363, "65": 1.5868864172281363, "66": 1.5868864172281363, "67": 1.3875163153118564, "68": 1.3875163153118564, "69": 1.3875163153118564, "70": 1.3875163153118564, "71": 1.3875163153118564, "72": 1.3875163153118564, "73": 1.3875163153118564, "74": 1.3875163153118564, "75": 1.3875163153118564, "76": 1.3875163153118564, "77": 1.3875163153118564, "78": 1.3875163153118564, "79": 1.3875163153118564, "80": 1.3875163153118564, "81": 1.3875163153118564, "82": 1.3875163153118564, "83": 1.3875163153118564, "84": 1.3875163153118564, "85": 1.3875163153118564, "86": 1.3875163153118564, "87": 1.3875163153118564, "88": 1.3875163153118564, "89": 1.3875163153118564, "90": 1.3875163153118564, "91": 1.2835346424125014, "92": 1.2835346424125014, "93": 1.2835346424125014, "94": 1.2835346424125014, "95": 1.2835346424125014, "96": 1.2835346424125014, "97": 1.2835346424125014, "98": 1.2835346424125014, "99": 1.2835346424125014, "100": 1.2835346424125014}