{"0": 15.62764534113823, "1": 13.378442065562723, "2": 13.378442065562723, "3": 13.378442065562723, "4": 5.243607900033776, "5": 5.243607900033776, "6": 5.243607900033776, "7": 4.170754754261555, "8": 4.170754754261555, "9": 4.170754754261555, "10": 1.0764379173721466, "11": 1.0764379173721466, "12": 1.0764379173721466, "13": 1.0764379173721466, "14": 1.0764379173721466, "15": 1.0764379173721466, "16": 1.0764379173721466, "17": 1.0764379173721466, "18": 1.0764379173721466, "19": 0.9963292797006744, "20": 0.9963292797006744, "21": 0.9963292797006744, "22": 0.9963292797006744, "23": 0.9963292797006744, "24": 0.9963292797006744, "25": 0.9963292797006744, "26": 0.9963292797006744, "27": 0.9963292797006744, "28": 0.9963292797006744, "29": 0.9963292797006744, "30": 0.9963292797006744, "31": 0.9963292797006744, "32": 0.9963292797006744, "33": 0.9963292797006744, "34": 0.9963292797006744, "35": 0.9963292797006744, "36": 0.9963292797006744, "37": 0.9963292797006744, "38": 0.9963292797006744, "39": 0.9963292797006744, "40": 0.9963292797006744, "41": 0.9963292797006744, "42": 0.9963292797006744, "43": 0.9963292797006744, "44": 0.9963292797006744, "45": 0.9963292797006744, "46": 0.9963292797006744, "47": 0.9963292797006744, "48": 0.9963292797006744, "49": 0.9963292797006744, "50": 0.9963292797006744, "51": 0.9963292797006744, "52": 0.9963292797006744, "53": 0.9963292797006744, "54": 0.9963292797006744, "55": 0.9963292797006744, "56": 0.9963292797006744, "57": 0.9963292797006744, "58": 0.9963292797006744, "59": 0.9963292797006744, "60": 0.9963292797006744, "61": 0.9963292797006744, "62": 0.9963292797006744, "63": 0.9963292797006744, "64": 0.9963292797006744, "65": 0.9963292797006744, "66": 0.9963292797006744, "67": 0.9963292797006744, "68": 0.9963292797006744, "69": 0.9963292797006744, "70": 0.9963292797006744, "71": 0.9963292797006744, "72": 0.9963292797006744, "73": 0.9963292797006744, "74": 0.9963292797006744, "75": 0.9963292797006744, "76": 0.9963292797006744, "77": 0.9963292797006744, "78": 0.9963292797006744, "79": 0.9963292797006744, "80": 0.9963292797006744, "81": 0.9963292797006744, "82": 0.9963292797006744, "83": 0.9963292797006744, "84": 0.9963292797006744, "85": 0.9963292797006744, "86": 0.9963292797006744, "87": 0.9963292797006744, "88": 0.9963292797006744, "89": 0.9963292797006744, "90": 0.9963292797006744, "91": 0.9963292797006744, "92": 0.9963292797006744, "93": 0.9963292797006744, "94": 0.9963292797006744, "95": 0.9963292797006744, "96": 0.9963292797006744, "97": 0.9963292797006744, "98": 0.9963292797006744, "99": 0.9963292797006744, "100": 0.9963292797006744}