{"0": 10.576693956762437, "1": 10.576693956762437, "2": 6.755849478217151, "3": 6.755849478217151, "4": 6.755849478217151, "5": 6.755849478217151, "6": 6.755849478217151, "7": 6.296063524848606, "8": 3.385497229203615, "9": 3.385497229203615, "10": 3.385497229203615, "11": 3.385497229203615, "12": 3.385497229203615, "13": 3.385497229203615, "14": 3.385497229203615, "15": 3.385497229203615, "16": 3.385497229203615, "17": 3.215802954334233, "18": 3.215802954334233, "19": 3.215802954334233, "20": 3.215802954334233, "21": 3.215802954334233, "22": 3.215802954334233, "23": 2.724979072594273, "24": 2.724979072594273, "25": 2.724979072594273, "26": 2.3006714882884296, "27": 2.3006714882884296, "28": 2.3006714882884296, "29": 2.3006714882884296, "30": 2.3006714882884296, "31": 2.3006714882884296, "32": 2.3006714882884296, "33": 2.3006714882884296, "34": 2.3006714882884296, "35": 2.3006714882884296, "36": 2.3006714882884296, "37": 2.3006714882884296, "38": 2.3006714882884296, "39": 2.3006714882884296, "40": 2.3006714882884296, "41": 2.3006714882884296, "42": 2.3006714882884296, "43": 2.3006714882884296, "44": 2.3006714882884296, "45": 2.3006714882884296, "46": 2.3006714882884296, "47": 2.3006714882884296, "48": 2.3006714882884296, "49": 2.3006714882884296, "50": 2.3006714882884296, "51": 2.3006714882884296, "52": 2.3006714882884296, "53": 2.3006714882884296, "54": 2.3006714882884296, "55": 2.3006714882884296, "56": 2.3006714882884296, "57": 2.3006714882884296, "58": 2.3006714882884296, "59": 2.3006714882884296, "60": 2.3006714882884296, "61": 2.3006714882884296, "62": 2.3006714882884296, "63": 2.3006714882884296, "64": 2.3006714882884296, "65": 2.3006714882884296, "66": 2.3006714882884296, "67": 2.3006714882884296, "68": 2.3006714882884296, "69": 2.3006714882884296, "70": 2.3006714882884296, "71": 2.0511381642810846, "72": 2.0511381642810846, "73": 2.0511381642810846, "74": 2.0511381642810846, "75": 2.0511381642810846, "76": 2.0511381642810846, "77": 1.6388950572195569, "78": 1.6388950572195569, "79": 1.6388950572195569, "80": 1.6388950572195569, "81": 1.6388950572195569, "82": 1.6388950572195569, "83": 1.6388950572195569, "84": 1.6388950572195569, "85": 1.6388950572195569, "86": 1.6388950572195569, "87": 1.6388950572195569, "88": 1.6388950572195569, "89": 1.6388950572195569, "90": 1.6388950572195569, "91": 1.6388950572195569, "92": 1.6388950572195569, "93": 1.6388950572195569, "94": 1.6388950572195569, "95": 1.6388950572195569, "96": 1.6388950572195569, "97": 1.6388950572195569, "98": 1.6388950572195569, "99": 1.6388950572195569, "100": 1.6388950572195569}