{"0": 3.855324640012043, "1": 3.855324640012043, "2": 3.855324640012043, "3": 3.855324640012043, "4": 3.855324640012043, "5": 0.19447023350668502, "6": 0.19447023350668502, "7": 0.19447023350668502, "8": 0.19447023350668502, "9": 0.16046801102331898, "10": 0.16046801102331898, "11": 0.16046801102331898, "12": 0.16046801102331898, "13": 0.16046801102331898, "14": 0.16046801102331898, "15": 0.16046801102331898, "16": 0.16046801102331898, "17": 0.16046801102331898, "18": 0.16046801102331898, "19": 0.16046801102331898, "20": 0.16046801102331898, "21": 0.16046801102331898, "22": 0.16046801102331898, "23": 0.16046801102331898, "24": 0.16046801102331898, "25": 0.16046801102331898, "26": 0.16046801102331898, "27": 0.16046801102331898, "28": 0.16046801102331898, "29": 0.16046801102331898, "30": 0.16046801102331898, "31": 0.16046801102331898, "32": 0.004049003645771876, "33": 0.004049003645771876, "34": 0.004049003645771876, "35": 0.004049003645771876, "36": 0.004049003645771876, "37": 0.004049003645771876, "38": 0.004049003645771876, "39": 0.004049003645771876, "40": 0.004049003645771876, "41": 0.004049003645771876, "42": 0.004049003645771876, "43": 0.004049003645771876, "44": 0.004049003645771876, "45": 0.004049003645771876, "46": 0.004049003645771876, "47": 0.004049003645771876, "48": 0.004049003645771876, "49": 0.004049003645771876, "50": 0.004049003645771876, "51": 0.004049003645771876, "52": 0.004049003645771876, "53": 0.004049003645771876, "54": 0.004049003645771876, "55": 0.004049003645771876, "56": 0.004049003645771876, "57": 0.004049003645771876, "58": 0.004049003645771876, "59": 0.004049003645771876, "60": 0.004049003645771876, "61": 0.004049003645771876, "62": 0.004049003645771876, "63": 0.004049003645771876, "64": 0.004049003645771876, "65": 0.004049003645771876, "66": 0.004049003645771876, "67": 0.004049003645771876, "68": 0.004049003645771876, "69": 0.004049003645771876, "70": 0.004049003645771876, "71": 0.004049003645771876, "72": 0.004049003645771876, "73": 0.004049003645771876, "74": 0.004049003645771876, "75": 0.004049003645771876, "76": 0.004049003645771876, "77": 0.004049003645771876, "78": 0.004049003645771876, "79": 0.004049003645771876, "80": 0.004049003645771876, "81": 0.004049003645771876, "82": 0.004049003645771876, "83": 0.004049003645771876, "84": 0.004049003645771876, "85": 0.004049003645771876, "86": 0.004049003645771876, "87": 0.004049003645771876, "88": 0.004049003645771876, "89": 0.004049003645771876, "90": 0.004049003645771876, "91": 0.004049003645771876, "92": 0.004049003645771876, "93": 0.004049003645771876, "94": 0.004049003645771876, "95": 0.004049003645771876, "96": 0.004049003645771876, "97": 0.004049003645771876, "98": 0.004049003645771876, "99": 0.004049003645771876, "100": 0.004049003645771876}