{"0": 7.221384206505499, "1": 7.221384206505499, "2": 7.221384206505499, "3": 7.221384206505499, "4": 3.245373567660266, "5": 3.245373567660266, "6": 3.245373567660266, "7": 3.245373567660266, "8": 3.245373567660266, "9": 3.1042365226250936, "10": 3.1042365226250936, "11": 2.9484835704731402, "12": 2.9484835704731402, "13": 2.9484835704731402, "14": 2.9484835704731402, "15": 2.9484835704731402, "16": 2.2071333765998418, "17": 2.2071333765998418, "18": 2.2071333765998418, "19": 2.2071333765998418, "20": 2.2071333765998418, "21": 2.2071333765998418, "22": 2.2071333765998418, "23": 2.2071333765998418, "24": 0.9431641283173704, "25": 0.9431641283173704, "26": 0.9431641283173704, "27": 0.9431641283173704, "28": 0.9431641283173704, "29": 0.9431641283173704, "30": 0.9431641283173704, "31": 0.8129313769356443, "32": 0.8129313769356443, "33": 0.8129313769356443, "34": 0.8129313769356443, "35": 0.8129313769356443, "36": 0.8129313769356443, "37": 0.8129313769356443, "38": 0.8129313769356443, "39": 0.8129313769356443, "40": 0.8129313769356443, "41": 0.8129313769356443, "42": 0.8129313769356443, "43": 0.8129313769356443, "44": 0.8129313769356443, "45": 0.8129313769356443, "46": 0.8129313769356443, "47": 0.8129313769356443, "48": 0.8129313769356443, "49": 0.8129313769356443, "50": 0.8129313769356443, "51": 0.8129313769356443, "52": 0.8129313769356443, "53": 0.8129313769356443, "54": 0.8129313769356443, "55": 0.8129313769356443, "56": 0.8129313769356443, "57": 0.8129313769356443, "58": 0.8129313769356443, "59": 0.8129313769356443, "60": 0.8129313769356443, "61": 0.8129313769356443, "62": 0.8129313769356443, "63": 0.8129313769356443, "64": 0.8129313769356443, "65": 0.8129313769356443, "66": 0.8129313769356443, "67": 0.8129313769356443, "68": 0.8129313769356443, "69": 0.8129313769356443, "70": 0.8129313769356443, "71": 0.8129313769356443, "72": 0.8129313769356443, "73": 0.8129313769356443, "74": 0.8129313769356443, "75": 0.8129313769356443, "76": 0.8129313769356443, "77": 0.8129313769356443, "78": 0.8129313769356443, "79": 0.8129313769356443, "80": 0.8129313769356443, "81": 0.8129313769356443, "82": 0.8129313769356443, "83": 0.8129313769356443, "84": 0.8129313769356443, "85": 0.8129313769356443, "86": 0.8129313769356443, "87": 0.8129313769356443, "88": 0.8129313769356443, "89": 0.8129313769356443, "90": 0.8129313769356443, "91": 0.8129313769356443, "92": 0.8129313769356443, "93": 0.8129313769356443, "94": 0.8129313769356443, "95": 0.8129313769356443, "96": 0.8129313769356443, "97": 0.8129313769356443, "98": 0.8129313769356443, "99": 0.8129313769356443, "100": 0.8129313769356443}