{"0": 15.118989740729653, "1": 8.98487401847084, "2": 8.98487401847084, "3": 8.98487401847084, "4": 8.98487401847084, "5": 8.98487401847084, "6": 6.203773449997108, "7": 6.203773449997108, "8": 6.203773449997108, "9": 6.203773449997108, "10": 2.3799477742427406, "11": 2.3799477742427406, "12": 2.3799477742427406, "13": 2.3799477742427406, "14": 2.3799477742427406, "15": 2.304516205685978, "16": 2.014402426116728, "17": 2.014402426116728, "18": 2.014402426116728, "19": 2.014402426116728, "20": 2.014402426116728, "21": 2.014402426116728, "22": 2.014402426116728, "23": 2.014402426116728, "24": 2.014402426116728, "25": 2.0093488549279925, "26": 2.0093488549279925, "27": 2.0093488549279925, "28": 2.0093488549279925, "29": 2.0093488549279925, "30": 2.0093488549279925, "31": 2.0093488549279925, "32": 2.0093488549279925, "33": 2.0093488549279925, "34": 2.0093488549279925, "35": 2.0093488549279925, "36": 2.0093488549279925, "37": 2.0093488549279925, "38": 2.0093488549279925, "39": 2.0093488549279925, "40": 2.0093488549279925, "41": 2.0093488549279925, "42": 2.0093488549279925, "43": 2.0093488549279925, "44": 2.0093488549279925, "45": 2.0093488549279925, "46": 2.0093488549279925, "47": 2.0093488549279925, "48": 2.0093488549279925, "49": 2.0093488549279925, "50": 2.0093488549279925, "51": 2.0093488549279925, "52": 2.0093488549279925, "53": 2.0093488549279925, "54": 2.0093488549279925, "55": 2.0093488549279925, "56": 2.0093488549279925, "57": 1.5727271169760186, "58": 1.5727271169760186, "59": 1.5727271169760186, "60": 1.5727271169760186, "61": 1.5727271169760186, "62": 1.5727271169760186, "63": 1.5727271169760186, "64": 1.5727271169760186, "65": 1.5727271169760186, "66": 1.5727271169760186, "67": 1.5727271169760186, "68": 1.5727271169760186, "69": 1.5727271169760186, "70": 1.5727271169760186, "71": 1.5727271169760186, "72": 1.5727271169760186, "73": 1.5727271169760186, "74": 1.5727271169760186, "75": 1.5727271169760186, "76": 1.5727271169760186, "77": 1.5727271169760186, "78": 1.5727271169760186, "79": 1.5727271169760186, "80": 1.5727271169760186, "81": 1.5727271169760186, "82": 1.5727271169760186, "83": 1.5727271169760186, "84": 1.5727271169760186, "85": 1.5727271169760186, "86": 1.5727271169760186, "87": 1.5727271169760186, "88": 1.5727271169760186, "89": 1.5727271169760186, "90": 1.5727271169760186, "91": 1.5727271169760186, "92": 1.5727271169760186, "93": 1.5727271169760186, "94": 1.5727271169760186, "95": 1.5727271169760186, "96": 1.5727271169760186, "97": 1.5727271169760186, "98": 1.5727271169760186, "99": 1.5727271169760186, "100": 1.5727271169760186}