{"0": 17.148876282285286, "1": 17.148876282285286, "2": 17.148876282285286, "3": 17.148876282285286, "4": 9.955001259070439, "5": 6.651254811582838, "6": 6.651254811582838, "7": 1.6166901087286263, "8": 1.6166901087286263, "9": 1.181571099905348, "10": 1.181571099905348, "11": 1.181571099905348, "12": 1.181571099905348, "13": 1.181571099905348, "14": 1.181571099905348, "15": 1.181571099905348, "16": 1.181571099905348, "17": 1.181571099905348, "18": 1.181571099905348, "19": 1.181571099905348, "20": 1.181571099905348, "21": 1.181571099905348, "22": 1.181571099905348, "23": 1.181571099905348, "24": 1.181571099905348, "25": 1.181571099905348, "26": 1.181571099905348, "27": 1.181571099905348, "28": 1.181571099905348, "29": 1.181571099905348, "30": 1.181571099905348, "31": 1.181571099905348, "32": 0.733657432841305, "33": 0.733657432841305, "34": 0.733657432841305, "35": 0.733657432841305, "36": 0.733657432841305, "37": 0.733657432841305, "38": 0.733657432841305, "39": 0.733657432841305, "40": 0.733657432841305, "41": 0.733657432841305, "42": 0.733657432841305, "43": 0.733657432841305, "44": 0.733657432841305, "45": 0.733657432841305, "46": 0.733657432841305, "47": 0.733657432841305, "48": 0.733657432841305, "49": 0.733657432841305, "50": 0.733657432841305, "51": 0.733657432841305, "52": 0.733657432841305, "53": 0.733657432841305, "54": 0.733657432841305, "55": 0.733657432841305, "56": 0.733657432841305, "57": 0.733657432841305, "58": 0.733657432841305, "59": 0.733657432841305, "60": 0.733657432841305, "61": 0.733657432841305, "62": 0.733657432841305, "63": 0.733657432841305, "64": 0.733657432841305, "65": 0.733657432841305, "66": 0.733657432841305, "67": 0.733657432841305, "68": 0.733657432841305, "69": 0.733657432841305, "70": 0.733657432841305, "71": 0.733657432841305, "72": 0.733657432841305, "73": 0.733657432841305, "74": 0.733657432841305, "75": 0.733657432841305, "76": 0.733657432841305, "77": 0.733657432841305, "78": 0.733657432841305, "79": 0.733657432841305, "80": 0.733657432841305, "81": 0.733657432841305, "82": 0.733657432841305, "83": 0.733657432841305, "84": 0.733657432841305, "85": 0.733657432841305, "86": 0.733657432841305, "87": 0.733657432841305, "88": 0.733657432841305, "89": 0.733657432841305, "90": 0.733657432841305, "91": 0.733657432841305, "92": 0.733657432841305, "93": 0.733657432841305, "94": 0.733657432841305, "95": 0.733657432841305, "96": 0.733657432841305, "97": 0.733657432841305, "98": 0.733657432841305, "99": 0.733657432841305, "100": 0.733657432841305}