{"0": 22.528993413160173, "1": 17.184817074365796, "2": 4.400116316088695, "3": 4.400116316088695, "4": 4.400116316088695, "5": 3.802880987839764, "6": 3.802880987839764, "7": 2.42515263575093, "8": 2.42515263575093, "9": 2.42515263575093, "10": 2.42515263575093, "11": 2.42515263575093, "12": 2.42515263575093, "13": 2.42515263575093, "14": 2.42515263575093, "15": 2.42515263575093, "16": 2.42515263575093, "17": 2.42515263575093, "18": 2.42515263575093, "19": 2.42515263575093, "20": 2.42515263575093, "21": 2.42515263575093, "22": 2.42515263575093, "23": 2.42515263575093, "24": 2.42515263575093, "25": 2.42515263575093, "26": 2.42515263575093, "27": 2.42515263575093, "28": 2.42515263575093, "29": 2.42515263575093, "30": 2.42515263575093, "31": 2.42515263575093, "32": 2.42515263575093, "33": 2.42515263575093, "34": 2.42515263575093, "35": 2.42515263575093, "36": 2.42515263575093, "37": 2.42515263575093, "38": 2.42515263575093, "39": 2.42515263575093, "40": 2.42515263575093, "41": 2.42515263575093, "42": 2.42515263575093, "43": 2.42515263575093, "44": 2.42515263575093, "45": 2.42515263575093, "46": 2.42515263575093, "47": 2.42515263575093, "48": 2.42515263575093, "49": 2.42515263575093, "50": 2.42515263575093, "51": 2.42515263575093, "52": 2.42515263575093, "53": 2.42515263575093, "54": 2.42515263575093, "55": 2.42515263575093, "56": 2.42515263575093, "57": 2.42515263575093, "58": 2.42515263575093, "59": 2.42515263575093, "60": 2.42515263575093, "61": 2.42515263575093, "62": 2.42515263575093, "63": 2.42515263575093, "64": 2.42515263575093, "65": 2.42515263575093, "66": 2.42515263575093, "67": 2.42515263575093, "68": 2.42515263575093, "69": 2.42515263575093, "70": 2.42515263575093, "71": 2.42515263575093, "72": 2.42515263575093, "73": 2.42515263575093, "74": 2.42515263575093, "75": 2.42515263575093, "76": 2.42515263575093, "77": 2.42515263575093, "78": 2.42515263575093, "79": 2.42515263575093, "80": 2.42515263575093, "81": 2.42515263575093, "82": 2.42515263575093, "83": 2.42515263575093, "84": 2.42515263575093, "85": 2.42515263575093, "86": 2.42515263575093, "87": 2.42515263575093, "88": 2.42515263575093, "89": 2.42515263575093, "90": 2.42515263575093, "91": 2.42515263575093, "92": 2.42515263575093, "93": 2.42515263575093, "94": 2.42515263575093, "95": 2.42515263575093, "96": 2.42515263575093, "97": 0.0986586102775675, "98": 0.0986586102775675, "99": 0.0986586102775675, "100": 0.0986586102775675}