{"0": 20.629962739099774, "1": 14.767567731760321, "2": 14.767567731760321, "3": 14.767567731760321, "4": 14.767567731760321, "5": 14.767567731760321, "6": 7.906302107322768, "7": 6.908351284614179, "8": 6.908351284614179, "9": 6.908351284614179, "10": 6.908351284614179, "11": 6.908351284614179, "12": 6.908351284614179, "13": 2.3000648828230084, "14": 2.1559484514542433, "15": 2.1559484514542433, "16": 2.1559484514542433, "17": 2.1559484514542433, "18": 2.1559484514542433, "19": 2.1559484514542433, "20": 2.1559484514542433, "21": 1.2354196132825699, "22": 1.2354196132825699, "23": 1.2354196132825699, "24": 1.2354196132825699, "25": 1.2354196132825699, "26": 1.2354196132825699, "27": 1.2354196132825699, "28": 1.2354196132825699, "29": 1.2354196132825699, "30": 1.2354196132825699, "31": 1.2354196132825699, "32": 1.2354196132825699, "33": 1.2354196132825699, "34": 1.2354196132825699, "35": 1.2354196132825699, "36": 1.2354196132825699, "37": 1.2354196132825699, "38": 1.2354196132825699, "39": 1.2354196132825699, "40": 1.2354196132825699, "41": 1.2354196132825699, "42": 1.2354196132825699, "43": 1.2354196132825699, "44": 0.13839291673359355, "45": 0.13839291673359355, "46": 0.13839291673359355, "47": 0.13839291673359355, "48": 0.13839291673359355, "49": 0.13839291673359355, "50": 0.13839291673359355, "51": 0.13839291673359355, "52": 0.13839291673359355, "53": 0.13839291673359355, "54": 0.13839291673359355, "55": 0.13839291673359355, "56": 0.10952481944561043, "57": 0.10952481944561043, "58": 0.10952481944561043, "59": 0.10952481944561043, "60": 0.10952481944561043, "61": 0.10952481944561043, "62": 0.10952481944561043, "63": 0.10952481944561043, "64": 0.10952481944561043, "65": 0.10952481944561043, "66": 0.10952481944561043, "67": 0.10952481944561043, "68": 0.10952481944561043, "69": 0.10952481944561043, "70": 0.10952481944561043, "71": 0.10952481944561043, "72": 0.10952481944561043, "73": 0.10952481944561043, "74": 0.10952481944561043, "75": 0.10952481944561043, "76": 0.10952481944561043, "77": 0.10952481944561043, "78": 0.10952481944561043, "79": 0.10952481944561043, "80": 0.10952481944561043, "81": 0.10952481944561043, "82": 0.10952481944561043, "83": 0.10952481944561043, "84": 0.10952481944561043, "85": 0.10952481944561043, "86": 0.10952481944561043, "87": 0.10952481944561043, "88": 0.10952481944561043, "89": 0.10952481944561043, "90": 0.10952481944561043, "91": 0.10952481944561043, "92": 0.10952481944561043, "93": 0.10952481944561043, "94": 0.10952481944561043, "95": 0.10952481944561043, "96": 0.10952481944561043, "97": 0.10952481944561043, "98": 0.10952481944561043, "99": 0.10952481944561043, "100": 0.10952481944561043}