{"0": 13.045937543131725, "1": 13.045937543131725, "2": 13.045937543131725, "3": 13.045937543131725, "4": 13.045937543131725, "5": 13.045937543131725, "6": 8.100683666596733, "7": 6.975799791465686, "8": 6.975799791465686, "9": 4.652613613575312, "10": 4.652613613575312, "11": 4.652613613575312, "12": 4.652613613575312, "13": 2.7673421903988924, "14": 2.7673421903988924, "15": 2.5988632819429114, "16": 2.5988632819429114, "17": 2.5988632819429114, "18": 2.5988632819429114, "19": 2.0394457771488597, "20": 2.0394457771488597, "21": 2.0394457771488597, "22": 2.0394457771488597, "23": 2.0394457771488597, "24": 1.9789639810977313, "25": 1.9789639810977313, "26": 1.9789639810977313, "27": 1.9789639810977313, "28": 1.9789639810977313, "29": 1.9789639810977313, "30": 1.9789639810977313, "31": 1.9789639810977313, "32": 1.9789639810977313, "33": 1.9789639810977313, "34": 0.9393390348571273, "35": 0.9393390348571273, "36": 0.9393390348571273, "37": 0.9393390348571273, "38": 0.9393390348571273, "39": 0.9393390348571273, "40": 0.9393390348571273, "41": 0.9393390348571273, "42": 0.9393390348571273, "43": 0.9393390348571273, "44": 0.9393390348571273, "45": 0.9393390348571273, "46": 0.9393390348571273, "47": 0.9393390348571273, "48": 0.9393390348571273, "49": 0.9393390348571273, "50": 0.9393390348571273, "51": 0.9393390348571273, "52": 0.9393390348571273, "53": 0.9393390348571273, "54": 0.9393390348571273, "55": 0.9393390348571273, "56": 0.9393390348571273, "57": 0.9393390348571273, "58": 0.9393390348571273, "59": 0.9393390348571273, "60": 0.9393390348571273, "61": 0.9393390348571273, "62": 0.9393390348571273, "63": 0.9393390348571273, "64": 0.9393390348571273, "65": 0.9393390348571273, "66": 0.9393390348571273, "67": 0.9393390348571273, "68": 0.9393390348571273, "69": 0.9393390348571273, "70": 0.9393390348571273, "71": 0.9393390348571273, "72": 0.9393390348571273, "73": 0.9393390348571273, "74": 0.9393390348571273, "75": 0.9393390348571273, "76": 0.9393390348571273, "77": 0.9393390348571273, "78": 0.9393390348571273, "79": 0.9393390348571273, "80": 0.9393390348571273, "81": 0.9393390348571273, "82": 0.9393390348571273, "83": 0.9393390348571273, "84": 0.9393390348571273, "85": 0.9393390348571273, "86": 0.9393390348571273, "87": 0.9393390348571273, "88": 0.9393390348571273, "89": 0.9393390348571273, "90": 0.9393390348571273, "91": 0.9393390348571273, "92": 0.9393390348571273, "93": 0.9393390348571273, "94": 0.9393390348571273, "95": 0.9393390348571273, "96": 0.9393390348571273, "97": 0.9393390348571273, "98": 0.9393390348571273, "99": 0.9393390348571273, "100": 0.9393390348571273}